nohup: ignoring input
/global/cfs/cdirs/m4555/Jun/mattersim-LR/src/mattersim/__version__.py:2: UserWarning: pkg_resources is deprecated as an API. See https://setuptools.pypa.io/en/latest/pkg_resources.html. The pkg_resources package is slated for removal as early as 2025-11-30. Refrain from using this package or pin to Setuptools<81.
  import pkg_resources
[32m2025-11-11 20:42:02.699[0m | [1mINFO    [0m | [36mmattersim.forcefield.potential[0m:[36mfrom_checkpoint[0m:[36m908[0m - [1mLoading the model from ../hard_const/results/best_model.pth[0m
Step: 0, Temperature: 300.01 K, Total Energy: -30042.799465 eV
Step: 20, Temperature: 188.53 K, Total Energy: -30041.574048 eV
Step: 40, Temperature: 204.82 K, Total Energy: -30040.597161 eV
Step: 60, Temperature: 221.23 K, Total Energy: -30039.556461 eV
Step: 80, Temperature: 205.98 K, Total Energy: -30038.776782 eV
Step: 100, Temperature: 236.43 K, Total Energy: -30037.769260 eV
Step: 120, Temperature: 253.95 K, Total Energy: -30037.077610 eV
Step: 140, Temperature: 239.03 K, Total Energy: -30036.902911 eV
Step: 160, Temperature: 258.09 K, Total Energy: -30035.879509 eV
Step: 180, Temperature: 296.51 K, Total Energy: -30035.389583 eV
Step: 200, Temperature: 304.86 K, Total Energy: -30034.784563 eV
Step: 220, Temperature: 301.22 K, Total Energy: -30034.647668 eV
Step: 240, Temperature: 326.99 K, Total Energy: -30034.691593 eV
Step: 260, Temperature: 289.83 K, Total Energy: -30034.870450 eV
Step: 280, Temperature: 299.98 K, Total Energy: -30034.483843 eV
Step: 300, Temperature: 300.86 K, Total Energy: -30034.274093 eV
Step: 320, Temperature: 300.43 K, Total Energy: -30034.620718 eV
Step: 340, Temperature: 281.11 K, Total Energy: -30035.080370 eV
Step: 360, Temperature: 292.53 K, Total Energy: -30034.964527 eV
Step: 380, Temperature: 287.46 K, Total Energy: -30034.971270 eV
Step: 400, Temperature: 284.21 K, Total Energy: -30035.109733 eV
Step: 420, Temperature: 291.35 K, Total Energy: -30034.871099 eV
Step: 440, Temperature: 300.61 K, Total Energy: -30034.344752 eV
Step: 460, Temperature: 298.59 K, Total Energy: -30034.378172 eV
Step: 480, Temperature: 292.94 K, Total Energy: -30034.159158 eV
Step: 500, Temperature: 325.71 K, Total Energy: -30033.450393 eV
Step: 520, Temperature: 304.65 K, Total Energy: -30033.549605 eV
Step: 540, Temperature: 305.26 K, Total Energy: -30033.844729 eV
Step: 560, Temperature: 317.51 K, Total Energy: -30033.776216 eV
Step: 580, Temperature: 285.93 K, Total Energy: -30033.812542 eV
Step: 600, Temperature: 289.42 K, Total Energy: -30033.718587 eV
Step: 620, Temperature: 303.37 K, Total Energy: -30033.767530 eV
Step: 640, Temperature: 326.56 K, Total Energy: -30032.602771 eV
Step: 660, Temperature: 314.91 K, Total Energy: -30033.191497 eV
Step: 680, Temperature: 314.23 K, Total Energy: -30034.020901 eV
Step: 700, Temperature: 304.26 K, Total Energy: -30034.285939 eV
Step: 720, Temperature: 323.89 K, Total Energy: -30034.617271 eV
Step: 740, Temperature: 316.32 K, Total Energy: -30034.314002 eV
Step: 760, Temperature: 303.92 K, Total Energy: -30034.622623 eV
Step: 780, Temperature: 329.13 K, Total Energy: -30034.125959 eV
Step: 800, Temperature: 327.37 K, Total Energy: -30034.020011 eV
Step: 820, Temperature: 298.37 K, Total Energy: -30034.342632 eV
Step: 840, Temperature: 298.50 K, Total Energy: -30034.427356 eV
Step: 860, Temperature: 293.68 K, Total Energy: -30034.249972 eV
Step: 880, Temperature: 296.07 K, Total Energy: -30034.162243 eV
Step: 900, Temperature: 308.89 K, Total Energy: -30034.104790 eV
Step: 920, Temperature: 286.80 K, Total Energy: -30034.700776 eV
Step: 940, Temperature: 298.78 K, Total Energy: -30034.562709 eV
Step: 960, Temperature: 322.35 K, Total Energy: -30034.230485 eV
Step: 980, Temperature: 308.18 K, Total Energy: -30034.864845 eV
Step: 1000, Temperature: 297.76 K, Total Energy: -30034.621652 eV
Step: 1020, Temperature: 295.17 K, Total Energy: -30034.976098 eV
Step: 1040, Temperature: 297.66 K, Total Energy: -30035.692531 eV
Step: 1060, Temperature: 297.75 K, Total Energy: -30035.991095 eV
Step: 1080, Temperature: 287.51 K, Total Energy: -30035.219905 eV
Step: 1100, Temperature: 302.45 K, Total Energy: -30035.024871 eV
Step: 1120, Temperature: 312.48 K, Total Energy: -30034.770261 eV
Step: 1140, Temperature: 302.53 K, Total Energy: -30034.673263 eV
Step: 1160, Temperature: 302.24 K, Total Energy: -30033.651442 eV
Step: 1180, Temperature: 320.35 K, Total Energy: -30033.747712 eV
Step: 1200, Temperature: 292.25 K, Total Energy: -30033.963731 eV
Step: 1220, Temperature: 290.83 K, Total Energy: -30034.310059 eV
Step: 1240, Temperature: 294.05 K, Total Energy: -30034.100034 eV
Step: 1260, Temperature: 328.88 K, Total Energy: -30033.405589 eV
Step: 1280, Temperature: 286.59 K, Total Energy: -30034.016604 eV
Step: 1300, Temperature: 302.72 K, Total Energy: -30034.584643 eV
Step: 1320, Temperature: 282.92 K, Total Energy: -30034.695087 eV
Step: 1340, Temperature: 286.16 K, Total Energy: -30034.759685 eV
Step: 1360, Temperature: 282.08 K, Total Energy: -30035.321621 eV
Step: 1380, Temperature: 283.70 K, Total Energy: -30035.485882 eV
Step: 1400, Temperature: 298.81 K, Total Energy: -30035.132419 eV
Step: 1420, Temperature: 300.91 K, Total Energy: -30035.221897 eV
Step: 1440, Temperature: 302.59 K, Total Energy: -30035.068215 eV
Step: 1460, Temperature: 282.78 K, Total Energy: -30035.511019 eV
Step: 1480, Temperature: 300.03 K, Total Energy: -30035.162238 eV
Step: 1500, Temperature: 297.46 K, Total Energy: -30035.352027 eV
Step: 1520, Temperature: 292.90 K, Total Energy: -30034.963016 eV
Step: 1540, Temperature: 292.00 K, Total Energy: -30035.342957 eV
Step: 1560, Temperature: 290.39 K, Total Energy: -30034.854327 eV
Step: 1580, Temperature: 292.56 K, Total Energy: -30035.127785 eV
Step: 1600, Temperature: 290.02 K, Total Energy: -30035.545290 eV
Step: 1620, Temperature: 280.31 K, Total Energy: -30035.809491 eV
Step: 1640, Temperature: 306.17 K, Total Energy: -30035.825801 eV
Step: 1660, Temperature: 280.65 K, Total Energy: -30036.316541 eV
Step: 1680, Temperature: 268.56 K, Total Energy: -30035.916202 eV
Step: 1700, Temperature: 297.93 K, Total Energy: -30035.605618 eV
Step: 1720, Temperature: 292.10 K, Total Energy: -30035.690268 eV
Step: 1740, Temperature: 306.28 K, Total Energy: -30035.461759 eV
Step: 1760, Temperature: 293.62 K, Total Energy: -30035.632376 eV
Step: 1780, Temperature: 295.07 K, Total Energy: -30035.423808 eV
Step: 1800, Temperature: 298.84 K, Total Energy: -30035.176477 eV
Step: 1820, Temperature: 276.85 K, Total Energy: -30035.183802 eV
Step: 1840, Temperature: 325.29 K, Total Energy: -30034.648390 eV
Step: 1860, Temperature: 306.07 K, Total Energy: -30034.439541 eV
Step: 1880, Temperature: 307.24 K, Total Energy: -30034.781159 eV
Step: 1900, Temperature: 291.50 K, Total Energy: -30035.435668 eV
Step: 1920, Temperature: 270.23 K, Total Energy: -30035.491427 eV
Step: 1940, Temperature: 274.86 K, Total Energy: -30035.974182 eV
Step: 1960, Temperature: 279.83 K, Total Energy: -30036.017023 eV
Step: 1980, Temperature: 307.91 K, Total Energy: -30035.375589 eV
Step: 2000, Temperature: 299.47 K, Total Energy: -30035.592235 eV
Step: 2020, Temperature: 295.58 K, Total Energy: -30035.713737 eV
Step: 2040, Temperature: 311.21 K, Total Energy: -30035.501465 eV
Step: 2060, Temperature: 296.01 K, Total Energy: -30034.974412 eV
Step: 2080, Temperature: 288.43 K, Total Energy: -30035.147930 eV
Step: 2100, Temperature: 270.05 K, Total Energy: -30036.009587 eV
Step: 2120, Temperature: 272.86 K, Total Energy: -30035.694515 eV
Step: 2140, Temperature: 314.81 K, Total Energy: -30035.375517 eV
Step: 2160, Temperature: 268.03 K, Total Energy: -30035.652377 eV
Step: 2180, Temperature: 302.99 K, Total Energy: -30034.802385 eV
Step: 2200, Temperature: 304.55 K, Total Energy: -30034.390053 eV
Step: 2220, Temperature: 266.83 K, Total Energy: -30035.289883 eV
Step: 2240, Temperature: 282.44 K, Total Energy: -30035.226656 eV
Step: 2260, Temperature: 291.40 K, Total Energy: -30034.506613 eV
Step: 2280, Temperature: 301.23 K, Total Energy: -30034.967887 eV
Step: 2300, Temperature: 312.42 K, Total Energy: -30034.986621 eV
Step: 2320, Temperature: 307.67 K, Total Energy: -30034.979277 eV
Step: 2340, Temperature: 292.92 K, Total Energy: -30034.771021 eV
Step: 2360, Temperature: 293.86 K, Total Energy: -30034.755107 eV
Step: 2380, Temperature: 287.00 K, Total Energy: -30035.090074 eV
Step: 2400, Temperature: 273.75 K, Total Energy: -30035.512065 eV
Step: 2420, Temperature: 319.31 K, Total Energy: -30035.170377 eV
Step: 2440, Temperature: 274.39 K, Total Energy: -30035.978294 eV
Step: 2460, Temperature: 288.38 K, Total Energy: -30035.758567 eV
Step: 2480, Temperature: 307.38 K, Total Energy: -30035.748469 eV
Step: 2500, Temperature: 273.89 K, Total Energy: -30036.104137 eV
Step: 2520, Temperature: 320.53 K, Total Energy: -30035.717813 eV
Step: 2540, Temperature: 279.24 K, Total Energy: -30035.725171 eV
Step: 2560, Temperature: 296.77 K, Total Energy: -30034.765726 eV
Step: 2580, Temperature: 276.42 K, Total Energy: -30034.987839 eV
Step: 2600, Temperature: 287.06 K, Total Energy: -30035.178635 eV
Step: 2620, Temperature: 296.37 K, Total Energy: -30035.541616 eV
Step: 2640, Temperature: 317.31 K, Total Energy: -30034.919921 eV
Step: 2660, Temperature: 295.62 K, Total Energy: -30035.017369 eV
Step: 2680, Temperature: 304.75 K, Total Energy: -30035.002234 eV
Step: 2700, Temperature: 301.65 K, Total Energy: -30035.406351 eV
Step: 2720, Temperature: 291.48 K, Total Energy: -30035.949971 eV
Step: 2740, Temperature: 266.45 K, Total Energy: -30035.748804 eV
Step: 2760, Temperature: 309.22 K, Total Energy: -30035.141327 eV
Step: 2780, Temperature: 273.97 K, Total Energy: -30035.494804 eV
Step: 2800, Temperature: 270.48 K, Total Energy: -30035.832805 eV
Step: 2820, Temperature: 284.03 K, Total Energy: -30035.401302 eV
Step: 2840, Temperature: 285.29 K, Total Energy: -30035.365667 eV
Step: 2860, Temperature: 306.43 K, Total Energy: -30035.358239 eV
Step: 2880, Temperature: 308.43 K, Total Energy: -30034.596891 eV
Step: 2900, Temperature: 316.18 K, Total Energy: -30034.565593 eV
Step: 2920, Temperature: 315.72 K, Total Energy: -30034.626086 eV
Step: 2940, Temperature: 308.92 K, Total Energy: -30034.197725 eV
Step: 2960, Temperature: 321.60 K, Total Energy: -30034.368360 eV
Step: 2980, Temperature: 311.79 K, Total Energy: -30034.807147 eV
Step: 3000, Temperature: 265.25 K, Total Energy: -30035.449067 eV
Step: 3020, Temperature: 300.82 K, Total Energy: -30034.980123 eV
Step: 3040, Temperature: 300.80 K, Total Energy: -30035.078300 eV
Step: 3060, Temperature: 296.28 K, Total Energy: -30035.399166 eV
Step: 3080, Temperature: 292.09 K, Total Energy: -30036.082942 eV
Step: 3100, Temperature: 299.34 K, Total Energy: -30036.044800 eV
Step: 3120, Temperature: 282.16 K, Total Energy: -30035.874221 eV
Step: 3140, Temperature: 305.28 K, Total Energy: -30035.170331 eV
Step: 3160, Temperature: 302.84 K, Total Energy: -30034.685116 eV
Step: 3180, Temperature: 281.27 K, Total Energy: -30035.170214 eV
Step: 3200, Temperature: 329.90 K, Total Energy: -30034.542173 eV
Step: 3220, Temperature: 331.55 K, Total Energy: -30034.592233 eV
Step: 3240, Temperature: 328.03 K, Total Energy: -30034.770726 eV
Step: 3260, Temperature: 283.73 K, Total Energy: -30035.373895 eV
Step: 3280, Temperature: 282.80 K, Total Energy: -30035.709722 eV
Step: 3300, Temperature: 312.42 K, Total Energy: -30035.213031 eV
Step: 3320, Temperature: 330.27 K, Total Energy: -30035.020974 eV
Step: 3340, Temperature: 304.83 K, Total Energy: -30035.339863 eV
Step: 3360, Temperature: 304.79 K, Total Energy: -30035.348932 eV
Step: 3380, Temperature: 301.19 K, Total Energy: -30034.976538 eV
Step: 3400, Temperature: 293.10 K, Total Energy: -30034.746928 eV
Step: 3420, Temperature: 331.89 K, Total Energy: -30035.013371 eV
Step: 3440, Temperature: 263.51 K, Total Energy: -30035.826818 eV
Step: 3460, Temperature: 267.85 K, Total Energy: -30035.789633 eV
Step: 3480, Temperature: 276.07 K, Total Energy: -30035.150938 eV
Step: 3500, Temperature: 283.19 K, Total Energy: -30035.291726 eV
Step: 3520, Temperature: 301.16 K, Total Energy: -30035.375839 eV
Step: 3540, Temperature: 298.69 K, Total Energy: -30034.914679 eV
Step: 3560, Temperature: 334.03 K, Total Energy: -30034.480967 eV
Step: 3580, Temperature: 289.71 K, Total Energy: -30035.156700 eV
Step: 3600, Temperature: 297.40 K, Total Energy: -30034.980315 eV
Step: 3620, Temperature: 304.67 K, Total Energy: -30035.056865 eV
Step: 3640, Temperature: 325.38 K, Total Energy: -30034.804443 eV
Step: 3660, Temperature: 312.79 K, Total Energy: -30034.383374 eV
Step: 3680, Temperature: 316.52 K, Total Energy: -30033.861742 eV
Step: 3700, Temperature: 334.61 K, Total Energy: -30033.901955 eV
Step: 3720, Temperature: 341.82 K, Total Energy: -30033.415340 eV
Step: 3740, Temperature: 312.55 K, Total Energy: -30033.864083 eV
Step: 3760, Temperature: 320.02 K, Total Energy: -30033.812518 eV
Step: 3780, Temperature: 313.04 K, Total Energy: -30033.904420 eV
Step: 3800, Temperature: 326.06 K, Total Energy: -30034.304820 eV
Step: 3820, Temperature: 321.87 K, Total Energy: -30034.642873 eV
Step: 3840, Temperature: 317.83 K, Total Energy: -30035.172530 eV
Step: 3860, Temperature: 317.46 K, Total Energy: -30035.056910 eV
Step: 3880, Temperature: 300.95 K, Total Energy: -30035.025577 eV
Step: 3900, Temperature: 338.35 K, Total Energy: -30034.659079 eV
Step: 3920, Temperature: 326.20 K, Total Energy: -30034.522161 eV
Step: 3940, Temperature: 322.91 K, Total Energy: -30034.616678 eV
Step: 3960, Temperature: 338.82 K, Total Energy: -30034.770237 eV
Step: 3980, Temperature: 286.95 K, Total Energy: -30035.937177 eV
Step: 4000, Temperature: 296.68 K, Total Energy: -30035.785727 eV
Step: 4020, Temperature: 288.32 K, Total Energy: -30035.867549 eV
Step: 4040, Temperature: 322.01 K, Total Energy: -30035.762513 eV
Step: 4060, Temperature: 323.77 K, Total Energy: -30035.407595 eV
Step: 4080, Temperature: 295.42 K, Total Energy: -30035.831045 eV
Step: 4100, Temperature: 282.76 K, Total Energy: -30036.136469 eV
Step: 4120, Temperature: 292.15 K, Total Energy: -30036.347116 eV
Step: 4140, Temperature: 292.42 K, Total Energy: -30035.861648 eV
Step: 4160, Temperature: 279.27 K, Total Energy: -30035.552575 eV
Step: 4180, Temperature: 292.83 K, Total Energy: -30035.570138 eV
Step: 4200, Temperature: 261.13 K, Total Energy: -30035.710983 eV
Step: 4220, Temperature: 269.53 K, Total Energy: -30035.870377 eV
Step: 4240, Temperature: 298.51 K, Total Energy: -30035.636049 eV
Step: 4260, Temperature: 322.15 K, Total Energy: -30035.827272 eV
Step: 4280, Temperature: 304.91 K, Total Energy: -30035.701244 eV
Step: 4300, Temperature: 317.26 K, Total Energy: -30035.382195 eV
Step: 4320, Temperature: 313.49 K, Total Energy: -30035.428434 eV
Step: 4340, Temperature: 320.05 K, Total Energy: -30035.489557 eV
Step: 4360, Temperature: 274.19 K, Total Energy: -30035.409253 eV
Step: 4380, Temperature: 299.29 K, Total Energy: -30035.438537 eV
Step: 4400, Temperature: 329.41 K, Total Energy: -30035.099371 eV
Step: 4420, Temperature: 312.66 K, Total Energy: -30035.492117 eV
Step: 4440, Temperature: 323.92 K, Total Energy: -30034.470136 eV
Step: 4460, Temperature: 341.18 K, Total Energy: -30034.101562 eV
Step: 4480, Temperature: 312.27 K, Total Energy: -30035.595697 eV
Step: 4500, Temperature: 311.74 K, Total Energy: -30035.986161 eV
Step: 4520, Temperature: 325.28 K, Total Energy: -30035.769939 eV
Step: 4540, Temperature: 292.02 K, Total Energy: -30036.223335 eV
Step: 4560, Temperature: 289.23 K, Total Energy: -30035.936267 eV
Step: 4580, Temperature: 303.82 K, Total Energy: -30036.008092 eV
Step: 4600, Temperature: 289.21 K, Total Energy: -30036.442578 eV
Step: 4620, Temperature: 300.47 K, Total Energy: -30036.256447 eV
Step: 4640, Temperature: 279.22 K, Total Energy: -30036.022603 eV
Step: 4660, Temperature: 303.52 K, Total Energy: -30035.972614 eV
Step: 4680, Temperature: 292.49 K, Total Energy: -30035.535770 eV
Step: 4700, Temperature: 264.62 K, Total Energy: -30035.824172 eV
Step: 4720, Temperature: 308.77 K, Total Energy: -30034.840391 eV
Step: 4740, Temperature: 290.78 K, Total Energy: -30034.926431 eV
Step: 4760, Temperature: 310.17 K, Total Energy: -30034.385070 eV
Step: 4780, Temperature: 317.09 K, Total Energy: -30034.501652 eV
Step: 4800, Temperature: 328.19 K, Total Energy: -30034.733687 eV
Step: 4820, Temperature: 293.02 K, Total Energy: -30035.022340 eV
Step: 4840, Temperature: 310.45 K, Total Energy: -30034.901531 eV
Step: 4860, Temperature: 304.22 K, Total Energy: -30035.204917 eV
Step: 4880, Temperature: 298.56 K, Total Energy: -30035.117215 eV
Step: 4900, Temperature: 298.56 K, Total Energy: -30035.023442 eV
Step: 4920, Temperature: 280.08 K, Total Energy: -30035.399482 eV
Step: 4940, Temperature: 298.67 K, Total Energy: -30035.296078 eV
Step: 4960, Temperature: 308.66 K, Total Energy: -30034.868439 eV
Step: 4980, Temperature: 289.51 K, Total Energy: -30035.520943 eV
Step: 5000, Temperature: 312.97 K, Total Energy: -30035.187502 eV
Step: 5020, Temperature: 311.76 K, Total Energy: -30034.653545 eV
Step: 5040, Temperature: 300.76 K, Total Energy: -30034.391729 eV
Step: 5060, Temperature: 279.13 K, Total Energy: -30034.601081 eV
Step: 5080, Temperature: 305.58 K, Total Energy: -30034.295642 eV
Step: 5100, Temperature: 316.43 K, Total Energy: -30033.942021 eV
Step: 5120, Temperature: 301.25 K, Total Energy: -30034.066821 eV
Step: 5140, Temperature: 270.90 K, Total Energy: -30034.892382 eV
Step: 5160, Temperature: 304.24 K, Total Energy: -30034.893933 eV
Step: 5180, Temperature: 305.56 K, Total Energy: -30035.124275 eV
Step: 5200, Temperature: 312.65 K, Total Energy: -30034.781499 eV
Step: 5220, Temperature: 327.25 K, Total Energy: -30034.927154 eV
Step: 5240, Temperature: 295.31 K, Total Energy: -30035.144430 eV
Step: 5260, Temperature: 287.32 K, Total Energy: -30034.898502 eV
Step: 5280, Temperature: 304.72 K, Total Energy: -30034.467738 eV
Step: 5300, Temperature: 309.51 K, Total Energy: -30034.466056 eV
Step: 5320, Temperature: 295.22 K, Total Energy: -30035.070401 eV
Step: 5340, Temperature: 291.66 K, Total Energy: -30035.170110 eV
Step: 5360, Temperature: 305.23 K, Total Energy: -30035.232219 eV
Step: 5380, Temperature: 312.86 K, Total Energy: -30035.063412 eV
Step: 5400, Temperature: 285.99 K, Total Energy: -30035.119493 eV
Step: 5420, Temperature: 321.76 K, Total Energy: -30035.096858 eV
Step: 5440, Temperature: 293.29 K, Total Energy: -30034.505924 eV
Step: 5460, Temperature: 280.66 K, Total Energy: -30035.072266 eV
Step: 5480, Temperature: 311.37 K, Total Energy: -30034.835265 eV
Step: 5500, Temperature: 298.24 K, Total Energy: -30034.920264 eV
Step: 5520, Temperature: 288.64 K, Total Energy: -30034.867187 eV
Step: 5540, Temperature: 293.56 K, Total Energy: -30034.938631 eV
Step: 5560, Temperature: 293.99 K, Total Energy: -30034.829942 eV
Step: 5580, Temperature: 314.06 K, Total Energy: -30035.226536 eV
Step: 5600, Temperature: 275.92 K, Total Energy: -30035.498396 eV
Step: 5620, Temperature: 299.12 K, Total Energy: -30035.439080 eV
Step: 5640, Temperature: 274.77 K, Total Energy: -30035.255786 eV
Step: 5660, Temperature: 321.88 K, Total Energy: -30034.650491 eV
Step: 5680, Temperature: 290.81 K, Total Energy: -30034.370996 eV
Step: 5700, Temperature: 324.48 K, Total Energy: -30034.129787 eV
Step: 5720, Temperature: 310.08 K, Total Energy: -30034.008519 eV
Step: 5740, Temperature: 330.12 K, Total Energy: -30033.891903 eV
Step: 5760, Temperature: 319.53 K, Total Energy: -30034.526109 eV
Step: 5780, Temperature: 299.57 K, Total Energy: -30034.761583 eV
Step: 5800, Temperature: 310.60 K, Total Energy: -30034.772761 eV
Step: 5820, Temperature: 310.26 K, Total Energy: -30034.874877 eV
Step: 5840, Temperature: 311.03 K, Total Energy: -30034.156343 eV
Step: 5860, Temperature: 315.81 K, Total Energy: -30034.377601 eV
Step: 5880, Temperature: 304.31 K, Total Energy: -30034.964535 eV
Step: 5900, Temperature: 280.31 K, Total Energy: -30034.983330 eV
Step: 5920, Temperature: 304.29 K, Total Energy: -30035.144681 eV
Step: 5940, Temperature: 302.65 K, Total Energy: -30035.039411 eV
Step: 5960, Temperature: 280.99 K, Total Energy: -30035.181025 eV
Step: 5980, Temperature: 279.89 K, Total Energy: -30034.886627 eV
Step: 6000, Temperature: 315.35 K, Total Energy: -30034.535825 eV
Step: 6020, Temperature: 296.09 K, Total Energy: -30034.888300 eV
Step: 6040, Temperature: 327.40 K, Total Energy: -30034.847209 eV
Step: 6060, Temperature: 304.75 K, Total Energy: -30035.355611 eV
Step: 6080, Temperature: 281.75 K, Total Energy: -30035.677613 eV
Step: 6100, Temperature: 292.76 K, Total Energy: -30035.261393 eV
Step: 6120, Temperature: 287.07 K, Total Energy: -30035.459506 eV
Step: 6140, Temperature: 296.85 K, Total Energy: -30035.550780 eV
Step: 6160, Temperature: 284.01 K, Total Energy: -30035.026880 eV
Step: 6180, Temperature: 295.17 K, Total Energy: -30035.190983 eV
Step: 6200, Temperature: 308.97 K, Total Energy: -30035.368555 eV
Step: 6220, Temperature: 294.26 K, Total Energy: -30035.776287 eV
Step: 6240, Temperature: 285.87 K, Total Energy: -30035.399999 eV
Step: 6260, Temperature: 309.73 K, Total Energy: -30035.364844 eV
Step: 6280, Temperature: 286.07 K, Total Energy: -30035.656704 eV
Step: 6300, Temperature: 296.10 K, Total Energy: -30035.792537 eV
Step: 6320, Temperature: 311.56 K, Total Energy: -30035.472996 eV
Step: 6340, Temperature: 288.69 K, Total Energy: -30035.188101 eV
Step: 6360, Temperature: 315.31 K, Total Energy: -30034.761273 eV
Step: 6380, Temperature: 312.60 K, Total Energy: -30034.300284 eV
Step: 6400, Temperature: 301.09 K, Total Energy: -30034.803340 eV
Step: 6420, Temperature: 306.75 K, Total Energy: -30034.502522 eV
Step: 6440, Temperature: 322.66 K, Total Energy: -30034.134657 eV
Step: 6460, Temperature: 309.30 K, Total Energy: -30034.246828 eV
Step: 6480, Temperature: 316.14 K, Total Energy: -30034.371263 eV
Step: 6500, Temperature: 315.56 K, Total Energy: -30033.854696 eV
Step: 6520, Temperature: 314.37 K, Total Energy: -30034.464884 eV
Step: 6540, Temperature: 312.08 K, Total Energy: -30034.264756 eV
Step: 6560, Temperature: 351.30 K, Total Energy: -30033.731190 eV
Step: 6580, Temperature: 310.96 K, Total Energy: -30033.806610 eV
Step: 6600, Temperature: 318.73 K, Total Energy: -30034.290489 eV
Step: 6620, Temperature: 313.69 K, Total Energy: -30034.089231 eV
Step: 6640, Temperature: 329.26 K, Total Energy: -30033.729999 eV
Step: 6660, Temperature: 297.88 K, Total Energy: -30033.456487 eV
Step: 6680, Temperature: 303.79 K, Total Energy: -30033.711813 eV
Step: 6700, Temperature: 303.39 K, Total Energy: -30034.061794 eV
Step: 6720, Temperature: 293.72 K, Total Energy: -30033.834991 eV
Step: 6740, Temperature: 310.51 K, Total Energy: -30034.337326 eV
Step: 6760, Temperature: 328.32 K, Total Energy: -30034.339738 eV
Step: 6780, Temperature: 304.53 K, Total Energy: -30034.443375 eV
Step: 6800, Temperature: 290.50 K, Total Energy: -30034.802784 eV
Step: 6820, Temperature: 289.90 K, Total Energy: -30034.931125 eV
Step: 6840, Temperature: 310.22 K, Total Energy: -30034.860436 eV
Step: 6860, Temperature: 303.90 K, Total Energy: -30034.824292 eV
Step: 6880, Temperature: 298.84 K, Total Energy: -30034.274189 eV
Step: 6900, Temperature: 285.01 K, Total Energy: -30034.443018 eV
Step: 6920, Temperature: 284.28 K, Total Energy: -30034.580675 eV
Step: 6940, Temperature: 285.64 K, Total Energy: -30034.677101 eV
Step: 6960, Temperature: 304.78 K, Total Energy: -30034.765111 eV
Step: 6980, Temperature: 269.87 K, Total Energy: -30035.027730 eV
Step: 7000, Temperature: 303.83 K, Total Energy: -30034.880722 eV
Step: 7020, Temperature: 312.52 K, Total Energy: -30034.749714 eV
Step: 7040, Temperature: 289.42 K, Total Energy: -30034.837820 eV
Step: 7060, Temperature: 296.44 K, Total Energy: -30034.987110 eV
Step: 7080, Temperature: 304.98 K, Total Energy: -30034.672236 eV
Step: 7100, Temperature: 281.53 K, Total Energy: -30034.831562 eV
Step: 7120, Temperature: 294.79 K, Total Energy: -30034.847043 eV
Step: 7140, Temperature: 308.37 K, Total Energy: -30034.604272 eV
Step: 7160, Temperature: 322.90 K, Total Energy: -30033.857213 eV
Step: 7180, Temperature: 311.90 K, Total Energy: -30034.013347 eV
Step: 7200, Temperature: 339.00 K, Total Energy: -30034.054838 eV
Step: 7220, Temperature: 302.56 K, Total Energy: -30034.498654 eV
Step: 7240, Temperature: 306.46 K, Total Energy: -30034.787275 eV
Step: 7260, Temperature: 312.11 K, Total Energy: -30034.562811 eV
Step: 7280, Temperature: 322.54 K, Total Energy: -30035.106419 eV
Step: 7300, Temperature: 314.27 K, Total Energy: -30035.063028 eV
Step: 7320, Temperature: 313.51 K, Total Energy: -30034.988263 eV
Step: 7340, Temperature: 290.95 K, Total Energy: -30035.219066 eV
Step: 7360, Temperature: 316.27 K, Total Energy: -30035.086786 eV
Step: 7380, Temperature: 282.04 K, Total Energy: -30034.859815 eV
Step: 7400, Temperature: 275.54 K, Total Energy: -30034.789304 eV
Step: 7420, Temperature: 295.98 K, Total Energy: -30034.463499 eV
Step: 7440, Temperature: 328.18 K, Total Energy: -30034.194868 eV
Step: 7460, Temperature: 337.88 K, Total Energy: -30033.555822 eV
Step: 7480, Temperature: 322.36 K, Total Energy: -30033.982227 eV
Step: 7500, Temperature: 339.88 K, Total Energy: -30033.702618 eV
Step: 7520, Temperature: 314.03 K, Total Energy: -30033.983033 eV
Step: 7540, Temperature: 301.80 K, Total Energy: -30034.656525 eV
Step: 7560, Temperature: 284.80 K, Total Energy: -30034.579271 eV
Step: 7580, Temperature: 280.88 K, Total Energy: -30034.742550 eV
Step: 7600, Temperature: 280.70 K, Total Energy: -30035.221680 eV
Step: 7620, Temperature: 315.03 K, Total Energy: -30034.475407 eV
Step: 7640, Temperature: 323.64 K, Total Energy: -30033.914792 eV
Step: 7660, Temperature: 320.21 K, Total Energy: -30033.747135 eV
Step: 7680, Temperature: 315.08 K, Total Energy: -30033.585428 eV
Step: 7700, Temperature: 332.49 K, Total Energy: -30033.451330 eV
Step: 7720, Temperature: 330.13 K, Total Energy: -30033.727726 eV
Step: 7740, Temperature: 332.17 K, Total Energy: -30033.477104 eV
Step: 7760, Temperature: 324.61 K, Total Energy: -30033.685086 eV
Step: 7780, Temperature: 298.53 K, Total Energy: -30034.487145 eV
Step: 7800, Temperature: 285.00 K, Total Energy: -30034.796953 eV
Step: 7820, Temperature: 295.70 K, Total Energy: -30034.450966 eV
Step: 7840, Temperature: 321.50 K, Total Energy: -30034.357212 eV
Step: 7860, Temperature: 287.62 K, Total Energy: -30034.840077 eV
Step: 7880, Temperature: 286.46 K, Total Energy: -30035.092124 eV
Step: 7900, Temperature: 311.20 K, Total Energy: -30034.261516 eV
Step: 7920, Temperature: 318.35 K, Total Energy: -30034.780564 eV
Step: 7940, Temperature: 323.81 K, Total Energy: -30034.332245 eV
Step: 7960, Temperature: 308.06 K, Total Energy: -30034.875704 eV
Step: 7980, Temperature: 294.18 K, Total Energy: -30035.422856 eV
Step: 8000, Temperature: 296.87 K, Total Energy: -30035.198744 eV
Step: 8020, Temperature: 310.75 K, Total Energy: -30035.278585 eV
Step: 8040, Temperature: 329.79 K, Total Energy: -30035.386678 eV
Step: 8060, Temperature: 307.80 K, Total Energy: -30035.601156 eV
Step: 8080, Temperature: 309.92 K, Total Energy: -30035.119832 eV
Step: 8100, Temperature: 306.96 K, Total Energy: -30035.292034 eV
Step: 8120, Temperature: 300.00 K, Total Energy: -30035.129589 eV
Step: 8140, Temperature: 311.65 K, Total Energy: -30035.234464 eV
Step: 8160, Temperature: 304.79 K, Total Energy: -30034.999129 eV
Step: 8180, Temperature: 321.88 K, Total Energy: -30035.048795 eV
Step: 8200, Temperature: 318.05 K, Total Energy: -30034.938328 eV
Step: 8220, Temperature: 315.46 K, Total Energy: -30035.277043 eV
Step: 8240, Temperature: 284.75 K, Total Energy: -30035.935840 eV
Step: 8260, Temperature: 283.66 K, Total Energy: -30035.980911 eV
Step: 8280, Temperature: 258.54 K, Total Energy: -30036.166908 eV
Step: 8300, Temperature: 297.09 K, Total Energy: -30035.902373 eV
Step: 8320, Temperature: 287.39 K, Total Energy: -30036.127247 eV
Step: 8340, Temperature: 267.93 K, Total Energy: -30036.141051 eV
Step: 8360, Temperature: 280.63 K, Total Energy: -30035.986974 eV
Step: 8380, Temperature: 297.73 K, Total Energy: -30036.050261 eV
Step: 8400, Temperature: 298.29 K, Total Energy: -30036.350459 eV
Step: 8420, Temperature: 286.26 K, Total Energy: -30035.946686 eV
Step: 8440, Temperature: 271.60 K, Total Energy: -30035.572006 eV
Step: 8460, Temperature: 272.27 K, Total Energy: -30035.393073 eV
Step: 8480, Temperature: 336.87 K, Total Energy: -30034.718012 eV
Step: 8500, Temperature: 296.66 K, Total Energy: -30034.973708 eV
Step: 8520, Temperature: 333.02 K, Total Energy: -30034.209550 eV
Step: 8540, Temperature: 293.49 K, Total Energy: -30034.407146 eV
Step: 8560, Temperature: 296.90 K, Total Energy: -30034.446094 eV
Step: 8580, Temperature: 320.04 K, Total Energy: -30034.019061 eV
Step: 8600, Temperature: 309.99 K, Total Energy: -30034.442370 eV
Step: 8620, Temperature: 298.15 K, Total Energy: -30035.131487 eV
Step: 8640, Temperature: 311.98 K, Total Energy: -30035.233971 eV
Step: 8660, Temperature: 273.24 K, Total Energy: -30035.151906 eV
Step: 8680, Temperature: 281.69 K, Total Energy: -30035.454614 eV
Step: 8700, Temperature: 290.05 K, Total Energy: -30035.241717 eV
Step: 8720, Temperature: 305.74 K, Total Energy: -30035.455598 eV
Step: 8740, Temperature: 313.91 K, Total Energy: -30035.218464 eV
Step: 8760, Temperature: 297.81 K, Total Energy: -30034.542242 eV
Step: 8780, Temperature: 326.34 K, Total Energy: -30035.129872 eV
Step: 8800, Temperature: 285.49 K, Total Energy: -30035.419306 eV
Step: 8820, Temperature: 313.80 K, Total Energy: -30035.350337 eV
Step: 8840, Temperature: 307.61 K, Total Energy: -30034.615563 eV
Step: 8860, Temperature: 290.46 K, Total Energy: -30035.563586 eV
Step: 8880, Temperature: 314.52 K, Total Energy: -30034.707183 eV
Step: 8900, Temperature: 295.61 K, Total Energy: -30034.627085 eV
Step: 8920, Temperature: 293.66 K, Total Energy: -30035.314852 eV
Step: 8940, Temperature: 316.88 K, Total Energy: -30035.083098 eV
Step: 8960, Temperature: 319.75 K, Total Energy: -30035.084904 eV
Step: 8980, Temperature: 337.05 K, Total Energy: -30034.988757 eV
Step: 9000, Temperature: 312.48 K, Total Energy: -30035.152989 eV
Step: 9020, Temperature: 320.67 K, Total Energy: -30034.860552 eV
Step: 9040, Temperature: 320.74 K, Total Energy: -30035.091206 eV
Step: 9060, Temperature: 301.41 K, Total Energy: -30035.002473 eV
Step: 9080, Temperature: 308.81 K, Total Energy: -30035.104910 eV
Step: 9100, Temperature: 310.27 K, Total Energy: -30035.388476 eV
Step: 9120, Temperature: 283.72 K, Total Energy: -30035.612211 eV
Step: 9140, Temperature: 290.19 K, Total Energy: -30035.898398 eV
Step: 9160, Temperature: 300.64 K, Total Energy: -30035.734714 eV
Step: 9180, Temperature: 271.91 K, Total Energy: -30036.589800 eV
Step: 9200, Temperature: 263.83 K, Total Energy: -30036.459315 eV
Step: 9220, Temperature: 267.64 K, Total Energy: -30036.320292 eV
Step: 9240, Temperature: 275.71 K, Total Energy: -30035.423500 eV
Step: 9260, Temperature: 294.57 K, Total Energy: -30034.948103 eV
Step: 9280, Temperature: 319.92 K, Total Energy: -30034.904853 eV
Step: 9300, Temperature: 304.72 K, Total Energy: -30035.151364 eV
Step: 9320, Temperature: 300.09 K, Total Energy: -30035.793470 eV
Step: 9340, Temperature: 324.51 K, Total Energy: -30035.250279 eV
Step: 9360, Temperature: 297.99 K, Total Energy: -30034.834571 eV
Step: 9380, Temperature: 299.11 K, Total Energy: -30034.808412 eV
Step: 9400, Temperature: 328.45 K, Total Energy: -30034.898924 eV
Step: 9420, Temperature: 302.95 K, Total Energy: -30035.412827 eV
Step: 9440, Temperature: 311.49 K, Total Energy: -30035.596026 eV
Step: 9460, Temperature: 314.19 K, Total Energy: -30034.982952 eV
Step: 9480, Temperature: 303.68 K, Total Energy: -30034.904170 eV
Step: 9500, Temperature: 314.76 K, Total Energy: -30034.886688 eV
Step: 9520, Temperature: 312.63 K, Total Energy: -30034.971512 eV
Step: 9540, Temperature: 303.58 K, Total Energy: -30034.480822 eV
Step: 9560, Temperature: 327.19 K, Total Energy: -30034.057682 eV
Step: 9580, Temperature: 326.77 K, Total Energy: -30034.466718 eV
Step: 9600, Temperature: 333.65 K, Total Energy: -30034.424110 eV
Step: 9620, Temperature: 300.15 K, Total Energy: -30035.102443 eV
Step: 9640, Temperature: 298.74 K, Total Energy: -30035.321540 eV
Step: 9660, Temperature: 287.72 K, Total Energy: -30035.757471 eV
Step: 9680, Temperature: 269.34 K, Total Energy: -30035.636804 eV
Step: 9700, Temperature: 277.35 K, Total Energy: -30035.874528 eV
Step: 9720, Temperature: 286.29 K, Total Energy: -30035.416589 eV
Step: 9740, Temperature: 285.70 K, Total Energy: -30035.970695 eV
Step: 9760, Temperature: 311.25 K, Total Energy: -30036.070710 eV
Step: 9780, Temperature: 276.66 K, Total Energy: -30036.421070 eV
Step: 9800, Temperature: 281.33 K, Total Energy: -30036.557324 eV
Step: 9820, Temperature: 298.15 K, Total Energy: -30036.475077 eV
Step: 9840, Temperature: 272.66 K, Total Energy: -30036.854040 eV
Step: 9860, Temperature: 290.78 K, Total Energy: -30036.758515 eV
Step: 9880, Temperature: 274.06 K, Total Energy: -30037.140946 eV
Step: 9900, Temperature: 269.62 K, Total Energy: -30036.567308 eV
Step: 9920, Temperature: 289.95 K, Total Energy: -30036.982747 eV
Step: 9940, Temperature: 301.54 K, Total Energy: -30037.067536 eV
Step: 9960, Temperature: 301.50 K, Total Energy: -30036.580296 eV
Step: 9980, Temperature: 316.66 K, Total Energy: -30036.502820 eV
Step: 10000, Temperature: 281.03 K, Total Energy: -30036.863635 eV
Step: 10020, Temperature: 287.18 K, Total Energy: -30036.700869 eV
Step: 10040, Temperature: 303.32 K, Total Energy: -30036.981570 eV
Step: 10060, Temperature: 284.78 K, Total Energy: -30036.374701 eV
Step: 10080, Temperature: 315.04 K, Total Energy: -30036.131467 eV
Step: 10100, Temperature: 298.03 K, Total Energy: -30036.073864 eV
Step: 10120, Temperature: 305.77 K, Total Energy: -30035.734339 eV
Step: 10140, Temperature: 304.34 K, Total Energy: -30035.485235 eV
Step: 10160, Temperature: 303.96 K, Total Energy: -30035.523933 eV
Step: 10180, Temperature: 324.46 K, Total Energy: -30035.606876 eV
Step: 10200, Temperature: 286.38 K, Total Energy: -30035.976845 eV
Step: 10220, Temperature: 315.62 K, Total Energy: -30035.060325 eV
Step: 10240, Temperature: 306.29 K, Total Energy: -30034.512124 eV
Step: 10260, Temperature: 324.80 K, Total Energy: -30034.451905 eV
Step: 10280, Temperature: 303.07 K, Total Energy: -30034.509231 eV
Step: 10300, Temperature: 321.38 K, Total Energy: -30034.565390 eV
Step: 10320, Temperature: 342.47 K, Total Energy: -30033.775891 eV
Step: 10340, Temperature: 312.17 K, Total Energy: -30034.154868 eV
Step: 10360, Temperature: 336.00 K, Total Energy: -30034.075798 eV
Step: 10380, Temperature: 297.79 K, Total Energy: -30034.827868 eV
Step: 10400, Temperature: 303.73 K, Total Energy: -30035.201807 eV
Step: 10420, Temperature: 288.60 K, Total Energy: -30035.629862 eV
Step: 10440, Temperature: 298.79 K, Total Energy: -30035.482490 eV
Step: 10460, Temperature: 266.91 K, Total Energy: -30035.869988 eV
Step: 10480, Temperature: 298.95 K, Total Energy: -30035.554580 eV
Step: 10500, Temperature: 277.16 K, Total Energy: -30035.467116 eV
Step: 10520, Temperature: 271.90 K, Total Energy: -30036.049042 eV
Step: 10540, Temperature: 283.63 K, Total Energy: -30036.102838 eV
Step: 10560, Temperature: 291.45 K, Total Energy: -30035.851046 eV
Step: 10580, Temperature: 270.55 K, Total Energy: -30035.604327 eV
Step: 10600, Temperature: 296.93 K, Total Energy: -30036.087859 eV
Step: 10620, Temperature: 292.78 K, Total Energy: -30035.801917 eV
Step: 10640, Temperature: 282.06 K, Total Energy: -30035.851511 eV
Step: 10660, Temperature: 280.72 K, Total Energy: -30036.121546 eV
Step: 10680, Temperature: 283.00 K, Total Energy: -30035.589360 eV
Step: 10700, Temperature: 324.99 K, Total Energy: -30035.146242 eV
Step: 10720, Temperature: 304.71 K, Total Energy: -30035.397806 eV
Step: 10740, Temperature: 319.66 K, Total Energy: -30034.927060 eV
Step: 10760, Temperature: 303.79 K, Total Energy: -30035.038088 eV
Step: 10780, Temperature: 295.75 K, Total Energy: -30035.344247 eV
Step: 10800, Temperature: 300.27 K, Total Energy: -30035.253814 eV
Step: 10820, Temperature: 293.54 K, Total Energy: -30035.243635 eV
Step: 10840, Temperature: 302.92 K, Total Energy: -30035.065773 eV
Step: 10860, Temperature: 323.29 K, Total Energy: -30034.485976 eV
Step: 10880, Temperature: 303.14 K, Total Energy: -30034.966633 eV
Step: 10900, Temperature: 291.14 K, Total Energy: -30035.407671 eV
Step: 10920, Temperature: 272.78 K, Total Energy: -30035.196666 eV
Step: 10940, Temperature: 280.78 K, Total Energy: -30035.803590 eV
Step: 10960, Temperature: 278.20 K, Total Energy: -30035.284578 eV
Step: 10980, Temperature: 289.17 K, Total Energy: -30034.855780 eV
Step: 11000, Temperature: 282.80 K, Total Energy: -30035.268380 eV
Step: 11020, Temperature: 299.73 K, Total Energy: -30034.818125 eV
Step: 11040, Temperature: 286.32 K, Total Energy: -30034.398328 eV
Step: 11060, Temperature: 306.85 K, Total Energy: -30034.541009 eV
Step: 11080, Temperature: 338.53 K, Total Energy: -30034.133212 eV
Step: 11100, Temperature: 303.22 K, Total Energy: -30034.853181 eV
Step: 11120, Temperature: 301.11 K, Total Energy: -30035.046991 eV
Step: 11140, Temperature: 303.51 K, Total Energy: -30035.263989 eV
Step: 11160, Temperature: 311.16 K, Total Energy: -30034.776262 eV
Step: 11180, Temperature: 293.44 K, Total Energy: -30035.556766 eV
Step: 11200, Temperature: 298.02 K, Total Energy: -30035.128739 eV
Step: 11220, Temperature: 287.20 K, Total Energy: -30035.088968 eV
Step: 11240, Temperature: 285.20 K, Total Energy: -30035.202045 eV
Step: 11260, Temperature: 266.99 K, Total Energy: -30035.717719 eV
Step: 11280, Temperature: 244.59 K, Total Energy: -30035.969762 eV
Step: 11300, Temperature: 276.06 K, Total Energy: -30035.430356 eV
Step: 11320, Temperature: 300.43 K, Total Energy: -30035.357223 eV
Step: 11340, Temperature: 297.33 K, Total Energy: -30035.909785 eV
Step: 11360, Temperature: 283.11 K, Total Energy: -30035.942179 eV
Step: 11380, Temperature: 300.62 K, Total Energy: -30035.237142 eV
Step: 11400, Temperature: 293.35 K, Total Energy: -30035.316773 eV
Step: 11420, Temperature: 321.23 K, Total Energy: -30034.508747 eV
Step: 11440, Temperature: 306.49 K, Total Energy: -30034.805948 eV
Step: 11460, Temperature: 293.99 K, Total Energy: -30035.415904 eV
Step: 11480, Temperature: 295.26 K, Total Energy: -30035.520774 eV
Step: 11500, Temperature: 280.68 K, Total Energy: -30035.487746 eV
Step: 11520, Temperature: 276.19 K, Total Energy: -30035.395865 eV
Step: 11540, Temperature: 284.67 K, Total Energy: -30035.172437 eV
Step: 11560, Temperature: 277.23 K, Total Energy: -30035.481049 eV
Step: 11580, Temperature: 343.12 K, Total Energy: -30034.739999 eV
Step: 11600, Temperature: 307.02 K, Total Energy: -30034.972231 eV
Step: 11620, Temperature: 292.75 K, Total Energy: -30035.074091 eV
Step: 11640, Temperature: 314.85 K, Total Energy: -30034.614702 eV
Step: 11660, Temperature: 297.66 K, Total Energy: -30034.872394 eV
Step: 11680, Temperature: 328.54 K, Total Energy: -30035.140713 eV
Step: 11700, Temperature: 302.11 K, Total Energy: -30035.168383 eV
Step: 11720, Temperature: 288.25 K, Total Energy: -30035.791102 eV
Step: 11740, Temperature: 287.13 K, Total Energy: -30035.717664 eV
Step: 11760, Temperature: 300.03 K, Total Energy: -30035.490330 eV
Step: 11780, Temperature: 309.65 K, Total Energy: -30035.855272 eV
Step: 11800, Temperature: 285.48 K, Total Energy: -30035.804360 eV
Step: 11820, Temperature: 314.79 K, Total Energy: -30035.282318 eV
Step: 11840, Temperature: 297.45 K, Total Energy: -30035.117708 eV
Step: 11860, Temperature: 291.82 K, Total Energy: -30035.531182 eV
Step: 11880, Temperature: 289.56 K, Total Energy: -30035.617523 eV
Step: 11900, Temperature: 282.36 K, Total Energy: -30035.697455 eV
Step: 11920, Temperature: 271.53 K, Total Energy: -30035.917568 eV
Step: 11940, Temperature: 268.28 K, Total Energy: -30036.214478 eV
Step: 11960, Temperature: 276.10 K, Total Energy: -30035.798440 eV
Step: 11980, Temperature: 277.60 K, Total Energy: -30036.079184 eV
Step: 12000, Temperature: 297.76 K, Total Energy: -30035.549445 eV
Step: 12020, Temperature: 285.82 K, Total Energy: -30035.516517 eV
Step: 12040, Temperature: 298.16 K, Total Energy: -30035.482629 eV
Step: 12060, Temperature: 303.78 K, Total Energy: -30035.065620 eV
Step: 12080, Temperature: 310.79 K, Total Energy: -30035.078420 eV
Step: 12100, Temperature: 332.28 K, Total Energy: -30034.503562 eV
Step: 12120, Temperature: 299.89 K, Total Energy: -30034.464435 eV
Step: 12140, Temperature: 282.54 K, Total Energy: -30035.038527 eV
Step: 12160, Temperature: 301.73 K, Total Energy: -30035.234407 eV
Step: 12180, Temperature: 283.99 K, Total Energy: -30034.824210 eV
Step: 12200, Temperature: 276.96 K, Total Energy: -30035.382428 eV
Step: 12220, Temperature: 264.16 K, Total Energy: -30035.288849 eV
Step: 12240, Temperature: 285.82 K, Total Energy: -30035.934404 eV
Step: 12260, Temperature: 269.33 K, Total Energy: -30035.992625 eV
Step: 12280, Temperature: 273.78 K, Total Energy: -30036.476164 eV
Step: 12300, Temperature: 277.25 K, Total Energy: -30036.945339 eV
Step: 12320, Temperature: 291.53 K, Total Energy: -30036.235765 eV
Step: 12340, Temperature: 288.97 K, Total Energy: -30035.538572 eV
Step: 12360, Temperature: 296.75 K, Total Energy: -30035.346493 eV
Step: 12380, Temperature: 268.76 K, Total Energy: -30035.876148 eV
Step: 12400, Temperature: 281.69 K, Total Energy: -30036.054114 eV
Step: 12420, Temperature: 257.76 K, Total Energy: -30035.866183 eV
Step: 12440, Temperature: 277.91 K, Total Energy: -30035.465709 eV
Step: 12460, Temperature: 269.77 K, Total Energy: -30035.141676 eV
Step: 12480, Temperature: 302.54 K, Total Energy: -30035.354634 eV
Step: 12500, Temperature: 274.66 K, Total Energy: -30035.373800 eV
Step: 12520, Temperature: 302.37 K, Total Energy: -30034.851195 eV
Step: 12540, Temperature: 296.80 K, Total Energy: -30034.999322 eV
Step: 12560, Temperature: 290.75 K, Total Energy: -30034.647929 eV
Step: 12580, Temperature: 291.41 K, Total Energy: -30034.541429 eV
Step: 12600, Temperature: 295.55 K, Total Energy: -30034.804393 eV
Step: 12620, Temperature: 302.21 K, Total Energy: -30034.575951 eV
Step: 12640, Temperature: 298.41 K, Total Energy: -30034.287071 eV
Step: 12660, Temperature: 325.55 K, Total Energy: -30033.862623 eV
Step: 12680, Temperature: 311.12 K, Total Energy: -30034.534834 eV
Step: 12700, Temperature: 297.84 K, Total Energy: -30034.375462 eV
Step: 12720, Temperature: 276.95 K, Total Energy: -30034.872687 eV
Step: 12740, Temperature: 296.61 K, Total Energy: -30034.482677 eV
Step: 12760, Temperature: 299.64 K, Total Energy: -30034.957246 eV
Step: 12780, Temperature: 298.83 K, Total Energy: -30035.608399 eV
Step: 12800, Temperature: 286.97 K, Total Energy: -30035.407275 eV
Step: 12820, Temperature: 254.47 K, Total Energy: -30035.543021 eV
Step: 12840, Temperature: 276.55 K, Total Energy: -30035.492360 eV
Step: 12860, Temperature: 261.00 K, Total Energy: -30035.511036 eV
Step: 12880, Temperature: 312.10 K, Total Energy: -30034.476939 eV
Step: 12900, Temperature: 329.93 K, Total Energy: -30034.025755 eV
Step: 12920, Temperature: 319.00 K, Total Energy: -30033.805096 eV
Step: 12940, Temperature: 327.18 K, Total Energy: -30033.936731 eV
Step: 12960, Temperature: 328.73 K, Total Energy: -30033.733604 eV
Step: 12980, Temperature: 308.84 K, Total Energy: -30034.213403 eV
Step: 13000, Temperature: 343.16 K, Total Energy: -30033.631781 eV
Step: 13020, Temperature: 302.19 K, Total Energy: -30033.301099 eV
Step: 13040, Temperature: 318.13 K, Total Energy: -30033.442146 eV
Step: 13060, Temperature: 313.82 K, Total Energy: -30033.627114 eV
Step: 13080, Temperature: 327.75 K, Total Energy: -30034.137164 eV
Step: 13100, Temperature: 299.86 K, Total Energy: -30034.322694 eV
Step: 13120, Temperature: 316.99 K, Total Energy: -30034.476918 eV
Step: 13140, Temperature: 298.41 K, Total Energy: -30034.798794 eV
Step: 13160, Temperature: 315.82 K, Total Energy: -30035.199661 eV
Step: 13180, Temperature: 286.63 K, Total Energy: -30035.173747 eV
Step: 13200, Temperature: 298.68 K, Total Energy: -30034.489149 eV
Step: 13220, Temperature: 324.81 K, Total Energy: -30033.893126 eV
Step: 13240, Temperature: 302.53 K, Total Energy: -30034.024792 eV
Step: 13260, Temperature: 326.85 K, Total Energy: -30034.324026 eV
Step: 13280, Temperature: 289.26 K, Total Energy: -30035.238274 eV
Step: 13300, Temperature: 312.20 K, Total Energy: -30034.908085 eV
Step: 13320, Temperature: 297.74 K, Total Energy: -30035.270757 eV
Step: 13340, Temperature: 288.73 K, Total Energy: -30035.319898 eV
Step: 13360, Temperature: 283.31 K, Total Energy: -30035.269094 eV
Step: 13380, Temperature: 269.02 K, Total Energy: -30035.625307 eV
Step: 13400, Temperature: 296.48 K, Total Energy: -30034.808261 eV
Step: 13420, Temperature: 284.29 K, Total Energy: -30035.103790 eV
Step: 13440, Temperature: 299.51 K, Total Energy: -30034.833334 eV
Step: 13460, Temperature: 289.12 K, Total Energy: -30034.810305 eV
Step: 13480, Temperature: 293.71 K, Total Energy: -30034.948439 eV
Step: 13500, Temperature: 281.74 K, Total Energy: -30035.019641 eV
Step: 13520, Temperature: 317.01 K, Total Energy: -30034.677455 eV
Step: 13540, Temperature: 297.09 K, Total Energy: -30034.810505 eV
Step: 13560, Temperature: 282.70 K, Total Energy: -30034.411342 eV
Step: 13580, Temperature: 282.36 K, Total Energy: -30034.097883 eV
Step: 13600, Temperature: 299.01 K, Total Energy: -30033.963184 eV
Step: 13620, Temperature: 296.43 K, Total Energy: -30034.379815 eV
Step: 13640, Temperature: 277.32 K, Total Energy: -30034.507901 eV
Step: 13660, Temperature: 280.09 K, Total Energy: -30034.670507 eV
Step: 13680, Temperature: 290.35 K, Total Energy: -30034.847477 eV
Step: 13700, Temperature: 275.36 K, Total Energy: -30035.272251 eV
Step: 13720, Temperature: 278.32 K, Total Energy: -30035.189947 eV
Step: 13740, Temperature: 285.33 K, Total Energy: -30035.017142 eV
Step: 13760, Temperature: 285.35 K, Total Energy: -30034.018434 eV
Step: 13780, Temperature: 299.02 K, Total Energy: -30034.507949 eV
Step: 13800, Temperature: 264.08 K, Total Energy: -30035.134657 eV
Step: 13820, Temperature: 268.01 K, Total Energy: -30035.156731 eV
Step: 13840, Temperature: 276.30 K, Total Energy: -30035.789615 eV
Step: 13860, Temperature: 283.94 K, Total Energy: -30035.469999 eV
Step: 13880, Temperature: 322.61 K, Total Energy: -30034.548084 eV
Step: 13900, Temperature: 310.66 K, Total Energy: -30034.302323 eV
Step: 13920, Temperature: 329.17 K, Total Energy: -30034.312462 eV
Step: 13940, Temperature: 279.28 K, Total Energy: -30033.800327 eV
Step: 13960, Temperature: 285.23 K, Total Energy: -30034.806565 eV
Step: 13980, Temperature: 299.39 K, Total Energy: -30035.139322 eV
Step: 14000, Temperature: 295.99 K, Total Energy: -30034.760084 eV
Step: 14020, Temperature: 301.60 K, Total Energy: -30035.093222 eV
Step: 14040, Temperature: 290.64 K, Total Energy: -30035.516115 eV
Step: 14060, Temperature: 289.27 K, Total Energy: -30034.591523 eV
Step: 14080, Temperature: 301.33 K, Total Energy: -30034.775896 eV
Step: 14100, Temperature: 316.09 K, Total Energy: -30034.636241 eV
Step: 14120, Temperature: 311.77 K, Total Energy: -30034.932570 eV
Step: 14140, Temperature: 296.21 K, Total Energy: -30034.807206 eV
Step: 14160, Temperature: 322.29 K, Total Energy: -30034.655712 eV
Step: 14180, Temperature: 298.15 K, Total Energy: -30034.689932 eV
Step: 14200, Temperature: 300.57 K, Total Energy: -30034.957070 eV
Step: 14220, Temperature: 301.51 K, Total Energy: -30034.798698 eV
Step: 14240, Temperature: 291.04 K, Total Energy: -30035.277463 eV
Step: 14260, Temperature: 287.56 K, Total Energy: -30035.767404 eV
Step: 14280, Temperature: 299.52 K, Total Energy: -30035.587055 eV
Step: 14300, Temperature: 313.11 K, Total Energy: -30034.799262 eV
Step: 14320, Temperature: 310.13 K, Total Energy: -30034.977904 eV
Step: 14340, Temperature: 294.42 K, Total Energy: -30035.039763 eV
Step: 14360, Temperature: 302.86 K, Total Energy: -30034.782341 eV
Step: 14380, Temperature: 286.58 K, Total Energy: -30034.764915 eV
Step: 14400, Temperature: 290.63 K, Total Energy: -30034.557228 eV
Step: 14420, Temperature: 317.81 K, Total Energy: -30033.934768 eV
Step: 14440, Temperature: 319.57 K, Total Energy: -30034.401950 eV
Step: 14460, Temperature: 306.03 K, Total Energy: -30034.930758 eV
Step: 14480, Temperature: 293.19 K, Total Energy: -30035.287578 eV
Step: 14500, Temperature: 303.94 K, Total Energy: -30034.911193 eV
Step: 14520, Temperature: 286.81 K, Total Energy: -30035.065713 eV
Step: 14540, Temperature: 269.05 K, Total Energy: -30034.946949 eV
Step: 14560, Temperature: 310.28 K, Total Energy: -30034.673420 eV
Step: 14580, Temperature: 315.61 K, Total Energy: -30035.121061 eV
Step: 14600, Temperature: 296.71 K, Total Energy: -30035.046647 eV
Step: 14620, Temperature: 321.14 K, Total Energy: -30035.184812 eV
Step: 14640, Temperature: 301.95 K, Total Energy: -30034.988750 eV
Step: 14660, Temperature: 307.43 K, Total Energy: -30035.086980 eV
Step: 14680, Temperature: 321.38 K, Total Energy: -30035.172874 eV
Step: 14700, Temperature: 329.25 K, Total Energy: -30035.099476 eV
Step: 14720, Temperature: 302.46 K, Total Energy: -30034.981809 eV
Step: 14740, Temperature: 310.32 K, Total Energy: -30034.678059 eV
Step: 14760, Temperature: 301.66 K, Total Energy: -30034.134738 eV
Step: 14780, Temperature: 308.23 K, Total Energy: -30035.039413 eV
Step: 14800, Temperature: 274.79 K, Total Energy: -30035.683004 eV
Step: 14820, Temperature: 285.16 K, Total Energy: -30035.382567 eV
Step: 14840, Temperature: 280.53 K, Total Energy: -30035.182944 eV
Step: 14860, Temperature: 318.05 K, Total Energy: -30034.862300 eV
Step: 14880, Temperature: 316.85 K, Total Energy: -30035.095590 eV
Step: 14900, Temperature: 304.03 K, Total Energy: -30035.209702 eV
Step: 14920, Temperature: 301.28 K, Total Energy: -30035.435328 eV
Step: 14940, Temperature: 287.76 K, Total Energy: -30035.643171 eV
Step: 14960, Temperature: 292.90 K, Total Energy: -30035.253956 eV
Step: 14980, Temperature: 314.65 K, Total Energy: -30035.401103 eV
Step: 15000, Temperature: 303.20 K, Total Energy: -30035.566572 eV
Step: 15020, Temperature: 306.67 K, Total Energy: -30035.580831 eV
Step: 15040, Temperature: 322.73 K, Total Energy: -30035.291215 eV
Step: 15060, Temperature: 299.87 K, Total Energy: -30036.365286 eV
Step: 15080, Temperature: 303.20 K, Total Energy: -30035.763875 eV
Step: 15100, Temperature: 306.19 K, Total Energy: -30035.348770 eV
Step: 15120, Temperature: 285.75 K, Total Energy: -30035.887309 eV
Step: 15140, Temperature: 293.61 K, Total Energy: -30035.739949 eV
Step: 15160, Temperature: 306.87 K, Total Energy: -30035.636268 eV
Step: 15180, Temperature: 294.80 K, Total Energy: -30035.461950 eV
Step: 15200, Temperature: 300.39 K, Total Energy: -30035.504671 eV
Step: 15220, Temperature: 310.35 K, Total Energy: -30035.820023 eV
Step: 15240, Temperature: 305.53 K, Total Energy: -30035.910341 eV
Step: 15260, Temperature: 271.38 K, Total Energy: -30036.175201 eV
Step: 15280, Temperature: 290.40 K, Total Energy: -30036.018089 eV
Step: 15300, Temperature: 288.60 K, Total Energy: -30036.294028 eV
Step: 15320, Temperature: 288.85 K, Total Energy: -30036.238746 eV
Step: 15340, Temperature: 262.18 K, Total Energy: -30036.553775 eV
Step: 15360, Temperature: 315.74 K, Total Energy: -30035.756447 eV
Step: 15380, Temperature: 285.97 K, Total Energy: -30035.659217 eV
Step: 15400, Temperature: 274.88 K, Total Energy: -30036.299981 eV
Step: 15420, Temperature: 295.53 K, Total Energy: -30035.814678 eV
Step: 15440, Temperature: 284.74 K, Total Energy: -30035.660910 eV
Step: 15460, Temperature: 301.87 K, Total Energy: -30035.316892 eV
Step: 15480, Temperature: 311.17 K, Total Energy: -30035.223170 eV
Step: 15500, Temperature: 300.86 K, Total Energy: -30034.697977 eV
Step: 15520, Temperature: 298.85 K, Total Energy: -30035.088331 eV
Step: 15540, Temperature: 314.68 K, Total Energy: -30034.900236 eV
Step: 15560, Temperature: 319.52 K, Total Energy: -30034.967779 eV
Step: 15580, Temperature: 296.44 K, Total Energy: -30035.133393 eV
Step: 15600, Temperature: 295.80 K, Total Energy: -30034.702427 eV
Step: 15620, Temperature: 302.15 K, Total Energy: -30035.100900 eV
Step: 15640, Temperature: 311.20 K, Total Energy: -30034.491838 eV
Step: 15660, Temperature: 318.49 K, Total Energy: -30035.122667 eV
Step: 15680, Temperature: 311.19 K, Total Energy: -30035.371134 eV
Step: 15700, Temperature: 312.10 K, Total Energy: -30035.236736 eV
Step: 15720, Temperature: 306.06 K, Total Energy: -30035.266135 eV
Step: 15740, Temperature: 286.55 K, Total Energy: -30035.183605 eV
Step: 15760, Temperature: 304.57 K, Total Energy: -30034.696222 eV
Step: 15780, Temperature: 297.96 K, Total Energy: -30034.868679 eV
Step: 15800, Temperature: 301.58 K, Total Energy: -30034.462863 eV
Step: 15820, Temperature: 286.97 K, Total Energy: -30034.620238 eV
Step: 15840, Temperature: 277.41 K, Total Energy: -30034.898277 eV
Step: 15860, Temperature: 299.85 K, Total Energy: -30034.797538 eV
Step: 15880, Temperature: 309.62 K, Total Energy: -30034.994531 eV
Step: 15900, Temperature: 260.92 K, Total Energy: -30035.140037 eV
Step: 15920, Temperature: 295.92 K, Total Energy: -30035.019538 eV
Step: 15940, Temperature: 318.48 K, Total Energy: -30034.880693 eV
Step: 15960, Temperature: 314.60 K, Total Energy: -30034.464743 eV
Step: 15980, Temperature: 323.61 K, Total Energy: -30034.327444 eV
Step: 16000, Temperature: 322.68 K, Total Energy: -30033.854845 eV
Step: 16020, Temperature: 332.03 K, Total Energy: -30034.056803 eV
Step: 16040, Temperature: 297.65 K, Total Energy: -30034.712373 eV
Step: 16060, Temperature: 300.40 K, Total Energy: -30034.662469 eV
Step: 16080, Temperature: 279.13 K, Total Energy: -30035.087462 eV
Step: 16100, Temperature: 313.25 K, Total Energy: -30035.235088 eV
Step: 16120, Temperature: 293.77 K, Total Energy: -30034.411672 eV
Step: 16140, Temperature: 322.69 K, Total Energy: -30034.463959 eV
Step: 16160, Temperature: 345.96 K, Total Energy: -30034.564874 eV
Step: 16180, Temperature: 314.30 K, Total Energy: -30035.027043 eV
Step: 16200, Temperature: 301.02 K, Total Energy: -30035.617655 eV
Step: 16220, Temperature: 300.21 K, Total Energy: -30035.604905 eV
Step: 16240, Temperature: 298.56 K, Total Energy: -30035.744219 eV
Step: 16260, Temperature: 276.85 K, Total Energy: -30035.691852 eV
Step: 16280, Temperature: 304.44 K, Total Energy: -30035.615564 eV
Step: 16300, Temperature: 312.11 K, Total Energy: -30035.240508 eV
Step: 16320, Temperature: 294.48 K, Total Energy: -30035.050020 eV
Step: 16340, Temperature: 294.62 K, Total Energy: -30034.802363 eV
Step: 16360, Temperature: 296.53 K, Total Energy: -30035.137073 eV
Step: 16380, Temperature: 317.06 K, Total Energy: -30035.002370 eV
Step: 16400, Temperature: 286.63 K, Total Energy: -30035.234207 eV
Step: 16420, Temperature: 302.77 K, Total Energy: -30034.983686 eV
Step: 16440, Temperature: 310.44 K, Total Energy: -30035.182958 eV
Step: 16460, Temperature: 305.32 K, Total Energy: -30035.892124 eV
Step: 16480, Temperature: 267.48 K, Total Energy: -30035.470937 eV
Step: 16500, Temperature: 257.33 K, Total Energy: -30035.572313 eV
Step: 16520, Temperature: 295.08 K, Total Energy: -30035.478418 eV
Step: 16540, Temperature: 306.58 K, Total Energy: -30035.457925 eV
Step: 16560, Temperature: 299.12 K, Total Energy: -30035.944757 eV
Step: 16580, Temperature: 315.71 K, Total Energy: -30035.415418 eV
Step: 16600, Temperature: 311.23 K, Total Energy: -30035.354478 eV
Step: 16620, Temperature: 290.22 K, Total Energy: -30035.903611 eV
Step: 16640, Temperature: 287.64 K, Total Energy: -30035.779151 eV
Step: 16660, Temperature: 305.87 K, Total Energy: -30036.102839 eV
Step: 16680, Temperature: 285.68 K, Total Energy: -30035.857812 eV
Step: 16700, Temperature: 277.55 K, Total Energy: -30035.812748 eV
Step: 16720, Temperature: 282.41 K, Total Energy: -30036.287793 eV
Step: 16740, Temperature: 286.89 K, Total Energy: -30035.903441 eV
Step: 16760, Temperature: 313.51 K, Total Energy: -30035.521603 eV
Step: 16780, Temperature: 275.91 K, Total Energy: -30035.758308 eV
Step: 16800, Temperature: 281.01 K, Total Energy: -30035.922855 eV
Step: 16820, Temperature: 295.30 K, Total Energy: -30035.586114 eV
Step: 16840, Temperature: 286.56 K, Total Energy: -30035.827880 eV
Step: 16860, Temperature: 275.42 K, Total Energy: -30035.639841 eV
Step: 16880, Temperature: 290.51 K, Total Energy: -30035.103212 eV
Step: 16900, Temperature: 316.16 K, Total Energy: -30035.216589 eV
Step: 16920, Temperature: 309.51 K, Total Energy: -30035.190828 eV
Step: 16940, Temperature: 316.12 K, Total Energy: -30035.104218 eV
Step: 16960, Temperature: 301.13 K, Total Energy: -30035.427369 eV
Step: 16980, Temperature: 314.15 K, Total Energy: -30035.325655 eV
Step: 17000, Temperature: 306.69 K, Total Energy: -30035.062590 eV
Step: 17020, Temperature: 277.24 K, Total Energy: -30035.424034 eV
Step: 17040, Temperature: 329.68 K, Total Energy: -30034.524144 eV
Step: 17060, Temperature: 331.85 K, Total Energy: -30034.252567 eV
Step: 17080, Temperature: 318.88 K, Total Energy: -30034.698665 eV
Step: 17100, Temperature: 286.04 K, Total Energy: -30035.175046 eV
Step: 17120, Temperature: 282.82 K, Total Energy: -30035.363569 eV
Step: 17140, Temperature: 276.82 K, Total Energy: -30035.653297 eV
Step: 17160, Temperature: 302.92 K, Total Energy: -30035.444787 eV
Step: 17180, Temperature: 273.97 K, Total Energy: -30034.807222 eV
Step: 17200, Temperature: 288.36 K, Total Energy: -30035.042209 eV
Step: 17220, Temperature: 303.24 K, Total Energy: -30034.602700 eV
Step: 17240, Temperature: 282.81 K, Total Energy: -30034.320868 eV
Step: 17260, Temperature: 306.66 K, Total Energy: -30034.549828 eV
Step: 17280, Temperature: 295.36 K, Total Energy: -30034.939918 eV
Step: 17300, Temperature: 297.00 K, Total Energy: -30035.302986 eV
Step: 17320, Temperature: 324.31 K, Total Energy: -30034.958325 eV
Step: 17340, Temperature: 309.37 K, Total Energy: -30034.856476 eV
Step: 17360, Temperature: 342.08 K, Total Energy: -30033.985073 eV
Step: 17380, Temperature: 345.71 K, Total Energy: -30034.497078 eV
Step: 17400, Temperature: 294.80 K, Total Energy: -30034.758825 eV
Step: 17420, Temperature: 314.92 K, Total Energy: -30034.780896 eV
Step: 17440, Temperature: 290.93 K, Total Energy: -30034.938461 eV
Step: 17460, Temperature: 311.42 K, Total Energy: -30035.044868 eV
Step: 17480, Temperature: 301.32 K, Total Energy: -30034.996823 eV
Step: 17500, Temperature: 311.53 K, Total Energy: -30034.600705 eV
Step: 17520, Temperature: 308.33 K, Total Energy: -30034.968631 eV
Step: 17540, Temperature: 343.10 K, Total Energy: -30033.433906 eV
Step: 17560, Temperature: 309.29 K, Total Energy: -30034.616117 eV
Step: 17580, Temperature: 285.81 K, Total Energy: -30034.645451 eV
Step: 17600, Temperature: 307.22 K, Total Energy: -30034.523952 eV
Step: 17620, Temperature: 308.83 K, Total Energy: -30034.477455 eV
Step: 17640, Temperature: 308.12 K, Total Energy: -30034.718007 eV
Step: 17660, Temperature: 320.88 K, Total Energy: -30034.689281 eV
Step: 17680, Temperature: 290.70 K, Total Energy: -30035.125953 eV
Step: 17700, Temperature: 302.48 K, Total Energy: -30034.934304 eV
Step: 17720, Temperature: 301.82 K, Total Energy: -30035.148224 eV
Step: 17740, Temperature: 252.34 K, Total Energy: -30035.540050 eV
Step: 17760, Temperature: 293.75 K, Total Energy: -30036.000150 eV
Step: 17780, Temperature: 290.26 K, Total Energy: -30036.156550 eV
Step: 17800, Temperature: 280.85 K, Total Energy: -30035.989290 eV
Step: 17820, Temperature: 300.36 K, Total Energy: -30035.380284 eV
Step: 17840, Temperature: 316.23 K, Total Energy: -30034.699010 eV
Step: 17860, Temperature: 308.46 K, Total Energy: -30034.754322 eV
Step: 17880, Temperature: 304.36 K, Total Energy: -30034.873229 eV
Step: 17900, Temperature: 334.34 K, Total Energy: -30034.775890 eV
Step: 17920, Temperature: 316.36 K, Total Energy: -30034.768045 eV
Step: 17940, Temperature: 307.36 K, Total Energy: -30034.955829 eV
Step: 17960, Temperature: 315.60 K, Total Energy: -30035.051055 eV
Step: 17980, Temperature: 312.93 K, Total Energy: -30035.264695 eV
Step: 18000, Temperature: 323.75 K, Total Energy: -30034.851376 eV
Step: 18020, Temperature: 307.33 K, Total Energy: -30034.698940 eV
Step: 18040, Temperature: 311.24 K, Total Energy: -30034.614006 eV
Step: 18060, Temperature: 302.46 K, Total Energy: -30034.973922 eV
Step: 18080, Temperature: 315.55 K, Total Energy: -30034.466145 eV
Step: 18100, Temperature: 300.98 K, Total Energy: -30034.962469 eV
Step: 18120, Temperature: 332.70 K, Total Energy: -30034.745015 eV
Step: 18140, Temperature: 296.91 K, Total Energy: -30035.094372 eV
Step: 18160, Temperature: 332.14 K, Total Energy: -30034.563695 eV
Step: 18180, Temperature: 335.36 K, Total Energy: -30034.211141 eV
Step: 18200, Temperature: 302.64 K, Total Energy: -30034.526092 eV
Step: 18220, Temperature: 294.13 K, Total Energy: -30034.832346 eV
Step: 18240, Temperature: 321.85 K, Total Energy: -30034.307345 eV
Step: 18260, Temperature: 330.77 K, Total Energy: -30034.100331 eV
Step: 18280, Temperature: 297.96 K, Total Energy: -30034.753373 eV
Step: 18300, Temperature: 289.26 K, Total Energy: -30035.265718 eV
Step: 18320, Temperature: 292.38 K, Total Energy: -30034.833416 eV
Step: 18340, Temperature: 280.64 K, Total Energy: -30035.016041 eV
Step: 18360, Temperature: 302.24 K, Total Energy: -30035.157188 eV
Step: 18380, Temperature: 293.83 K, Total Energy: -30035.324304 eV
Step: 18400, Temperature: 273.08 K, Total Energy: -30035.732049 eV
Step: 18420, Temperature: 291.01 K, Total Energy: -30035.360157 eV
Step: 18440, Temperature: 299.72 K, Total Energy: -30035.439608 eV
Step: 18460, Temperature: 282.34 K, Total Energy: -30035.434178 eV
Step: 18480, Temperature: 306.70 K, Total Energy: -30035.216609 eV
Step: 18500, Temperature: 301.51 K, Total Energy: -30035.138458 eV
Step: 18520, Temperature: 311.57 K, Total Energy: -30035.201291 eV
Step: 18540, Temperature: 311.66 K, Total Energy: -30035.232196 eV
Step: 18560, Temperature: 292.17 K, Total Energy: -30035.092585 eV
Step: 18580, Temperature: 300.91 K, Total Energy: -30034.891932 eV
Step: 18600, Temperature: 317.76 K, Total Energy: -30034.775817 eV
Step: 18620, Temperature: 289.25 K, Total Energy: -30034.504067 eV
Step: 18640, Temperature: 305.28 K, Total Energy: -30034.457525 eV
Step: 18660, Temperature: 313.78 K, Total Energy: -30034.296070 eV
Step: 18680, Temperature: 324.19 K, Total Energy: -30033.527801 eV
Step: 18700, Temperature: 313.90 K, Total Energy: -30033.861310 eV
Step: 18720, Temperature: 314.77 K, Total Energy: -30033.854945 eV
Step: 18740, Temperature: 302.60 K, Total Energy: -30033.597251 eV
Step: 18760, Temperature: 319.45 K, Total Energy: -30033.697937 eV
Step: 18780, Temperature: 310.85 K, Total Energy: -30033.662930 eV
Step: 18800, Temperature: 326.25 K, Total Energy: -30033.940636 eV
Step: 18820, Temperature: 294.95 K, Total Energy: -30034.477625 eV
Step: 18840, Temperature: 319.88 K, Total Energy: -30034.091579 eV
Step: 18860, Temperature: 308.80 K, Total Energy: -30034.577711 eV
Step: 18880, Temperature: 305.81 K, Total Energy: -30034.850388 eV
Step: 18900, Temperature: 311.23 K, Total Energy: -30034.881763 eV
Step: 18920, Temperature: 298.18 K, Total Energy: -30035.179432 eV
Step: 18940, Temperature: 284.55 K, Total Energy: -30035.595309 eV
Step: 18960, Temperature: 299.14 K, Total Energy: -30035.596811 eV
Step: 18980, Temperature: 291.16 K, Total Energy: -30035.286124 eV
Step: 19000, Temperature: 294.44 K, Total Energy: -30035.391043 eV
Step: 19020, Temperature: 277.92 K, Total Energy: -30035.014389 eV
Step: 19040, Temperature: 315.26 K, Total Energy: -30034.905126 eV
Step: 19060, Temperature: 304.76 K, Total Energy: -30034.699191 eV
Step: 19080, Temperature: 297.29 K, Total Energy: -30034.676492 eV
Step: 19100, Temperature: 302.33 K, Total Energy: -30034.770267 eV
Step: 19120, Temperature: 309.81 K, Total Energy: -30034.874621 eV
Step: 19140, Temperature: 299.49 K, Total Energy: -30034.480474 eV
Step: 19160, Temperature: 314.34 K, Total Energy: -30034.805297 eV
Step: 19180, Temperature: 304.59 K, Total Energy: -30034.625311 eV
Step: 19200, Temperature: 274.81 K, Total Energy: -30035.204206 eV
Step: 19220, Temperature: 302.85 K, Total Energy: -30034.874224 eV
Step: 19240, Temperature: 308.78 K, Total Energy: -30034.138935 eV
Step: 19260, Temperature: 310.40 K, Total Energy: -30033.937887 eV
Step: 19280, Temperature: 320.29 K, Total Energy: -30034.225597 eV
Step: 19300, Temperature: 310.30 K, Total Energy: -30034.633709 eV
Step: 19320, Temperature: 320.61 K, Total Energy: -30034.774324 eV
Step: 19340, Temperature: 319.48 K, Total Energy: -30034.697381 eV
Step: 19360, Temperature: 336.48 K, Total Energy: -30034.282483 eV
Step: 19380, Temperature: 314.91 K, Total Energy: -30034.783153 eV
Step: 19400, Temperature: 301.77 K, Total Energy: -30034.807809 eV
Step: 19420, Temperature: 293.38 K, Total Energy: -30034.566141 eV
Step: 19440, Temperature: 311.55 K, Total Energy: -30034.615973 eV
Step: 19460, Temperature: 284.26 K, Total Energy: -30035.167015 eV
Step: 19480, Temperature: 276.55 K, Total Energy: -30034.892571 eV
Step: 19500, Temperature: 298.44 K, Total Energy: -30034.602616 eV
Step: 19520, Temperature: 290.17 K, Total Energy: -30035.043376 eV
Step: 19540, Temperature: 288.32 K, Total Energy: -30034.842134 eV
Step: 19560, Temperature: 263.45 K, Total Energy: -30035.070380 eV
Step: 19580, Temperature: 280.33 K, Total Energy: -30035.150954 eV
Step: 19600, Temperature: 287.96 K, Total Energy: -30035.321795 eV
Step: 19620, Temperature: 292.91 K, Total Energy: -30035.103309 eV
Step: 19640, Temperature: 296.93 K, Total Energy: -30034.830209 eV
Step: 19660, Temperature: 306.14 K, Total Energy: -30034.840236 eV
Step: 19680, Temperature: 265.48 K, Total Energy: -30034.484099 eV
Step: 19700, Temperature: 279.85 K, Total Energy: -30034.291931 eV
Step: 19720, Temperature: 311.81 K, Total Energy: -30034.246147 eV
Step: 19740, Temperature: 311.98 K, Total Energy: -30034.230098 eV
Step: 19760, Temperature: 301.69 K, Total Energy: -30034.382026 eV
Step: 19780, Temperature: 295.96 K, Total Energy: -30034.612445 eV
Step: 19800, Temperature: 293.18 K, Total Energy: -30034.287917 eV
Step: 19820, Temperature: 321.34 K, Total Energy: -30034.183582 eV
Step: 19840, Temperature: 308.26 K, Total Energy: -30034.044547 eV
Step: 19860, Temperature: 335.05 K, Total Energy: -30032.972871 eV
Step: 19880, Temperature: 329.41 K, Total Energy: -30033.155876 eV
Step: 19900, Temperature: 328.69 K, Total Energy: -30033.109560 eV
Step: 19920, Temperature: 312.09 K, Total Energy: -30033.703800 eV
Step: 19940, Temperature: 297.01 K, Total Energy: -30033.808543 eV
Step: 19960, Temperature: 299.31 K, Total Energy: -30034.445803 eV
Step: 19980, Temperature: 288.14 K, Total Energy: -30034.432643 eV
Step: 20000, Temperature: 277.97 K, Total Energy: -30034.460355 eV
Step: 20020, Temperature: 273.66 K, Total Energy: -30034.484949 eV
Step: 20040, Temperature: 292.17 K, Total Energy: -30034.612234 eV
Step: 20060, Temperature: 315.46 K, Total Energy: -30034.521301 eV
Step: 20080, Temperature: 284.50 K, Total Energy: -30034.496971 eV
Step: 20100, Temperature: 302.85 K, Total Energy: -30034.690784 eV
Step: 20120, Temperature: 299.83 K, Total Energy: -30034.600806 eV
Step: 20140, Temperature: 308.76 K, Total Energy: -30034.782008 eV
Step: 20160, Temperature: 288.01 K, Total Energy: -30034.785387 eV
Step: 20180, Temperature: 333.62 K, Total Energy: -30034.504922 eV
Step: 20200, Temperature: 310.63 K, Total Energy: -30034.775743 eV
Step: 20220, Temperature: 325.61 K, Total Energy: -30034.482256 eV
Step: 20240, Temperature: 314.35 K, Total Energy: -30035.156583 eV
Step: 20260, Temperature: 278.66 K, Total Energy: -30035.757333 eV
Step: 20280, Temperature: 297.29 K, Total Energy: -30035.614085 eV
Step: 20300, Temperature: 307.72 K, Total Energy: -30035.413594 eV
Step: 20320, Temperature: 299.82 K, Total Energy: -30035.573606 eV
Step: 20340, Temperature: 282.90 K, Total Energy: -30035.666214 eV
Step: 20360, Temperature: 281.39 K, Total Energy: -30036.175023 eV
Step: 20380, Temperature: 281.64 K, Total Energy: -30036.627547 eV
Step: 20400, Temperature: 285.97 K, Total Energy: -30036.385700 eV
Step: 20420, Temperature: 311.25 K, Total Energy: -30035.828575 eV
Step: 20440, Temperature: 290.11 K, Total Energy: -30035.703244 eV
Step: 20460, Temperature: 302.00 K, Total Energy: -30035.405566 eV
Step: 20480, Temperature: 285.70 K, Total Energy: -30035.466779 eV
Step: 20500, Temperature: 301.65 K, Total Energy: -30035.427888 eV
Step: 20520, Temperature: 265.35 K, Total Energy: -30036.067619 eV
Step: 20540, Temperature: 282.61 K, Total Energy: -30036.038796 eV
Step: 20560, Temperature: 300.72 K, Total Energy: -30035.785449 eV
Step: 20580, Temperature: 264.45 K, Total Energy: -30036.129352 eV
Step: 20600, Temperature: 290.22 K, Total Energy: -30035.542206 eV
Step: 20620, Temperature: 305.79 K, Total Energy: -30034.587315 eV
Step: 20640, Temperature: 303.34 K, Total Energy: -30034.979145 eV
Step: 20660, Temperature: 281.24 K, Total Energy: -30034.881729 eV
Step: 20680, Temperature: 297.91 K, Total Energy: -30034.717511 eV
Step: 20700, Temperature: 272.86 K, Total Energy: -30035.222072 eV
Step: 20720, Temperature: 283.44 K, Total Energy: -30035.203359 eV
Step: 20740, Temperature: 309.96 K, Total Energy: -30034.386375 eV
Step: 20760, Temperature: 309.97 K, Total Energy: -30034.888190 eV
Step: 20780, Temperature: 315.64 K, Total Energy: -30034.772487 eV
Step: 20800, Temperature: 320.36 K, Total Energy: -30034.880167 eV
Step: 20820, Temperature: 299.94 K, Total Energy: -30035.316759 eV
Step: 20840, Temperature: 304.91 K, Total Energy: -30034.765581 eV
Step: 20860, Temperature: 305.69 K, Total Energy: -30034.621088 eV
Step: 20880, Temperature: 301.09 K, Total Energy: -30034.641307 eV
Step: 20900, Temperature: 288.25 K, Total Energy: -30035.005922 eV
Step: 20920, Temperature: 298.91 K, Total Energy: -30034.616154 eV
Step: 20940, Temperature: 290.73 K, Total Energy: -30034.828305 eV
Step: 20960, Temperature: 306.95 K, Total Energy: -30034.616715 eV
Step: 20980, Temperature: 321.53 K, Total Energy: -30034.198433 eV
Step: 21000, Temperature: 311.26 K, Total Energy: -30034.244409 eV
Step: 21020, Temperature: 320.98 K, Total Energy: -30034.679016 eV
Step: 21040, Temperature: 304.09 K, Total Energy: -30034.772764 eV
Step: 21060, Temperature: 324.61 K, Total Energy: -30034.823812 eV
Step: 21080, Temperature: 293.08 K, Total Energy: -30035.485865 eV
Step: 21100, Temperature: 292.10 K, Total Energy: -30035.414884 eV
Step: 21120, Temperature: 300.78 K, Total Energy: -30035.750600 eV
Step: 21140, Temperature: 291.74 K, Total Energy: -30035.638766 eV
Step: 21160, Temperature: 323.10 K, Total Energy: -30034.975135 eV
Step: 21180, Temperature: 318.29 K, Total Energy: -30034.643400 eV
Step: 21200, Temperature: 282.70 K, Total Energy: -30035.017039 eV
Step: 21220, Temperature: 300.60 K, Total Energy: -30034.770933 eV
Step: 21240, Temperature: 331.18 K, Total Energy: -30034.839983 eV
Step: 21260, Temperature: 302.83 K, Total Energy: -30034.829814 eV
Step: 21280, Temperature: 318.98 K, Total Energy: -30034.840625 eV
Step: 21300, Temperature: 345.89 K, Total Energy: -30034.457274 eV
Step: 21320, Temperature: 294.79 K, Total Energy: -30034.792353 eV
Step: 21340, Temperature: 286.20 K, Total Energy: -30035.051851 eV
Step: 21360, Temperature: 313.29 K, Total Energy: -30035.265367 eV
Step: 21380, Temperature: 273.71 K, Total Energy: -30035.378229 eV
Step: 21400, Temperature: 269.14 K, Total Energy: -30035.616634 eV
Step: 21420, Temperature: 298.38 K, Total Energy: -30035.162604 eV
Step: 21440, Temperature: 302.20 K, Total Energy: -30034.867310 eV
Step: 21460, Temperature: 303.14 K, Total Energy: -30034.671770 eV
Step: 21480, Temperature: 300.04 K, Total Energy: -30034.765528 eV
Step: 21500, Temperature: 295.67 K, Total Energy: -30035.758415 eV
Step: 21520, Temperature: 292.21 K, Total Energy: -30035.703090 eV
Step: 21540, Temperature: 279.23 K, Total Energy: -30035.645287 eV
Step: 21560, Temperature: 301.89 K, Total Energy: -30035.183660 eV
Step: 21580, Temperature: 316.39 K, Total Energy: -30034.931413 eV
Step: 21600, Temperature: 303.34 K, Total Energy: -30034.881420 eV
Step: 21620, Temperature: 307.78 K, Total Energy: -30035.437592 eV
Step: 21640, Temperature: 312.87 K, Total Energy: -30035.457716 eV
Step: 21660, Temperature: 281.85 K, Total Energy: -30035.571541 eV
Step: 21680, Temperature: 303.93 K, Total Energy: -30035.485709 eV
Step: 21700, Temperature: 268.82 K, Total Energy: -30036.077836 eV
Step: 21720, Temperature: 296.84 K, Total Energy: -30036.324523 eV
Step: 21740, Temperature: 284.16 K, Total Energy: -30036.413623 eV
Step: 21760, Temperature: 287.86 K, Total Energy: -30036.507935 eV
Step: 21780, Temperature: 278.21 K, Total Energy: -30036.561843 eV
Step: 21800, Temperature: 275.12 K, Total Energy: -30037.198297 eV
Step: 21820, Temperature: 256.42 K, Total Energy: -30037.233944 eV
Step: 21840, Temperature: 263.35 K, Total Energy: -30036.764527 eV
Step: 21860, Temperature: 285.43 K, Total Energy: -30036.131754 eV
Step: 21880, Temperature: 286.31 K, Total Energy: -30036.023554 eV
Step: 21900, Temperature: 279.56 K, Total Energy: -30035.994635 eV
Step: 21920, Temperature: 293.25 K, Total Energy: -30036.471835 eV
Step: 21940, Temperature: 296.85 K, Total Energy: -30036.253925 eV
Step: 21960, Temperature: 288.99 K, Total Energy: -30036.081093 eV
Step: 21980, Temperature: 274.95 K, Total Energy: -30036.763029 eV
Step: 22000, Temperature: 295.44 K, Total Energy: -30037.002360 eV
Step: 22020, Temperature: 301.54 K, Total Energy: -30036.571283 eV
Step: 22040, Temperature: 291.60 K, Total Energy: -30036.154008 eV
Step: 22060, Temperature: 277.38 K, Total Energy: -30036.668563 eV
Step: 22080, Temperature: 304.09 K, Total Energy: -30036.514979 eV
Step: 22100, Temperature: 297.45 K, Total Energy: -30036.280004 eV
Step: 22120, Temperature: 268.98 K, Total Energy: -30036.440961 eV
Step: 22140, Temperature: 308.19 K, Total Energy: -30035.643958 eV
Step: 22160, Temperature: 299.62 K, Total Energy: -30036.012198 eV
Step: 22180, Temperature: 305.37 K, Total Energy: -30036.250281 eV
Step: 22200, Temperature: 287.90 K, Total Energy: -30036.913133 eV
Step: 22220, Temperature: 277.47 K, Total Energy: -30037.197697 eV
Step: 22240, Temperature: 284.61 K, Total Energy: -30036.767588 eV
Step: 22260, Temperature: 303.22 K, Total Energy: -30036.589623 eV
Step: 22280, Temperature: 281.88 K, Total Energy: -30036.145097 eV
Step: 22300, Temperature: 291.05 K, Total Energy: -30036.038776 eV
Step: 22320, Temperature: 282.80 K, Total Energy: -30036.053579 eV
Step: 22340, Temperature: 295.55 K, Total Energy: -30035.931204 eV
Step: 22360, Temperature: 303.21 K, Total Energy: -30036.107296 eV
Step: 22380, Temperature: 279.29 K, Total Energy: -30036.093011 eV
Step: 22400, Temperature: 280.23 K, Total Energy: -30036.168979 eV
Step: 22420, Temperature: 287.09 K, Total Energy: -30036.537077 eV
Step: 22440, Temperature: 296.69 K, Total Energy: -30036.500138 eV
Step: 22460, Temperature: 309.46 K, Total Energy: -30035.990974 eV
Step: 22480, Temperature: 312.60 K, Total Energy: -30035.398039 eV
Step: 22500, Temperature: 311.46 K, Total Energy: -30035.590885 eV
Step: 22520, Temperature: 296.86 K, Total Energy: -30035.993885 eV
Step: 22540, Temperature: 304.39 K, Total Energy: -30035.954628 eV
Step: 22560, Temperature: 312.60 K, Total Energy: -30036.313967 eV
Step: 22580, Temperature: 284.92 K, Total Energy: -30036.134838 eV
Step: 22600, Temperature: 316.19 K, Total Energy: -30035.428700 eV
Step: 22620, Temperature: 314.56 K, Total Energy: -30035.291885 eV
Step: 22640, Temperature: 300.37 K, Total Energy: -30035.831382 eV
Step: 22660, Temperature: 291.78 K, Total Energy: -30035.955921 eV
Step: 22680, Temperature: 305.14 K, Total Energy: -30035.798917 eV
Step: 22700, Temperature: 301.24 K, Total Energy: -30035.414880 eV
Step: 22720, Temperature: 294.15 K, Total Energy: -30036.116892 eV
Step: 22740, Temperature: 307.74 K, Total Energy: -30035.870189 eV
Step: 22760, Temperature: 306.68 K, Total Energy: -30035.853897 eV
Step: 22780, Temperature: 310.48 K, Total Energy: -30035.885069 eV
Step: 22800, Temperature: 288.83 K, Total Energy: -30035.124143 eV
Step: 22820, Temperature: 318.90 K, Total Energy: -30034.876063 eV
Step: 22840, Temperature: 288.17 K, Total Energy: -30034.927911 eV
Step: 22860, Temperature: 290.04 K, Total Energy: -30035.062371 eV
Step: 22880, Temperature: 277.79 K, Total Energy: -30035.457081 eV
Step: 22900, Temperature: 307.68 K, Total Energy: -30035.250575 eV
Step: 22920, Temperature: 322.55 K, Total Energy: -30035.483214 eV
Step: 22940, Temperature: 300.27 K, Total Energy: -30035.525327 eV
Step: 22960, Temperature: 299.94 K, Total Energy: -30035.885070 eV
Step: 22980, Temperature: 294.04 K, Total Energy: -30035.840347 eV
Step: 23000, Temperature: 305.37 K, Total Energy: -30035.213123 eV
Step: 23020, Temperature: 305.27 K, Total Energy: -30034.573035 eV
Step: 23040, Temperature: 330.71 K, Total Energy: -30034.572426 eV
Step: 23060, Temperature: 330.97 K, Total Energy: -30034.766952 eV
Step: 23080, Temperature: 288.31 K, Total Energy: -30035.158668 eV
Step: 23100, Temperature: 317.80 K, Total Energy: -30035.698634 eV
Step: 23120, Temperature: 312.33 K, Total Energy: -30035.473290 eV
Step: 23140, Temperature: 306.48 K, Total Energy: -30036.224226 eV
Step: 23160, Temperature: 261.38 K, Total Energy: -30036.528958 eV
Step: 23180, Temperature: 289.85 K, Total Energy: -30036.319097 eV
Step: 23200, Temperature: 275.66 K, Total Energy: -30036.335053 eV
Step: 23220, Temperature: 294.29 K, Total Energy: -30036.107617 eV
Step: 23240, Temperature: 273.76 K, Total Energy: -30035.707147 eV
Step: 23260, Temperature: 321.63 K, Total Energy: -30035.248618 eV
Step: 23280, Temperature: 297.49 K, Total Energy: -30035.198845 eV
Step: 23300, Temperature: 300.29 K, Total Energy: -30035.325401 eV
Step: 23320, Temperature: 324.19 K, Total Energy: -30035.353934 eV
Step: 23340, Temperature: 312.88 K, Total Energy: -30035.191793 eV
Step: 23360, Temperature: 305.83 K, Total Energy: -30035.656693 eV
Step: 23380, Temperature: 322.27 K, Total Energy: -30035.236318 eV
Step: 23400, Temperature: 268.37 K, Total Energy: -30035.938687 eV
Step: 23420, Temperature: 285.56 K, Total Energy: -30036.226025 eV
Step: 23440, Temperature: 292.87 K, Total Energy: -30036.061429 eV
Step: 23460, Temperature: 308.13 K, Total Energy: -30035.424719 eV
Step: 23480, Temperature: 302.68 K, Total Energy: -30035.429314 eV
Step: 23500, Temperature: 304.86 K, Total Energy: -30035.712186 eV
Step: 23520, Temperature: 314.80 K, Total Energy: -30035.571002 eV
Step: 23540, Temperature: 283.83 K, Total Energy: -30035.859441 eV
Step: 23560, Temperature: 298.50 K, Total Energy: -30035.888155 eV
Step: 23580, Temperature: 316.37 K, Total Energy: -30035.808855 eV
Step: 23600, Temperature: 299.14 K, Total Energy: -30035.508922 eV
Step: 23620, Temperature: 332.04 K, Total Energy: -30034.909889 eV
Step: 23640, Temperature: 316.92 K, Total Energy: -30034.603600 eV
Step: 23660, Temperature: 309.79 K, Total Energy: -30035.064682 eV
Step: 23680, Temperature: 299.67 K, Total Energy: -30034.919327 eV
Step: 23700, Temperature: 298.75 K, Total Energy: -30034.983380 eV
Step: 23720, Temperature: 309.16 K, Total Energy: -30034.508103 eV
Step: 23740, Temperature: 324.55 K, Total Energy: -30034.667179 eV
Step: 23760, Temperature: 318.55 K, Total Energy: -30034.773536 eV
Step: 23780, Temperature: 331.14 K, Total Energy: -30034.878041 eV
Step: 23800, Temperature: 302.39 K, Total Energy: -30035.237403 eV
Step: 23820, Temperature: 320.16 K, Total Energy: -30035.166505 eV
Step: 23840, Temperature: 312.01 K, Total Energy: -30035.219614 eV
Step: 23860, Temperature: 304.86 K, Total Energy: -30035.011009 eV
Step: 23880, Temperature: 321.92 K, Total Energy: -30034.817534 eV
Step: 23900, Temperature: 289.34 K, Total Energy: -30035.115208 eV
Step: 23920, Temperature: 301.89 K, Total Energy: -30035.459073 eV
Step: 23940, Temperature: 316.22 K, Total Energy: -30035.220745 eV
Step: 23960, Temperature: 299.70 K, Total Energy: -30035.705539 eV
Step: 23980, Temperature: 309.46 K, Total Energy: -30035.883423 eV
Step: 24000, Temperature: 321.65 K, Total Energy: -30035.421807 eV
Step: 24020, Temperature: 280.26 K, Total Energy: -30036.103904 eV
Step: 24040, Temperature: 299.98 K, Total Energy: -30035.997468 eV
Step: 24060, Temperature: 315.66 K, Total Energy: -30035.248632 eV
Step: 24080, Temperature: 307.00 K, Total Energy: -30034.933666 eV
Step: 24100, Temperature: 301.26 K, Total Energy: -30034.752224 eV
Step: 24120, Temperature: 332.80 K, Total Energy: -30033.728840 eV
Step: 24140, Temperature: 304.93 K, Total Energy: -30033.938978 eV
Step: 24160, Temperature: 356.90 K, Total Energy: -30034.056928 eV
Step: 24180, Temperature: 346.22 K, Total Energy: -30033.652102 eV
Step: 24200, Temperature: 333.99 K, Total Energy: -30034.378406 eV
Step: 24220, Temperature: 338.70 K, Total Energy: -30034.759717 eV
Step: 24240, Temperature: 325.48 K, Total Energy: -30034.368241 eV
Step: 24260, Temperature: 324.68 K, Total Energy: -30034.282997 eV
Step: 24280, Temperature: 340.79 K, Total Energy: -30034.179588 eV
Step: 24300, Temperature: 323.96 K, Total Energy: -30034.279719 eV
Step: 24320, Temperature: 338.74 K, Total Energy: -30034.166847 eV
Step: 24340, Temperature: 295.09 K, Total Energy: -30034.407640 eV
Step: 24360, Temperature: 309.35 K, Total Energy: -30034.433089 eV
Step: 24380, Temperature: 316.59 K, Total Energy: -30035.100284 eV
Step: 24400, Temperature: 326.36 K, Total Energy: -30034.602049 eV
Step: 24420, Temperature: 320.78 K, Total Energy: -30035.121497 eV
Step: 24440, Temperature: 295.19 K, Total Energy: -30035.575271 eV
Step: 24460, Temperature: 293.72 K, Total Energy: -30035.326967 eV
Step: 24480, Temperature: 277.77 K, Total Energy: -30035.527971 eV
Step: 24500, Temperature: 299.67 K, Total Energy: -30035.034526 eV
Step: 24520, Temperature: 314.24 K, Total Energy: -30035.077352 eV
Step: 24540, Temperature: 303.43 K, Total Energy: -30035.121442 eV
Step: 24560, Temperature: 302.67 K, Total Energy: -30035.468662 eV
Step: 24580, Temperature: 314.89 K, Total Energy: -30034.543568 eV
Step: 24600, Temperature: 316.53 K, Total Energy: -30034.470913 eV
Step: 24620, Temperature: 303.54 K, Total Energy: -30035.245646 eV
Step: 24640, Temperature: 307.92 K, Total Energy: -30034.352021 eV
Step: 24660, Temperature: 322.06 K, Total Energy: -30034.157720 eV
Step: 24680, Temperature: 328.88 K, Total Energy: -30034.630186 eV
Step: 24700, Temperature: 305.31 K, Total Energy: -30034.849443 eV
Step: 24720, Temperature: 321.16 K, Total Energy: -30034.523958 eV
Step: 24740, Temperature: 290.27 K, Total Energy: -30035.425764 eV
Step: 24760, Temperature: 316.15 K, Total Energy: -30035.066263 eV
Step: 24780, Temperature: 299.63 K, Total Energy: -30034.791450 eV
Step: 24800, Temperature: 322.87 K, Total Energy: -30034.486812 eV
Step: 24820, Temperature: 296.39 K, Total Energy: -30034.560483 eV
Step: 24840, Temperature: 285.40 K, Total Energy: -30034.714485 eV
Step: 24860, Temperature: 279.49 K, Total Energy: -30034.662167 eV
Step: 24880, Temperature: 315.52 K, Total Energy: -30034.017701 eV
Step: 24900, Temperature: 283.91 K, Total Energy: -30034.248236 eV
Step: 24920, Temperature: 312.97 K, Total Energy: -30034.126955 eV
Step: 24940, Temperature: 321.51 K, Total Energy: -30034.249742 eV
Step: 24960, Temperature: 309.94 K, Total Energy: -30034.175930 eV
Step: 24980, Temperature: 320.97 K, Total Energy: -30034.306111 eV
Step: 25000, Temperature: 342.60 K, Total Energy: -30034.231719 eV
Step: 25020, Temperature: 322.21 K, Total Energy: -30034.064007 eV
Step: 25040, Temperature: 323.29 K, Total Energy: -30033.614929 eV
Step: 25060, Temperature: 309.43 K, Total Energy: -30034.063999 eV
Step: 25080, Temperature: 288.43 K, Total Energy: -30034.659580 eV
Step: 25100, Temperature: 303.35 K, Total Energy: -30035.066643 eV
Step: 25120, Temperature: 292.47 K, Total Energy: -30034.670942 eV
Step: 25140, Temperature: 294.36 K, Total Energy: -30035.019910 eV
Step: 25160, Temperature: 299.49 K, Total Energy: -30034.550675 eV
Step: 25180, Temperature: 319.40 K, Total Energy: -30033.929721 eV
Step: 25200, Temperature: 305.67 K, Total Energy: -30034.480948 eV
Step: 25220, Temperature: 303.57 K, Total Energy: -30034.361982 eV
Step: 25240, Temperature: 324.81 K, Total Energy: -30034.000328 eV
Step: 25260, Temperature: 320.94 K, Total Energy: -30033.845933 eV
Step: 25280, Temperature: 318.88 K, Total Energy: -30034.374464 eV
Step: 25300, Temperature: 342.39 K, Total Energy: -30034.307373 eV
Step: 25320, Temperature: 307.40 K, Total Energy: -30034.195190 eV
Step: 25340, Temperature: 321.85 K, Total Energy: -30034.381761 eV
Step: 25360, Temperature: 328.37 K, Total Energy: -30033.951746 eV
Step: 25380, Temperature: 314.42 K, Total Energy: -30033.764351 eV
Step: 25400, Temperature: 299.17 K, Total Energy: -30033.963139 eV
Step: 25420, Temperature: 294.18 K, Total Energy: -30034.171029 eV
Step: 25440, Temperature: 283.84 K, Total Energy: -30034.824008 eV
Step: 25460, Temperature: 287.39 K, Total Energy: -30035.056792 eV
Step: 25480, Temperature: 303.46 K, Total Energy: -30034.806070 eV
Step: 25500, Temperature: 292.24 K, Total Energy: -30034.596872 eV
Step: 25520, Temperature: 297.92 K, Total Energy: -30034.127346 eV
Step: 25540, Temperature: 298.22 K, Total Energy: -30034.903085 eV
Step: 25560, Temperature: 300.18 K, Total Energy: -30034.609479 eV
Step: 25580, Temperature: 297.10 K, Total Energy: -30035.118714 eV
Step: 25600, Temperature: 339.26 K, Total Energy: -30034.995497 eV
Step: 25620, Temperature: 289.45 K, Total Energy: -30035.512802 eV
Step: 25640, Temperature: 303.38 K, Total Energy: -30035.194968 eV
Step: 25660, Temperature: 299.96 K, Total Energy: -30034.781075 eV
Step: 25680, Temperature: 335.05 K, Total Energy: -30034.166106 eV
Step: 25700, Temperature: 328.44 K, Total Energy: -30034.442076 eV
Step: 25720, Temperature: 340.66 K, Total Energy: -30034.296119 eV
Step: 25740, Temperature: 314.05 K, Total Energy: -30035.056871 eV
Step: 25760, Temperature: 301.04 K, Total Energy: -30035.236208 eV
Step: 25780, Temperature: 299.93 K, Total Energy: -30035.584589 eV
Step: 25800, Temperature: 275.55 K, Total Energy: -30035.318160 eV
Step: 25820, Temperature: 327.05 K, Total Energy: -30034.459684 eV
Step: 25840, Temperature: 299.53 K, Total Energy: -30034.833005 eV
Step: 25860, Temperature: 298.84 K, Total Energy: -30034.977171 eV
Step: 25880, Temperature: 280.76 K, Total Energy: -30035.493610 eV
Step: 25900, Temperature: 307.64 K, Total Energy: -30035.120676 eV
Step: 25920, Temperature: 292.56 K, Total Energy: -30034.750947 eV
Step: 25940, Temperature: 291.74 K, Total Energy: -30035.222719 eV
Step: 25960, Temperature: 275.12 K, Total Energy: -30035.459847 eV
Step: 25980, Temperature: 307.18 K, Total Energy: -30035.567928 eV
Step: 26000, Temperature: 304.18 K, Total Energy: -30035.655176 eV
Step: 26020, Temperature: 304.96 K, Total Energy: -30035.821179 eV
Step: 26040, Temperature: 299.45 K, Total Energy: -30035.270400 eV
Step: 26060, Temperature: 322.20 K, Total Energy: -30035.548586 eV
Step: 26080, Temperature: 296.95 K, Total Energy: -30036.059990 eV
Step: 26100, Temperature: 292.76 K, Total Energy: -30035.937109 eV
Step: 26120, Temperature: 318.90 K, Total Energy: -30036.006831 eV
Step: 26140, Temperature: 307.17 K, Total Energy: -30036.179351 eV
Step: 26160, Temperature: 279.82 K, Total Energy: -30036.683323 eV
Step: 26180, Temperature: 282.79 K, Total Energy: -30036.419043 eV
Step: 26200, Temperature: 292.73 K, Total Energy: -30036.414433 eV
Step: 26220, Temperature: 296.48 K, Total Energy: -30036.099201 eV
Step: 26240, Temperature: 294.82 K, Total Energy: -30035.977115 eV
Step: 26260, Temperature: 269.44 K, Total Energy: -30036.636410 eV
Step: 26280, Temperature: 275.96 K, Total Energy: -30036.911321 eV
Step: 26300, Temperature: 282.21 K, Total Energy: -30036.646474 eV
Step: 26320, Temperature: 301.82 K, Total Energy: -30035.843556 eV
Step: 26340, Temperature: 311.47 K, Total Energy: -30035.227386 eV
Step: 26360, Temperature: 273.10 K, Total Energy: -30036.055685 eV
Step: 26380, Temperature: 279.02 K, Total Energy: -30035.847878 eV
Step: 26400, Temperature: 290.06 K, Total Energy: -30035.403733 eV
Step: 26420, Temperature: 275.52 K, Total Energy: -30034.916629 eV
Step: 26440, Temperature: 305.82 K, Total Energy: -30035.334542 eV
Step: 26460, Temperature: 287.09 K, Total Energy: -30035.369276 eV
Step: 26480, Temperature: 330.90 K, Total Energy: -30034.589056 eV
Step: 26500, Temperature: 327.07 K, Total Energy: -30034.185637 eV
Step: 26520, Temperature: 321.65 K, Total Energy: -30034.113359 eV
Step: 26540, Temperature: 293.21 K, Total Energy: -30034.144483 eV
Step: 26560, Temperature: 302.27 K, Total Energy: -30034.466903 eV
Step: 26580, Temperature: 309.44 K, Total Energy: -30034.311709 eV
Step: 26600, Temperature: 322.54 K, Total Energy: -30033.795954 eV
Step: 26620, Temperature: 331.82 K, Total Energy: -30034.063943 eV
Step: 26640, Temperature: 305.86 K, Total Energy: -30034.034843 eV
Step: 26660, Temperature: 298.46 K, Total Energy: -30034.828795 eV
Step: 26680, Temperature: 323.95 K, Total Energy: -30034.549450 eV
Step: 26700, Temperature: 332.46 K, Total Energy: -30034.540114 eV
Step: 26720, Temperature: 310.54 K, Total Energy: -30035.277988 eV
Step: 26740, Temperature: 294.18 K, Total Energy: -30034.870246 eV
Step: 26760, Temperature: 289.36 K, Total Energy: -30034.829579 eV
Step: 26780, Temperature: 289.24 K, Total Energy: -30034.943847 eV
Step: 26800, Temperature: 333.32 K, Total Energy: -30034.881544 eV
Step: 26820, Temperature: 301.47 K, Total Energy: -30035.246915 eV
Step: 26840, Temperature: 280.58 K, Total Energy: -30034.652401 eV
Step: 26860, Temperature: 320.92 K, Total Energy: -30034.735187 eV
Step: 26880, Temperature: 277.33 K, Total Energy: -30035.023456 eV
Step: 26900, Temperature: 293.69 K, Total Energy: -30035.673472 eV
Step: 26920, Temperature: 264.94 K, Total Energy: -30035.700931 eV
Step: 26940, Temperature: 298.11 K, Total Energy: -30035.327639 eV
Step: 26960, Temperature: 280.46 K, Total Energy: -30035.782253 eV
Step: 26980, Temperature: 250.04 K, Total Energy: -30036.508069 eV
Step: 27000, Temperature: 274.65 K, Total Energy: -30036.524492 eV
Step: 27020, Temperature: 277.37 K, Total Energy: -30036.694150 eV
Step: 27040, Temperature: 267.80 K, Total Energy: -30036.226395 eV
Step: 27060, Temperature: 258.91 K, Total Energy: -30036.017028 eV
Step: 27080, Temperature: 272.89 K, Total Energy: -30036.018082 eV
Step: 27100, Temperature: 280.13 K, Total Energy: -30035.554350 eV
Step: 27120, Temperature: 295.10 K, Total Energy: -30035.214265 eV
Step: 27140, Temperature: 295.09 K, Total Energy: -30035.140089 eV
Step: 27160, Temperature: 284.45 K, Total Energy: -30035.873183 eV
Step: 27180, Temperature: 281.58 K, Total Energy: -30035.867400 eV
Step: 27200, Temperature: 306.92 K, Total Energy: -30035.601735 eV
Step: 27220, Temperature: 296.54 K, Total Energy: -30035.488325 eV
Step: 27240, Temperature: 307.10 K, Total Energy: -30035.065936 eV
Step: 27260, Temperature: 291.20 K, Total Energy: -30035.537054 eV
Step: 27280, Temperature: 270.02 K, Total Energy: -30035.852235 eV
Step: 27300, Temperature: 293.25 K, Total Energy: -30035.442389 eV
Step: 27320, Temperature: 303.20 K, Total Energy: -30034.998299 eV
Step: 27340, Temperature: 300.01 K, Total Energy: -30035.067020 eV
Step: 27360, Temperature: 301.86 K, Total Energy: -30034.993069 eV
Step: 27380, Temperature: 295.93 K, Total Energy: -30034.798808 eV
Step: 27400, Temperature: 307.96 K, Total Energy: -30034.042361 eV
Step: 27420, Temperature: 296.43 K, Total Energy: -30034.254805 eV
Step: 27440, Temperature: 306.75 K, Total Energy: -30034.465544 eV
Step: 27460, Temperature: 324.03 K, Total Energy: -30034.295413 eV
Step: 27480, Temperature: 314.80 K, Total Energy: -30034.182387 eV
Step: 27500, Temperature: 317.45 K, Total Energy: -30034.779618 eV
Step: 27520, Temperature: 323.29 K, Total Energy: -30035.361024 eV
Step: 27540, Temperature: 279.59 K, Total Energy: -30035.224204 eV
Step: 27560, Temperature: 320.60 K, Total Energy: -30034.846844 eV
Step: 27580, Temperature: 299.79 K, Total Energy: -30035.033548 eV
Step: 27600, Temperature: 310.68 K, Total Energy: -30034.719836 eV
Step: 27620, Temperature: 279.99 K, Total Energy: -30035.190830 eV
Step: 27640, Temperature: 279.23 K, Total Energy: -30035.002805 eV
Step: 27660, Temperature: 326.94 K, Total Energy: -30034.759301 eV
Step: 27680, Temperature: 299.06 K, Total Energy: -30035.360359 eV
Step: 27700, Temperature: 304.53 K, Total Energy: -30035.540819 eV
Step: 27720, Temperature: 274.46 K, Total Energy: -30035.365254 eV
Step: 27740, Temperature: 272.18 K, Total Energy: -30035.565186 eV
Step: 27760, Temperature: 274.11 K, Total Energy: -30035.631855 eV
Step: 27780, Temperature: 326.78 K, Total Energy: -30035.337625 eV
Step: 27800, Temperature: 281.88 K, Total Energy: -30035.307196 eV
Step: 27820, Temperature: 316.69 K, Total Energy: -30035.302657 eV
Step: 27840, Temperature: 290.20 K, Total Energy: -30035.398182 eV
Step: 27860, Temperature: 302.90 K, Total Energy: -30034.365296 eV
Step: 27880, Temperature: 308.10 K, Total Energy: -30034.870732 eV
Step: 27900, Temperature: 306.31 K, Total Energy: -30034.576109 eV
Step: 27920, Temperature: 293.19 K, Total Energy: -30035.414628 eV
Step: 27940, Temperature: 290.31 K, Total Energy: -30035.516479 eV
Step: 27960, Temperature: 278.32 K, Total Energy: -30035.537417 eV
Step: 27980, Temperature: 277.45 K, Total Energy: -30036.059343 eV
Step: 28000, Temperature: 278.85 K, Total Energy: -30036.061291 eV
Step: 28020, Temperature: 285.71 K, Total Energy: -30035.652068 eV
Step: 28040, Temperature: 273.22 K, Total Energy: -30035.417906 eV
Step: 28060, Temperature: 316.70 K, Total Energy: -30034.589635 eV
Step: 28080, Temperature: 313.68 K, Total Energy: -30034.548520 eV
Step: 28100, Temperature: 333.66 K, Total Energy: -30034.447231 eV
Step: 28120, Temperature: 295.19 K, Total Energy: -30034.553725 eV
Step: 28140, Temperature: 296.48 K, Total Energy: -30034.745833 eV
Step: 28160, Temperature: 316.36 K, Total Energy: -30035.150884 eV
Step: 28180, Temperature: 325.31 K, Total Energy: -30034.774975 eV
Step: 28200, Temperature: 312.50 K, Total Energy: -30034.617280 eV
Step: 28220, Temperature: 334.14 K, Total Energy: -30034.128509 eV
Step: 28240, Temperature: 329.43 K, Total Energy: -30034.950331 eV
Step: 28260, Temperature: 307.44 K, Total Energy: -30035.065337 eV
Step: 28280, Temperature: 306.49 K, Total Energy: -30035.587083 eV
Step: 28300, Temperature: 299.66 K, Total Energy: -30035.880352 eV
Step: 28320, Temperature: 320.45 K, Total Energy: -30035.448116 eV
Step: 28340, Temperature: 312.71 K, Total Energy: -30035.192026 eV
Step: 28360, Temperature: 294.03 K, Total Energy: -30035.727391 eV
Step: 28380, Temperature: 312.54 K, Total Energy: -30036.157449 eV
Step: 28400, Temperature: 289.87 K, Total Energy: -30035.982565 eV
Step: 28420, Temperature: 290.44 K, Total Energy: -30036.064045 eV
Step: 28440, Temperature: 306.24 K, Total Energy: -30035.927425 eV
Step: 28460, Temperature: 301.03 K, Total Energy: -30035.744479 eV
Step: 28480, Temperature: 326.71 K, Total Energy: -30035.050236 eV
Step: 28500, Temperature: 325.58 K, Total Energy: -30035.498519 eV
Step: 28520, Temperature: 312.95 K, Total Energy: -30036.064975 eV
Step: 28540, Temperature: 305.35 K, Total Energy: -30036.135557 eV
Step: 28560, Temperature: 297.44 K, Total Energy: -30036.891486 eV
Step: 28580, Temperature: 285.14 K, Total Energy: -30036.875421 eV
Step: 28600, Temperature: 286.84 K, Total Energy: -30036.734829 eV
Step: 28620, Temperature: 263.20 K, Total Energy: -30037.412653 eV
Step: 28640, Temperature: 281.18 K, Total Energy: -30037.057286 eV
Step: 28660, Temperature: 289.37 K, Total Energy: -30036.499210 eV
Step: 28680, Temperature: 273.81 K, Total Energy: -30037.018420 eV
Step: 28700, Temperature: 243.55 K, Total Energy: -30037.310385 eV
Step: 28720, Temperature: 249.56 K, Total Energy: -30037.239002 eV
Step: 28740, Temperature: 299.87 K, Total Energy: -30035.836147 eV
Step: 28760, Temperature: 303.13 K, Total Energy: -30036.336038 eV
Step: 28780, Temperature: 308.48 K, Total Energy: -30036.320150 eV
Step: 28800, Temperature: 283.61 K, Total Energy: -30036.812292 eV
Step: 28820, Temperature: 290.33 K, Total Energy: -30036.642982 eV
Step: 28840, Temperature: 254.92 K, Total Energy: -30037.224838 eV
Step: 28860, Temperature: 282.15 K, Total Energy: -30037.005364 eV
Step: 28880, Temperature: 290.93 K, Total Energy: -30037.118178 eV
Step: 28900, Temperature: 285.76 K, Total Energy: -30036.760046 eV
Step: 28920, Temperature: 299.58 K, Total Energy: -30036.562265 eV
Step: 28940, Temperature: 310.82 K, Total Energy: -30035.816011 eV
Step: 28960, Temperature: 293.26 K, Total Energy: -30035.125767 eV
Step: 28980, Temperature: 343.58 K, Total Energy: -30034.958913 eV
Step: 29000, Temperature: 294.59 K, Total Energy: -30035.260147 eV
Step: 29020, Temperature: 311.66 K, Total Energy: -30035.499827 eV
Step: 29040, Temperature: 281.91 K, Total Energy: -30036.249706 eV
Step: 29060, Temperature: 280.06 K, Total Energy: -30036.728081 eV
Step: 29080, Temperature: 275.96 K, Total Energy: -30037.102895 eV
Step: 29100, Temperature: 305.65 K, Total Energy: -30036.346727 eV
Step: 29120, Temperature: 274.16 K, Total Energy: -30036.234077 eV
Step: 29140, Temperature: 255.46 K, Total Energy: -30036.285579 eV
Step: 29160, Temperature: 311.15 K, Total Energy: -30035.614211 eV
Step: 29180, Temperature: 289.73 K, Total Energy: -30035.769544 eV
Step: 29200, Temperature: 294.83 K, Total Energy: -30035.888908 eV
Step: 29220, Temperature: 299.71 K, Total Energy: -30035.812731 eV
Step: 29240, Temperature: 291.93 K, Total Energy: -30036.245235 eV
Step: 29260, Temperature: 287.79 K, Total Energy: -30036.072233 eV
Step: 29280, Temperature: 306.55 K, Total Energy: -30035.743918 eV
Step: 29300, Temperature: 295.44 K, Total Energy: -30036.107967 eV
Step: 29320, Temperature: 280.90 K, Total Energy: -30035.741975 eV
Step: 29340, Temperature: 310.24 K, Total Energy: -30036.008270 eV
Step: 29360, Temperature: 297.74 K, Total Energy: -30035.924840 eV
Step: 29380, Temperature: 283.50 K, Total Energy: -30036.231191 eV
Step: 29400, Temperature: 309.24 K, Total Energy: -30036.133122 eV
Step: 29420, Temperature: 293.46 K, Total Energy: -30036.171384 eV
Step: 29440, Temperature: 296.47 K, Total Energy: -30035.919842 eV
Step: 29460, Temperature: 289.68 K, Total Energy: -30035.688707 eV
Step: 29480, Temperature: 289.83 K, Total Energy: -30036.053939 eV
Step: 29500, Temperature: 279.57 K, Total Energy: -30036.685712 eV
Step: 29520, Temperature: 280.70 K, Total Energy: -30036.331018 eV
Step: 29540, Temperature: 284.64 K, Total Energy: -30036.212294 eV
Step: 29560, Temperature: 292.03 K, Total Energy: -30036.004453 eV
Step: 29580, Temperature: 296.22 K, Total Energy: -30035.943684 eV
Step: 29600, Temperature: 274.07 K, Total Energy: -30036.148604 eV
Step: 29620, Temperature: 342.76 K, Total Energy: -30035.331289 eV
Step: 29640, Temperature: 304.61 K, Total Energy: -30035.206883 eV
Step: 29660, Temperature: 292.49 K, Total Energy: -30036.170523 eV
Step: 29680, Temperature: 272.90 K, Total Energy: -30036.621384 eV
Step: 29700, Temperature: 285.14 K, Total Energy: -30036.062786 eV
Step: 29720, Temperature: 279.61 K, Total Energy: -30036.233551 eV
Step: 29740, Temperature: 269.58 K, Total Energy: -30036.691257 eV
Step: 29760, Temperature: 280.19 K, Total Energy: -30036.400489 eV
Step: 29780, Temperature: 281.51 K, Total Energy: -30036.267582 eV
Step: 29800, Temperature: 264.31 K, Total Energy: -30036.601676 eV
Step: 29820, Temperature: 285.87 K, Total Energy: -30035.968284 eV
Step: 29840, Temperature: 304.01 K, Total Energy: -30035.171168 eV
Step: 29860, Temperature: 311.68 K, Total Energy: -30035.165384 eV
Step: 29880, Temperature: 309.75 K, Total Energy: -30035.139785 eV
Step: 29900, Temperature: 304.11 K, Total Energy: -30034.990896 eV
Step: 29920, Temperature: 312.45 K, Total Energy: -30034.682965 eV
Step: 29940, Temperature: 308.72 K, Total Energy: -30034.538915 eV
Step: 29960, Temperature: 305.91 K, Total Energy: -30035.023599 eV
Step: 29980, Temperature: 291.38 K, Total Energy: -30034.993538 eV
Step: 30000, Temperature: 282.14 K, Total Energy: -30035.685276 eV
Step: 30020, Temperature: 300.92 K, Total Energy: -30035.834990 eV
Step: 30040, Temperature: 279.46 K, Total Energy: -30036.569264 eV
Step: 30060, Temperature: 254.37 K, Total Energy: -30036.752383 eV
Step: 30080, Temperature: 269.73 K, Total Energy: -30036.861502 eV
Step: 30100, Temperature: 275.48 K, Total Energy: -30036.591461 eV
Step: 30120, Temperature: 272.55 K, Total Energy: -30036.591130 eV
Step: 30140, Temperature: 292.95 K, Total Energy: -30036.108178 eV
Step: 30160, Temperature: 291.27 K, Total Energy: -30035.722733 eV
Step: 30180, Temperature: 303.92 K, Total Energy: -30036.056213 eV
Step: 30200, Temperature: 302.13 K, Total Energy: -30035.992011 eV
Step: 30220, Temperature: 295.15 K, Total Energy: -30036.275330 eV
Step: 30240, Temperature: 266.88 K, Total Energy: -30036.136430 eV
Step: 30260, Temperature: 289.86 K, Total Energy: -30036.742793 eV
Step: 30280, Temperature: 280.63 K, Total Energy: -30036.119853 eV
Step: 30300, Temperature: 287.77 K, Total Energy: -30035.494659 eV
Step: 30320, Temperature: 282.21 K, Total Energy: -30035.445360 eV
Step: 30340, Temperature: 289.61 K, Total Energy: -30035.637597 eV
Step: 30360, Temperature: 300.39 K, Total Energy: -30035.375674 eV
Step: 30380, Temperature: 314.50 K, Total Energy: -30034.998492 eV
Step: 30400, Temperature: 288.47 K, Total Energy: -30035.158548 eV
Step: 30420, Temperature: 323.60 K, Total Energy: -30034.567978 eV
Step: 30440, Temperature: 295.31 K, Total Energy: -30035.412065 eV
Step: 30460, Temperature: 285.58 K, Total Energy: -30035.481513 eV
Step: 30480, Temperature: 298.95 K, Total Energy: -30035.351358 eV
Step: 30500, Temperature: 299.38 K, Total Energy: -30035.416823 eV
Step: 30520, Temperature: 295.83 K, Total Energy: -30035.230795 eV
Step: 30540, Temperature: 256.20 K, Total Energy: -30035.415227 eV
Step: 30560, Temperature: 304.98 K, Total Energy: -30035.340200 eV
Step: 30580, Temperature: 306.86 K, Total Energy: -30035.757645 eV
Step: 30600, Temperature: 266.76 K, Total Energy: -30035.742868 eV
Step: 30620, Temperature: 264.67 K, Total Energy: -30035.811114 eV
Step: 30640, Temperature: 310.66 K, Total Energy: -30035.318033 eV
Step: 30660, Temperature: 275.54 K, Total Energy: -30035.396586 eV
Step: 30680, Temperature: 284.24 K, Total Energy: -30035.905910 eV
Step: 30700, Temperature: 274.23 K, Total Energy: -30035.902374 eV
Step: 30720, Temperature: 292.01 K, Total Energy: -30035.729628 eV
Step: 30740, Temperature: 308.37 K, Total Energy: -30035.049464 eV
Step: 30760, Temperature: 288.55 K, Total Energy: -30035.258051 eV
Step: 30780, Temperature: 274.76 K, Total Energy: -30035.455412 eV
Step: 30800, Temperature: 283.26 K, Total Energy: -30035.014598 eV
Step: 30820, Temperature: 307.01 K, Total Energy: -30035.136666 eV
Step: 30840, Temperature: 284.01 K, Total Energy: -30034.649967 eV
Step: 30860, Temperature: 290.68 K, Total Energy: -30035.110702 eV
Step: 30880, Temperature: 301.67 K, Total Energy: -30035.171712 eV
Step: 30900, Temperature: 259.54 K, Total Energy: -30035.772575 eV
Step: 30920, Temperature: 298.11 K, Total Energy: -30035.175443 eV
Step: 30940, Temperature: 271.80 K, Total Energy: -30035.311276 eV
Step: 30960, Temperature: 279.80 K, Total Energy: -30036.285243 eV
Step: 30980, Temperature: 270.21 K, Total Energy: -30036.134489 eV
Step: 31000, Temperature: 273.76 K, Total Energy: -30036.330221 eV
Step: 31020, Temperature: 270.73 K, Total Energy: -30035.519930 eV
Step: 31040, Temperature: 263.39 K, Total Energy: -30035.253768 eV
Step: 31060, Temperature: 304.75 K, Total Energy: -30035.558751 eV
Step: 31080, Temperature: 277.44 K, Total Energy: -30035.233593 eV
Step: 31100, Temperature: 284.68 K, Total Energy: -30035.357730 eV
Step: 31120, Temperature: 263.37 K, Total Energy: -30035.084342 eV
Step: 31140, Temperature: 292.82 K, Total Energy: -30034.476658 eV
Step: 31160, Temperature: 280.17 K, Total Energy: -30035.061211 eV
Step: 31180, Temperature: 298.70 K, Total Energy: -30035.488545 eV
Step: 31200, Temperature: 287.54 K, Total Energy: -30034.851845 eV
Step: 31220, Temperature: 304.99 K, Total Energy: -30034.677691 eV
Step: 31240, Temperature: 313.24 K, Total Energy: -30034.647634 eV
Step: 31260, Temperature: 290.00 K, Total Energy: -30035.026222 eV
Step: 31280, Temperature: 300.04 K, Total Energy: -30035.392306 eV
Step: 31300, Temperature: 275.20 K, Total Energy: -30035.420911 eV
Step: 31320, Temperature: 307.85 K, Total Energy: -30035.513756 eV
Step: 31340, Temperature: 276.16 K, Total Energy: -30035.746207 eV
Step: 31360, Temperature: 276.03 K, Total Energy: -30035.692872 eV
Step: 31380, Temperature: 275.08 K, Total Energy: -30035.521622 eV
Step: 31400, Temperature: 308.21 K, Total Energy: -30035.194228 eV
Step: 31420, Temperature: 287.88 K, Total Energy: -30035.142261 eV
Step: 31440, Temperature: 291.63 K, Total Energy: -30035.239045 eV
Step: 31460, Temperature: 296.22 K, Total Energy: -30035.557098 eV
Step: 31480, Temperature: 306.92 K, Total Energy: -30035.771585 eV
Step: 31500, Temperature: 285.31 K, Total Energy: -30036.203216 eV
Step: 31520, Temperature: 292.68 K, Total Energy: -30035.925474 eV
Step: 31540, Temperature: 288.42 K, Total Energy: -30036.087719 eV
Step: 31560, Temperature: 277.89 K, Total Energy: -30035.894104 eV
Step: 31580, Temperature: 263.39 K, Total Energy: -30036.062204 eV
Step: 31600, Temperature: 294.17 K, Total Energy: -30035.534584 eV
Step: 31620, Temperature: 301.71 K, Total Energy: -30035.586504 eV
Step: 31640, Temperature: 298.27 K, Total Energy: -30035.458563 eV
Step: 31660, Temperature: 310.69 K, Total Energy: -30035.336867 eV
Step: 31680, Temperature: 307.90 K, Total Energy: -30035.635598 eV
Step: 31700, Temperature: 297.13 K, Total Energy: -30035.573150 eV
Step: 31720, Temperature: 304.63 K, Total Energy: -30035.098869 eV
Step: 31740, Temperature: 294.58 K, Total Energy: -30035.391330 eV
Step: 31760, Temperature: 324.14 K, Total Energy: -30035.120720 eV
Step: 31780, Temperature: 291.65 K, Total Energy: -30035.900706 eV
Step: 31800, Temperature: 288.53 K, Total Energy: -30035.453977 eV
Step: 31820, Temperature: 287.79 K, Total Energy: -30035.720696 eV
Step: 31840, Temperature: 310.27 K, Total Energy: -30034.888417 eV
Step: 31860, Temperature: 296.21 K, Total Energy: -30034.598151 eV
Step: 31880, Temperature: 322.76 K, Total Energy: -30034.446601 eV
Step: 31900, Temperature: 285.46 K, Total Energy: -30034.873053 eV
Step: 31920, Temperature: 329.51 K, Total Energy: -30035.092998 eV
Step: 31940, Temperature: 297.54 K, Total Energy: -30035.094006 eV
Step: 31960, Temperature: 298.53 K, Total Energy: -30035.606226 eV
Step: 31980, Temperature: 293.18 K, Total Energy: -30036.244840 eV
Step: 32000, Temperature: 263.82 K, Total Energy: -30036.701706 eV
Step: 32020, Temperature: 281.18 K, Total Energy: -30036.135215 eV
Step: 32040, Temperature: 259.16 K, Total Energy: -30036.305495 eV
Step: 32060, Temperature: 291.70 K, Total Energy: -30035.874127 eV
Step: 32080, Temperature: 263.38 K, Total Energy: -30036.111447 eV
Step: 32100, Temperature: 305.14 K, Total Energy: -30035.668198 eV
Step: 32120, Temperature: 288.23 K, Total Energy: -30035.732978 eV
Step: 32140, Temperature: 292.88 K, Total Energy: -30035.897096 eV
Step: 32160, Temperature: 301.59 K, Total Energy: -30035.708708 eV
Step: 32180, Temperature: 275.83 K, Total Energy: -30035.625669 eV
Step: 32200, Temperature: 289.27 K, Total Energy: -30035.861079 eV
Step: 32220, Temperature: 294.46 K, Total Energy: -30035.126740 eV
Step: 32240, Temperature: 299.27 K, Total Energy: -30035.382466 eV
Step: 32260, Temperature: 288.63 K, Total Energy: -30035.519868 eV
Step: 32280, Temperature: 315.65 K, Total Energy: -30035.122024 eV
Step: 32300, Temperature: 288.09 K, Total Energy: -30035.634919 eV
Step: 32320, Temperature: 320.00 K, Total Energy: -30035.510439 eV
Step: 32340, Temperature: 294.14 K, Total Energy: -30036.052799 eV
Step: 32360, Temperature: 308.91 K, Total Energy: -30035.489205 eV
Step: 32380, Temperature: 284.34 K, Total Energy: -30035.393471 eV
Step: 32400, Temperature: 288.40 K, Total Energy: -30035.269754 eV
Step: 32420, Temperature: 311.27 K, Total Energy: -30035.675647 eV
Step: 32440, Temperature: 323.47 K, Total Energy: -30035.069442 eV
Step: 32460, Temperature: 308.82 K, Total Energy: -30035.313656 eV
Step: 32480, Temperature: 282.82 K, Total Energy: -30035.515841 eV
Step: 32500, Temperature: 288.45 K, Total Energy: -30035.682447 eV
Step: 32520, Temperature: 258.18 K, Total Energy: -30036.482519 eV
Step: 32540, Temperature: 284.90 K, Total Energy: -30036.594399 eV
Step: 32560, Temperature: 263.18 K, Total Energy: -30036.381899 eV
Step: 32580, Temperature: 283.82 K, Total Energy: -30036.074729 eV
Step: 32600, Temperature: 305.98 K, Total Energy: -30035.705508 eV
Step: 32620, Temperature: 310.37 K, Total Energy: -30035.309837 eV
Step: 32640, Temperature: 285.01 K, Total Energy: -30035.626588 eV
Step: 32660, Temperature: 275.55 K, Total Energy: -30036.074012 eV
Step: 32680, Temperature: 282.11 K, Total Energy: -30036.654776 eV
Step: 32700, Temperature: 296.06 K, Total Energy: -30036.486795 eV
Step: 32720, Temperature: 294.45 K, Total Energy: -30036.197398 eV
Step: 32740, Temperature: 307.02 K, Total Energy: -30036.064087 eV
Step: 32760, Temperature: 278.56 K, Total Energy: -30035.683775 eV
Step: 32780, Temperature: 290.62 K, Total Energy: -30035.977429 eV
Step: 32800, Temperature: 311.32 K, Total Energy: -30036.006382 eV
Step: 32820, Temperature: 287.20 K, Total Energy: -30036.557802 eV
Step: 32840, Temperature: 270.89 K, Total Energy: -30036.752158 eV
Step: 32860, Temperature: 273.45 K, Total Energy: -30036.558633 eV
Step: 32880, Temperature: 301.87 K, Total Energy: -30036.092232 eV
Step: 32900, Temperature: 314.95 K, Total Energy: -30034.944323 eV
Step: 32920, Temperature: 327.18 K, Total Energy: -30034.891904 eV
Step: 32940, Temperature: 300.13 K, Total Energy: -30034.851003 eV
Step: 32960, Temperature: 299.06 K, Total Energy: -30035.487476 eV
Step: 32980, Temperature: 278.40 K, Total Energy: -30035.016044 eV
Step: 33000, Temperature: 299.44 K, Total Energy: -30034.964215 eV
Step: 33020, Temperature: 313.43 K, Total Energy: -30034.443557 eV
Step: 33040, Temperature: 296.55 K, Total Energy: -30035.195081 eV
Step: 33060, Temperature: 306.20 K, Total Energy: -30035.647229 eV
Step: 33080, Temperature: 294.78 K, Total Energy: -30035.567958 eV
Step: 33100, Temperature: 303.78 K, Total Energy: -30036.122266 eV
Step: 33120, Temperature: 274.73 K, Total Energy: -30036.223577 eV
Step: 33140, Temperature: 310.06 K, Total Energy: -30036.272667 eV
Step: 33160, Temperature: 290.89 K, Total Energy: -30036.013581 eV
Step: 33180, Temperature: 274.51 K, Total Energy: -30036.696008 eV
Step: 33200, Temperature: 271.09 K, Total Energy: -30036.596606 eV
Step: 33220, Temperature: 271.60 K, Total Energy: -30036.169759 eV
Step: 33240, Temperature: 277.33 K, Total Energy: -30035.622979 eV
Step: 33260, Temperature: 289.00 K, Total Energy: -30035.241043 eV
Step: 33280, Temperature: 318.59 K, Total Energy: -30034.936457 eV
Step: 33300, Temperature: 310.11 K, Total Energy: -30035.007761 eV
Step: 33320, Temperature: 290.38 K, Total Energy: -30035.161175 eV
Step: 33340, Temperature: 286.33 K, Total Energy: -30035.111017 eV
Step: 33360, Temperature: 305.50 K, Total Energy: -30034.676656 eV
Step: 33380, Temperature: 274.63 K, Total Energy: -30034.964543 eV
Step: 33400, Temperature: 296.40 K, Total Energy: -30035.005666 eV
Step: 33420, Temperature: 319.31 K, Total Energy: -30034.390905 eV
Step: 33440, Temperature: 298.89 K, Total Energy: -30034.015037 eV
Step: 33460, Temperature: 335.59 K, Total Energy: -30033.857726 eV
Step: 33480, Temperature: 294.27 K, Total Energy: -30034.367931 eV
Step: 33500, Temperature: 302.62 K, Total Energy: -30034.618346 eV
Step: 33520, Temperature: 305.78 K, Total Energy: -30034.595458 eV
Step: 33540, Temperature: 309.33 K, Total Energy: -30034.685457 eV
Step: 33560, Temperature: 289.54 K, Total Energy: -30035.330757 eV
Step: 33580, Temperature: 290.07 K, Total Energy: -30035.333051 eV
Step: 33600, Temperature: 329.18 K, Total Energy: -30034.474214 eV
Step: 33620, Temperature: 314.41 K, Total Energy: -30034.190247 eV
Step: 33640, Temperature: 317.23 K, Total Energy: -30034.242398 eV
Step: 33660, Temperature: 294.09 K, Total Energy: -30034.466258 eV
Step: 33680, Temperature: 278.33 K, Total Energy: -30034.357438 eV
Step: 33700, Temperature: 299.33 K, Total Energy: -30034.599783 eV
Step: 33720, Temperature: 266.85 K, Total Energy: -30034.994660 eV
Step: 33740, Temperature: 300.91 K, Total Energy: -30034.989563 eV
Step: 33760, Temperature: 285.63 K, Total Energy: -30035.646160 eV
Step: 33780, Temperature: 269.37 K, Total Energy: -30035.393885 eV
Step: 33800, Temperature: 273.61 K, Total Energy: -30035.496127 eV
Step: 33820, Temperature: 295.87 K, Total Energy: -30035.852882 eV
Step: 33840, Temperature: 266.12 K, Total Energy: -30036.288328 eV
Step: 33860, Temperature: 292.82 K, Total Energy: -30036.424025 eV
Step: 33880, Temperature: 261.79 K, Total Energy: -30036.586834 eV
Step: 33900, Temperature: 265.91 K, Total Energy: -30036.332595 eV
Step: 33920, Temperature: 291.44 K, Total Energy: -30036.240079 eV
Step: 33940, Temperature: 273.71 K, Total Energy: -30036.106921 eV
Step: 33960, Temperature: 283.18 K, Total Energy: -30035.875829 eV
Step: 33980, Temperature: 276.53 K, Total Energy: -30036.111904 eV
Step: 34000, Temperature: 292.91 K, Total Energy: -30035.913798 eV
Step: 34020, Temperature: 249.89 K, Total Energy: -30036.330344 eV
Step: 34040, Temperature: 276.65 K, Total Energy: -30035.806094 eV
Step: 34060, Temperature: 280.59 K, Total Energy: -30036.017299 eV
Step: 34080, Temperature: 284.49 K, Total Energy: -30035.391633 eV
Step: 34100, Temperature: 295.51 K, Total Energy: -30035.633453 eV
Step: 34120, Temperature: 309.00 K, Total Energy: -30035.566958 eV
Step: 34140, Temperature: 304.17 K, Total Energy: -30035.799908 eV
Step: 34160, Temperature: 285.35 K, Total Energy: -30036.055575 eV
Step: 34180, Temperature: 290.11 K, Total Energy: -30035.818412 eV
Step: 34200, Temperature: 306.95 K, Total Energy: -30035.341166 eV
Step: 34220, Temperature: 290.36 K, Total Energy: -30035.427304 eV
Step: 34240, Temperature: 312.30 K, Total Energy: -30035.548067 eV
Step: 34260, Temperature: 288.53 K, Total Energy: -30035.569168 eV
Step: 34280, Temperature: 314.36 K, Total Energy: -30035.758096 eV
Step: 34300, Temperature: 288.95 K, Total Energy: -30035.800770 eV
Step: 34320, Temperature: 343.97 K, Total Energy: -30035.562337 eV
Step: 34340, Temperature: 298.41 K, Total Energy: -30035.714590 eV
Step: 34360, Temperature: 291.40 K, Total Energy: -30036.119862 eV
Step: 34380, Temperature: 301.12 K, Total Energy: -30036.011596 eV
Step: 34400, Temperature: 310.91 K, Total Energy: -30036.376219 eV
Step: 34420, Temperature: 292.35 K, Total Energy: -30035.941603 eV
Step: 34440, Temperature: 304.20 K, Total Energy: -30035.961303 eV
Step: 34460, Temperature: 315.78 K, Total Energy: -30035.409774 eV
Step: 34480, Temperature: 306.35 K, Total Energy: -30035.573082 eV
Step: 34500, Temperature: 320.33 K, Total Energy: -30035.349691 eV
Step: 34520, Temperature: 317.07 K, Total Energy: -30035.178013 eV
Step: 34540, Temperature: 291.44 K, Total Energy: -30035.898208 eV
Step: 34560, Temperature: 299.55 K, Total Energy: -30036.051251 eV
Step: 34580, Temperature: 297.78 K, Total Energy: -30035.996315 eV
Step: 34600, Temperature: 321.73 K, Total Energy: -30035.644519 eV
Step: 34620, Temperature: 294.74 K, Total Energy: -30035.930211 eV
Step: 34640, Temperature: 301.46 K, Total Energy: -30035.840951 eV
Step: 34660, Temperature: 302.24 K, Total Energy: -30035.323151 eV
Step: 34680, Temperature: 304.05 K, Total Energy: -30035.174222 eV
Step: 34700, Temperature: 339.64 K, Total Energy: -30034.659938 eV
Step: 34720, Temperature: 287.07 K, Total Energy: -30035.174483 eV
Step: 34740, Temperature: 272.45 K, Total Energy: -30035.613290 eV
Step: 34760, Temperature: 291.07 K, Total Energy: -30035.604873 eV
Step: 34780, Temperature: 298.22 K, Total Energy: -30035.647180 eV
Step: 34800, Temperature: 300.52 K, Total Energy: -30035.552221 eV
Step: 34820, Temperature: 291.08 K, Total Energy: -30035.614315 eV
Step: 34840, Temperature: 272.58 K, Total Energy: -30035.824852 eV
Step: 34860, Temperature: 280.65 K, Total Energy: -30036.066587 eV
Step: 34880, Temperature: 303.71 K, Total Energy: -30035.370186 eV
Step: 34900, Temperature: 275.05 K, Total Energy: -30035.985199 eV
Step: 34920, Temperature: 270.35 K, Total Energy: -30035.794904 eV
Step: 34940, Temperature: 311.44 K, Total Energy: -30035.669478 eV
Step: 34960, Temperature: 314.45 K, Total Energy: -30034.845505 eV
Step: 34980, Temperature: 315.56 K, Total Energy: -30035.114553 eV
Step: 35000, Temperature: 294.26 K, Total Energy: -30034.758870 eV
Step: 35020, Temperature: 305.10 K, Total Energy: -30034.764903 eV
Step: 35040, Temperature: 283.59 K, Total Energy: -30035.551026 eV
Step: 35060, Temperature: 309.62 K, Total Energy: -30035.943894 eV
Step: 35080, Temperature: 287.16 K, Total Energy: -30035.855712 eV
Step: 35100, Temperature: 282.13 K, Total Energy: -30035.775346 eV
Step: 35120, Temperature: 270.34 K, Total Energy: -30036.090249 eV
Step: 35140, Temperature: 284.10 K, Total Energy: -30035.833186 eV
Step: 35160, Temperature: 306.76 K, Total Energy: -30035.447613 eV
Step: 35180, Temperature: 309.67 K, Total Energy: -30035.565634 eV
Step: 35200, Temperature: 293.95 K, Total Energy: -30035.377955 eV
Step: 35220, Temperature: 303.18 K, Total Energy: -30035.602164 eV
Step: 35240, Temperature: 299.30 K, Total Energy: -30034.750960 eV
Step: 35260, Temperature: 297.99 K, Total Energy: -30034.498817 eV
Step: 35280, Temperature: 334.57 K, Total Energy: -30034.479153 eV
Step: 35300, Temperature: 328.49 K, Total Energy: -30034.442925 eV
Step: 35320, Temperature: 328.73 K, Total Energy: -30034.511125 eV
Step: 35340, Temperature: 327.73 K, Total Energy: -30034.854593 eV
Step: 35360, Temperature: 307.69 K, Total Energy: -30034.857732 eV
Step: 35380, Temperature: 322.97 K, Total Energy: -30034.478479 eV
Step: 35400, Temperature: 299.81 K, Total Energy: -30034.880523 eV
Step: 35420, Temperature: 302.37 K, Total Energy: -30034.548361 eV
Step: 35440, Temperature: 318.37 K, Total Energy: -30034.613944 eV
Step: 35460, Temperature: 303.41 K, Total Energy: -30034.422620 eV
Step: 35480, Temperature: 328.71 K, Total Energy: -30034.855187 eV
Step: 35500, Temperature: 314.95 K, Total Energy: -30034.618020 eV
Step: 35520, Temperature: 315.35 K, Total Energy: -30034.971307 eV
Step: 35540, Temperature: 301.73 K, Total Energy: -30034.964907 eV
Step: 35560, Temperature: 329.13 K, Total Energy: -30034.766584 eV
Step: 35580, Temperature: 304.19 K, Total Energy: -30034.732971 eV
Step: 35600, Temperature: 305.68 K, Total Energy: -30035.447400 eV
Step: 35620, Temperature: 303.66 K, Total Energy: -30035.137084 eV
Step: 35640, Temperature: 326.52 K, Total Energy: -30035.006111 eV
Step: 35660, Temperature: 318.31 K, Total Energy: -30035.648703 eV
Step: 35680, Temperature: 296.82 K, Total Energy: -30035.682558 eV
Step: 35700, Temperature: 291.31 K, Total Energy: -30036.274560 eV
Step: 35720, Temperature: 307.27 K, Total Energy: -30035.946457 eV
Step: 35740, Temperature: 318.38 K, Total Energy: -30035.418489 eV
Step: 35760, Temperature: 303.35 K, Total Energy: -30035.875310 eV
Step: 35780, Temperature: 316.59 K, Total Energy: -30035.852246 eV
Step: 35800, Temperature: 274.03 K, Total Energy: -30036.065465 eV
Step: 35820, Temperature: 294.87 K, Total Energy: -30035.743426 eV
Step: 35840, Temperature: 306.26 K, Total Energy: -30035.856588 eV
Step: 35860, Temperature: 299.71 K, Total Energy: -30036.187900 eV
Step: 35880, Temperature: 261.06 K, Total Energy: -30036.068257 eV
Step: 35900, Temperature: 287.33 K, Total Energy: -30036.456977 eV
Step: 35920, Temperature: 290.65 K, Total Energy: -30035.900644 eV
Step: 35940, Temperature: 298.58 K, Total Energy: -30036.019045 eV
Step: 35960, Temperature: 302.03 K, Total Energy: -30035.717187 eV
Step: 35980, Temperature: 307.34 K, Total Energy: -30035.671323 eV
Step: 36000, Temperature: 323.25 K, Total Energy: -30035.020201 eV
Step: 36020, Temperature: 292.47 K, Total Energy: -30035.173006 eV
Step: 36040, Temperature: 306.59 K, Total Energy: -30035.399123 eV
Step: 36060, Temperature: 308.85 K, Total Energy: -30035.168281 eV
Step: 36080, Temperature: 297.01 K, Total Energy: -30035.484406 eV
Step: 36100, Temperature: 286.31 K, Total Energy: -30035.863460 eV
Step: 36120, Temperature: 311.31 K, Total Energy: -30035.307596 eV
Step: 36140, Temperature: 306.09 K, Total Energy: -30036.110925 eV
Step: 36160, Temperature: 306.42 K, Total Energy: -30035.336904 eV
Step: 36180, Temperature: 315.00 K, Total Energy: -30034.702788 eV
Step: 36200, Temperature: 323.43 K, Total Energy: -30034.707182 eV
Step: 36220, Temperature: 317.77 K, Total Energy: -30034.691521 eV
Step: 36240, Temperature: 315.97 K, Total Energy: -30034.053344 eV
Step: 36260, Temperature: 337.20 K, Total Energy: -30033.893313 eV
Step: 36280, Temperature: 328.89 K, Total Energy: -30033.891671 eV
Step: 36300, Temperature: 340.52 K, Total Energy: -30033.877932 eV
Step: 36320, Temperature: 311.52 K, Total Energy: -30034.206488 eV
Step: 36340, Temperature: 339.60 K, Total Energy: -30034.164742 eV
Step: 36360, Temperature: 349.78 K, Total Energy: -30034.535135 eV
Step: 36380, Temperature: 328.54 K, Total Energy: -30035.093910 eV
Step: 36400, Temperature: 314.23 K, Total Energy: -30035.179199 eV
Step: 36420, Temperature: 333.26 K, Total Energy: -30034.963161 eV
Step: 36440, Temperature: 310.09 K, Total Energy: -30034.666406 eV
Step: 36460, Temperature: 322.46 K, Total Energy: -30034.846801 eV
Step: 36480, Temperature: 323.00 K, Total Energy: -30034.786372 eV
Step: 36500, Temperature: 310.25 K, Total Energy: -30035.287325 eV
Step: 36520, Temperature: 315.11 K, Total Energy: -30035.118043 eV
Step: 36540, Temperature: 305.50 K, Total Energy: -30035.241020 eV
Step: 36560, Temperature: 304.80 K, Total Energy: -30035.377889 eV
Step: 36580, Temperature: 311.80 K, Total Energy: -30035.845823 eV
Step: 36600, Temperature: 271.04 K, Total Energy: -30036.344037 eV
Step: 36620, Temperature: 300.25 K, Total Energy: -30035.963132 eV
Step: 36640, Temperature: 299.64 K, Total Energy: -30036.121225 eV
Step: 36660, Temperature: 281.36 K, Total Energy: -30036.105306 eV
Step: 36680, Temperature: 314.60 K, Total Energy: -30035.435600 eV
Step: 36700, Temperature: 292.53 K, Total Energy: -30035.644091 eV
Step: 36720, Temperature: 298.62 K, Total Energy: -30035.338266 eV
Step: 36740, Temperature: 309.80 K, Total Energy: -30035.238272 eV
Step: 36760, Temperature: 298.09 K, Total Energy: -30035.316434 eV
Step: 36780, Temperature: 293.99 K, Total Energy: -30036.185414 eV
Step: 36800, Temperature: 279.60 K, Total Energy: -30036.317766 eV
Step: 36820, Temperature: 273.97 K, Total Energy: -30035.938174 eV
Step: 36840, Temperature: 297.50 K, Total Energy: -30035.827552 eV
Step: 36860, Temperature: 289.16 K, Total Energy: -30035.508461 eV
Step: 36880, Temperature: 313.11 K, Total Energy: -30035.420279 eV
Step: 36900, Temperature: 288.16 K, Total Energy: -30036.068769 eV
Step: 36920, Temperature: 291.70 K, Total Energy: -30036.303784 eV
Step: 36940, Temperature: 282.77 K, Total Energy: -30035.890176 eV
Step: 36960, Temperature: 300.43 K, Total Energy: -30036.204727 eV
Step: 36980, Temperature: 288.47 K, Total Energy: -30036.234701 eV
Step: 37000, Temperature: 288.07 K, Total Energy: -30036.244920 eV
Step: 37020, Temperature: 283.89 K, Total Energy: -30036.568927 eV
Step: 37040, Temperature: 274.28 K, Total Energy: -30036.494721 eV
Step: 37060, Temperature: 280.08 K, Total Energy: -30035.680605 eV
Step: 37080, Temperature: 293.98 K, Total Energy: -30035.492454 eV
Step: 37100, Temperature: 289.54 K, Total Energy: -30035.608101 eV
Step: 37120, Temperature: 289.10 K, Total Energy: -30035.123092 eV
Step: 37140, Temperature: 306.48 K, Total Energy: -30035.116850 eV
Step: 37160, Temperature: 280.58 K, Total Energy: -30035.173943 eV
Step: 37180, Temperature: 302.63 K, Total Energy: -30035.817193 eV
Step: 37200, Temperature: 308.36 K, Total Energy: -30035.671033 eV
Step: 37220, Temperature: 310.57 K, Total Energy: -30035.302681 eV
Step: 37240, Temperature: 310.25 K, Total Energy: -30035.820642 eV
Step: 37260, Temperature: 289.55 K, Total Energy: -30035.775932 eV
Step: 37280, Temperature: 291.20 K, Total Energy: -30035.486273 eV
Step: 37300, Temperature: 299.10 K, Total Energy: -30035.662125 eV
Step: 37320, Temperature: 293.74 K, Total Energy: -30036.301185 eV
Step: 37340, Temperature: 327.75 K, Total Energy: -30035.510278 eV
Step: 37360, Temperature: 316.02 K, Total Energy: -30035.513090 eV
Step: 37380, Temperature: 297.51 K, Total Energy: -30035.858581 eV
Step: 37400, Temperature: 301.30 K, Total Energy: -30035.745402 eV
Step: 37420, Temperature: 303.33 K, Total Energy: -30035.836843 eV
Step: 37440, Temperature: 286.88 K, Total Energy: -30035.897786 eV
Step: 37460, Temperature: 288.45 K, Total Energy: -30036.545831 eV
Step: 37480, Temperature: 299.40 K, Total Energy: -30036.379310 eV
Step: 37500, Temperature: 289.15 K, Total Energy: -30036.547753 eV
Step: 37520, Temperature: 273.87 K, Total Energy: -30036.647820 eV
Step: 37540, Temperature: 291.51 K, Total Energy: -30037.105537 eV
Step: 37560, Temperature: 269.75 K, Total Energy: -30036.683118 eV
Step: 37580, Temperature: 292.85 K, Total Energy: -30036.491455 eV
Step: 37600, Temperature: 291.97 K, Total Energy: -30036.232518 eV
Step: 37620, Temperature: 305.35 K, Total Energy: -30035.938299 eV
Step: 37640, Temperature: 318.57 K, Total Energy: -30035.362812 eV
Step: 37660, Temperature: 297.64 K, Total Energy: -30035.499842 eV
Step: 37680, Temperature: 295.88 K, Total Energy: -30035.594878 eV
Step: 37700, Temperature: 328.83 K, Total Energy: -30035.217520 eV
Step: 37720, Temperature: 315.97 K, Total Energy: -30035.754611 eV
Step: 37740, Temperature: 338.28 K, Total Energy: -30035.405072 eV
Step: 37760, Temperature: 309.50 K, Total Energy: -30035.226069 eV
Step: 37780, Temperature: 303.18 K, Total Energy: -30034.658952 eV
Step: 37800, Temperature: 325.95 K, Total Energy: -30035.286133 eV
Step: 37820, Temperature: 321.60 K, Total Energy: -30034.995506 eV
Step: 37840, Temperature: 301.48 K, Total Energy: -30034.682335 eV
Step: 37860, Temperature: 320.70 K, Total Energy: -30034.287667 eV
Step: 37880, Temperature: 344.88 K, Total Energy: -30034.400923 eV
Step: 37900, Temperature: 332.61 K, Total Energy: -30034.594861 eV
Step: 37920, Temperature: 346.37 K, Total Energy: -30034.345561 eV
Step: 37940, Temperature: 318.87 K, Total Energy: -30035.212667 eV
Step: 37960, Temperature: 348.70 K, Total Energy: -30034.605303 eV
Step: 37980, Temperature: 335.94 K, Total Energy: -30034.844894 eV
Step: 38000, Temperature: 337.62 K, Total Energy: -30034.900274 eV
Step: 38020, Temperature: 326.86 K, Total Energy: -30035.601137 eV
Step: 38040, Temperature: 299.45 K, Total Energy: -30035.676690 eV
Step: 38060, Temperature: 321.28 K, Total Energy: -30034.964333 eV
Step: 38080, Temperature: 330.04 K, Total Energy: -30035.290532 eV
Step: 38100, Temperature: 311.01 K, Total Energy: -30036.002599 eV
Step: 38120, Temperature: 308.19 K, Total Energy: -30036.075711 eV
Step: 38140, Temperature: 302.47 K, Total Energy: -30036.788192 eV
Step: 38160, Temperature: 309.50 K, Total Energy: -30036.894174 eV
Step: 38180, Temperature: 293.74 K, Total Energy: -30036.506266 eV
Step: 38200, Temperature: 293.12 K, Total Energy: -30036.396988 eV
Step: 38220, Temperature: 293.83 K, Total Energy: -30036.089960 eV
Step: 38240, Temperature: 317.05 K, Total Energy: -30035.450032 eV
Step: 38260, Temperature: 289.43 K, Total Energy: -30034.937202 eV
Step: 38280, Temperature: 332.64 K, Total Energy: -30034.297154 eV
Step: 38300, Temperature: 315.42 K, Total Energy: -30035.028012 eV
Step: 38320, Temperature: 336.15 K, Total Energy: -30035.507569 eV
Step: 38340, Temperature: 319.16 K, Total Energy: -30035.162446 eV
Step: 38360, Temperature: 292.52 K, Total Energy: -30035.222411 eV
Step: 38380, Temperature: 297.30 K, Total Energy: -30034.514262 eV
Step: 38400, Temperature: 313.55 K, Total Energy: -30035.036205 eV
Step: 38420, Temperature: 322.62 K, Total Energy: -30034.643425 eV
Step: 38440, Temperature: 319.15 K, Total Energy: -30034.781682 eV
Step: 38460, Temperature: 331.06 K, Total Energy: -30034.604633 eV
Step: 38480, Temperature: 321.44 K, Total Energy: -30034.286638 eV
Step: 38500, Temperature: 317.98 K, Total Energy: -30034.455882 eV
Step: 38520, Temperature: 306.84 K, Total Energy: -30034.717141 eV
Step: 38540, Temperature: 283.94 K, Total Energy: -30035.419391 eV
Step: 38560, Temperature: 298.74 K, Total Energy: -30035.280582 eV
Step: 38580, Temperature: 279.20 K, Total Energy: -30035.403986 eV
Step: 38600, Temperature: 311.83 K, Total Energy: -30035.011146 eV
Step: 38620, Temperature: 317.00 K, Total Energy: -30034.951152 eV
Step: 38640, Temperature: 302.21 K, Total Energy: -30035.378716 eV
Step: 38660, Temperature: 307.27 K, Total Energy: -30035.130136 eV
Step: 38680, Temperature: 324.26 K, Total Energy: -30034.987034 eV
Step: 38700, Temperature: 305.05 K, Total Energy: -30035.160521 eV
Step: 38720, Temperature: 280.68 K, Total Energy: -30034.892155 eV
Step: 38740, Temperature: 299.89 K, Total Energy: -30035.169616 eV
Step: 38760, Temperature: 300.50 K, Total Energy: -30035.667767 eV
Step: 38780, Temperature: 312.83 K, Total Energy: -30035.583529 eV
Step: 38800, Temperature: 328.40 K, Total Energy: -30035.146185 eV
Step: 38820, Temperature: 309.90 K, Total Energy: -30035.391848 eV
Step: 38840, Temperature: 315.97 K, Total Energy: -30035.420624 eV
Step: 38860, Temperature: 317.17 K, Total Energy: -30035.831653 eV
Step: 38880, Temperature: 312.91 K, Total Energy: -30035.935220 eV
Step: 38900, Temperature: 293.88 K, Total Energy: -30035.967487 eV
Step: 38920, Temperature: 293.30 K, Total Energy: -30036.677579 eV
Step: 38940, Temperature: 302.79 K, Total Energy: -30035.891378 eV
Step: 38960, Temperature: 294.58 K, Total Energy: -30035.905097 eV
Step: 38980, Temperature: 304.91 K, Total Energy: -30036.222747 eV
Step: 39000, Temperature: 288.56 K, Total Energy: -30036.466907 eV
Step: 39020, Temperature: 264.74 K, Total Energy: -30036.952165 eV
Step: 39040, Temperature: 282.40 K, Total Energy: -30036.860552 eV
Step: 39060, Temperature: 284.33 K, Total Energy: -30036.776624 eV
Step: 39080, Temperature: 281.63 K, Total Energy: -30036.614205 eV
Step: 39100, Temperature: 271.25 K, Total Energy: -30036.725390 eV
Step: 39120, Temperature: 281.44 K, Total Energy: -30036.730243 eV
Step: 39140, Temperature: 279.15 K, Total Energy: -30036.565423 eV
Step: 39160, Temperature: 301.20 K, Total Energy: -30036.415954 eV
Step: 39180, Temperature: 283.05 K, Total Energy: -30036.834278 eV
Step: 39200, Temperature: 290.38 K, Total Energy: -30037.210193 eV
Step: 39220, Temperature: 277.21 K, Total Energy: -30036.797995 eV
Step: 39240, Temperature: 300.95 K, Total Energy: -30036.310813 eV
Step: 39260, Temperature: 305.01 K, Total Energy: -30035.991799 eV
Step: 39280, Temperature: 275.15 K, Total Energy: -30036.337981 eV
Step: 39300, Temperature: 302.72 K, Total Energy: -30035.703636 eV
Step: 39320, Temperature: 300.60 K, Total Energy: -30035.620357 eV
Step: 39340, Temperature: 298.10 K, Total Energy: -30036.115181 eV
Step: 39360, Temperature: 280.92 K, Total Energy: -30036.321618 eV
Step: 39380, Temperature: 295.40 K, Total Energy: -30036.608848 eV
Step: 39400, Temperature: 280.85 K, Total Energy: -30036.682796 eV
Step: 39420, Temperature: 294.19 K, Total Energy: -30036.672631 eV
Step: 39440, Temperature: 290.00 K, Total Energy: -30036.647300 eV
Step: 39460, Temperature: 281.21 K, Total Energy: -30037.128645 eV
Step: 39480, Temperature: 283.58 K, Total Energy: -30037.397005 eV
Step: 39500, Temperature: 263.70 K, Total Energy: -30036.956759 eV
Step: 39520, Temperature: 273.91 K, Total Energy: -30036.892822 eV
Step: 39540, Temperature: 279.77 K, Total Energy: -30036.786006 eV
Step: 39560, Temperature: 293.04 K, Total Energy: -30036.527874 eV
Step: 39580, Temperature: 262.12 K, Total Energy: -30036.812989 eV
Step: 39600, Temperature: 274.02 K, Total Energy: -30036.134151 eV
Step: 39620, Temperature: 281.02 K, Total Energy: -30036.307386 eV
Step: 39640, Temperature: 263.54 K, Total Energy: -30037.087870 eV
Step: 39660, Temperature: 277.37 K, Total Energy: -30037.151158 eV
Step: 39680, Temperature: 249.36 K, Total Energy: -30037.271280 eV
Step: 39700, Temperature: 241.48 K, Total Energy: -30037.815553 eV
Step: 39720, Temperature: 252.31 K, Total Energy: -30037.843595 eV
Step: 39740, Temperature: 261.70 K, Total Energy: -30037.444748 eV
Step: 39760, Temperature: 276.81 K, Total Energy: -30036.989580 eV
Step: 39780, Temperature: 270.18 K, Total Energy: -30037.027757 eV
Step: 39800, Temperature: 275.22 K, Total Energy: -30037.305059 eV
Step: 39820, Temperature: 286.68 K, Total Energy: -30037.018219 eV
Step: 39840, Temperature: 296.12 K, Total Energy: -30036.635758 eV
Step: 39860, Temperature: 269.00 K, Total Energy: -30037.125936 eV
Step: 39880, Temperature: 249.49 K, Total Energy: -30037.143088 eV
Step: 39900, Temperature: 261.99 K, Total Energy: -30036.853273 eV
Step: 39920, Temperature: 287.55 K, Total Energy: -30036.455315 eV
Step: 39940, Temperature: 280.37 K, Total Energy: -30036.202647 eV
Step: 39960, Temperature: 280.44 K, Total Energy: -30035.913715 eV
Step: 39980, Temperature: 299.38 K, Total Energy: -30035.518383 eV
Step: 40000, Temperature: 287.81 K, Total Energy: -30035.655602 eV
Step: 40020, Temperature: 327.90 K, Total Energy: -30035.141393 eV
Step: 40040, Temperature: 304.59 K, Total Energy: -30034.515890 eV
Step: 40060, Temperature: 300.11 K, Total Energy: -30034.244236 eV
Step: 40080, Temperature: 293.70 K, Total Energy: -30034.524844 eV
Step: 40100, Temperature: 320.70 K, Total Energy: -30034.754385 eV
Step: 40120, Temperature: 322.72 K, Total Energy: -30034.881233 eV
Step: 40140, Temperature: 296.07 K, Total Energy: -30035.359565 eV
Step: 40160, Temperature: 306.73 K, Total Energy: -30035.061579 eV
Step: 40180, Temperature: 303.10 K, Total Energy: -30034.922640 eV
Step: 40200, Temperature: 277.58 K, Total Energy: -30035.790437 eV
Step: 40220, Temperature: 252.60 K, Total Energy: -30035.951527 eV
Step: 40240, Temperature: 272.78 K, Total Energy: -30036.034642 eV
Step: 40260, Temperature: 307.70 K, Total Energy: -30035.668009 eV
Step: 40280, Temperature: 283.79 K, Total Energy: -30036.249303 eV
Step: 40300, Temperature: 322.73 K, Total Energy: -30035.279499 eV
Step: 40320, Temperature: 274.53 K, Total Energy: -30036.017672 eV
Step: 40340, Temperature: 303.66 K, Total Energy: -30035.844119 eV
Step: 40360, Temperature: 314.13 K, Total Energy: -30035.500153 eV
Step: 40380, Temperature: 286.83 K, Total Energy: -30036.045639 eV
Step: 40400, Temperature: 273.28 K, Total Energy: -30036.932087 eV
Step: 40420, Temperature: 273.29 K, Total Energy: -30036.804836 eV
Step: 40440, Temperature: 314.04 K, Total Energy: -30035.961463 eV
Step: 40460, Temperature: 285.19 K, Total Energy: -30036.335049 eV
Step: 40480, Temperature: 280.96 K, Total Energy: -30036.420101 eV
Step: 40500, Temperature: 283.51 K, Total Energy: -30036.631201 eV
Step: 40520, Temperature: 278.76 K, Total Energy: -30036.813484 eV
Step: 40540, Temperature: 303.10 K, Total Energy: -30035.953960 eV
Step: 40560, Temperature: 283.52 K, Total Energy: -30035.506057 eV
Step: 40580, Temperature: 294.16 K, Total Energy: -30035.872491 eV
Step: 40600, Temperature: 285.43 K, Total Energy: -30036.254811 eV
Step: 40620, Temperature: 277.33 K, Total Energy: -30035.945203 eV
Step: 40640, Temperature: 288.82 K, Total Energy: -30035.464294 eV
Step: 40660, Temperature: 316.10 K, Total Energy: -30035.061683 eV
Step: 40680, Temperature: 298.57 K, Total Energy: -30035.374839 eV
Step: 40700, Temperature: 288.66 K, Total Energy: -30035.823616 eV
Step: 40720, Temperature: 302.34 K, Total Energy: -30035.490670 eV
Step: 40740, Temperature: 317.79 K, Total Energy: -30035.511305 eV
Step: 40760, Temperature: 273.66 K, Total Energy: -30036.022163 eV
Step: 40780, Temperature: 306.24 K, Total Energy: -30035.657935 eV
Step: 40800, Temperature: 290.63 K, Total Energy: -30035.879623 eV
Step: 40820, Temperature: 323.91 K, Total Energy: -30035.368711 eV
Step: 40840, Temperature: 290.18 K, Total Energy: -30035.326500 eV
Step: 40860, Temperature: 285.16 K, Total Energy: -30035.664017 eV
Step: 40880, Temperature: 318.66 K, Total Energy: -30034.700349 eV
Step: 40900, Temperature: 281.11 K, Total Energy: -30035.250341 eV
Step: 40920, Temperature: 284.11 K, Total Energy: -30036.042049 eV
Step: 40940, Temperature: 273.54 K, Total Energy: -30036.167695 eV
Step: 40960, Temperature: 271.87 K, Total Energy: -30036.168770 eV
Step: 40980, Temperature: 286.85 K, Total Energy: -30036.131173 eV
Step: 41000, Temperature: 288.32 K, Total Energy: -30035.988575 eV
Step: 41020, Temperature: 297.94 K, Total Energy: -30036.011685 eV
Step: 41040, Temperature: 314.54 K, Total Energy: -30035.329600 eV
Step: 41060, Temperature: 311.86 K, Total Energy: -30035.268152 eV
Step: 41080, Temperature: 306.22 K, Total Energy: -30035.523648 eV
Step: 41100, Temperature: 312.38 K, Total Energy: -30035.469930 eV
Step: 41120, Temperature: 290.13 K, Total Energy: -30035.435169 eV
Step: 41140, Temperature: 298.18 K, Total Energy: -30035.884472 eV
Step: 41160, Temperature: 291.94 K, Total Energy: -30036.063346 eV
Step: 41180, Temperature: 313.78 K, Total Energy: -30035.141657 eV
Step: 41200, Temperature: 302.18 K, Total Energy: -30034.664507 eV
Step: 41220, Temperature: 297.88 K, Total Energy: -30034.419570 eV
Step: 41240, Temperature: 317.93 K, Total Energy: -30034.240349 eV
Step: 41260, Temperature: 313.13 K, Total Energy: -30034.214689 eV
Step: 41280, Temperature: 325.40 K, Total Energy: -30034.352806 eV
Step: 41300, Temperature: 307.28 K, Total Energy: -30034.157129 eV
Step: 41320, Temperature: 314.42 K, Total Energy: -30034.832570 eV
Step: 41340, Temperature: 313.01 K, Total Energy: -30034.506904 eV
Step: 41360, Temperature: 311.08 K, Total Energy: -30034.432435 eV
Step: 41380, Temperature: 296.93 K, Total Energy: -30034.503862 eV
Step: 41400, Temperature: 296.24 K, Total Energy: -30034.730367 eV
Step: 41420, Temperature: 287.71 K, Total Energy: -30034.670066 eV
Step: 41440, Temperature: 318.48 K, Total Energy: -30034.005801 eV
Step: 41460, Temperature: 319.59 K, Total Energy: -30033.811733 eV
Step: 41480, Temperature: 313.33 K, Total Energy: -30033.518225 eV
Step: 41500, Temperature: 311.48 K, Total Energy: -30033.453616 eV
Step: 41520, Temperature: 333.24 K, Total Energy: -30033.723501 eV
Step: 41540, Temperature: 329.53 K, Total Energy: -30033.916623 eV
Step: 41560, Temperature: 313.26 K, Total Energy: -30034.070837 eV
Step: 41580, Temperature: 325.12 K, Total Energy: -30033.937993 eV
Step: 41600, Temperature: 310.53 K, Total Energy: -30033.938547 eV
Step: 41620, Temperature: 335.93 K, Total Energy: -30033.085401 eV
Step: 41640, Temperature: 323.32 K, Total Energy: -30033.002951 eV
Step: 41660, Temperature: 335.29 K, Total Energy: -30033.199082 eV
Step: 41680, Temperature: 334.85 K, Total Energy: -30033.864598 eV
Step: 41700, Temperature: 323.82 K, Total Energy: -30033.656279 eV
Step: 41720, Temperature: 321.24 K, Total Energy: -30033.563004 eV
Step: 41740, Temperature: 327.29 K, Total Energy: -30033.381372 eV
Step: 41760, Temperature: 309.59 K, Total Energy: -30033.997240 eV
Step: 41780, Temperature: 299.64 K, Total Energy: -30034.230689 eV
Step: 41800, Temperature: 312.00 K, Total Energy: -30034.073251 eV
Step: 41820, Temperature: 304.15 K, Total Energy: -30034.483964 eV
Step: 41840, Temperature: 274.38 K, Total Energy: -30034.326369 eV
Step: 41860, Temperature: 297.50 K, Total Energy: -30034.157617 eV
Step: 41880, Temperature: 281.56 K, Total Energy: -30034.137463 eV
Step: 41900, Temperature: 319.18 K, Total Energy: -30034.618838 eV
Step: 41920, Temperature: 295.54 K, Total Energy: -30034.085798 eV
Step: 41940, Temperature: 312.83 K, Total Energy: -30034.579639 eV
Step: 41960, Temperature: 313.01 K, Total Energy: -30034.108473 eV
Step: 41980, Temperature: 298.54 K, Total Energy: -30034.135288 eV
Step: 42000, Temperature: 294.96 K, Total Energy: -30034.309552 eV
Step: 42020, Temperature: 338.62 K, Total Energy: -30033.718840 eV
Step: 42040, Temperature: 319.83 K, Total Energy: -30034.303601 eV
Step: 42060, Temperature: 332.73 K, Total Energy: -30034.113408 eV
Step: 42080, Temperature: 299.12 K, Total Energy: -30034.306217 eV
Step: 42100, Temperature: 307.58 K, Total Energy: -30034.165181 eV
Step: 42120, Temperature: 299.92 K, Total Energy: -30033.885532 eV
Step: 42140, Temperature: 306.40 K, Total Energy: -30034.157792 eV
Step: 42160, Temperature: 292.09 K, Total Energy: -30034.891555 eV
Step: 42180, Temperature: 285.38 K, Total Energy: -30034.894610 eV
Step: 42200, Temperature: 280.79 K, Total Energy: -30034.695836 eV
Step: 42220, Temperature: 317.92 K, Total Energy: -30034.389024 eV
Step: 42240, Temperature: 307.17 K, Total Energy: -30034.591429 eV
Step: 42260, Temperature: 304.60 K, Total Energy: -30034.048917 eV
Step: 42280, Temperature: 292.18 K, Total Energy: -30034.797455 eV
Step: 42300, Temperature: 265.37 K, Total Energy: -30035.029919 eV
Step: 42320, Temperature: 278.56 K, Total Energy: -30034.814761 eV
Step: 42340, Temperature: 301.40 K, Total Energy: -30034.334626 eV
Step: 42360, Temperature: 288.98 K, Total Energy: -30034.571420 eV
Step: 42380, Temperature: 301.13 K, Total Energy: -30034.442891 eV
Step: 42400, Temperature: 312.77 K, Total Energy: -30034.376300 eV
Step: 42420, Temperature: 290.79 K, Total Energy: -30034.977203 eV
Step: 42440, Temperature: 287.69 K, Total Energy: -30035.531675 eV
Step: 42460, Temperature: 291.02 K, Total Energy: -30035.373731 eV
Step: 42480, Temperature: 251.59 K, Total Energy: -30035.482741 eV
Step: 42500, Temperature: 282.97 K, Total Energy: -30035.195713 eV
Step: 42520, Temperature: 294.46 K, Total Energy: -30035.882715 eV
Step: 42540, Temperature: 289.54 K, Total Energy: -30035.635415 eV
Step: 42560, Temperature: 264.35 K, Total Energy: -30035.969676 eV
Step: 42580, Temperature: 282.13 K, Total Energy: -30036.111255 eV
Step: 42600, Temperature: 286.64 K, Total Energy: -30036.208670 eV
Step: 42620, Temperature: 296.64 K, Total Energy: -30036.034755 eV
Step: 42640, Temperature: 290.27 K, Total Energy: -30035.531307 eV
Step: 42660, Temperature: 304.43 K, Total Energy: -30035.334449 eV
Step: 42680, Temperature: 309.29 K, Total Energy: -30035.034286 eV
Step: 42700, Temperature: 316.93 K, Total Energy: -30034.525163 eV
Step: 42720, Temperature: 284.45 K, Total Energy: -30034.316455 eV
Step: 42740, Temperature: 298.12 K, Total Energy: -30034.638080 eV
Step: 42760, Temperature: 315.25 K, Total Energy: -30034.725873 eV
Step: 42780, Temperature: 301.14 K, Total Energy: -30034.434987 eV
Step: 42800, Temperature: 310.04 K, Total Energy: -30034.427438 eV
Step: 42820, Temperature: 328.89 K, Total Energy: -30034.628144 eV
Step: 42840, Temperature: 332.28 K, Total Energy: -30034.050447 eV
Step: 42860, Temperature: 320.45 K, Total Energy: -30034.135633 eV
Step: 42880, Temperature: 297.50 K, Total Energy: -30034.716121 eV
Step: 42900, Temperature: 304.01 K, Total Energy: -30034.755249 eV
Step: 42920, Temperature: 314.43 K, Total Energy: -30034.738623 eV
Step: 42940, Temperature: 286.33 K, Total Energy: -30035.087536 eV
Step: 42960, Temperature: 288.65 K, Total Energy: -30034.566054 eV
Step: 42980, Temperature: 327.92 K, Total Energy: -30034.611436 eV
Step: 43000, Temperature: 329.98 K, Total Energy: -30034.211981 eV
Step: 43020, Temperature: 317.68 K, Total Energy: -30034.793456 eV
Step: 43040, Temperature: 293.03 K, Total Energy: -30035.506651 eV
Step: 43060, Temperature: 320.24 K, Total Energy: -30035.021934 eV
Step: 43080, Temperature: 307.40 K, Total Energy: -30035.300493 eV
Step: 43100, Temperature: 290.04 K, Total Energy: -30035.216666 eV
Step: 43120, Temperature: 283.19 K, Total Energy: -30035.573005 eV
Step: 43140, Temperature: 293.45 K, Total Energy: -30035.636598 eV
Step: 43160, Temperature: 289.14 K, Total Energy: -30035.149639 eV
Step: 43180, Temperature: 296.54 K, Total Energy: -30034.771540 eV
Step: 43200, Temperature: 284.76 K, Total Energy: -30034.937618 eV
Step: 43220, Temperature: 297.24 K, Total Energy: -30034.400519 eV
Step: 43240, Temperature: 312.86 K, Total Energy: -30034.586860 eV
Step: 43260, Temperature: 298.16 K, Total Energy: -30035.353809 eV
Step: 43280, Temperature: 291.80 K, Total Energy: -30035.158707 eV
Step: 43300, Temperature: 310.28 K, Total Energy: -30035.374417 eV
Step: 43320, Temperature: 278.86 K, Total Energy: -30035.559004 eV
Step: 43340, Temperature: 274.08 K, Total Energy: -30035.589614 eV
Step: 43360, Temperature: 286.89 K, Total Energy: -30035.323492 eV
Step: 43380, Temperature: 303.60 K, Total Energy: -30034.622924 eV
Step: 43400, Temperature: 304.24 K, Total Energy: -30034.552234 eV
Step: 43420, Temperature: 303.77 K, Total Energy: -30034.538634 eV
Step: 43440, Temperature: 309.76 K, Total Energy: -30034.662969 eV
Step: 43460, Temperature: 295.21 K, Total Energy: -30034.965325 eV
Step: 43480, Temperature: 313.71 K, Total Energy: -30034.922862 eV
Step: 43500, Temperature: 311.63 K, Total Energy: -30034.406985 eV
Step: 43520, Temperature: 325.75 K, Total Energy: -30034.230532 eV
Step: 43540, Temperature: 307.62 K, Total Energy: -30034.617246 eV
Step: 43560, Temperature: 289.76 K, Total Energy: -30034.895547 eV
Step: 43580, Temperature: 290.04 K, Total Energy: -30035.310463 eV
Step: 43600, Temperature: 316.99 K, Total Energy: -30035.045109 eV
Step: 43620, Temperature: 293.21 K, Total Energy: -30034.789215 eV
Step: 43640, Temperature: 311.87 K, Total Energy: -30035.166367 eV
Step: 43660, Temperature: 296.75 K, Total Energy: -30035.451860 eV
Step: 43680, Temperature: 307.29 K, Total Energy: -30034.889226 eV
Step: 43700, Temperature: 286.50 K, Total Energy: -30035.327375 eV
Step: 43720, Temperature: 292.31 K, Total Energy: -30035.936787 eV
Step: 43740, Temperature: 315.92 K, Total Energy: -30036.228472 eV
Step: 43760, Temperature: 277.69 K, Total Energy: -30036.252530 eV
Step: 43780, Temperature: 289.23 K, Total Energy: -30036.366007 eV
Step: 43800, Temperature: 284.45 K, Total Energy: -30036.310745 eV
Step: 43820, Temperature: 276.13 K, Total Energy: -30036.516546 eV
Step: 43840, Temperature: 288.61 K, Total Energy: -30036.020192 eV
Step: 43860, Temperature: 300.86 K, Total Energy: -30035.748608 eV
Step: 43880, Temperature: 296.65 K, Total Energy: -30035.606776 eV
Step: 43900, Temperature: 270.93 K, Total Energy: -30036.239293 eV
Step: 43920, Temperature: 285.64 K, Total Energy: -30036.130334 eV
Step: 43940, Temperature: 256.76 K, Total Energy: -30035.801544 eV
Step: 43960, Temperature: 287.40 K, Total Energy: -30035.609470 eV
Step: 43980, Temperature: 286.45 K, Total Energy: -30035.293398 eV
Step: 44000, Temperature: 270.93 K, Total Energy: -30035.145717 eV
Step: 44020, Temperature: 301.60 K, Total Energy: -30034.952682 eV
Step: 44040, Temperature: 292.12 K, Total Energy: -30034.150641 eV
Step: 44060, Temperature: 321.37 K, Total Energy: -30034.057795 eV
Step: 44080, Temperature: 316.23 K, Total Energy: -30033.827994 eV
Step: 44100, Temperature: 327.72 K, Total Energy: -30034.229794 eV
Step: 44120, Temperature: 296.22 K, Total Energy: -30034.752403 eV
Step: 44140, Temperature: 288.67 K, Total Energy: -30035.245288 eV
Step: 44160, Temperature: 297.91 K, Total Energy: -30035.071025 eV
Step: 44180, Temperature: 318.72 K, Total Energy: -30035.314201 eV
Step: 44200, Temperature: 308.99 K, Total Energy: -30035.082866 eV
Step: 44220, Temperature: 321.50 K, Total Energy: -30035.599394 eV
Step: 44240, Temperature: 266.98 K, Total Energy: -30036.081176 eV
Step: 44260, Temperature: 281.68 K, Total Energy: -30036.032799 eV
Step: 44280, Temperature: 290.64 K, Total Energy: -30035.764039 eV
Step: 44300, Temperature: 307.07 K, Total Energy: -30035.336171 eV
Step: 44320, Temperature: 280.87 K, Total Energy: -30035.953755 eV
Step: 44340, Temperature: 281.11 K, Total Energy: -30035.777737 eV
Step: 44360, Temperature: 278.76 K, Total Energy: -30035.731575 eV
Step: 44380, Temperature: 285.59 K, Total Energy: -30035.283954 eV
Step: 44400, Temperature: 280.17 K, Total Energy: -30035.549495 eV
Step: 44420, Temperature: 296.58 K, Total Energy: -30035.295989 eV
Step: 44440, Temperature: 302.30 K, Total Energy: -30035.118694 eV
Step: 44460, Temperature: 290.68 K, Total Energy: -30035.395938 eV
Step: 44480, Temperature: 294.89 K, Total Energy: -30035.172650 eV
Step: 44500, Temperature: 287.87 K, Total Energy: -30035.726399 eV
Step: 44520, Temperature: 290.41 K, Total Energy: -30035.224953 eV
Step: 44540, Temperature: 311.91 K, Total Energy: -30034.403636 eV
Step: 44560, Temperature: 331.60 K, Total Energy: -30034.311592 eV
Step: 44580, Temperature: 305.86 K, Total Energy: -30035.044377 eV
Step: 44600, Temperature: 291.17 K, Total Energy: -30035.500660 eV
Step: 44620, Temperature: 292.62 K, Total Energy: -30035.231699 eV
Step: 44640, Temperature: 289.40 K, Total Energy: -30035.203510 eV
Step: 44660, Temperature: 266.45 K, Total Energy: -30035.621738 eV
Step: 44680, Temperature: 298.79 K, Total Energy: -30035.119214 eV
Step: 44700, Temperature: 276.12 K, Total Energy: -30035.180903 eV
Step: 44720, Temperature: 290.89 K, Total Energy: -30035.259739 eV
Step: 44740, Temperature: 286.17 K, Total Energy: -30035.183362 eV
Step: 44760, Temperature: 293.53 K, Total Energy: -30034.954839 eV
Step: 44780, Temperature: 312.71 K, Total Energy: -30034.205881 eV
Step: 44800, Temperature: 310.85 K, Total Energy: -30034.145312 eV
Step: 44820, Temperature: 326.93 K, Total Energy: -30033.960656 eV
Step: 44840, Temperature: 315.87 K, Total Energy: -30033.985643 eV
Step: 44860, Temperature: 325.47 K, Total Energy: -30033.835316 eV
Step: 44880, Temperature: 317.50 K, Total Energy: -30034.134029 eV
Step: 44900, Temperature: 304.51 K, Total Energy: -30034.498378 eV
Step: 44920, Temperature: 299.28 K, Total Energy: -30034.985725 eV
Step: 44940, Temperature: 287.21 K, Total Energy: -30035.225570 eV
Step: 44960, Temperature: 295.76 K, Total Energy: -30034.781406 eV
Step: 44980, Temperature: 287.35 K, Total Energy: -30034.692757 eV
Step: 45000, Temperature: 313.04 K, Total Energy: -30034.283383 eV
Step: 45020, Temperature: 332.69 K, Total Energy: -30034.208153 eV
Step: 45040, Temperature: 279.59 K, Total Energy: -30034.230142 eV
Step: 45060, Temperature: 322.78 K, Total Energy: -30033.850488 eV
Step: 45080, Temperature: 307.31 K, Total Energy: -30033.951230 eV
Step: 45100, Temperature: 333.72 K, Total Energy: -30033.644892 eV
Step: 45120, Temperature: 320.85 K, Total Energy: -30033.686261 eV
Step: 45140, Temperature: 293.90 K, Total Energy: -30034.179827 eV
Step: 45160, Temperature: 330.02 K, Total Energy: -30034.189380 eV
Step: 45180, Temperature: 286.52 K, Total Energy: -30034.356262 eV
Step: 45200, Temperature: 321.60 K, Total Energy: -30033.786502 eV
Step: 45220, Temperature: 287.97 K, Total Energy: -30034.376317 eV
Step: 45240, Temperature: 279.73 K, Total Energy: -30034.841699 eV
Step: 45260, Temperature: 266.28 K, Total Energy: -30034.629931 eV
Step: 45280, Temperature: 310.54 K, Total Energy: -30033.973396 eV
Step: 45300, Temperature: 291.74 K, Total Energy: -30033.828015 eV
Step: 45320, Temperature: 314.66 K, Total Energy: -30033.082504 eV
Step: 45340, Temperature: 329.76 K, Total Energy: -30033.072930 eV
Step: 45360, Temperature: 315.76 K, Total Energy: -30033.404297 eV
Step: 45380, Temperature: 308.67 K, Total Energy: -30033.575345 eV
Step: 45400, Temperature: 307.45 K, Total Energy: -30033.600077 eV
Step: 45420, Temperature: 318.56 K, Total Energy: -30033.630662 eV
Step: 45440, Temperature: 323.77 K, Total Energy: -30033.077310 eV
Step: 45460, Temperature: 337.93 K, Total Energy: -30033.044657 eV
Step: 45480, Temperature: 296.45 K, Total Energy: -30033.855795 eV
Step: 45500, Temperature: 303.78 K, Total Energy: -30034.829320 eV
Step: 45520, Temperature: 277.65 K, Total Energy: -30034.995777 eV
Step: 45540, Temperature: 287.81 K, Total Energy: -30034.843147 eV
Step: 45560, Temperature: 306.69 K, Total Energy: -30034.576308 eV
Step: 45580, Temperature: 317.26 K, Total Energy: -30034.145751 eV
Step: 45600, Temperature: 292.48 K, Total Energy: -30034.420894 eV
Step: 45620, Temperature: 275.73 K, Total Energy: -30034.087063 eV
Step: 45640, Temperature: 290.80 K, Total Energy: -30034.240375 eV
Step: 45660, Temperature: 285.38 K, Total Energy: -30034.492327 eV
Step: 45680, Temperature: 282.31 K, Total Energy: -30034.370512 eV
Step: 45700, Temperature: 297.88 K, Total Energy: -30034.985915 eV
Step: 45720, Temperature: 287.92 K, Total Energy: -30034.922458 eV
Step: 45740, Temperature: 302.52 K, Total Energy: -30034.671676 eV
Step: 45760, Temperature: 296.99 K, Total Energy: -30034.879331 eV
Step: 45780, Temperature: 317.50 K, Total Energy: -30034.573260 eV
Step: 45800, Temperature: 308.62 K, Total Energy: -30035.090079 eV
Step: 45820, Temperature: 304.41 K, Total Energy: -30035.004807 eV
Step: 45840, Temperature: 322.40 K, Total Energy: -30035.170571 eV
Step: 45860, Temperature: 326.58 K, Total Energy: -30035.203951 eV
Step: 45880, Temperature: 307.58 K, Total Energy: -30035.024641 eV
Step: 45900, Temperature: 282.80 K, Total Energy: -30035.600269 eV
Step: 45920, Temperature: 294.93 K, Total Energy: -30035.853235 eV
Step: 45940, Temperature: 284.99 K, Total Energy: -30035.689760 eV
Step: 45960, Temperature: 280.42 K, Total Energy: -30036.197344 eV
Step: 45980, Temperature: 301.42 K, Total Energy: -30035.882901 eV
Step: 46000, Temperature: 317.16 K, Total Energy: -30035.175580 eV
Step: 46020, Temperature: 306.53 K, Total Energy: -30035.756151 eV
Step: 46040, Temperature: 298.36 K, Total Energy: -30035.756864 eV
Step: 46060, Temperature: 338.93 K, Total Energy: -30035.402363 eV
Step: 46080, Temperature: 314.37 K, Total Energy: -30035.242207 eV
Step: 46100, Temperature: 283.95 K, Total Energy: -30035.633966 eV
Step: 46120, Temperature: 292.48 K, Total Energy: -30035.403185 eV
Step: 46140, Temperature: 298.22 K, Total Energy: -30035.707685 eV
Step: 46160, Temperature: 283.94 K, Total Energy: -30035.796130 eV
Step: 46180, Temperature: 301.71 K, Total Energy: -30035.260486 eV
Step: 46200, Temperature: 281.82 K, Total Energy: -30035.539194 eV
Step: 46220, Temperature: 291.57 K, Total Energy: -30036.105819 eV
Step: 46240, Temperature: 305.27 K, Total Energy: -30036.283907 eV
Step: 46260, Temperature: 300.55 K, Total Energy: -30036.049348 eV
Step: 46280, Temperature: 296.79 K, Total Energy: -30036.370855 eV
Step: 46300, Temperature: 268.76 K, Total Energy: -30036.739304 eV
Step: 46320, Temperature: 259.29 K, Total Energy: -30035.982068 eV
Step: 46340, Temperature: 276.40 K, Total Energy: -30036.372953 eV
Step: 46360, Temperature: 276.76 K, Total Energy: -30036.174507 eV
Step: 46380, Temperature: 305.03 K, Total Energy: -30035.202050 eV
Step: 46400, Temperature: 281.39 K, Total Energy: -30035.364493 eV
Step: 46420, Temperature: 303.41 K, Total Energy: -30035.303433 eV
Step: 46440, Temperature: 264.31 K, Total Energy: -30035.425873 eV
Step: 46460, Temperature: 297.48 K, Total Energy: -30035.306441 eV
Step: 46480, Temperature: 296.67 K, Total Energy: -30034.969534 eV
Step: 46500, Temperature: 302.64 K, Total Energy: -30035.406897 eV
Step: 46520, Temperature: 289.62 K, Total Energy: -30035.399068 eV
Step: 46540, Temperature: 291.37 K, Total Energy: -30035.888200 eV
Step: 46560, Temperature: 308.18 K, Total Energy: -30035.157790 eV
Step: 46580, Temperature: 321.80 K, Total Energy: -30035.416159 eV
Step: 46600, Temperature: 317.78 K, Total Energy: -30035.691337 eV
Step: 46620, Temperature: 309.50 K, Total Energy: -30035.788629 eV
Step: 46640, Temperature: 306.02 K, Total Energy: -30035.860674 eV
Step: 46660, Temperature: 302.81 K, Total Energy: -30036.215039 eV
Step: 46680, Temperature: 280.33 K, Total Energy: -30036.055296 eV
Step: 46700, Temperature: 306.03 K, Total Energy: -30034.999231 eV
Step: 46720, Temperature: 299.17 K, Total Energy: -30035.119446 eV
Step: 46740, Temperature: 292.51 K, Total Energy: -30035.263878 eV
Step: 46760, Temperature: 282.66 K, Total Energy: -30035.150830 eV
Step: 46780, Temperature: 310.83 K, Total Energy: -30034.430965 eV
Step: 46800, Temperature: 319.73 K, Total Energy: -30033.907697 eV
Step: 46820, Temperature: 305.32 K, Total Energy: -30034.952675 eV
Step: 46840, Temperature: 276.78 K, Total Energy: -30035.205268 eV
Step: 46860, Temperature: 276.51 K, Total Energy: -30035.323298 eV
Step: 46880, Temperature: 306.13 K, Total Energy: -30035.233030 eV
Step: 46900, Temperature: 282.40 K, Total Energy: -30035.422890 eV
Step: 46920, Temperature: 290.06 K, Total Energy: -30035.448692 eV
Step: 46940, Temperature: 312.49 K, Total Energy: -30034.631399 eV
Step: 46960, Temperature: 296.02 K, Total Energy: -30034.655768 eV
Step: 46980, Temperature: 309.75 K, Total Energy: -30035.055728 eV
Step: 47000, Temperature: 329.03 K, Total Energy: -30034.622634 eV
Step: 47020, Temperature: 285.46 K, Total Energy: -30035.369267 eV
Step: 47040, Temperature: 317.49 K, Total Energy: -30034.923332 eV
Step: 47060, Temperature: 291.64 K, Total Energy: -30035.500658 eV
Step: 47080, Temperature: 282.72 K, Total Energy: -30036.455936 eV
Step: 47100, Temperature: 290.05 K, Total Energy: -30036.198731 eV
Step: 47120, Temperature: 281.57 K, Total Energy: -30036.250603 eV
Step: 47140, Temperature: 300.63 K, Total Energy: -30036.248704 eV
Step: 47160, Temperature: 275.89 K, Total Energy: -30036.485502 eV
Step: 47180, Temperature: 294.93 K, Total Energy: -30036.466354 eV
Step: 47200, Temperature: 291.82 K, Total Energy: -30036.177628 eV
Step: 47220, Temperature: 295.98 K, Total Energy: -30035.961438 eV
Step: 47240, Temperature: 294.69 K, Total Energy: -30036.316195 eV
Step: 47260, Temperature: 300.40 K, Total Energy: -30036.303237 eV
Step: 47280, Temperature: 270.15 K, Total Energy: -30036.262896 eV
Step: 47300, Temperature: 290.94 K, Total Energy: -30036.354273 eV
Step: 47320, Temperature: 294.74 K, Total Energy: -30036.647065 eV
Step: 47340, Temperature: 280.82 K, Total Energy: -30036.562299 eV
Step: 47360, Temperature: 276.16 K, Total Energy: -30036.465029 eV
Step: 47380, Temperature: 272.36 K, Total Energy: -30036.644659 eV
Step: 47400, Temperature: 296.93 K, Total Energy: -30036.632968 eV
Step: 47420, Temperature: 304.80 K, Total Energy: -30036.409158 eV
Step: 47440, Temperature: 313.04 K, Total Energy: -30036.174175 eV
Step: 47460, Temperature: 285.82 K, Total Energy: -30036.567160 eV
Step: 47480, Temperature: 264.96 K, Total Energy: -30036.899653 eV
Step: 47500, Temperature: 269.68 K, Total Energy: -30036.110778 eV
Step: 47520, Temperature: 300.78 K, Total Energy: -30036.315028 eV
Step: 47540, Temperature: 286.38 K, Total Energy: -30036.240666 eV
Step: 47560, Temperature: 259.67 K, Total Energy: -30036.644269 eV
Step: 47580, Temperature: 283.45 K, Total Energy: -30036.605500 eV
Step: 47600, Temperature: 283.44 K, Total Energy: -30036.240410 eV
Step: 47620, Temperature: 272.36 K, Total Energy: -30036.400649 eV
Step: 47640, Temperature: 298.62 K, Total Energy: -30035.818805 eV
Step: 47660, Temperature: 288.42 K, Total Energy: -30035.935345 eV
Step: 47680, Temperature: 258.82 K, Total Energy: -30036.402127 eV
Step: 47700, Temperature: 275.44 K, Total Energy: -30036.198043 eV
Step: 47720, Temperature: 284.67 K, Total Energy: -30035.578561 eV
Step: 47740, Temperature: 281.09 K, Total Energy: -30035.241224 eV
Step: 47760, Temperature: 343.83 K, Total Energy: -30035.186940 eV
Step: 47780, Temperature: 304.60 K, Total Energy: -30035.464824 eV
Step: 47800, Temperature: 309.33 K, Total Energy: -30035.111410 eV
Step: 47820, Temperature: 299.52 K, Total Energy: -30035.401465 eV
Step: 47840, Temperature: 326.06 K, Total Energy: -30034.726621 eV
Step: 47860, Temperature: 332.29 K, Total Energy: -30034.876299 eV
Step: 47880, Temperature: 291.19 K, Total Energy: -30035.775621 eV
Step: 47900, Temperature: 292.46 K, Total Energy: -30036.214327 eV
Step: 47920, Temperature: 303.21 K, Total Energy: -30035.621165 eV
Step: 47940, Temperature: 293.94 K, Total Energy: -30035.405439 eV
Step: 47960, Temperature: 304.33 K, Total Energy: -30035.479446 eV
Step: 47980, Temperature: 302.06 K, Total Energy: -30035.817935 eV
Step: 48000, Temperature: 277.77 K, Total Energy: -30035.693809 eV
Step: 48020, Temperature: 298.77 K, Total Energy: -30035.447786 eV
Step: 48040, Temperature: 303.76 K, Total Energy: -30035.240032 eV
Step: 48060, Temperature: 305.18 K, Total Energy: -30035.253146 eV
Step: 48080, Temperature: 316.72 K, Total Energy: -30035.307848 eV
Step: 48100, Temperature: 306.57 K, Total Energy: -30035.499256 eV
Step: 48120, Temperature: 305.96 K, Total Energy: -30035.830939 eV
Step: 48140, Temperature: 293.55 K, Total Energy: -30035.901632 eV
Step: 48160, Temperature: 294.57 K, Total Energy: -30036.078955 eV
Step: 48180, Temperature: 294.94 K, Total Energy: -30036.466257 eV
Step: 48200, Temperature: 295.81 K, Total Energy: -30036.682472 eV
Step: 48220, Temperature: 286.56 K, Total Energy: -30036.351326 eV
Step: 48240, Temperature: 309.79 K, Total Energy: -30036.314532 eV
Step: 48260, Temperature: 280.17 K, Total Energy: -30036.635284 eV
Step: 48280, Temperature: 271.86 K, Total Energy: -30036.151536 eV
Step: 48300, Temperature: 305.29 K, Total Energy: -30035.849752 eV
Step: 48320, Temperature: 302.89 K, Total Energy: -30036.082343 eV
Step: 48340, Temperature: 272.01 K, Total Energy: -30036.139805 eV
Step: 48360, Temperature: 280.68 K, Total Energy: -30036.374518 eV
Step: 48380, Temperature: 304.59 K, Total Energy: -30035.539273 eV
Step: 48400, Temperature: 301.77 K, Total Energy: -30035.735352 eV
Step: 48420, Temperature: 307.63 K, Total Energy: -30035.894288 eV
Step: 48440, Temperature: 307.64 K, Total Energy: -30035.884509 eV
Step: 48460, Temperature: 304.97 K, Total Energy: -30036.055160 eV
Step: 48480, Temperature: 308.01 K, Total Energy: -30036.189497 eV
Step: 48500, Temperature: 295.13 K, Total Energy: -30036.144927 eV
Step: 48520, Temperature: 303.56 K, Total Energy: -30036.420821 eV
Step: 48540, Temperature: 292.74 K, Total Energy: -30035.802819 eV
Step: 48560, Temperature: 325.78 K, Total Energy: -30035.819829 eV
Step: 48580, Temperature: 282.08 K, Total Energy: -30035.958423 eV
Step: 48600, Temperature: 303.27 K, Total Energy: -30036.430206 eV
Step: 48620, Temperature: 295.69 K, Total Energy: -30035.935496 eV
Step: 48640, Temperature: 306.54 K, Total Energy: -30035.943246 eV
Step: 48660, Temperature: 288.60 K, Total Energy: -30036.235431 eV
Step: 48680, Temperature: 297.68 K, Total Energy: -30036.155093 eV
Step: 48700, Temperature: 305.89 K, Total Energy: -30035.543835 eV
Step: 48720, Temperature: 324.85 K, Total Energy: -30035.515001 eV
Step: 48740, Temperature: 299.66 K, Total Energy: -30035.345240 eV
Step: 48760, Temperature: 310.59 K, Total Energy: -30035.966303 eV
Step: 48780, Temperature: 279.61 K, Total Energy: -30035.583219 eV
Step: 48800, Temperature: 296.00 K, Total Energy: -30035.896439 eV
Step: 48820, Temperature: 293.03 K, Total Energy: -30035.916815 eV
Step: 48840, Temperature: 290.15 K, Total Energy: -30035.430672 eV
Step: 48860, Temperature: 294.63 K, Total Energy: -30035.614754 eV
Step: 48880, Temperature: 300.28 K, Total Energy: -30035.261436 eV
Step: 48900, Temperature: 286.66 K, Total Energy: -30035.956169 eV
Step: 48920, Temperature: 274.91 K, Total Energy: -30036.289440 eV
Step: 48940, Temperature: 293.41 K, Total Energy: -30036.836876 eV
Step: 48960, Temperature: 282.28 K, Total Energy: -30036.642856 eV
Step: 48980, Temperature: 309.51 K, Total Energy: -30036.128207 eV
Step: 49000, Temperature: 321.41 K, Total Energy: -30036.217063 eV
Step: 49020, Temperature: 294.77 K, Total Energy: -30036.402225 eV
Step: 49040, Temperature: 287.40 K, Total Energy: -30036.210956 eV
Step: 49060, Temperature: 311.19 K, Total Energy: -30035.589859 eV
Step: 49080, Temperature: 315.70 K, Total Energy: -30035.704746 eV
Step: 49100, Temperature: 319.53 K, Total Energy: -30035.324966 eV
Step: 49120, Temperature: 312.08 K, Total Energy: -30034.899547 eV
Step: 49140, Temperature: 296.02 K, Total Energy: -30035.063916 eV
Step: 49160, Temperature: 308.27 K, Total Energy: -30035.446558 eV
Step: 49180, Temperature: 295.56 K, Total Energy: -30035.659678 eV
Step: 49200, Temperature: 297.49 K, Total Energy: -30034.952779 eV
Step: 49220, Temperature: 312.73 K, Total Energy: -30034.781372 eV
Step: 49240, Temperature: 324.05 K, Total Energy: -30034.628872 eV
Step: 49260, Temperature: 318.24 K, Total Energy: -30033.906221 eV
Step: 49280, Temperature: 295.40 K, Total Energy: -30034.347146 eV
Step: 49300, Temperature: 313.19 K, Total Energy: -30034.961245 eV
Step: 49320, Temperature: 287.80 K, Total Energy: -30034.982161 eV
Step: 49340, Temperature: 289.23 K, Total Energy: -30035.127818 eV
Step: 49360, Temperature: 298.97 K, Total Energy: -30034.276674 eV
Step: 49380, Temperature: 333.73 K, Total Energy: -30034.396632 eV
Step: 49400, Temperature: 298.95 K, Total Energy: -30034.630828 eV
Step: 49420, Temperature: 311.31 K, Total Energy: -30035.422700 eV
Step: 49440, Temperature: 286.60 K, Total Energy: -30035.410700 eV
Step: 49460, Temperature: 310.02 K, Total Energy: -30035.295202 eV
Step: 49480, Temperature: 286.06 K, Total Energy: -30035.481015 eV
Step: 49500, Temperature: 320.01 K, Total Energy: -30034.672093 eV
Step: 49520, Temperature: 283.37 K, Total Energy: -30035.396430 eV
Step: 49540, Temperature: 288.43 K, Total Energy: -30035.419453 eV
Step: 49560, Temperature: 298.41 K, Total Energy: -30035.622872 eV
Step: 49580, Temperature: 285.30 K, Total Energy: -30036.181945 eV
Step: 49600, Temperature: 274.94 K, Total Energy: -30036.175362 eV
Step: 49620, Temperature: 266.31 K, Total Energy: -30036.232676 eV
Step: 49640, Temperature: 273.41 K, Total Energy: -30036.710081 eV
Step: 49660, Temperature: 307.24 K, Total Energy: -30036.497927 eV
Step: 49680, Temperature: 272.37 K, Total Energy: -30036.810615 eV
Step: 49700, Temperature: 306.05 K, Total Energy: -30036.592423 eV
Step: 49720, Temperature: 281.47 K, Total Energy: -30036.049982 eV
Step: 49740, Temperature: 288.03 K, Total Energy: -30036.380683 eV
Step: 49760, Temperature: 287.22 K, Total Energy: -30035.662863 eV
Step: 49780, Temperature: 310.56 K, Total Energy: -30035.617493 eV
Step: 49800, Temperature: 291.05 K, Total Energy: -30035.353214 eV
Step: 49820, Temperature: 325.75 K, Total Energy: -30035.359676 eV
Step: 49840, Temperature: 314.00 K, Total Energy: -30035.577612 eV
Step: 49860, Temperature: 291.80 K, Total Energy: -30035.740763 eV
Step: 49880, Temperature: 274.15 K, Total Energy: -30036.113339 eV
Step: 49900, Temperature: 289.82 K, Total Energy: -30035.718401 eV
Step: 49920, Temperature: 294.18 K, Total Energy: -30035.952125 eV
Step: 49940, Temperature: 272.01 K, Total Energy: -30035.501288 eV
Step: 49960, Temperature: 313.59 K, Total Energy: -30035.029429 eV
Step: 49980, Temperature: 300.85 K, Total Energy: -30035.235158 eV
Step: 50000, Temperature: 308.35 K, Total Energy: -30034.911321 eV
Step: 50020, Temperature: 288.25 K, Total Energy: -30035.412316 eV
Step: 50040, Temperature: 306.94 K, Total Energy: -30035.370672 eV
Step: 50060, Temperature: 308.29 K, Total Energy: -30034.911075 eV
Step: 50080, Temperature: 327.18 K, Total Energy: -30034.680969 eV
Step: 50100, Temperature: 310.62 K, Total Energy: -30035.381565 eV
Step: 50120, Temperature: 304.66 K, Total Energy: -30034.957538 eV
Step: 50140, Temperature: 279.00 K, Total Energy: -30035.280107 eV
Step: 50160, Temperature: 312.32 K, Total Energy: -30035.233141 eV
Step: 50180, Temperature: 298.97 K, Total Energy: -30035.278684 eV
Step: 50200, Temperature: 290.70 K, Total Energy: -30035.793808 eV
Step: 50220, Temperature: 269.75 K, Total Energy: -30036.316108 eV
Step: 50240, Temperature: 299.78 K, Total Energy: -30035.994544 eV
Step: 50260, Temperature: 252.39 K, Total Energy: -30036.421547 eV
Step: 50280, Temperature: 275.15 K, Total Energy: -30036.248297 eV
Step: 50300, Temperature: 292.88 K, Total Energy: -30035.934128 eV
Step: 50320, Temperature: 284.15 K, Total Energy: -30035.951047 eV
Step: 50340, Temperature: 270.12 K, Total Energy: -30035.621110 eV
Step: 50360, Temperature: 309.12 K, Total Energy: -30034.954533 eV
Step: 50380, Temperature: 291.10 K, Total Energy: -30035.283786 eV
Step: 50400, Temperature: 308.61 K, Total Energy: -30035.066958 eV
Step: 50420, Temperature: 303.87 K, Total Energy: -30035.092695 eV
Step: 50440, Temperature: 303.68 K, Total Energy: -30035.169656 eV
Step: 50460, Temperature: 295.47 K, Total Energy: -30035.605184 eV
Step: 50480, Temperature: 293.13 K, Total Energy: -30035.125188 eV
Step: 50500, Temperature: 300.16 K, Total Energy: -30035.764256 eV
Step: 50520, Temperature: 330.52 K, Total Energy: -30035.305745 eV
Step: 50540, Temperature: 324.43 K, Total Energy: -30035.090163 eV
Step: 50560, Temperature: 314.30 K, Total Energy: -30034.989938 eV
Step: 50580, Temperature: 302.24 K, Total Energy: -30035.504852 eV
Step: 50600, Temperature: 290.25 K, Total Energy: -30035.606005 eV
Step: 50620, Temperature: 288.18 K, Total Energy: -30035.794845 eV
Step: 50640, Temperature: 292.02 K, Total Energy: -30035.664730 eV
Step: 50660, Temperature: 283.41 K, Total Energy: -30034.731443 eV
Step: 50680, Temperature: 320.26 K, Total Energy: -30034.984261 eV
Step: 50700, Temperature: 293.44 K, Total Energy: -30035.455139 eV
Step: 50720, Temperature: 308.81 K, Total Energy: -30035.268909 eV
Step: 50740, Temperature: 322.29 K, Total Energy: -30035.343222 eV
Step: 50760, Temperature: 333.42 K, Total Energy: -30035.222972 eV
Step: 50780, Temperature: 281.18 K, Total Energy: -30036.055209 eV
Step: 50800, Temperature: 296.28 K, Total Energy: -30035.723486 eV
Step: 50820, Temperature: 312.65 K, Total Energy: -30035.836311 eV
Step: 50840, Temperature: 326.64 K, Total Energy: -30035.505013 eV
Step: 50860, Temperature: 289.77 K, Total Energy: -30035.545783 eV
Step: 50880, Temperature: 283.81 K, Total Energy: -30035.856156 eV
Step: 50900, Temperature: 290.33 K, Total Energy: -30035.420257 eV
Step: 50920, Temperature: 321.86 K, Total Energy: -30035.053310 eV
Step: 50940, Temperature: 311.45 K, Total Energy: -30035.417177 eV
Step: 50960, Temperature: 306.70 K, Total Energy: -30035.312418 eV
Step: 50980, Temperature: 310.90 K, Total Energy: -30035.647802 eV
Step: 51000, Temperature: 287.62 K, Total Energy: -30035.932060 eV
Step: 51020, Temperature: 303.68 K, Total Energy: -30035.525163 eV
Step: 51040, Temperature: 323.54 K, Total Energy: -30035.497314 eV
Step: 51060, Temperature: 301.80 K, Total Energy: -30035.691764 eV
Step: 51080, Temperature: 315.64 K, Total Energy: -30035.561608 eV
Step: 51100, Temperature: 321.06 K, Total Energy: -30034.747397 eV
Step: 51120, Temperature: 329.09 K, Total Energy: -30034.855449 eV
Step: 51140, Temperature: 303.06 K, Total Energy: -30035.290847 eV
Step: 51160, Temperature: 312.15 K, Total Energy: -30035.384028 eV
Step: 51180, Temperature: 315.10 K, Total Energy: -30034.993252 eV
Step: 51200, Temperature: 303.10 K, Total Energy: -30034.830769 eV
Step: 51220, Temperature: 313.80 K, Total Energy: -30035.420509 eV
Step: 51240, Temperature: 303.63 K, Total Energy: -30035.614459 eV
Step: 51260, Temperature: 300.93 K, Total Energy: -30035.461732 eV
Step: 51280, Temperature: 278.96 K, Total Energy: -30035.747824 eV
Step: 51300, Temperature: 286.25 K, Total Energy: -30035.208761 eV
Step: 51320, Temperature: 305.38 K, Total Energy: -30034.666057 eV
Step: 51340, Temperature: 343.29 K, Total Energy: -30034.368525 eV
Step: 51360, Temperature: 309.36 K, Total Energy: -30033.751261 eV
Step: 51380, Temperature: 318.45 K, Total Energy: -30034.619649 eV
Step: 51400, Temperature: 301.75 K, Total Energy: -30034.677336 eV
Step: 51420, Temperature: 300.34 K, Total Energy: -30034.755842 eV
Step: 51440, Temperature: 307.24 K, Total Energy: -30034.908194 eV
Step: 51460, Temperature: 299.60 K, Total Energy: -30034.678899 eV
Step: 51480, Temperature: 306.80 K, Total Energy: -30035.067710 eV
Step: 51500, Temperature: 313.24 K, Total Energy: -30034.497023 eV
Step: 51520, Temperature: 290.45 K, Total Energy: -30035.059941 eV
Step: 51540, Temperature: 301.13 K, Total Energy: -30034.741761 eV
Step: 51560, Temperature: 303.18 K, Total Energy: -30034.428548 eV
Step: 51580, Temperature: 307.11 K, Total Energy: -30034.489486 eV
Step: 51600, Temperature: 313.12 K, Total Energy: -30034.236408 eV
Step: 51620, Temperature: 327.81 K, Total Energy: -30034.366262 eV
Step: 51640, Temperature: 326.94 K, Total Energy: -30034.171354 eV
Step: 51660, Temperature: 299.55 K, Total Energy: -30034.402788 eV
Step: 51680, Temperature: 311.71 K, Total Energy: -30034.123705 eV
Step: 51700, Temperature: 309.02 K, Total Energy: -30033.839791 eV
Step: 51720, Temperature: 300.06 K, Total Energy: -30033.698506 eV
Step: 51740, Temperature: 311.75 K, Total Energy: -30033.753370 eV
Step: 51760, Temperature: 288.07 K, Total Energy: -30034.008434 eV
Step: 51780, Temperature: 296.46 K, Total Energy: -30034.195556 eV
Step: 51800, Temperature: 297.21 K, Total Energy: -30034.127799 eV
Step: 51820, Temperature: 302.90 K, Total Energy: -30034.191452 eV
Step: 51840, Temperature: 303.67 K, Total Energy: -30033.986469 eV
Step: 51860, Temperature: 295.39 K, Total Energy: -30034.626724 eV
Step: 51880, Temperature: 289.78 K, Total Energy: -30034.692071 eV
Step: 51900, Temperature: 288.61 K, Total Energy: -30034.612183 eV
Step: 51920, Temperature: 303.77 K, Total Energy: -30034.763068 eV
Step: 51940, Temperature: 301.62 K, Total Energy: -30034.352486 eV
Step: 51960, Temperature: 306.85 K, Total Energy: -30034.394480 eV
Step: 51980, Temperature: 294.98 K, Total Energy: -30034.836280 eV
Step: 52000, Temperature: 284.89 K, Total Energy: -30034.729273 eV
Step: 52020, Temperature: 307.98 K, Total Energy: -30034.360085 eV
Step: 52040, Temperature: 301.28 K, Total Energy: -30034.202782 eV
Step: 52060, Temperature: 291.54 K, Total Energy: -30033.862515 eV
Step: 52080, Temperature: 302.68 K, Total Energy: -30033.263202 eV
Step: 52100, Temperature: 300.31 K, Total Energy: -30034.004793 eV
Step: 52120, Temperature: 299.46 K, Total Energy: -30033.818972 eV
Step: 52140, Temperature: 300.95 K, Total Energy: -30033.285526 eV
Step: 52160, Temperature: 303.13 K, Total Energy: -30033.390541 eV
Step: 52180, Temperature: 308.60 K, Total Energy: -30033.186431 eV
Step: 52200, Temperature: 307.17 K, Total Energy: -30033.915876 eV
Step: 52220, Temperature: 286.83 K, Total Energy: -30033.696087 eV
Step: 52240, Temperature: 333.17 K, Total Energy: -30033.408934 eV
Step: 52260, Temperature: 304.60 K, Total Energy: -30033.646653 eV
Step: 52280, Temperature: 298.69 K, Total Energy: -30033.717320 eV
Step: 52300, Temperature: 314.73 K, Total Energy: -30033.449840 eV
Step: 52320, Temperature: 310.07 K, Total Energy: -30033.739176 eV
Step: 52340, Temperature: 319.15 K, Total Energy: -30033.902774 eV
Step: 52360, Temperature: 306.68 K, Total Energy: -30034.135214 eV
Step: 52380, Temperature: 267.81 K, Total Energy: -30035.245683 eV
Step: 52400, Temperature: 282.48 K, Total Energy: -30034.625881 eV
Step: 52420, Temperature: 284.25 K, Total Energy: -30035.221978 eV
Step: 52440, Temperature: 317.26 K, Total Energy: -30035.042397 eV
Step: 52460, Temperature: 290.23 K, Total Energy: -30034.508857 eV
Step: 52480, Temperature: 328.61 K, Total Energy: -30034.285526 eV
Step: 52500, Temperature: 311.85 K, Total Energy: -30034.366248 eV
Step: 52520, Temperature: 310.44 K, Total Energy: -30034.306088 eV
Step: 52540, Temperature: 285.90 K, Total Energy: -30034.500620 eV
Step: 52560, Temperature: 298.16 K, Total Energy: -30034.869530 eV
Step: 52580, Temperature: 291.68 K, Total Energy: -30034.476103 eV
Step: 52600, Temperature: 325.69 K, Total Energy: -30034.253627 eV
Step: 52620, Temperature: 314.77 K, Total Energy: -30034.325794 eV
Step: 52640, Temperature: 317.66 K, Total Energy: -30033.967721 eV
Step: 52660, Temperature: 313.90 K, Total Energy: -30034.144473 eV
Step: 52680, Temperature: 287.34 K, Total Energy: -30034.538540 eV
Step: 52700, Temperature: 291.61 K, Total Energy: -30034.684950 eV
Step: 52720, Temperature: 301.44 K, Total Energy: -30034.534684 eV
Step: 52740, Temperature: 283.44 K, Total Energy: -30034.707294 eV
Step: 52760, Temperature: 284.90 K, Total Energy: -30034.586377 eV
Step: 52780, Temperature: 283.46 K, Total Energy: -30035.181396 eV
Step: 52800, Temperature: 284.63 K, Total Energy: -30034.450607 eV
Step: 52820, Temperature: 290.65 K, Total Energy: -30034.621173 eV
Step: 52840, Temperature: 289.91 K, Total Energy: -30035.069580 eV
Step: 52860, Temperature: 253.88 K, Total Energy: -30035.419125 eV
Step: 52880, Temperature: 267.14 K, Total Energy: -30035.211989 eV
Step: 52900, Temperature: 274.31 K, Total Energy: -30035.052544 eV
Step: 52920, Temperature: 290.58 K, Total Energy: -30034.753774 eV
Step: 52940, Temperature: 310.50 K, Total Energy: -30034.456852 eV
Step: 52960, Temperature: 325.37 K, Total Energy: -30034.140524 eV
Step: 52980, Temperature: 329.48 K, Total Energy: -30032.949164 eV
Step: 53000, Temperature: 324.27 K, Total Energy: -30033.617636 eV
Step: 53020, Temperature: 316.09 K, Total Energy: -30033.856847 eV
Step: 53040, Temperature: 292.62 K, Total Energy: -30034.079498 eV
Step: 53060, Temperature: 318.59 K, Total Energy: -30033.866296 eV
Step: 53080, Temperature: 303.04 K, Total Energy: -30034.390858 eV
Step: 53100, Temperature: 313.58 K, Total Energy: -30033.890920 eV
Step: 53120, Temperature: 318.31 K, Total Energy: -30033.941665 eV
Step: 53140, Temperature: 292.02 K, Total Energy: -30034.278188 eV
Step: 53160, Temperature: 296.04 K, Total Energy: -30034.622132 eV
Step: 53180, Temperature: 296.14 K, Total Energy: -30034.754363 eV
Step: 53200, Temperature: 303.21 K, Total Energy: -30034.275470 eV
Step: 53220, Temperature: 318.19 K, Total Energy: -30034.262949 eV
Step: 53240, Temperature: 294.71 K, Total Energy: -30034.481850 eV
Step: 53260, Temperature: 314.98 K, Total Energy: -30034.162387 eV
Step: 53280, Temperature: 303.56 K, Total Energy: -30034.485230 eV
Step: 53300, Temperature: 300.16 K, Total Energy: -30034.229304 eV
Step: 53320, Temperature: 292.17 K, Total Energy: -30034.334901 eV
Step: 53340, Temperature: 304.79 K, Total Energy: -30034.135902 eV
Step: 53360, Temperature: 285.80 K, Total Energy: -30034.622488 eV
Step: 53380, Temperature: 269.04 K, Total Energy: -30034.937289 eV
Step: 53400, Temperature: 279.33 K, Total Energy: -30034.726881 eV
Step: 53420, Temperature: 287.26 K, Total Energy: -30034.841532 eV
Step: 53440, Temperature: 287.53 K, Total Energy: -30035.266216 eV
Step: 53460, Temperature: 295.78 K, Total Energy: -30034.712657 eV
Step: 53480, Temperature: 298.65 K, Total Energy: -30035.050485 eV
Step: 53500, Temperature: 292.68 K, Total Energy: -30035.109196 eV
Step: 53520, Temperature: 292.95 K, Total Energy: -30035.194242 eV
Step: 53540, Temperature: 277.53 K, Total Energy: -30035.168776 eV
Step: 53560, Temperature: 287.27 K, Total Energy: -30034.884258 eV
Step: 53580, Temperature: 308.92 K, Total Energy: -30034.932137 eV
Step: 53600, Temperature: 301.40 K, Total Energy: -30035.022043 eV
Step: 53620, Temperature: 279.95 K, Total Energy: -30035.236666 eV
Step: 53640, Temperature: 273.73 K, Total Energy: -30034.743106 eV
Step: 53660, Temperature: 305.08 K, Total Energy: -30034.323835 eV
Step: 53680, Temperature: 303.77 K, Total Energy: -30034.398041 eV
Step: 53700, Temperature: 287.12 K, Total Energy: -30034.561822 eV
Step: 53720, Temperature: 297.74 K, Total Energy: -30034.524598 eV
Step: 53740, Temperature: 265.53 K, Total Energy: -30035.088385 eV
Step: 53760, Temperature: 274.19 K, Total Energy: -30035.202164 eV
Step: 53780, Temperature: 285.78 K, Total Energy: -30035.111229 eV
Step: 53800, Temperature: 298.90 K, Total Energy: -30034.471940 eV
Step: 53820, Temperature: 287.47 K, Total Energy: -30034.515865 eV
Step: 53840, Temperature: 289.45 K, Total Energy: -30033.782245 eV
Step: 53860, Temperature: 293.58 K, Total Energy: -30033.873545 eV
Step: 53880, Temperature: 310.21 K, Total Energy: -30033.704497 eV
Step: 53900, Temperature: 329.47 K, Total Energy: -30033.345931 eV
Step: 53920, Temperature: 331.86 K, Total Energy: -30033.512139 eV
Step: 53940, Temperature: 325.26 K, Total Energy: -30033.159005 eV
Step: 53960, Temperature: 305.49 K, Total Energy: -30033.831160 eV
Step: 53980, Temperature: 305.40 K, Total Energy: -30034.130273 eV
Step: 54000, Temperature: 328.88 K, Total Energy: -30034.048204 eV
Step: 54020, Temperature: 295.18 K, Total Energy: -30034.491542 eV
Step: 54040, Temperature: 313.75 K, Total Energy: -30034.458793 eV
Step: 54060, Temperature: 304.42 K, Total Energy: -30034.563091 eV
Step: 54080, Temperature: 303.03 K, Total Energy: -30034.533754 eV
Step: 54100, Temperature: 280.70 K, Total Energy: -30034.954171 eV
Step: 54120, Temperature: 272.50 K, Total Energy: -30035.449792 eV
Step: 54140, Temperature: 273.41 K, Total Energy: -30035.346760 eV
Step: 54160, Temperature: 291.67 K, Total Energy: -30035.353374 eV
Step: 54180, Temperature: 299.31 K, Total Energy: -30035.029934 eV
Step: 54200, Temperature: 328.53 K, Total Energy: -30034.756221 eV
Step: 54220, Temperature: 305.50 K, Total Energy: -30034.575060 eV
Step: 54240, Temperature: 302.61 K, Total Energy: -30034.774817 eV
Step: 54260, Temperature: 275.78 K, Total Energy: -30035.697091 eV
Step: 54280, Temperature: 284.89 K, Total Energy: -30035.748810 eV
Step: 54300, Temperature: 286.91 K, Total Energy: -30035.166704 eV
Step: 54320, Temperature: 314.52 K, Total Energy: -30035.316333 eV
Step: 54340, Temperature: 274.28 K, Total Energy: -30035.650939 eV
Step: 54360, Temperature: 279.82 K, Total Energy: -30035.810241 eV
Step: 54380, Temperature: 294.67 K, Total Energy: -30035.758202 eV
Step: 54400, Temperature: 306.42 K, Total Energy: -30035.555652 eV
Step: 54420, Temperature: 310.63 K, Total Energy: -30035.273898 eV
Step: 54440, Temperature: 294.81 K, Total Energy: -30035.252623 eV
Step: 54460, Temperature: 303.60 K, Total Energy: -30035.511505 eV
Step: 54480, Temperature: 287.39 K, Total Energy: -30035.050943 eV
Step: 54500, Temperature: 251.19 K, Total Energy: -30035.147026 eV
Step: 54520, Temperature: 255.22 K, Total Energy: -30035.627444 eV
Step: 54540, Temperature: 273.41 K, Total Energy: -30034.946343 eV
Step: 54560, Temperature: 278.01 K, Total Energy: -30034.902635 eV
Step: 54580, Temperature: 315.74 K, Total Energy: -30034.570821 eV
Step: 54600, Temperature: 270.30 K, Total Energy: -30035.237592 eV
Step: 54620, Temperature: 297.70 K, Total Energy: -30034.902617 eV
Step: 54640, Temperature: 277.14 K, Total Energy: -30035.528184 eV
Step: 54660, Temperature: 318.87 K, Total Energy: -30035.351262 eV
Step: 54680, Temperature: 297.39 K, Total Energy: -30035.408370 eV
Step: 54700, Temperature: 300.66 K, Total Energy: -30035.003658 eV
Step: 54720, Temperature: 294.17 K, Total Energy: -30035.206379 eV
Step: 54740, Temperature: 273.18 K, Total Energy: -30035.438590 eV
Step: 54760, Temperature: 287.65 K, Total Energy: -30035.327589 eV
Step: 54780, Temperature: 316.07 K, Total Energy: -30034.224671 eV
Step: 54800, Temperature: 322.87 K, Total Energy: -30034.328645 eV
Step: 54820, Temperature: 310.51 K, Total Energy: -30034.720315 eV
Step: 54840, Temperature: 284.03 K, Total Energy: -30034.825263 eV
Step: 54860, Temperature: 287.26 K, Total Energy: -30034.448742 eV
Step: 54880, Temperature: 300.79 K, Total Energy: -30034.559106 eV
Step: 54900, Temperature: 304.88 K, Total Energy: -30034.360283 eV
Step: 54920, Temperature: 307.66 K, Total Energy: -30034.108420 eV
Step: 54940, Temperature: 312.02 K, Total Energy: -30034.393193 eV
Step: 54960, Temperature: 302.92 K, Total Energy: -30034.483728 eV
Step: 54980, Temperature: 301.71 K, Total Energy: -30033.869778 eV
Step: 55000, Temperature: 284.99 K, Total Energy: -30033.814657 eV
Step: 55020, Temperature: 301.44 K, Total Energy: -30033.562256 eV
Step: 55040, Temperature: 281.17 K, Total Energy: -30034.633587 eV
Step: 55060, Temperature: 305.05 K, Total Energy: -30034.553090 eV
Step: 55080, Temperature: 324.99 K, Total Energy: -30034.199012 eV
Step: 55100, Temperature: 321.58 K, Total Energy: -30034.095637 eV
Step: 55120, Temperature: 319.54 K, Total Energy: -30034.652838 eV
Step: 55140, Temperature: 322.66 K, Total Energy: -30033.894431 eV
Step: 55160, Temperature: 307.69 K, Total Energy: -30034.613490 eV
Step: 55180, Temperature: 299.53 K, Total Energy: -30035.108439 eV
Step: 55200, Temperature: 280.42 K, Total Energy: -30035.201419 eV
Step: 55220, Temperature: 323.55 K, Total Energy: -30034.569252 eV
Step: 55240, Temperature: 328.45 K, Total Energy: -30034.230974 eV
Step: 55260, Temperature: 337.13 K, Total Energy: -30034.545386 eV
Step: 55280, Temperature: 301.05 K, Total Energy: -30035.097372 eV
Step: 55300, Temperature: 289.59 K, Total Energy: -30035.433214 eV
Step: 55320, Temperature: 321.64 K, Total Energy: -30035.373259 eV
Step: 55340, Temperature: 311.04 K, Total Energy: -30035.163862 eV
Step: 55360, Temperature: 330.34 K, Total Energy: -30034.611047 eV
Step: 55380, Temperature: 315.33 K, Total Energy: -30034.561586 eV
Step: 55400, Temperature: 333.08 K, Total Energy: -30034.205926 eV
Step: 55420, Temperature: 315.24 K, Total Energy: -30034.540386 eV
Step: 55440, Temperature: 291.31 K, Total Energy: -30034.284343 eV
Step: 55460, Temperature: 334.30 K, Total Energy: -30034.062093 eV
Step: 55480, Temperature: 303.02 K, Total Energy: -30034.532101 eV
Step: 55500, Temperature: 284.57 K, Total Energy: -30034.897642 eV
Step: 55520, Temperature: 324.78 K, Total Energy: -30034.780565 eV
Step: 55540, Temperature: 293.15 K, Total Energy: -30035.118811 eV
Step: 55560, Temperature: 285.81 K, Total Energy: -30035.251025 eV
Step: 55580, Temperature: 281.57 K, Total Energy: -30034.852064 eV
Step: 55600, Temperature: 299.72 K, Total Energy: -30034.412136 eV
Step: 55620, Temperature: 314.76 K, Total Energy: -30034.269312 eV
Step: 55640, Temperature: 304.08 K, Total Energy: -30034.398058 eV
Step: 55660, Temperature: 328.27 K, Total Energy: -30034.360564 eV
Step: 55680, Temperature: 306.24 K, Total Energy: -30034.224256 eV
Step: 55700, Temperature: 291.73 K, Total Energy: -30034.365501 eV
Step: 55720, Temperature: 294.89 K, Total Energy: -30034.338699 eV
Step: 55740, Temperature: 310.44 K, Total Energy: -30034.061932 eV
Step: 55760, Temperature: 296.58 K, Total Energy: -30034.454236 eV
Step: 55780, Temperature: 288.54 K, Total Energy: -30034.586612 eV
Step: 55800, Temperature: 305.68 K, Total Energy: -30034.814706 eV
Step: 55820, Temperature: 295.60 K, Total Energy: -30035.023812 eV
Step: 55840, Temperature: 298.27 K, Total Energy: -30035.104936 eV
Step: 55860, Temperature: 293.67 K, Total Energy: -30034.763837 eV
Step: 55880, Temperature: 328.95 K, Total Energy: -30034.622526 eV
Step: 55900, Temperature: 305.39 K, Total Energy: -30034.181352 eV
Step: 55920, Temperature: 303.97 K, Total Energy: -30034.000295 eV
Step: 55940, Temperature: 304.79 K, Total Energy: -30034.928793 eV
Step: 55960, Temperature: 309.44 K, Total Energy: -30035.206300 eV
Step: 55980, Temperature: 323.87 K, Total Energy: -30034.457675 eV
Step: 56000, Temperature: 305.80 K, Total Energy: -30034.442423 eV
Step: 56020, Temperature: 305.52 K, Total Energy: -30034.869395 eV
Step: 56040, Temperature: 307.62 K, Total Energy: -30034.914182 eV
Step: 56060, Temperature: 292.41 K, Total Energy: -30035.500692 eV
Step: 56080, Temperature: 284.66 K, Total Energy: -30035.596425 eV
Step: 56100, Temperature: 276.76 K, Total Energy: -30035.932316 eV
Step: 56120, Temperature: 302.79 K, Total Energy: -30035.043753 eV
Step: 56140, Temperature: 310.27 K, Total Energy: -30034.812169 eV
Step: 56160, Temperature: 289.64 K, Total Energy: -30034.773522 eV
Step: 56180, Temperature: 322.43 K, Total Energy: -30034.368962 eV
Step: 56200, Temperature: 309.33 K, Total Energy: -30034.837851 eV
Step: 56220, Temperature: 309.86 K, Total Energy: -30035.084325 eV
Step: 56240, Temperature: 323.07 K, Total Energy: -30034.919209 eV
Step: 56260, Temperature: 285.87 K, Total Energy: -30035.790631 eV
Step: 56280, Temperature: 300.28 K, Total Energy: -30034.860797 eV
Step: 56300, Temperature: 303.83 K, Total Energy: -30034.542826 eV
Step: 56320, Temperature: 296.43 K, Total Energy: -30034.762563 eV
Step: 56340, Temperature: 303.92 K, Total Energy: -30034.630458 eV
Step: 56360, Temperature: 323.22 K, Total Energy: -30034.442932 eV
Step: 56380, Temperature: 324.30 K, Total Energy: -30034.101133 eV
Step: 56400, Temperature: 295.41 K, Total Energy: -30034.362679 eV
Step: 56420, Temperature: 300.14 K, Total Energy: -30034.825359 eV
Step: 56440, Temperature: 295.05 K, Total Energy: -30034.408817 eV
Step: 56460, Temperature: 299.14 K, Total Energy: -30034.672843 eV
Step: 56480, Temperature: 329.15 K, Total Energy: -30034.320800 eV
Step: 56500, Temperature: 279.31 K, Total Energy: -30034.868026 eV
Step: 56520, Temperature: 281.14 K, Total Energy: -30034.796491 eV
Step: 56540, Temperature: 289.57 K, Total Energy: -30034.601571 eV
Step: 56560, Temperature: 299.59 K, Total Energy: -30034.909653 eV
Step: 56580, Temperature: 297.41 K, Total Energy: -30034.999626 eV
Step: 56600, Temperature: 298.57 K, Total Energy: -30035.333628 eV
Step: 56620, Temperature: 280.92 K, Total Energy: -30034.669196 eV
Step: 56640, Temperature: 304.41 K, Total Energy: -30034.764580 eV
Step: 56660, Temperature: 296.66 K, Total Energy: -30034.528418 eV
Step: 56680, Temperature: 300.88 K, Total Energy: -30034.820287 eV
Step: 56700, Temperature: 301.24 K, Total Energy: -30034.287802 eV
Step: 56720, Temperature: 306.33 K, Total Energy: -30033.993700 eV
Step: 56740, Temperature: 287.82 K, Total Energy: -30034.341111 eV
Step: 56760, Temperature: 287.91 K, Total Energy: -30034.133702 eV
Step: 56780, Temperature: 291.66 K, Total Energy: -30034.296846 eV
Step: 56800, Temperature: 297.74 K, Total Energy: -30034.364398 eV
Step: 56820, Temperature: 309.13 K, Total Energy: -30034.780460 eV
Step: 56840, Temperature: 312.75 K, Total Energy: -30034.878656 eV
Step: 56860, Temperature: 310.76 K, Total Energy: -30035.346743 eV
Step: 56880, Temperature: 272.13 K, Total Energy: -30035.545107 eV
Step: 56900, Temperature: 312.09 K, Total Energy: -30035.014316 eV
Step: 56920, Temperature: 304.24 K, Total Energy: -30034.934920 eV
Step: 56940, Temperature: 306.00 K, Total Energy: -30035.058655 eV
Step: 56960, Temperature: 299.76 K, Total Energy: -30034.850595 eV
Step: 56980, Temperature: 286.36 K, Total Energy: -30035.213708 eV
Step: 57000, Temperature: 311.85 K, Total Energy: -30035.229393 eV
Step: 57020, Temperature: 274.01 K, Total Energy: -30035.482106 eV
Step: 57040, Temperature: 285.54 K, Total Energy: -30035.511631 eV
Step: 57060, Temperature: 311.97 K, Total Energy: -30034.962732 eV
Step: 57080, Temperature: 283.38 K, Total Energy: -30035.398268 eV
Step: 57100, Temperature: 294.37 K, Total Energy: -30035.455087 eV
Step: 57120, Temperature: 298.54 K, Total Energy: -30035.188079 eV
Step: 57140, Temperature: 298.78 K, Total Energy: -30035.338227 eV
Step: 57160, Temperature: 297.63 K, Total Energy: -30035.496018 eV
Step: 57180, Temperature: 303.85 K, Total Energy: -30035.642127 eV
Step: 57200, Temperature: 312.00 K, Total Energy: -30035.944369 eV
Step: 57220, Temperature: 286.86 K, Total Energy: -30036.011683 eV
Step: 57240, Temperature: 311.44 K, Total Energy: -30036.011368 eV
Step: 57260, Temperature: 278.87 K, Total Energy: -30036.213151 eV
Step: 57280, Temperature: 287.84 K, Total Energy: -30036.121759 eV
Step: 57300, Temperature: 293.20 K, Total Energy: -30035.679890 eV
Step: 57320, Temperature: 286.08 K, Total Energy: -30035.830183 eV
Step: 57340, Temperature: 321.30 K, Total Energy: -30035.561457 eV
Step: 57360, Temperature: 294.34 K, Total Energy: -30036.176680 eV
Step: 57380, Temperature: 281.48 K, Total Energy: -30036.570994 eV
Step: 57400, Temperature: 287.18 K, Total Energy: -30036.736125 eV
Step: 57420, Temperature: 282.83 K, Total Energy: -30036.527382 eV
Step: 57440, Temperature: 298.08 K, Total Energy: -30036.642942 eV
Step: 57460, Temperature: 297.59 K, Total Energy: -30036.006872 eV
Step: 57480, Temperature: 299.20 K, Total Energy: -30036.311894 eV
Step: 57500, Temperature: 290.70 K, Total Energy: -30036.787861 eV
Step: 57520, Temperature: 296.10 K, Total Energy: -30036.681246 eV
Step: 57540, Temperature: 285.88 K, Total Energy: -30036.464013 eV
Step: 57560, Temperature: 292.73 K, Total Energy: -30036.404788 eV
Step: 57580, Temperature: 292.68 K, Total Energy: -30036.089504 eV
Step: 57600, Temperature: 293.59 K, Total Energy: -30036.252130 eV
Step: 57620, Temperature: 287.37 K, Total Energy: -30036.576899 eV
Step: 57640, Temperature: 281.56 K, Total Energy: -30036.611971 eV
Step: 57660, Temperature: 293.36 K, Total Energy: -30036.459169 eV
Step: 57680, Temperature: 322.55 K, Total Energy: -30036.473510 eV
Step: 57700, Temperature: 274.30 K, Total Energy: -30036.222902 eV
Step: 57720, Temperature: 282.91 K, Total Energy: -30036.607323 eV
Step: 57740, Temperature: 317.42 K, Total Energy: -30036.659347 eV
Step: 57760, Temperature: 279.17 K, Total Energy: -30036.594109 eV
Step: 57780, Temperature: 242.30 K, Total Energy: -30037.140626 eV
Step: 57800, Temperature: 296.37 K, Total Energy: -30036.109798 eV
Step: 57820, Temperature: 274.43 K, Total Energy: -30036.194170 eV
Step: 57840, Temperature: 290.50 K, Total Energy: -30035.929643 eV
Step: 57860, Temperature: 296.59 K, Total Energy: -30035.688296 eV
Step: 57880, Temperature: 315.98 K, Total Energy: -30035.064792 eV
Step: 57900, Temperature: 305.15 K, Total Energy: -30035.953109 eV
Step: 57920, Temperature: 279.45 K, Total Energy: -30036.602867 eV
Step: 57940, Temperature: 293.69 K, Total Energy: -30035.624657 eV
Step: 57960, Temperature: 328.63 K, Total Energy: -30034.845631 eV
Step: 57980, Temperature: 326.05 K, Total Energy: -30034.539502 eV
Step: 58000, Temperature: 311.58 K, Total Energy: -30035.099426 eV
Step: 58020, Temperature: 311.57 K, Total Energy: -30035.257994 eV
Step: 58040, Temperature: 308.02 K, Total Energy: -30035.333771 eV
Step: 58060, Temperature: 321.38 K, Total Energy: -30035.041855 eV
Step: 58080, Temperature: 312.97 K, Total Energy: -30034.630883 eV
Step: 58100, Temperature: 301.56 K, Total Energy: -30034.799245 eV
Step: 58120, Temperature: 304.84 K, Total Energy: -30034.886533 eV
Step: 58140, Temperature: 312.58 K, Total Energy: -30034.494138 eV
Step: 58160, Temperature: 296.22 K, Total Energy: -30035.016116 eV
Step: 58180, Temperature: 325.77 K, Total Energy: -30034.632413 eV
Step: 58200, Temperature: 302.14 K, Total Energy: -30034.745800 eV
Step: 58220, Temperature: 300.85 K, Total Energy: -30034.764512 eV
Step: 58240, Temperature: 318.16 K, Total Energy: -30034.324277 eV
Step: 58260, Temperature: 316.39 K, Total Energy: -30033.570103 eV
Step: 58280, Temperature: 310.21 K, Total Energy: -30033.575362 eV
Step: 58300, Temperature: 343.57 K, Total Energy: -30033.763996 eV
Step: 58320, Temperature: 315.98 K, Total Energy: -30034.865656 eV
Step: 58340, Temperature: 321.08 K, Total Energy: -30035.645158 eV
Step: 58360, Temperature: 293.11 K, Total Energy: -30036.342334 eV
Step: 58380, Temperature: 286.79 K, Total Energy: -30036.872889 eV
Step: 58400, Temperature: 303.41 K, Total Energy: -30036.321201 eV
Step: 58420, Temperature: 312.25 K, Total Energy: -30036.412782 eV
Step: 58440, Temperature: 307.80 K, Total Energy: -30036.149992 eV
Step: 58460, Temperature: 310.67 K, Total Energy: -30036.026666 eV
Step: 58480, Temperature: 326.32 K, Total Energy: -30035.591245 eV
Step: 58500, Temperature: 334.61 K, Total Energy: -30035.653862 eV
Step: 58520, Temperature: 302.73 K, Total Energy: -30035.736640 eV
Step: 58540, Temperature: 326.00 K, Total Energy: -30035.394399 eV
Step: 58560, Temperature: 287.21 K, Total Energy: -30036.469714 eV
Step: 58580, Temperature: 302.89 K, Total Energy: -30036.681815 eV
Step: 58600, Temperature: 306.78 K, Total Energy: -30036.611272 eV
Step: 58620, Temperature: 300.18 K, Total Energy: -30036.179755 eV
Step: 58640, Temperature: 301.43 K, Total Energy: -30036.380781 eV
Step: 58660, Temperature: 313.91 K, Total Energy: -30036.105330 eV
Step: 58680, Temperature: 327.86 K, Total Energy: -30036.364968 eV
Step: 58700, Temperature: 288.36 K, Total Energy: -30036.454390 eV
Step: 58720, Temperature: 294.06 K, Total Energy: -30036.791115 eV
Step: 58740, Temperature: 308.09 K, Total Energy: -30036.435472 eV
Step: 58760, Temperature: 290.48 K, Total Energy: -30036.676355 eV
Step: 58780, Temperature: 294.13 K, Total Energy: -30036.264104 eV
Step: 58800, Temperature: 299.95 K, Total Energy: -30036.626938 eV
Step: 58820, Temperature: 291.95 K, Total Energy: -30036.604077 eV
Step: 58840, Temperature: 281.01 K, Total Energy: -30036.543880 eV
Step: 58860, Temperature: 316.84 K, Total Energy: -30036.363511 eV
Step: 58880, Temperature: 309.02 K, Total Energy: -30036.376894 eV
Step: 58900, Temperature: 293.72 K, Total Energy: -30036.368093 eV
Step: 58920, Temperature: 299.98 K, Total Energy: -30036.030580 eV
Step: 58940, Temperature: 311.02 K, Total Energy: -30036.051170 eV
Step: 58960, Temperature: 278.03 K, Total Energy: -30036.499906 eV
Step: 58980, Temperature: 317.65 K, Total Energy: -30036.401526 eV
Step: 59000, Temperature: 287.73 K, Total Energy: -30036.352944 eV
Step: 59020, Temperature: 288.76 K, Total Energy: -30036.563295 eV
Step: 59040, Temperature: 288.78 K, Total Energy: -30036.693681 eV
Step: 59060, Temperature: 288.15 K, Total Energy: -30036.147210 eV
Step: 59080, Temperature: 299.60 K, Total Energy: -30035.608632 eV
Step: 59100, Temperature: 284.01 K, Total Energy: -30035.917410 eV
Step: 59120, Temperature: 299.42 K, Total Energy: -30035.605368 eV
Step: 59140, Temperature: 271.07 K, Total Energy: -30035.792558 eV
Step: 59160, Temperature: 265.15 K, Total Energy: -30036.949572 eV
Step: 59180, Temperature: 293.59 K, Total Energy: -30036.302896 eV
Step: 59200, Temperature: 274.73 K, Total Energy: -30036.754878 eV
Step: 59220, Temperature: 290.60 K, Total Energy: -30036.327657 eV
Step: 59240, Temperature: 293.60 K, Total Energy: -30036.093856 eV
Step: 59260, Temperature: 321.14 K, Total Energy: -30035.696557 eV
Step: 59280, Temperature: 310.93 K, Total Energy: -30035.936126 eV
Step: 59300, Temperature: 288.97 K, Total Energy: -30036.640189 eV
Step: 59320, Temperature: 283.79 K, Total Energy: -30035.874330 eV
Step: 59340, Temperature: 291.69 K, Total Energy: -30035.417358 eV
Step: 59360, Temperature: 303.86 K, Total Energy: -30035.637891 eV
Step: 59380, Temperature: 313.31 K, Total Energy: -30035.046050 eV
Step: 59400, Temperature: 297.00 K, Total Energy: -30035.082246 eV
Step: 59420, Temperature: 310.34 K, Total Energy: -30035.652308 eV
Step: 59440, Temperature: 292.87 K, Total Energy: -30035.524215 eV
Step: 59460, Temperature: 291.96 K, Total Energy: -30035.566749 eV
Step: 59480, Temperature: 299.45 K, Total Energy: -30035.989366 eV
Step: 59500, Temperature: 287.90 K, Total Energy: -30035.571399 eV
Step: 59520, Temperature: 309.92 K, Total Energy: -30035.391366 eV
Step: 59540, Temperature: 301.96 K, Total Energy: -30035.886917 eV
Step: 59560, Temperature: 301.94 K, Total Energy: -30035.971504 eV
Step: 59580, Temperature: 293.44 K, Total Energy: -30035.652375 eV
Step: 59600, Temperature: 304.57 K, Total Energy: -30035.620047 eV
Step: 59620, Temperature: 293.57 K, Total Energy: -30035.612111 eV
Step: 59640, Temperature: 277.59 K, Total Energy: -30035.852825 eV
Step: 59660, Temperature: 321.13 K, Total Energy: -30035.356988 eV
Step: 59680, Temperature: 277.92 K, Total Energy: -30035.024089 eV
Step: 59700, Temperature: 348.17 K, Total Energy: -30034.825725 eV
Step: 59720, Temperature: 303.50 K, Total Energy: -30035.195686 eV
Step: 59740, Temperature: 285.19 K, Total Energy: -30034.934640 eV
Step: 59760, Temperature: 337.20 K, Total Energy: -30034.399111 eV
Step: 59780, Temperature: 293.16 K, Total Energy: -30034.641966 eV
Step: 59800, Temperature: 316.33 K, Total Energy: -30034.575393 eV
Step: 59820, Temperature: 335.66 K, Total Energy: -30033.793362 eV
Step: 59840, Temperature: 310.93 K, Total Energy: -30033.891269 eV
Step: 59860, Temperature: 288.24 K, Total Energy: -30033.949519 eV
Step: 59880, Temperature: 311.81 K, Total Energy: -30033.929665 eV
Step: 59900, Temperature: 323.72 K, Total Energy: -30033.900982 eV
Step: 59920, Temperature: 332.43 K, Total Energy: -30033.892272 eV
Step: 59940, Temperature: 320.99 K, Total Energy: -30034.010862 eV
Step: 59960, Temperature: 321.83 K, Total Energy: -30034.138156 eV
Step: 59980, Temperature: 309.03 K, Total Energy: -30034.550418 eV
Step: 60000, Temperature: 296.51 K, Total Energy: -30034.328886 eV
Step: 60020, Temperature: 289.23 K, Total Energy: -30034.795732 eV
Step: 60040, Temperature: 328.95 K, Total Energy: -30034.526871 eV
Step: 60060, Temperature: 328.12 K, Total Energy: -30034.389705 eV
Step: 60080, Temperature: 343.85 K, Total Energy: -30034.682589 eV
Step: 60100, Temperature: 314.73 K, Total Energy: -30034.750537 eV
Step: 60120, Temperature: 305.67 K, Total Energy: -30035.369716 eV
Step: 60140, Temperature: 302.40 K, Total Energy: -30034.936291 eV
Step: 60160, Temperature: 322.35 K, Total Energy: -30034.945152 eV
Step: 60180, Temperature: 331.01 K, Total Energy: -30035.295314 eV
Step: 60200, Temperature: 307.15 K, Total Energy: -30035.240581 eV
Step: 60220, Temperature: 298.23 K, Total Energy: -30035.164472 eV
Step: 60240, Temperature: 320.47 K, Total Energy: -30035.074767 eV
Step: 60260, Temperature: 297.76 K, Total Energy: -30034.953771 eV
Step: 60280, Temperature: 309.54 K, Total Energy: -30035.191939 eV
Step: 60300, Temperature: 306.94 K, Total Energy: -30034.960507 eV
Step: 60320, Temperature: 297.54 K, Total Energy: -30035.203479 eV
Step: 60340, Temperature: 282.64 K, Total Energy: -30034.981438 eV
Step: 60360, Temperature: 278.18 K, Total Energy: -30034.849573 eV
Step: 60380, Temperature: 326.14 K, Total Energy: -30034.705319 eV
Step: 60400, Temperature: 307.58 K, Total Energy: -30034.251241 eV
Step: 60420, Temperature: 334.17 K, Total Energy: -30034.498874 eV
Step: 60440, Temperature: 332.06 K, Total Energy: -30034.714188 eV
Step: 60460, Temperature: 329.78 K, Total Energy: -30034.375052 eV
Step: 60480, Temperature: 337.68 K, Total Energy: -30034.810865 eV
Step: 60500, Temperature: 336.68 K, Total Energy: -30034.713061 eV
Step: 60520, Temperature: 337.06 K, Total Energy: -30035.009933 eV
Step: 60540, Temperature: 309.36 K, Total Energy: -30035.911353 eV
Step: 60560, Temperature: 319.06 K, Total Energy: -30035.752735 eV
Step: 60580, Temperature: 319.33 K, Total Energy: -30035.304670 eV
Step: 60600, Temperature: 325.79 K, Total Energy: -30035.999155 eV
Step: 60620, Temperature: 324.99 K, Total Energy: -30035.749710 eV
Step: 60640, Temperature: 311.35 K, Total Energy: -30035.228376 eV
Step: 60660, Temperature: 295.35 K, Total Energy: -30035.623907 eV
Step: 60680, Temperature: 297.14 K, Total Energy: -30035.668695 eV
Step: 60700, Temperature: 272.05 K, Total Energy: -30035.992458 eV
Step: 60720, Temperature: 292.75 K, Total Energy: -30035.824152 eV
Step: 60740, Temperature: 302.26 K, Total Energy: -30035.857792 eV
Step: 60760, Temperature: 300.45 K, Total Energy: -30036.292100 eV
Step: 60780, Temperature: 296.92 K, Total Energy: -30035.824554 eV
Step: 60800, Temperature: 317.22 K, Total Energy: -30035.963272 eV
Step: 60820, Temperature: 278.50 K, Total Energy: -30036.597357 eV
Step: 60840, Temperature: 280.90 K, Total Energy: -30036.694999 eV
Step: 60860, Temperature: 306.20 K, Total Energy: -30036.250777 eV
Step: 60880, Temperature: 280.12 K, Total Energy: -30036.478319 eV
Step: 60900, Temperature: 310.58 K, Total Energy: -30035.859067 eV
Step: 60920, Temperature: 311.70 K, Total Energy: -30035.883502 eV
Step: 60940, Temperature: 281.79 K, Total Energy: -30035.776162 eV
Step: 60960, Temperature: 276.14 K, Total Energy: -30035.727268 eV
Step: 60980, Temperature: 244.08 K, Total Energy: -30035.443621 eV
Step: 61000, Temperature: 279.04 K, Total Energy: -30035.661811 eV
Step: 61020, Temperature: 295.04 K, Total Energy: -30035.750843 eV
Step: 61040, Temperature: 292.19 K, Total Energy: -30035.189925 eV
Step: 61060, Temperature: 291.64 K, Total Energy: -30035.363761 eV
Step: 61080, Temperature: 308.79 K, Total Energy: -30035.115117 eV
Step: 61100, Temperature: 325.09 K, Total Energy: -30034.977746 eV
Step: 61120, Temperature: 297.01 K, Total Energy: -30035.439376 eV
Step: 61140, Temperature: 298.05 K, Total Energy: -30035.567634 eV
Step: 61160, Temperature: 304.85 K, Total Energy: -30035.630573 eV
Step: 61180, Temperature: 303.33 K, Total Energy: -30035.067216 eV
Step: 61200, Temperature: 322.20 K, Total Energy: -30034.618960 eV
Step: 61220, Temperature: 321.44 K, Total Energy: -30034.555974 eV
Step: 61240, Temperature: 301.20 K, Total Energy: -30034.943183 eV
Step: 61260, Temperature: 313.33 K, Total Energy: -30035.016404 eV
Step: 61280, Temperature: 321.58 K, Total Energy: -30035.154012 eV
Step: 61300, Temperature: 307.57 K, Total Energy: -30035.278748 eV
Step: 61320, Temperature: 336.32 K, Total Energy: -30034.636039 eV
Step: 61340, Temperature: 313.25 K, Total Energy: -30034.703914 eV
Step: 61360, Temperature: 335.19 K, Total Energy: -30034.457445 eV
Step: 61380, Temperature: 322.64 K, Total Energy: -30034.867565 eV
Step: 61400, Temperature: 304.14 K, Total Energy: -30035.533184 eV
Step: 61420, Temperature: 308.62 K, Total Energy: -30035.363590 eV
Step: 61440, Temperature: 313.91 K, Total Energy: -30035.296679 eV
Step: 61460, Temperature: 289.16 K, Total Energy: -30035.141161 eV
Step: 61480, Temperature: 320.75 K, Total Energy: -30035.712207 eV
Step: 61500, Temperature: 291.14 K, Total Energy: -30035.972251 eV
Step: 61520, Temperature: 264.38 K, Total Energy: -30036.845874 eV
Step: 61540, Temperature: 290.99 K, Total Energy: -30036.544339 eV
Step: 61560, Temperature: 303.15 K, Total Energy: -30036.337382 eV
Step: 61580, Temperature: 297.70 K, Total Energy: -30035.752132 eV
Step: 61600, Temperature: 288.47 K, Total Energy: -30035.154733 eV
Step: 61620, Temperature: 306.17 K, Total Energy: -30034.895934 eV
Step: 61640, Temperature: 322.48 K, Total Energy: -30034.965469 eV
Step: 61660, Temperature: 346.33 K, Total Energy: -30035.393537 eV
Step: 61680, Temperature: 310.54 K, Total Energy: -30035.322990 eV
Step: 61700, Temperature: 316.99 K, Total Energy: -30035.619482 eV
Step: 61720, Temperature: 289.43 K, Total Energy: -30036.712420 eV
Step: 61740, Temperature: 282.56 K, Total Energy: -30036.995079 eV
Step: 61760, Temperature: 267.05 K, Total Energy: -30036.829305 eV
Step: 61780, Temperature: 290.15 K, Total Energy: -30036.706168 eV
Step: 61800, Temperature: 278.00 K, Total Energy: -30036.752581 eV
Step: 61820, Temperature: 301.40 K, Total Energy: -30037.067136 eV
Step: 61840, Temperature: 287.26 K, Total Energy: -30036.995768 eV
Step: 61860, Temperature: 299.08 K, Total Energy: -30036.904848 eV
Step: 61880, Temperature: 302.06 K, Total Energy: -30036.681263 eV
Step: 61900, Temperature: 305.95 K, Total Energy: -30036.348922 eV
Step: 61920, Temperature: 306.00 K, Total Energy: -30036.249829 eV
Step: 61940, Temperature: 303.95 K, Total Energy: -30036.293799 eV
Step: 61960, Temperature: 296.48 K, Total Energy: -30036.021207 eV
Step: 61980, Temperature: 295.95 K, Total Energy: -30035.977885 eV
Step: 62000, Temperature: 286.99 K, Total Energy: -30035.715491 eV
Step: 62020, Temperature: 308.98 K, Total Energy: -30036.157279 eV
Step: 62040, Temperature: 301.72 K, Total Energy: -30036.264152 eV
Step: 62060, Temperature: 323.05 K, Total Energy: -30035.759672 eV
Step: 62080, Temperature: 340.32 K, Total Energy: -30035.414184 eV
Step: 62100, Temperature: 318.15 K, Total Energy: -30034.969050 eV
Step: 62120, Temperature: 339.64 K, Total Energy: -30034.808398 eV
Step: 62140, Temperature: 292.53 K, Total Energy: -30034.931322 eV
Step: 62160, Temperature: 329.32 K, Total Energy: -30035.111413 eV
Step: 62180, Temperature: 324.58 K, Total Energy: -30035.016111 eV
Step: 62200, Temperature: 318.27 K, Total Energy: -30035.073592 eV
Step: 62220, Temperature: 319.73 K, Total Energy: -30035.343213 eV
Step: 62240, Temperature: 347.31 K, Total Energy: -30035.003594 eV
Step: 62260, Temperature: 331.81 K, Total Energy: -30035.316078 eV
Step: 62280, Temperature: 296.93 K, Total Energy: -30036.060679 eV
Step: 62300, Temperature: 278.55 K, Total Energy: -30036.475111 eV
Step: 62320, Temperature: 313.09 K, Total Energy: -30036.602389 eV
Step: 62340, Temperature: 307.97 K, Total Energy: -30036.032442 eV
Step: 62360, Temperature: 286.04 K, Total Energy: -30036.426773 eV
Step: 62380, Temperature: 298.70 K, Total Energy: -30036.381227 eV
Step: 62400, Temperature: 321.95 K, Total Energy: -30035.970946 eV
Step: 62420, Temperature: 317.87 K, Total Energy: -30035.731899 eV
Step: 62440, Temperature: 325.98 K, Total Energy: -30035.635048 eV
Step: 62460, Temperature: 299.05 K, Total Energy: -30035.276611 eV
Step: 62480, Temperature: 312.23 K, Total Energy: -30035.381998 eV
Step: 62500, Temperature: 303.17 K, Total Energy: -30035.381795 eV
Step: 62520, Temperature: 293.09 K, Total Energy: -30035.249097 eV
Step: 62540, Temperature: 344.02 K, Total Energy: -30034.322840 eV
Step: 62560, Temperature: 310.00 K, Total Energy: -30034.725361 eV
Step: 62580, Temperature: 313.05 K, Total Energy: -30035.369038 eV
Step: 62600, Temperature: 278.93 K, Total Energy: -30036.104175 eV
Step: 62620, Temperature: 287.53 K, Total Energy: -30035.635481 eV
Step: 62640, Temperature: 288.30 K, Total Energy: -30035.801505 eV
Step: 62660, Temperature: 304.62 K, Total Energy: -30035.743700 eV
Step: 62680, Temperature: 286.51 K, Total Energy: -30035.573276 eV
Step: 62700, Temperature: 295.83 K, Total Energy: -30035.457368 eV
Step: 62720, Temperature: 316.85 K, Total Energy: -30035.343742 eV
Step: 62740, Temperature: 310.55 K, Total Energy: -30035.320808 eV
Step: 62760, Temperature: 321.50 K, Total Energy: -30035.343514 eV
Step: 62780, Temperature: 296.44 K, Total Energy: -30035.424565 eV
Step: 62800, Temperature: 300.64 K, Total Energy: -30035.834368 eV
Step: 62820, Temperature: 287.92 K, Total Energy: -30036.061018 eV
Step: 62840, Temperature: 284.15 K, Total Energy: -30036.505684 eV
Step: 62860, Temperature: 300.32 K, Total Energy: -30036.154919 eV
Step: 62880, Temperature: 289.07 K, Total Energy: -30036.026272 eV
Step: 62900, Temperature: 288.91 K, Total Energy: -30035.821374 eV
Step: 62920, Temperature: 300.60 K, Total Energy: -30035.845141 eV
Step: 62940, Temperature: 286.71 K, Total Energy: -30035.677601 eV
Step: 62960, Temperature: 295.22 K, Total Energy: -30035.902574 eV
Step: 62980, Temperature: 288.65 K, Total Energy: -30035.570054 eV
Step: 63000, Temperature: 283.51 K, Total Energy: -30035.992558 eV
Step: 63020, Temperature: 315.35 K, Total Energy: -30036.145198 eV
Step: 63040, Temperature: 329.47 K, Total Energy: -30035.904494 eV
Step: 63060, Temperature: 291.84 K, Total Energy: -30036.134314 eV
Step: 63080, Temperature: 297.81 K, Total Energy: -30036.444750 eV
Step: 63100, Temperature: 294.48 K, Total Energy: -30035.854891 eV
Step: 63120, Temperature: 300.63 K, Total Energy: -30035.336402 eV
Step: 63140, Temperature: 290.65 K, Total Energy: -30035.777564 eV
Step: 63160, Temperature: 305.50 K, Total Energy: -30035.760515 eV
Step: 63180, Temperature: 286.19 K, Total Energy: -30036.014951 eV
Step: 63200, Temperature: 314.23 K, Total Energy: -30035.595317 eV
Step: 63220, Temperature: 303.42 K, Total Energy: -30035.297423 eV
Step: 63240, Temperature: 297.20 K, Total Energy: -30035.506822 eV
Step: 63260, Temperature: 310.83 K, Total Energy: -30034.993380 eV
Step: 63280, Temperature: 303.65 K, Total Energy: -30035.432297 eV
Step: 63300, Temperature: 319.19 K, Total Energy: -30035.452747 eV
Step: 63320, Temperature: 309.62 K, Total Energy: -30036.029883 eV
Step: 63340, Temperature: 261.27 K, Total Energy: -30035.920394 eV
Step: 63360, Temperature: 302.78 K, Total Energy: -30035.440609 eV
Step: 63380, Temperature: 321.57 K, Total Energy: -30035.031219 eV
Step: 63400, Temperature: 305.37 K, Total Energy: -30034.701445 eV
Step: 63420, Temperature: 313.25 K, Total Energy: -30034.733148 eV
Step: 63440, Temperature: 325.68 K, Total Energy: -30034.535150 eV
Step: 63460, Temperature: 328.85 K, Total Energy: -30034.072431 eV
Step: 63480, Temperature: 329.48 K, Total Energy: -30033.769488 eV
Step: 63500, Temperature: 304.40 K, Total Energy: -30034.745382 eV
Step: 63520, Temperature: 314.35 K, Total Energy: -30035.053140 eV
Step: 63540, Temperature: 285.76 K, Total Energy: -30035.225074 eV
Step: 63560, Temperature: 303.63 K, Total Energy: -30035.846882 eV
Step: 63580, Temperature: 306.80 K, Total Energy: -30036.333404 eV
Step: 63600, Temperature: 308.56 K, Total Energy: -30035.851545 eV
Step: 63620, Temperature: 292.81 K, Total Energy: -30035.431937 eV
Step: 63640, Temperature: 308.17 K, Total Energy: -30035.292994 eV
Step: 63660, Temperature: 308.41 K, Total Energy: -30034.843551 eV
Step: 63680, Temperature: 311.33 K, Total Energy: -30035.207395 eV
Step: 63700, Temperature: 274.85 K, Total Energy: -30036.029301 eV
Step: 63720, Temperature: 275.00 K, Total Energy: -30036.402540 eV
Step: 63740, Temperature: 270.98 K, Total Energy: -30035.952848 eV
Step: 63760, Temperature: 273.80 K, Total Energy: -30036.430602 eV
Step: 63780, Temperature: 282.42 K, Total Energy: -30036.637333 eV
Step: 63800, Temperature: 292.09 K, Total Energy: -30036.487360 eV
Step: 63820, Temperature: 274.18 K, Total Energy: -30036.171239 eV
Step: 63840, Temperature: 305.03 K, Total Energy: -30035.948220 eV
Step: 63860, Temperature: 316.86 K, Total Energy: -30035.644284 eV
Step: 63880, Temperature: 297.86 K, Total Energy: -30035.679628 eV
Step: 63900, Temperature: 309.42 K, Total Energy: -30035.511446 eV
Step: 63920, Temperature: 305.21 K, Total Energy: -30035.340079 eV
Step: 63940, Temperature: 299.80 K, Total Energy: -30035.710908 eV
Step: 63960, Temperature: 274.20 K, Total Energy: -30036.203875 eV
Step: 63980, Temperature: 280.99 K, Total Energy: -30035.821628 eV
Step: 64000, Temperature: 306.49 K, Total Energy: -30036.128228 eV
Step: 64020, Temperature: 298.89 K, Total Energy: -30035.380326 eV
Step: 64040, Temperature: 310.63 K, Total Energy: -30035.275773 eV
Step: 64060, Temperature: 293.25 K, Total Energy: -30035.872146 eV
Step: 64080, Temperature: 294.21 K, Total Energy: -30035.760126 eV
Step: 64100, Temperature: 293.52 K, Total Energy: -30035.320395 eV
Step: 64120, Temperature: 316.88 K, Total Energy: -30034.963897 eV
Step: 64140, Temperature: 293.64 K, Total Energy: -30035.561451 eV
Step: 64160, Temperature: 311.69 K, Total Energy: -30035.497070 eV
Step: 64180, Temperature: 318.12 K, Total Energy: -30035.047887 eV
Step: 64200, Temperature: 293.50 K, Total Energy: -30035.104091 eV
Step: 64220, Temperature: 319.96 K, Total Energy: -30035.382510 eV
Step: 64240, Temperature: 322.08 K, Total Energy: -30034.495009 eV
Step: 64260, Temperature: 317.07 K, Total Energy: -30034.439561 eV
Step: 64280, Temperature: 329.06 K, Total Energy: -30034.000613 eV
Step: 64300, Temperature: 318.61 K, Total Energy: -30034.344251 eV
Step: 64320, Temperature: 313.14 K, Total Energy: -30034.843475 eV
Step: 64340, Temperature: 327.12 K, Total Energy: -30034.537895 eV
Step: 64360, Temperature: 319.11 K, Total Energy: -30034.857092 eV
Step: 64380, Temperature: 340.39 K, Total Energy: -30034.582469 eV
Step: 64400, Temperature: 309.89 K, Total Energy: -30035.196896 eV
Step: 64420, Temperature: 295.25 K, Total Energy: -30036.216306 eV
Step: 64440, Temperature: 287.18 K, Total Energy: -30035.652025 eV
Step: 64460, Temperature: 286.58 K, Total Energy: -30035.344935 eV
Step: 64480, Temperature: 304.67 K, Total Energy: -30035.582333 eV
Step: 64500, Temperature: 270.20 K, Total Energy: -30035.665904 eV
Step: 64520, Temperature: 280.39 K, Total Energy: -30036.003014 eV
Step: 64540, Temperature: 288.47 K, Total Energy: -30035.912511 eV
Step: 64560, Temperature: 274.44 K, Total Energy: -30035.990841 eV
Step: 64580, Temperature: 290.34 K, Total Energy: -30035.830275 eV
Step: 64600, Temperature: 284.48 K, Total Energy: -30035.811958 eV
Step: 64620, Temperature: 280.23 K, Total Energy: -30036.331140 eV
Step: 64640, Temperature: 289.74 K, Total Energy: -30035.841477 eV
Step: 64660, Temperature: 307.27 K, Total Energy: -30035.214032 eV
Step: 64680, Temperature: 296.78 K, Total Energy: -30035.023287 eV
Step: 64700, Temperature: 284.67 K, Total Energy: -30035.367590 eV
Step: 64720, Temperature: 292.19 K, Total Energy: -30035.805151 eV
Step: 64740, Temperature: 296.17 K, Total Energy: -30035.382575 eV
Step: 64760, Temperature: 286.50 K, Total Energy: -30036.075327 eV
Step: 64780, Temperature: 274.40 K, Total Energy: -30035.966343 eV
Step: 64800, Temperature: 279.24 K, Total Energy: -30035.414750 eV
Step: 64820, Temperature: 309.58 K, Total Energy: -30035.343205 eV
Step: 64840, Temperature: 295.27 K, Total Energy: -30035.504755 eV
Step: 64860, Temperature: 333.04 K, Total Energy: -30034.767520 eV
Step: 64880, Temperature: 318.55 K, Total Energy: -30035.019509 eV
Step: 64900, Temperature: 310.81 K, Total Energy: -30034.730373 eV
Step: 64920, Temperature: 315.86 K, Total Energy: -30035.466350 eV
Step: 64940, Temperature: 301.09 K, Total Energy: -30034.862000 eV
Step: 64960, Temperature: 335.74 K, Total Energy: -30034.816627 eV
Step: 64980, Temperature: 283.67 K, Total Energy: -30035.470983 eV
Step: 65000, Temperature: 282.65 K, Total Energy: -30036.184127 eV
Step: 65020, Temperature: 302.22 K, Total Energy: -30036.222233 eV
Step: 65040, Temperature: 309.12 K, Total Energy: -30035.897835 eV
Step: 65060, Temperature: 306.80 K, Total Energy: -30036.052110 eV
Step: 65080, Temperature: 282.18 K, Total Energy: -30036.151225 eV
Step: 65100, Temperature: 296.49 K, Total Energy: -30036.319752 eV
Step: 65120, Temperature: 270.55 K, Total Energy: -30036.237298 eV
Step: 65140, Temperature: 307.18 K, Total Energy: -30036.007351 eV
Step: 65160, Temperature: 316.74 K, Total Energy: -30035.393397 eV
Step: 65180, Temperature: 274.37 K, Total Energy: -30036.162525 eV
Step: 65200, Temperature: 271.43 K, Total Energy: -30036.750292 eV
Step: 65220, Temperature: 297.11 K, Total Energy: -30036.327637 eV
Step: 65240, Temperature: 303.18 K, Total Energy: -30036.606244 eV
Step: 65260, Temperature: 278.79 K, Total Energy: -30036.621456 eV
Step: 65280, Temperature: 283.61 K, Total Energy: -30036.857398 eV
Step: 65300, Temperature: 289.35 K, Total Energy: -30036.216486 eV
Step: 65320, Temperature: 299.14 K, Total Energy: -30036.063523 eV
Step: 65340, Temperature: 291.23 K, Total Energy: -30035.788292 eV
Step: 65360, Temperature: 285.55 K, Total Energy: -30036.265394 eV
Step: 65380, Temperature: 296.18 K, Total Energy: -30036.032538 eV
Step: 65400, Temperature: 278.51 K, Total Energy: -30036.095182 eV
Step: 65420, Temperature: 286.18 K, Total Energy: -30036.134354 eV
Step: 65440, Temperature: 298.69 K, Total Energy: -30035.852081 eV
Step: 65460, Temperature: 320.72 K, Total Energy: -30035.466786 eV
Step: 65480, Temperature: 295.43 K, Total Energy: -30035.361963 eV
Step: 65500, Temperature: 298.04 K, Total Energy: -30035.595110 eV
Step: 65520, Temperature: 309.81 K, Total Energy: -30035.884404 eV
Step: 65540, Temperature: 306.30 K, Total Energy: -30035.595960 eV
Step: 65560, Temperature: 304.37 K, Total Energy: -30036.169820 eV
Step: 65580, Temperature: 295.58 K, Total Energy: -30035.739274 eV
Step: 65600, Temperature: 283.90 K, Total Energy: -30035.584406 eV
Step: 65620, Temperature: 286.30 K, Total Energy: -30035.678112 eV
Step: 65640, Temperature: 297.36 K, Total Energy: -30035.887691 eV
Step: 65660, Temperature: 289.66 K, Total Energy: -30035.511350 eV
Step: 65680, Temperature: 299.17 K, Total Energy: -30035.631110 eV
Step: 65700, Temperature: 290.07 K, Total Energy: -30035.741210 eV
Step: 65720, Temperature: 289.94 K, Total Energy: -30035.496501 eV
Step: 65740, Temperature: 288.14 K, Total Energy: -30035.307500 eV
Step: 65760, Temperature: 289.84 K, Total Energy: -30035.317336 eV
Step: 65780, Temperature: 304.90 K, Total Energy: -30035.195709 eV
Step: 65800, Temperature: 290.55 K, Total Energy: -30035.489084 eV
Step: 65820, Temperature: 280.69 K, Total Energy: -30036.083156 eV
Step: 65840, Temperature: 305.37 K, Total Energy: -30035.596031 eV
Step: 65860, Temperature: 290.68 K, Total Energy: -30036.229850 eV
Step: 65880, Temperature: 292.43 K, Total Energy: -30035.974851 eV
Step: 65900, Temperature: 260.64 K, Total Energy: -30036.807316 eV
Step: 65920, Temperature: 292.10 K, Total Energy: -30036.160776 eV
Step: 65940, Temperature: 297.45 K, Total Energy: -30036.074776 eV
Step: 65960, Temperature: 315.69 K, Total Energy: -30035.572121 eV
Step: 65980, Temperature: 314.92 K, Total Energy: -30036.216589 eV
Step: 66000, Temperature: 292.18 K, Total Energy: -30037.010479 eV
Step: 66020, Temperature: 314.54 K, Total Energy: -30036.183220 eV
Step: 66040, Temperature: 306.53 K, Total Energy: -30036.058926 eV
Step: 66060, Temperature: 268.08 K, Total Energy: -30036.321008 eV
Step: 66080, Temperature: 295.15 K, Total Energy: -30036.185499 eV
Step: 66100, Temperature: 299.29 K, Total Energy: -30036.456314 eV
Step: 66120, Temperature: 299.84 K, Total Energy: -30036.442401 eV
Step: 66140, Temperature: 277.99 K, Total Energy: -30036.928654 eV
Step: 66160, Temperature: 265.70 K, Total Energy: -30036.236384 eV
Step: 66180, Temperature: 291.97 K, Total Energy: -30036.619273 eV
Step: 66200, Temperature: 317.79 K, Total Energy: -30036.261262 eV
Step: 66220, Temperature: 303.05 K, Total Energy: -30035.757953 eV
Step: 66240, Temperature: 298.15 K, Total Energy: -30035.426249 eV
Step: 66260, Temperature: 306.33 K, Total Energy: -30035.687009 eV
Step: 66280, Temperature: 304.69 K, Total Energy: -30035.695172 eV
Step: 66300, Temperature: 273.86 K, Total Energy: -30036.017114 eV
Step: 66320, Temperature: 283.35 K, Total Energy: -30035.943945 eV
Step: 66340, Temperature: 293.45 K, Total Energy: -30036.449165 eV
Step: 66360, Temperature: 315.90 K, Total Energy: -30035.949539 eV
Step: 66380, Temperature: 296.11 K, Total Energy: -30035.737399 eV
Step: 66400, Temperature: 307.13 K, Total Energy: -30035.121801 eV
Step: 66420, Temperature: 311.82 K, Total Energy: -30035.656067 eV
Step: 66440, Temperature: 290.62 K, Total Energy: -30035.366057 eV
Step: 66460, Temperature: 302.05 K, Total Energy: -30035.283092 eV
Step: 66480, Temperature: 297.89 K, Total Energy: -30035.419086 eV
Step: 66500, Temperature: 299.55 K, Total Energy: -30035.377389 eV
Step: 66520, Temperature: 293.30 K, Total Energy: -30035.607157 eV
Step: 66540, Temperature: 315.50 K, Total Energy: -30035.311396 eV
Step: 66560, Temperature: 321.08 K, Total Energy: -30035.016407 eV
Step: 66580, Temperature: 296.15 K, Total Energy: -30035.328294 eV
Step: 66600, Temperature: 307.21 K, Total Energy: -30035.709790 eV
Step: 66620, Temperature: 286.58 K, Total Energy: -30035.333092 eV
Step: 66640, Temperature: 318.48 K, Total Energy: -30034.767451 eV
Step: 66660, Temperature: 318.65 K, Total Energy: -30034.829617 eV
Step: 66680, Temperature: 301.15 K, Total Energy: -30034.971927 eV
Step: 66700, Temperature: 317.22 K, Total Energy: -30035.707439 eV
Step: 66720, Temperature: 280.50 K, Total Energy: -30035.738402 eV
Step: 66740, Temperature: 284.70 K, Total Energy: -30035.710695 eV
Step: 66760, Temperature: 305.54 K, Total Energy: -30035.218525 eV
Step: 66780, Temperature: 267.86 K, Total Energy: -30035.971030 eV
Step: 66800, Temperature: 256.27 K, Total Energy: -30036.388096 eV
Step: 66820, Temperature: 307.17 K, Total Energy: -30035.693235 eV
Step: 66840, Temperature: 277.42 K, Total Energy: -30036.202845 eV
Step: 66860, Temperature: 273.62 K, Total Energy: -30036.128489 eV
Step: 66880, Temperature: 264.40 K, Total Energy: -30036.245684 eV
Step: 66900, Temperature: 282.12 K, Total Energy: -30036.301019 eV
Step: 66920, Temperature: 301.38 K, Total Energy: -30036.214101 eV
Step: 66940, Temperature: 275.14 K, Total Energy: -30035.988691 eV
Step: 66960, Temperature: 286.89 K, Total Energy: -30035.860623 eV
Step: 66980, Temperature: 265.32 K, Total Energy: -30035.935348 eV
Step: 67000, Temperature: 299.67 K, Total Energy: -30035.803913 eV
Step: 67020, Temperature: 296.94 K, Total Energy: -30035.939224 eV
Step: 67040, Temperature: 278.97 K, Total Energy: -30035.921510 eV
Step: 67060, Temperature: 289.63 K, Total Energy: -30035.570841 eV
Step: 67080, Temperature: 289.52 K, Total Energy: -30035.719906 eV
Step: 67100, Temperature: 320.16 K, Total Energy: -30035.506281 eV
Step: 67120, Temperature: 312.17 K, Total Energy: -30035.772197 eV
Step: 67140, Temperature: 298.72 K, Total Energy: -30035.997985 eV
Step: 67160, Temperature: 318.30 K, Total Energy: -30035.754308 eV
Step: 67180, Temperature: 307.90 K, Total Energy: -30035.922677 eV
Step: 67200, Temperature: 294.39 K, Total Energy: -30036.610929 eV
Step: 67220, Temperature: 270.84 K, Total Energy: -30036.686953 eV
Step: 67240, Temperature: 278.23 K, Total Energy: -30036.754579 eV
Step: 67260, Temperature: 273.06 K, Total Energy: -30036.681699 eV
Step: 67280, Temperature: 284.43 K, Total Energy: -30036.813207 eV
Step: 67300, Temperature: 277.75 K, Total Energy: -30036.264825 eV
Step: 67320, Temperature: 302.61 K, Total Energy: -30036.052164 eV
Step: 67340, Temperature: 300.45 K, Total Energy: -30035.512934 eV
Step: 67360, Temperature: 304.37 K, Total Energy: -30035.363384 eV
Step: 67380, Temperature: 283.78 K, Total Energy: -30035.237781 eV
Step: 67400, Temperature: 309.30 K, Total Energy: -30035.391377 eV
Step: 67420, Temperature: 288.38 K, Total Energy: -30035.164870 eV
Step: 67440, Temperature: 303.36 K, Total Energy: -30034.457111 eV
Step: 67460, Temperature: 311.91 K, Total Energy: -30034.237653 eV
Step: 67480, Temperature: 324.13 K, Total Energy: -30034.550707 eV
Step: 67500, Temperature: 314.61 K, Total Energy: -30034.439246 eV
Step: 67520, Temperature: 316.66 K, Total Energy: -30035.297751 eV
Step: 67540, Temperature: 313.62 K, Total Energy: -30035.473796 eV
Step: 67560, Temperature: 316.51 K, Total Energy: -30035.682390 eV
Step: 67580, Temperature: 318.80 K, Total Energy: -30035.763239 eV
Step: 67600, Temperature: 295.46 K, Total Energy: -30035.660206 eV
Step: 67620, Temperature: 295.92 K, Total Energy: -30035.875232 eV
Step: 67640, Temperature: 291.30 K, Total Energy: -30036.030692 eV
Step: 67660, Temperature: 292.15 K, Total Energy: -30036.315842 eV
Step: 67680, Temperature: 273.54 K, Total Energy: -30036.859175 eV
Step: 67700, Temperature: 305.11 K, Total Energy: -30036.653322 eV
Step: 67720, Temperature: 287.02 K, Total Energy: -30036.638578 eV
Step: 67740, Temperature: 306.01 K, Total Energy: -30036.652093 eV
Step: 67760, Temperature: 291.83 K, Total Energy: -30036.226318 eV
Step: 67780, Temperature: 280.54 K, Total Energy: -30036.153501 eV
Step: 67800, Temperature: 301.76 K, Total Energy: -30036.026627 eV
Step: 67820, Temperature: 291.72 K, Total Energy: -30035.723049 eV
Step: 67840, Temperature: 277.35 K, Total Energy: -30036.239567 eV
Step: 67860, Temperature: 305.19 K, Total Energy: -30036.307473 eV
Step: 67880, Temperature: 299.13 K, Total Energy: -30036.296061 eV
Step: 67900, Temperature: 298.07 K, Total Energy: -30035.707708 eV
Step: 67920, Temperature: 298.09 K, Total Energy: -30035.324374 eV
Step: 67940, Temperature: 316.25 K, Total Energy: -30034.960336 eV
Step: 67960, Temperature: 333.47 K, Total Energy: -30034.825242 eV
Step: 67980, Temperature: 333.14 K, Total Energy: -30034.846991 eV
Step: 68000, Temperature: 334.21 K, Total Energy: -30034.595553 eV
Step: 68020, Temperature: 312.05 K, Total Energy: -30034.859246 eV
Step: 68040, Temperature: 313.19 K, Total Energy: -30034.717231 eV
Step: 68060, Temperature: 291.22 K, Total Energy: -30034.696615 eV
Step: 68080, Temperature: 322.26 K, Total Energy: -30034.463028 eV
Step: 68100, Temperature: 332.33 K, Total Energy: -30034.367433 eV
Step: 68120, Temperature: 351.08 K, Total Energy: -30033.982709 eV
Step: 68140, Temperature: 323.72 K, Total Energy: -30034.506544 eV
Step: 68160, Temperature: 313.66 K, Total Energy: -30035.089973 eV
Step: 68180, Temperature: 289.65 K, Total Energy: -30035.329983 eV
Step: 68200, Temperature: 317.60 K, Total Energy: -30034.752429 eV
Step: 68220, Temperature: 298.12 K, Total Energy: -30034.858806 eV
Step: 68240, Temperature: 312.09 K, Total Energy: -30034.674571 eV
Step: 68260, Temperature: 281.81 K, Total Energy: -30035.418183 eV
Step: 68280, Temperature: 291.87 K, Total Energy: -30035.879548 eV
Step: 68300, Temperature: 297.47 K, Total Energy: -30035.373096 eV
Step: 68320, Temperature: 299.38 K, Total Energy: -30036.190263 eV
Step: 68340, Temperature: 311.15 K, Total Energy: -30035.696304 eV
Step: 68360, Temperature: 346.10 K, Total Energy: -30034.866090 eV
Step: 68380, Temperature: 284.57 K, Total Energy: -30035.563541 eV
Step: 68400, Temperature: 312.25 K, Total Energy: -30035.754521 eV
Step: 68420, Temperature: 327.40 K, Total Energy: -30035.056300 eV
Step: 68440, Temperature: 301.10 K, Total Energy: -30035.764144 eV
Step: 68460, Temperature: 309.90 K, Total Energy: -30035.757083 eV
Step: 68480, Temperature: 279.69 K, Total Energy: -30036.012829 eV
Step: 68500, Temperature: 305.26 K, Total Energy: -30036.129966 eV
Step: 68520, Temperature: 281.89 K, Total Energy: -30036.392782 eV
Step: 68540, Temperature: 265.41 K, Total Energy: -30037.097369 eV
Step: 68560, Temperature: 256.34 K, Total Energy: -30037.382514 eV
Step: 68580, Temperature: 260.59 K, Total Energy: -30037.538949 eV
Step: 68600, Temperature: 293.83 K, Total Energy: -30036.642545 eV
Step: 68620, Temperature: 270.25 K, Total Energy: -30036.609998 eV
Step: 68640, Temperature: 295.59 K, Total Energy: -30035.945890 eV
Step: 68660, Temperature: 309.33 K, Total Energy: -30035.845796 eV
Step: 68680, Temperature: 304.96 K, Total Energy: -30035.995013 eV
Step: 68700, Temperature: 270.50 K, Total Energy: -30035.810790 eV
Step: 68720, Temperature: 283.58 K, Total Energy: -30035.641140 eV
Step: 68740, Temperature: 293.49 K, Total Energy: -30035.696204 eV
Step: 68760, Temperature: 298.73 K, Total Energy: -30035.456588 eV
Step: 68780, Temperature: 326.29 K, Total Energy: -30035.371334 eV
Step: 68800, Temperature: 310.49 K, Total Energy: -30035.244204 eV
Step: 68820, Temperature: 291.00 K, Total Energy: -30036.186703 eV
Step: 68840, Temperature: 275.53 K, Total Energy: -30036.096207 eV
Step: 68860, Temperature: 261.38 K, Total Energy: -30036.507515 eV
Step: 68880, Temperature: 274.97 K, Total Energy: -30036.621943 eV
Step: 68900, Temperature: 265.78 K, Total Energy: -30036.423761 eV
Step: 68920, Temperature: 294.90 K, Total Energy: -30036.023867 eV
Step: 68940, Temperature: 294.34 K, Total Energy: -30035.637538 eV
Step: 68960, Temperature: 291.55 K, Total Energy: -30035.532148 eV
Step: 68980, Temperature: 285.46 K, Total Energy: -30035.244214 eV
Step: 69000, Temperature: 305.67 K, Total Energy: -30035.213243 eV
Step: 69020, Temperature: 299.49 K, Total Energy: -30035.447327 eV
Step: 69040, Temperature: 290.40 K, Total Energy: -30035.447958 eV
Step: 69060, Temperature: 291.92 K, Total Energy: -30035.362596 eV
Step: 69080, Temperature: 273.73 K, Total Energy: -30035.449957 eV
Step: 69100, Temperature: 307.08 K, Total Energy: -30035.287296 eV
Step: 69120, Temperature: 309.47 K, Total Energy: -30035.047300 eV
Step: 69140, Temperature: 305.49 K, Total Energy: -30034.801986 eV
Step: 69160, Temperature: 319.70 K, Total Energy: -30035.228870 eV
Step: 69180, Temperature: 283.25 K, Total Energy: -30035.522583 eV
Step: 69200, Temperature: 298.09 K, Total Energy: -30035.193503 eV
Step: 69220, Temperature: 315.83 K, Total Energy: -30035.191733 eV
Step: 69240, Temperature: 311.12 K, Total Energy: -30034.935431 eV
Step: 69260, Temperature: 281.02 K, Total Energy: -30035.608020 eV
Step: 69280, Temperature: 299.77 K, Total Energy: -30034.807448 eV
Step: 69300, Temperature: 314.63 K, Total Energy: -30034.718003 eV
Step: 69320, Temperature: 306.36 K, Total Energy: -30035.012440 eV
Step: 69340, Temperature: 298.54 K, Total Energy: -30035.246626 eV
Step: 69360, Temperature: 295.58 K, Total Energy: -30035.141498 eV
Step: 69380, Temperature: 310.95 K, Total Energy: -30035.054784 eV
Step: 69400, Temperature: 305.08 K, Total Energy: -30035.318018 eV
Step: 69420, Temperature: 287.34 K, Total Energy: -30035.384349 eV
Step: 69440, Temperature: 280.25 K, Total Energy: -30035.346237 eV
Step: 69460, Temperature: 306.10 K, Total Energy: -30035.628337 eV
Step: 69480, Temperature: 299.96 K, Total Energy: -30035.445154 eV
Step: 69500, Temperature: 292.90 K, Total Energy: -30035.359343 eV
Step: 69520, Temperature: 292.32 K, Total Energy: -30035.133748 eV
Step: 69540, Temperature: 310.54 K, Total Energy: -30035.022253 eV
Step: 69560, Temperature: 296.88 K, Total Energy: -30034.643936 eV
Step: 69580, Temperature: 316.51 K, Total Energy: -30034.924369 eV
Step: 69600, Temperature: 293.08 K, Total Energy: -30035.069866 eV
Step: 69620, Temperature: 301.71 K, Total Energy: -30035.588472 eV
Step: 69640, Temperature: 303.17 K, Total Energy: -30035.592881 eV
Step: 69660, Temperature: 299.25 K, Total Energy: -30035.390738 eV
Step: 69680, Temperature: 294.89 K, Total Energy: -30035.219426 eV
Step: 69700, Temperature: 324.29 K, Total Energy: -30035.505643 eV
Step: 69720, Temperature: 304.50 K, Total Energy: -30036.102222 eV
Step: 69740, Temperature: 314.51 K, Total Energy: -30035.072660 eV
Step: 69760, Temperature: 324.95 K, Total Energy: -30035.254838 eV
Step: 69780, Temperature: 319.06 K, Total Energy: -30034.981217 eV
Step: 69800, Temperature: 340.56 K, Total Energy: -30034.334021 eV
Step: 69820, Temperature: 322.71 K, Total Energy: -30033.945874 eV
Step: 69840, Temperature: 328.79 K, Total Energy: -30034.079758 eV
Step: 69860, Temperature: 356.12 K, Total Energy: -30034.285377 eV
Step: 69880, Temperature: 327.80 K, Total Energy: -30034.503189 eV
Step: 69900, Temperature: 322.61 K, Total Energy: -30034.516946 eV
Step: 69920, Temperature: 274.81 K, Total Energy: -30035.168849 eV
Step: 69940, Temperature: 315.58 K, Total Energy: -30035.301427 eV
Step: 69960, Temperature: 319.30 K, Total Energy: -30034.969388 eV
Step: 69980, Temperature: 298.33 K, Total Energy: -30035.570275 eV
Step: 70000, Temperature: 314.19 K, Total Energy: -30035.682250 eV
Step: 70020, Temperature: 281.88 K, Total Energy: -30035.918460 eV
Step: 70040, Temperature: 321.36 K, Total Energy: -30035.747664 eV
Step: 70060, Temperature: 281.13 K, Total Energy: -30036.117087 eV
Step: 70080, Temperature: 277.20 K, Total Energy: -30036.385955 eV
Step: 70100, Temperature: 305.57 K, Total Energy: -30036.303832 eV
Step: 70120, Temperature: 310.24 K, Total Energy: -30036.582624 eV
Step: 70140, Temperature: 297.32 K, Total Energy: -30036.357311 eV
Step: 70160, Temperature: 305.56 K, Total Energy: -30036.886039 eV
Step: 70180, Temperature: 294.33 K, Total Energy: -30037.331232 eV
Step: 70200, Temperature: 274.20 K, Total Energy: -30037.160801 eV
Step: 70220, Temperature: 297.00 K, Total Energy: -30037.138920 eV
Step: 70240, Temperature: 260.02 K, Total Energy: -30037.028108 eV
Step: 70260, Temperature: 286.96 K, Total Energy: -30036.874492 eV
Step: 70280, Temperature: 282.89 K, Total Energy: -30036.787529 eV
Step: 70300, Temperature: 302.39 K, Total Energy: -30037.139867 eV
Step: 70320, Temperature: 280.47 K, Total Energy: -30036.883663 eV
Step: 70340, Temperature: 310.98 K, Total Energy: -30036.515083 eV
Step: 70360, Temperature: 306.91 K, Total Energy: -30036.150950 eV
Step: 70380, Temperature: 305.77 K, Total Energy: -30036.142494 eV
Step: 70400, Temperature: 315.59 K, Total Energy: -30036.133317 eV
Step: 70420, Temperature: 305.08 K, Total Energy: -30036.913770 eV
Step: 70440, Temperature: 296.90 K, Total Energy: -30036.934308 eV
Step: 70460, Temperature: 267.11 K, Total Energy: -30037.036964 eV
Step: 70480, Temperature: 292.02 K, Total Energy: -30036.637463 eV
Step: 70500, Temperature: 280.42 K, Total Energy: -30036.566661 eV
Step: 70520, Temperature: 297.69 K, Total Energy: -30036.475058 eV
Step: 70540, Temperature: 288.99 K, Total Energy: -30036.159276 eV
Step: 70560, Temperature: 301.22 K, Total Energy: -30036.589294 eV
Step: 70580, Temperature: 300.05 K, Total Energy: -30036.438871 eV
Step: 70600, Temperature: 283.51 K, Total Energy: -30036.560979 eV
Step: 70620, Temperature: 266.31 K, Total Energy: -30036.822519 eV
Step: 70640, Temperature: 263.81 K, Total Energy: -30036.536048 eV
Step: 70660, Temperature: 286.55 K, Total Energy: -30036.931639 eV
Step: 70680, Temperature: 258.43 K, Total Energy: -30037.378570 eV
Step: 70700, Temperature: 285.39 K, Total Energy: -30037.056649 eV
Step: 70720, Temperature: 301.58 K, Total Energy: -30036.574330 eV
Step: 70740, Temperature: 272.38 K, Total Energy: -30036.876588 eV
Step: 70760, Temperature: 264.17 K, Total Energy: -30037.099159 eV
Step: 70780, Temperature: 292.73 K, Total Energy: -30036.658531 eV
Step: 70800, Temperature: 286.03 K, Total Energy: -30036.366629 eV
Step: 70820, Temperature: 281.27 K, Total Energy: -30036.244488 eV
Step: 70840, Temperature: 284.64 K, Total Energy: -30036.749191 eV
Step: 70860, Temperature: 280.69 K, Total Energy: -30036.733519 eV
Step: 70880, Temperature: 289.73 K, Total Energy: -30036.501891 eV
Step: 70900, Temperature: 300.71 K, Total Energy: -30035.699633 eV
Step: 70920, Temperature: 322.26 K, Total Energy: -30035.551127 eV
Step: 70940, Temperature: 326.74 K, Total Energy: -30035.660767 eV
Step: 70960, Temperature: 294.25 K, Total Energy: -30036.169072 eV
Step: 70980, Temperature: 309.80 K, Total Energy: -30036.031176 eV
Step: 71000, Temperature: 307.13 K, Total Energy: -30035.805346 eV
Step: 71020, Temperature: 313.78 K, Total Energy: -30035.583073 eV
Step: 71040, Temperature: 285.92 K, Total Energy: -30035.847841 eV
Step: 71060, Temperature: 287.74 K, Total Energy: -30035.718120 eV
Step: 71080, Temperature: 296.82 K, Total Energy: -30035.713775 eV
Step: 71100, Temperature: 322.05 K, Total Energy: -30035.679268 eV
Step: 71120, Temperature: 315.55 K, Total Energy: -30035.659583 eV
Step: 71140, Temperature: 305.23 K, Total Energy: -30035.716499 eV
Step: 71160, Temperature: 302.44 K, Total Energy: -30036.441338 eV
Step: 71180, Temperature: 303.68 K, Total Energy: -30036.634625 eV
Step: 71200, Temperature: 273.87 K, Total Energy: -30036.602663 eV
Step: 71220, Temperature: 301.32 K, Total Energy: -30035.996861 eV
Step: 71240, Temperature: 290.40 K, Total Energy: -30036.172450 eV
Step: 71260, Temperature: 296.35 K, Total Energy: -30036.256735 eV
Step: 71280, Temperature: 264.29 K, Total Energy: -30036.601945 eV
Step: 71300, Temperature: 295.45 K, Total Energy: -30036.511941 eV
Step: 71320, Temperature: 297.20 K, Total Energy: -30036.110469 eV
Step: 71340, Temperature: 289.01 K, Total Energy: -30036.156672 eV
Step: 71360, Temperature: 297.43 K, Total Energy: -30036.030380 eV
Step: 71380, Temperature: 295.73 K, Total Energy: -30035.553661 eV
Step: 71400, Temperature: 283.03 K, Total Energy: -30035.852356 eV
Step: 71420, Temperature: 302.21 K, Total Energy: -30035.466657 eV
Step: 71440, Temperature: 270.23 K, Total Energy: -30035.807717 eV
Step: 71460, Temperature: 298.64 K, Total Energy: -30035.531139 eV
Step: 71480, Temperature: 312.05 K, Total Energy: -30035.646349 eV
Step: 71500, Temperature: 281.79 K, Total Energy: -30035.510525 eV
Step: 71520, Temperature: 290.08 K, Total Energy: -30035.461807 eV
Step: 71540, Temperature: 310.30 K, Total Energy: -30035.397299 eV
Step: 71560, Temperature: 301.14 K, Total Energy: -30035.804168 eV
Step: 71580, Temperature: 320.80 K, Total Energy: -30035.457096 eV
Step: 71600, Temperature: 309.74 K, Total Energy: -30035.388165 eV
Step: 71620, Temperature: 294.80 K, Total Energy: -30035.702215 eV
Step: 71640, Temperature: 317.70 K, Total Energy: -30035.122949 eV
Step: 71660, Temperature: 306.58 K, Total Energy: -30035.045809 eV
Step: 71680, Temperature: 298.76 K, Total Energy: -30035.059459 eV
Step: 71700, Temperature: 306.26 K, Total Energy: -30035.081282 eV
Step: 71720, Temperature: 295.63 K, Total Energy: -30035.241917 eV
Step: 71740, Temperature: 314.15 K, Total Energy: -30035.800436 eV
Step: 71760, Temperature: 298.86 K, Total Energy: -30035.814659 eV
Step: 71780, Temperature: 300.47 K, Total Energy: -30034.709533 eV
Step: 71800, Temperature: 326.66 K, Total Energy: -30034.471368 eV
Step: 71820, Temperature: 288.97 K, Total Energy: -30034.743581 eV
Step: 71840, Temperature: 293.78 K, Total Energy: -30034.934896 eV
Step: 71860, Temperature: 302.35 K, Total Energy: -30034.845941 eV
Step: 71880, Temperature: 297.15 K, Total Energy: -30034.986601 eV
Step: 71900, Temperature: 313.48 K, Total Energy: -30035.086691 eV
Step: 71920, Temperature: 305.23 K, Total Energy: -30035.132529 eV
Step: 71940, Temperature: 307.51 K, Total Energy: -30034.860221 eV
Step: 71960, Temperature: 295.36 K, Total Energy: -30035.172311 eV
Step: 71980, Temperature: 304.36 K, Total Energy: -30035.232627 eV
Step: 72000, Temperature: 283.47 K, Total Energy: -30035.384311 eV
Step: 72020, Temperature: 271.55 K, Total Energy: -30035.626174 eV
Step: 72040, Temperature: 275.96 K, Total Energy: -30035.200487 eV
Step: 72060, Temperature: 311.25 K, Total Energy: -30035.326492 eV
Step: 72080, Temperature: 304.71 K, Total Energy: -30035.290198 eV
Step: 72100, Temperature: 292.58 K, Total Energy: -30034.980828 eV
Step: 72120, Temperature: 292.97 K, Total Energy: -30034.945507 eV
Step: 72140, Temperature: 305.61 K, Total Energy: -30034.941361 eV
Step: 72160, Temperature: 291.24 K, Total Energy: -30035.174810 eV
Step: 72180, Temperature: 296.37 K, Total Energy: -30035.662609 eV
Step: 72200, Temperature: 313.64 K, Total Energy: -30035.901095 eV
Step: 72220, Temperature: 276.48 K, Total Energy: -30036.380770 eV
Step: 72240, Temperature: 284.50 K, Total Energy: -30035.961848 eV
Step: 72260, Temperature: 310.54 K, Total Energy: -30035.938198 eV
Step: 72280, Temperature: 295.40 K, Total Energy: -30036.235943 eV
Step: 72300, Temperature: 297.47 K, Total Energy: -30036.154336 eV
Step: 72320, Temperature: 276.27 K, Total Energy: -30036.024732 eV
Step: 72340, Temperature: 293.75 K, Total Energy: -30036.216981 eV
Step: 72360, Temperature: 275.50 K, Total Energy: -30036.001231 eV
Step: 72380, Temperature: 285.81 K, Total Energy: -30035.625982 eV
Step: 72400, Temperature: 320.54 K, Total Energy: -30035.356101 eV
Step: 72420, Temperature: 270.73 K, Total Energy: -30035.877133 eV
Step: 72440, Temperature: 283.50 K, Total Energy: -30035.740847 eV
Step: 72460, Temperature: 290.24 K, Total Energy: -30036.129683 eV
Step: 72480, Temperature: 303.39 K, Total Energy: -30035.772732 eV
Step: 72500, Temperature: 279.30 K, Total Energy: -30035.915142 eV
Step: 72520, Temperature: 295.13 K, Total Energy: -30035.949694 eV
Step: 72540, Temperature: 296.96 K, Total Energy: -30035.643800 eV
Step: 72560, Temperature: 305.04 K, Total Energy: -30034.918591 eV
Step: 72580, Temperature: 283.81 K, Total Energy: -30035.309373 eV
Step: 72600, Temperature: 296.34 K, Total Energy: -30035.282406 eV
Step: 72620, Temperature: 285.19 K, Total Energy: -30035.344892 eV
Step: 72640, Temperature: 312.68 K, Total Energy: -30034.677192 eV
Step: 72660, Temperature: 330.13 K, Total Energy: -30034.542013 eV
Step: 72680, Temperature: 334.38 K, Total Energy: -30034.483717 eV
Step: 72700, Temperature: 348.43 K, Total Energy: -30034.112159 eV
Step: 72720, Temperature: 324.96 K, Total Energy: -30034.316945 eV
Step: 72740, Temperature: 326.91 K, Total Energy: -30034.474806 eV
Step: 72760, Temperature: 324.97 K, Total Energy: -30034.691758 eV
Step: 72780, Temperature: 324.32 K, Total Energy: -30034.981471 eV
Step: 72800, Temperature: 314.33 K, Total Energy: -30035.051697 eV
Step: 72820, Temperature: 301.50 K, Total Energy: -30035.582011 eV
Step: 72840, Temperature: 304.94 K, Total Energy: -30035.475840 eV
Step: 72860, Temperature: 302.01 K, Total Energy: -30036.051747 eV
Step: 72880, Temperature: 289.08 K, Total Energy: -30035.893247 eV
Step: 72900, Temperature: 311.68 K, Total Energy: -30035.755145 eV
Step: 72920, Temperature: 337.76 K, Total Energy: -30035.539162 eV
Step: 72940, Temperature: 311.52 K, Total Energy: -30035.472133 eV
Step: 72960, Temperature: 297.96 K, Total Energy: -30035.645974 eV
Step: 72980, Temperature: 291.08 K, Total Energy: -30035.893501 eV
Step: 73000, Temperature: 295.40 K, Total Energy: -30035.483939 eV
Step: 73020, Temperature: 318.57 K, Total Energy: -30035.468257 eV
Step: 73040, Temperature: 300.05 K, Total Energy: -30035.593273 eV
Step: 73060, Temperature: 286.99 K, Total Energy: -30035.897052 eV
Step: 73080, Temperature: 300.86 K, Total Energy: -30035.412813 eV
Step: 73100, Temperature: 290.88 K, Total Energy: -30035.590104 eV
Step: 73120, Temperature: 272.64 K, Total Energy: -30036.180738 eV
Step: 73140, Temperature: 294.74 K, Total Energy: -30035.397010 eV
Step: 73160, Temperature: 297.80 K, Total Energy: -30035.901895 eV
Step: 73180, Temperature: 289.32 K, Total Energy: -30035.613715 eV
Step: 73200, Temperature: 281.91 K, Total Energy: -30035.429404 eV
Step: 73220, Temperature: 300.65 K, Total Energy: -30035.166122 eV
Step: 73240, Temperature: 323.20 K, Total Energy: -30035.035110 eV
Step: 73260, Temperature: 307.75 K, Total Energy: -30034.934243 eV
Step: 73280, Temperature: 315.29 K, Total Energy: -30035.314719 eV
Step: 73300, Temperature: 315.41 K, Total Energy: -30035.309514 eV
Step: 73320, Temperature: 292.36 K, Total Energy: -30035.632885 eV
Step: 73340, Temperature: 327.51 K, Total Energy: -30035.559233 eV
Step: 73360, Temperature: 299.50 K, Total Energy: -30035.431240 eV
Step: 73380, Temperature: 293.55 K, Total Energy: -30035.921083 eV
Step: 73400, Temperature: 282.73 K, Total Energy: -30036.496611 eV
Step: 73420, Temperature: 291.91 K, Total Energy: -30036.210543 eV
Step: 73440, Temperature: 294.92 K, Total Energy: -30035.945238 eV
Step: 73460, Temperature: 283.51 K, Total Energy: -30036.061065 eV
Step: 73480, Temperature: 262.03 K, Total Energy: -30036.528270 eV
Step: 73500, Temperature: 288.22 K, Total Energy: -30036.401114 eV
Step: 73520, Temperature: 286.58 K, Total Energy: -30036.407508 eV
Step: 73540, Temperature: 298.43 K, Total Energy: -30036.136050 eV
Step: 73560, Temperature: 313.32 K, Total Energy: -30035.469853 eV
Step: 73580, Temperature: 311.90 K, Total Energy: -30035.550420 eV
Step: 73600, Temperature: 307.97 K, Total Energy: -30035.879885 eV
Step: 73620, Temperature: 294.40 K, Total Energy: -30036.063812 eV
Step: 73640, Temperature: 276.61 K, Total Energy: -30036.342251 eV
Step: 73660, Temperature: 305.98 K, Total Energy: -30035.457494 eV
Step: 73680, Temperature: 297.46 K, Total Energy: -30035.346085 eV
Step: 73700, Temperature: 285.66 K, Total Energy: -30035.389594 eV
Step: 73720, Temperature: 290.31 K, Total Energy: -30035.041900 eV
Step: 73740, Temperature: 307.21 K, Total Energy: -30035.008505 eV
Step: 73760, Temperature: 310.38 K, Total Energy: -30034.711793 eV
Step: 73780, Temperature: 306.13 K, Total Energy: -30034.898926 eV
Step: 73800, Temperature: 297.83 K, Total Energy: -30035.533924 eV
Step: 73820, Temperature: 272.60 K, Total Energy: -30036.009839 eV
Step: 73840, Temperature: 280.34 K, Total Energy: -30035.527709 eV
Step: 73860, Temperature: 286.75 K, Total Energy: -30036.092706 eV
Step: 73880, Temperature: 288.29 K, Total Energy: -30035.883794 eV
Step: 73900, Temperature: 291.26 K, Total Energy: -30035.808975 eV
Step: 73920, Temperature: 277.15 K, Total Energy: -30035.519978 eV
Step: 73940, Temperature: 308.10 K, Total Energy: -30035.478273 eV
Step: 73960, Temperature: 287.28 K, Total Energy: -30035.133925 eV
Step: 73980, Temperature: 282.24 K, Total Energy: -30034.475794 eV
Step: 74000, Temperature: 296.00 K, Total Energy: -30034.718855 eV
Step: 74020, Temperature: 317.73 K, Total Energy: -30034.716007 eV
Step: 74040, Temperature: 310.93 K, Total Energy: -30034.914813 eV
Step: 74060, Temperature: 300.47 K, Total Energy: -30035.203874 eV
Step: 74080, Temperature: 278.30 K, Total Energy: -30035.440367 eV
Step: 74100, Temperature: 312.66 K, Total Energy: -30035.265626 eV
Step: 74120, Temperature: 307.66 K, Total Energy: -30035.065465 eV
Step: 74140, Temperature: 302.13 K, Total Energy: -30035.904029 eV
Step: 74160, Temperature: 312.39 K, Total Energy: -30035.049896 eV
Step: 74180, Temperature: 330.80 K, Total Energy: -30034.484327 eV
Step: 74200, Temperature: 284.88 K, Total Energy: -30034.796082 eV
Step: 74220, Temperature: 279.68 K, Total Energy: -30034.925070 eV
Step: 74240, Temperature: 308.76 K, Total Energy: -30034.131597 eV
Step: 74260, Temperature: 291.18 K, Total Energy: -30034.502281 eV
Step: 74280, Temperature: 307.36 K, Total Energy: -30034.301500 eV
Step: 74300, Temperature: 329.80 K, Total Energy: -30033.460562 eV
Step: 74320, Temperature: 324.49 K, Total Energy: -30034.389349 eV
Step: 74340, Temperature: 288.75 K, Total Energy: -30035.047935 eV
Step: 74360, Temperature: 290.40 K, Total Energy: -30035.319050 eV
Step: 74380, Temperature: 267.73 K, Total Energy: -30035.255650 eV
Step: 74400, Temperature: 304.61 K, Total Energy: -30035.525123 eV
Step: 74420, Temperature: 285.56 K, Total Energy: -30035.499525 eV
Step: 74440, Temperature: 305.50 K, Total Energy: -30035.147385 eV
Step: 74460, Temperature: 281.65 K, Total Energy: -30035.601964 eV
Step: 74480, Temperature: 318.25 K, Total Energy: -30035.208644 eV
Step: 74500, Temperature: 320.83 K, Total Energy: -30034.729568 eV
Step: 74520, Temperature: 329.74 K, Total Energy: -30035.102726 eV
Step: 74540, Temperature: 287.85 K, Total Energy: -30035.141036 eV
Step: 74560, Temperature: 341.40 K, Total Energy: -30035.055029 eV
Step: 74580, Temperature: 259.22 K, Total Energy: -30035.903731 eV
Step: 74600, Temperature: 304.06 K, Total Energy: -30035.788985 eV
Step: 74620, Temperature: 275.44 K, Total Energy: -30036.295714 eV
Step: 74640, Temperature: 272.15 K, Total Energy: -30036.485899 eV
Step: 74660, Temperature: 298.12 K, Total Energy: -30035.987732 eV
Step: 74680, Temperature: 281.80 K, Total Energy: -30036.207549 eV
Step: 74700, Temperature: 275.52 K, Total Energy: -30035.690146 eV
Step: 74720, Temperature: 291.37 K, Total Energy: -30035.149938 eV
Step: 74740, Temperature: 312.27 K, Total Energy: -30034.697504 eV
Step: 74760, Temperature: 324.36 K, Total Energy: -30034.074203 eV
Step: 74780, Temperature: 326.83 K, Total Energy: -30033.801190 eV
Step: 74800, Temperature: 329.07 K, Total Energy: -30033.266040 eV
Step: 74820, Temperature: 343.37 K, Total Energy: -30033.350960 eV
Step: 74840, Temperature: 341.82 K, Total Energy: -30033.179110 eV
Step: 74860, Temperature: 321.06 K, Total Energy: -30033.106778 eV
Step: 74880, Temperature: 344.58 K, Total Energy: -30033.597710 eV
Step: 74900, Temperature: 328.11 K, Total Energy: -30033.546105 eV
Step: 74920, Temperature: 321.32 K, Total Energy: -30033.410765 eV
Step: 74940, Temperature: 328.54 K, Total Energy: -30033.123277 eV
Step: 74960, Temperature: 297.96 K, Total Energy: -30033.718173 eV
Step: 74980, Temperature: 334.20 K, Total Energy: -30033.142582 eV
Step: 75000, Temperature: 313.91 K, Total Energy: -30033.535018 eV
Step: 75020, Temperature: 291.85 K, Total Energy: -30034.276449 eV
Step: 75040, Temperature: 308.72 K, Total Energy: -30034.765274 eV
Step: 75060, Temperature: 294.64 K, Total Energy: -30034.800059 eV
Step: 75080, Temperature: 306.54 K, Total Energy: -30034.781264 eV
Step: 75100, Temperature: 286.78 K, Total Energy: -30034.841867 eV
Step: 75120, Temperature: 285.02 K, Total Energy: -30035.042549 eV
Step: 75140, Temperature: 290.11 K, Total Energy: -30034.705216 eV
Step: 75160, Temperature: 294.95 K, Total Energy: -30034.542183 eV
Step: 75180, Temperature: 301.09 K, Total Energy: -30034.488928 eV
Step: 75200, Temperature: 321.48 K, Total Energy: -30034.525687 eV
Step: 75220, Temperature: 305.72 K, Total Energy: -30034.198308 eV
Step: 75240, Temperature: 320.45 K, Total Energy: -30034.497084 eV
Step: 75260, Temperature: 300.63 K, Total Energy: -30034.490679 eV
Step: 75280, Temperature: 283.02 K, Total Energy: -30034.565560 eV
Step: 75300, Temperature: 318.74 K, Total Energy: -30034.313494 eV
Step: 75320, Temperature: 307.84 K, Total Energy: -30035.350072 eV
Step: 75340, Temperature: 297.33 K, Total Energy: -30034.915638 eV
Step: 75360, Temperature: 326.52 K, Total Energy: -30034.234682 eV
Step: 75380, Temperature: 302.77 K, Total Energy: -30034.415249 eV
Step: 75400, Temperature: 316.44 K, Total Energy: -30034.551189 eV
Step: 75420, Temperature: 302.58 K, Total Energy: -30035.572521 eV
Step: 75440, Temperature: 309.39 K, Total Energy: -30035.596037 eV
Step: 75460, Temperature: 288.53 K, Total Energy: -30035.549687 eV
Step: 75480, Temperature: 286.42 K, Total Energy: -30035.610650 eV
Step: 75500, Temperature: 286.33 K, Total Energy: -30035.239947 eV
Step: 75520, Temperature: 289.08 K, Total Energy: -30035.164595 eV
Step: 75540, Temperature: 286.92 K, Total Energy: -30034.619578 eV
Step: 75560, Temperature: 290.72 K, Total Energy: -30035.002373 eV
Step: 75580, Temperature: 276.79 K, Total Energy: -30035.078110 eV
Step: 75600, Temperature: 301.19 K, Total Energy: -30034.506018 eV
Step: 75620, Temperature: 302.61 K, Total Energy: -30034.350916 eV
Step: 75640, Temperature: 282.35 K, Total Energy: -30034.924088 eV
Step: 75660, Temperature: 299.21 K, Total Energy: -30034.688786 eV
Step: 75680, Temperature: 288.42 K, Total Energy: -30034.880688 eV
Step: 75700, Temperature: 309.81 K, Total Energy: -30034.964469 eV
Step: 75720, Temperature: 325.19 K, Total Energy: -30034.625720 eV
Step: 75740, Temperature: 308.49 K, Total Energy: -30034.165781 eV
Step: 75760, Temperature: 281.35 K, Total Energy: -30034.468914 eV
Step: 75780, Temperature: 310.96 K, Total Energy: -30034.099419 eV
Step: 75800, Temperature: 300.02 K, Total Energy: -30034.375328 eV
Step: 75820, Temperature: 302.21 K, Total Energy: -30034.218526 eV
Step: 75840, Temperature: 319.60 K, Total Energy: -30034.385633 eV
Step: 75860, Temperature: 285.18 K, Total Energy: -30035.009214 eV
Step: 75880, Temperature: 276.63 K, Total Energy: -30035.254002 eV
Step: 75900, Temperature: 295.25 K, Total Energy: -30035.122570 eV
Step: 75920, Temperature: 289.21 K, Total Energy: -30035.495306 eV
Step: 75940, Temperature: 283.35 K, Total Energy: -30035.516273 eV
Step: 75960, Temperature: 266.62 K, Total Energy: -30034.953386 eV
Step: 75980, Temperature: 302.73 K, Total Energy: -30035.414424 eV
Step: 76000, Temperature: 276.83 K, Total Energy: -30035.510502 eV
Step: 76020, Temperature: 298.02 K, Total Energy: -30035.376830 eV
Step: 76040, Temperature: 267.70 K, Total Energy: -30034.982934 eV
Step: 76060, Temperature: 273.10 K, Total Energy: -30034.661297 eV
Step: 76080, Temperature: 320.85 K, Total Energy: -30034.945982 eV
Step: 76100, Temperature: 304.36 K, Total Energy: -30034.752167 eV
Step: 76120, Temperature: 301.42 K, Total Energy: -30034.429886 eV
Step: 76140, Temperature: 333.62 K, Total Energy: -30034.192458 eV
Step: 76160, Temperature: 303.28 K, Total Energy: -30034.674033 eV
Step: 76180, Temperature: 303.98 K, Total Energy: -30034.781415 eV
Step: 76200, Temperature: 302.89 K, Total Energy: -30034.441508 eV
Step: 76220, Temperature: 313.85 K, Total Energy: -30034.595081 eV
Step: 76240, Temperature: 294.47 K, Total Energy: -30034.808157 eV
Step: 76260, Temperature: 295.28 K, Total Energy: -30035.399058 eV
Step: 76280, Temperature: 319.00 K, Total Energy: -30034.976975 eV
Step: 76300, Temperature: 290.53 K, Total Energy: -30035.155392 eV
Step: 76320, Temperature: 294.63 K, Total Energy: -30034.692875 eV
Step: 76340, Temperature: 324.55 K, Total Energy: -30034.423066 eV
Step: 76360, Temperature: 335.03 K, Total Energy: -30034.662790 eV
Step: 76380, Temperature: 316.13 K, Total Energy: -30035.160611 eV
Step: 76400, Temperature: 309.52 K, Total Energy: -30035.196261 eV
Step: 76420, Temperature: 303.19 K, Total Energy: -30034.922447 eV
Step: 76440, Temperature: 302.39 K, Total Energy: -30035.303764 eV
Step: 76460, Temperature: 306.17 K, Total Energy: -30034.608929 eV
Step: 76480, Temperature: 302.79 K, Total Energy: -30034.955945 eV
Step: 76500, Temperature: 313.40 K, Total Energy: -30035.227538 eV
Step: 76520, Temperature: 286.13 K, Total Energy: -30035.617914 eV
Step: 76540, Temperature: 300.98 K, Total Energy: -30035.200797 eV
Step: 76560, Temperature: 300.56 K, Total Energy: -30035.096043 eV
Step: 76580, Temperature: 258.10 K, Total Energy: -30035.804984 eV
Step: 76600, Temperature: 288.61 K, Total Energy: -30035.483111 eV
Step: 76620, Temperature: 303.30 K, Total Energy: -30035.417718 eV
Step: 76640, Temperature: 273.70 K, Total Energy: -30035.896187 eV
Step: 76660, Temperature: 266.66 K, Total Energy: -30036.106804 eV
Step: 76680, Temperature: 291.00 K, Total Energy: -30035.878003 eV
Step: 76700, Temperature: 280.22 K, Total Energy: -30035.344984 eV
Step: 76720, Temperature: 273.70 K, Total Energy: -30035.585490 eV
Step: 76740, Temperature: 286.69 K, Total Energy: -30035.279633 eV
Step: 76760, Temperature: 308.22 K, Total Energy: -30034.955600 eV
Step: 76780, Temperature: 299.60 K, Total Energy: -30034.924880 eV
Step: 76800, Temperature: 318.32 K, Total Energy: -30034.935549 eV
Step: 76820, Temperature: 293.20 K, Total Energy: -30035.502232 eV
Step: 76840, Temperature: 289.55 K, Total Energy: -30036.115846 eV
Step: 76860, Temperature: 289.56 K, Total Energy: -30036.023636 eV
Step: 76880, Temperature: 283.00 K, Total Energy: -30036.093253 eV
Step: 76900, Temperature: 298.43 K, Total Energy: -30035.671348 eV
Step: 76920, Temperature: 281.47 K, Total Energy: -30036.059635 eV
Step: 76940, Temperature: 281.69 K, Total Energy: -30035.393879 eV
Step: 76960, Temperature: 299.88 K, Total Energy: -30034.867152 eV
Step: 76980, Temperature: 318.02 K, Total Energy: -30034.675584 eV
Step: 77000, Temperature: 326.11 K, Total Energy: -30034.588653 eV
Step: 77020, Temperature: 283.84 K, Total Energy: -30034.962734 eV
Step: 77040, Temperature: 318.85 K, Total Energy: -30035.271670 eV
Step: 77060, Temperature: 324.28 K, Total Energy: -30034.466929 eV
Step: 77080, Temperature: 299.84 K, Total Energy: -30034.537907 eV
Step: 77100, Temperature: 293.31 K, Total Energy: -30034.763167 eV
Step: 77120, Temperature: 308.15 K, Total Energy: -30034.627431 eV
Step: 77140, Temperature: 308.22 K, Total Energy: -30034.600340 eV
Step: 77160, Temperature: 308.93 K, Total Energy: -30034.517971 eV
Step: 77180, Temperature: 274.21 K, Total Energy: -30034.598220 eV
Step: 77200, Temperature: 296.35 K, Total Energy: -30034.397503 eV
Step: 77220, Temperature: 298.06 K, Total Energy: -30034.545832 eV
Step: 77240, Temperature: 270.27 K, Total Energy: -30034.341833 eV
Step: 77260, Temperature: 271.76 K, Total Energy: -30034.906035 eV
Step: 77280, Temperature: 323.26 K, Total Energy: -30034.517934 eV
Step: 77300, Temperature: 289.06 K, Total Energy: -30034.864465 eV
Step: 77320, Temperature: 292.50 K, Total Energy: -30034.982865 eV
Step: 77340, Temperature: 310.23 K, Total Energy: -30035.160903 eV
Step: 77360, Temperature: 305.79 K, Total Energy: -30035.261043 eV
Step: 77380, Temperature: 297.24 K, Total Energy: -30035.394470 eV
Step: 77400, Temperature: 296.34 K, Total Energy: -30035.130091 eV
Step: 77420, Temperature: 295.38 K, Total Energy: -30035.070358 eV
Step: 77440, Temperature: 298.48 K, Total Energy: -30034.939424 eV
Step: 77460, Temperature: 287.61 K, Total Energy: -30035.049316 eV
Step: 77480, Temperature: 311.24 K, Total Energy: -30035.563278 eV
Step: 77500, Temperature: 292.54 K, Total Energy: -30035.552019 eV
Step: 77520, Temperature: 292.90 K, Total Energy: -30035.244174 eV
Step: 77540, Temperature: 291.63 K, Total Energy: -30035.438446 eV
Step: 77560, Temperature: 288.18 K, Total Energy: -30035.099531 eV
Step: 77580, Temperature: 295.80 K, Total Energy: -30035.036321 eV
Step: 77600, Temperature: 272.90 K, Total Energy: -30035.498402 eV
Step: 77620, Temperature: 303.22 K, Total Energy: -30035.722279 eV
Step: 77640, Temperature: 303.54 K, Total Energy: -30034.860748 eV
Step: 77660, Temperature: 315.06 K, Total Energy: -30034.871183 eV
Step: 77680, Temperature: 317.99 K, Total Energy: -30035.066974 eV
Step: 77700, Temperature: 309.65 K, Total Energy: -30035.021315 eV
Step: 77720, Temperature: 315.76 K, Total Energy: -30034.892505 eV
Step: 77740, Temperature: 345.45 K, Total Energy: -30034.708727 eV
Step: 77760, Temperature: 300.34 K, Total Energy: -30034.412061 eV
Step: 77780, Temperature: 325.45 K, Total Energy: -30034.702957 eV
Step: 77800, Temperature: 294.09 K, Total Energy: -30035.056114 eV
Step: 77820, Temperature: 312.77 K, Total Energy: -30034.905493 eV
Step: 77840, Temperature: 286.44 K, Total Energy: -30035.057419 eV
Step: 77860, Temperature: 305.92 K, Total Energy: -30035.295051 eV
Step: 77880, Temperature: 315.87 K, Total Energy: -30034.870421 eV
Step: 77900, Temperature: 287.04 K, Total Energy: -30034.620513 eV
Step: 77920, Temperature: 334.05 K, Total Energy: -30034.193268 eV
Step: 77940, Temperature: 305.07 K, Total Energy: -30034.009657 eV
Step: 77960, Temperature: 310.62 K, Total Energy: -30034.350252 eV
Step: 77980, Temperature: 296.66 K, Total Energy: -30034.682511 eV
Step: 78000, Temperature: 297.18 K, Total Energy: -30035.765312 eV
Step: 78020, Temperature: 308.05 K, Total Energy: -30035.794021 eV
Step: 78040, Temperature: 293.14 K, Total Energy: -30035.648435 eV
Step: 78060, Temperature: 269.26 K, Total Energy: -30035.467014 eV
Step: 78080, Temperature: 284.25 K, Total Energy: -30036.016932 eV
Step: 78100, Temperature: 270.58 K, Total Energy: -30035.656511 eV
Step: 78120, Temperature: 295.57 K, Total Energy: -30035.067421 eV
Step: 78140, Temperature: 290.03 K, Total Energy: -30034.791124 eV
Step: 78160, Temperature: 285.01 K, Total Energy: -30034.988046 eV
Step: 78180, Temperature: 275.06 K, Total Energy: -30035.512232 eV
Step: 78200, Temperature: 283.87 K, Total Energy: -30034.684624 eV
Step: 78220, Temperature: 310.83 K, Total Energy: -30035.051983 eV
Step: 78240, Temperature: 271.26 K, Total Energy: -30035.406787 eV
Step: 78260, Temperature: 293.65 K, Total Energy: -30035.627566 eV
Step: 78280, Temperature: 265.79 K, Total Energy: -30036.572003 eV
Step: 78300, Temperature: 277.57 K, Total Energy: -30036.404031 eV
Step: 78320, Temperature: 286.77 K, Total Energy: -30036.383213 eV
Step: 78340, Temperature: 281.41 K, Total Energy: -30035.787847 eV
Step: 78360, Temperature: 274.52 K, Total Energy: -30035.974962 eV
Step: 78380, Temperature: 299.46 K, Total Energy: -30035.871872 eV
Step: 78400, Temperature: 289.99 K, Total Energy: -30035.985457 eV
Step: 78420, Temperature: 280.60 K, Total Energy: -30035.935168 eV
Step: 78440, Temperature: 288.81 K, Total Energy: -30035.903959 eV
Step: 78460, Temperature: 267.21 K, Total Energy: -30036.155408 eV
Step: 78480, Temperature: 262.85 K, Total Energy: -30036.374682 eV
Step: 78500, Temperature: 305.09 K, Total Energy: -30036.501284 eV
Step: 78520, Temperature: 272.30 K, Total Energy: -30036.740119 eV
Step: 78540, Temperature: 280.93 K, Total Energy: -30036.690358 eV
Step: 78560, Temperature: 288.10 K, Total Energy: -30036.490267 eV
Step: 78580, Temperature: 297.08 K, Total Energy: -30036.053010 eV
Step: 78600, Temperature: 285.09 K, Total Energy: -30035.892168 eV
Step: 78620, Temperature: 288.75 K, Total Energy: -30035.977637 eV
Step: 78640, Temperature: 307.20 K, Total Energy: -30035.262708 eV
Step: 78660, Temperature: 290.03 K, Total Energy: -30035.293066 eV
Step: 78680, Temperature: 294.41 K, Total Energy: -30034.846652 eV
Step: 78700, Temperature: 339.28 K, Total Energy: -30034.684422 eV
Step: 78720, Temperature: 313.64 K, Total Energy: -30035.010404 eV
Step: 78740, Temperature: 291.56 K, Total Energy: -30035.248748 eV
Step: 78760, Temperature: 303.02 K, Total Energy: -30035.102284 eV
Step: 78780, Temperature: 296.12 K, Total Energy: -30035.735270 eV
Step: 78800, Temperature: 291.09 K, Total Energy: -30035.557520 eV
Step: 78820, Temperature: 294.13 K, Total Energy: -30035.566784 eV
Step: 78840, Temperature: 271.00 K, Total Energy: -30036.186788 eV
Step: 78860, Temperature: 274.74 K, Total Energy: -30035.977239 eV
Step: 78880, Temperature: 266.15 K, Total Energy: -30036.291383 eV
Step: 78900, Temperature: 268.76 K, Total Energy: -30036.210198 eV
Step: 78920, Temperature: 312.87 K, Total Energy: -30035.457676 eV
Step: 78940, Temperature: 291.55 K, Total Energy: -30035.596482 eV
Step: 78960, Temperature: 289.96 K, Total Energy: -30035.751983 eV
Step: 78980, Temperature: 297.10 K, Total Energy: -30035.597395 eV
Step: 79000, Temperature: 319.77 K, Total Energy: -30035.648910 eV
Step: 79020, Temperature: 290.28 K, Total Energy: -30036.017287 eV
Step: 79040, Temperature: 302.11 K, Total Energy: -30035.511942 eV
Step: 79060, Temperature: 283.97 K, Total Energy: -30036.115836 eV
Step: 79080, Temperature: 267.03 K, Total Energy: -30035.751719 eV
Step: 79100, Temperature: 297.34 K, Total Energy: -30035.884301 eV
Step: 79120, Temperature: 274.98 K, Total Energy: -30036.352182 eV
Step: 79140, Temperature: 287.49 K, Total Energy: -30036.351319 eV
Step: 79160, Temperature: 262.01 K, Total Energy: -30036.524687 eV
Step: 79180, Temperature: 285.35 K, Total Energy: -30035.848617 eV
Step: 79200, Temperature: 292.87 K, Total Energy: -30035.274240 eV
Step: 79220, Temperature: 288.61 K, Total Energy: -30035.254576 eV
Step: 79240, Temperature: 298.59 K, Total Energy: -30035.028439 eV
Step: 79260, Temperature: 302.05 K, Total Energy: -30034.919788 eV
Step: 79280, Temperature: 313.68 K, Total Energy: -30035.304338 eV
Step: 79300, Temperature: 287.64 K, Total Energy: -30035.439369 eV
Step: 79320, Temperature: 303.73 K, Total Energy: -30035.324742 eV
Step: 79340, Temperature: 284.43 K, Total Energy: -30035.721403 eV
Step: 79360, Temperature: 285.57 K, Total Energy: -30035.552023 eV
Step: 79380, Temperature: 285.99 K, Total Energy: -30035.482731 eV
Step: 79400, Temperature: 288.56 K, Total Energy: -30035.412080 eV
Step: 79420, Temperature: 300.06 K, Total Energy: -30036.053879 eV
Step: 79440, Temperature: 279.48 K, Total Energy: -30036.199668 eV
Step: 79460, Temperature: 272.11 K, Total Energy: -30036.143227 eV
Step: 79480, Temperature: 291.28 K, Total Energy: -30036.318327 eV
Step: 79500, Temperature: 286.27 K, Total Energy: -30035.688763 eV
Step: 79520, Temperature: 314.19 K, Total Energy: -30035.328545 eV
Step: 79540, Temperature: 303.18 K, Total Energy: -30035.604120 eV
Step: 79560, Temperature: 306.81 K, Total Energy: -30034.905439 eV
Step: 79580, Temperature: 291.29 K, Total Energy: -30034.765371 eV
Step: 79600, Temperature: 311.81 K, Total Energy: -30035.023431 eV
Step: 79620, Temperature: 290.60 K, Total Energy: -30035.503458 eV
Step: 79640, Temperature: 303.08 K, Total Energy: -30035.298219 eV
Step: 79660, Temperature: 293.59 K, Total Energy: -30035.031449 eV
Step: 79680, Temperature: 288.94 K, Total Energy: -30035.435837 eV
Step: 79700, Temperature: 286.58 K, Total Energy: -30035.180785 eV
Step: 79720, Temperature: 295.00 K, Total Energy: -30034.794810 eV
Step: 79740, Temperature: 302.69 K, Total Energy: -30034.989699 eV
Step: 79760, Temperature: 300.07 K, Total Energy: -30034.836804 eV
Step: 79780, Temperature: 307.45 K, Total Energy: -30034.697798 eV
Step: 79800, Temperature: 282.32 K, Total Energy: -30035.741356 eV
Step: 79820, Temperature: 293.81 K, Total Energy: -30035.106029 eV
Step: 79840, Temperature: 313.60 K, Total Energy: -30035.032991 eV
Step: 79860, Temperature: 312.27 K, Total Energy: -30034.996139 eV
Step: 79880, Temperature: 296.17 K, Total Energy: -30035.429402 eV
Step: 79900, Temperature: 294.97 K, Total Energy: -30035.434134 eV
Step: 79920, Temperature: 288.37 K, Total Energy: -30035.364254 eV
Step: 79940, Temperature: 284.82 K, Total Energy: -30035.225168 eV
Step: 79960, Temperature: 307.12 K, Total Energy: -30034.887803 eV
Step: 79980, Temperature: 293.57 K, Total Energy: -30035.356145 eV
Step: 80000, Temperature: 323.78 K, Total Energy: -30035.235429 eV
Step: 80020, Temperature: 291.03 K, Total Energy: -30035.179955 eV
Step: 80040, Temperature: 303.17 K, Total Energy: -30034.838919 eV
Step: 80060, Temperature: 314.19 K, Total Energy: -30034.924480 eV
Step: 80080, Temperature: 288.02 K, Total Energy: -30035.275523 eV
Step: 80100, Temperature: 306.84 K, Total Energy: -30035.053120 eV
Step: 80120, Temperature: 263.47 K, Total Energy: -30035.685180 eV
Step: 80140, Temperature: 287.27 K, Total Energy: -30035.612573 eV
Step: 80160, Temperature: 274.57 K, Total Energy: -30035.938531 eV
Step: 80180, Temperature: 290.37 K, Total Energy: -30035.977807 eV
Step: 80200, Temperature: 264.99 K, Total Energy: -30035.871529 eV
Step: 80220, Temperature: 266.56 K, Total Energy: -30036.079957 eV
Step: 80240, Temperature: 274.20 K, Total Energy: -30036.278129 eV
Step: 80260, Temperature: 273.70 K, Total Energy: -30036.427318 eV
Step: 80280, Temperature: 279.65 K, Total Energy: -30036.492344 eV
Step: 80300, Temperature: 279.49 K, Total Energy: -30036.933795 eV
Step: 80320, Temperature: 287.96 K, Total Energy: -30036.798436 eV
Step: 80340, Temperature: 273.78 K, Total Energy: -30036.390153 eV
Step: 80360, Temperature: 287.86 K, Total Energy: -30036.343817 eV
Step: 80380, Temperature: 303.12 K, Total Energy: -30036.103810 eV
Step: 80400, Temperature: 298.72 K, Total Energy: -30035.771220 eV
Step: 80420, Temperature: 267.63 K, Total Energy: -30036.008123 eV
Step: 80440, Temperature: 268.97 K, Total Energy: -30036.738122 eV
Step: 80460, Temperature: 272.38 K, Total Energy: -30036.298424 eV
Step: 80480, Temperature: 249.73 K, Total Energy: -30036.687810 eV
Step: 80500, Temperature: 272.16 K, Total Energy: -30035.745579 eV
Step: 80520, Temperature: 280.02 K, Total Energy: -30035.951587 eV
Step: 80540, Temperature: 301.95 K, Total Energy: -30035.848086 eV
Step: 80560, Temperature: 305.23 K, Total Energy: -30035.937285 eV
Step: 80580, Temperature: 295.57 K, Total Energy: -30035.844917 eV
Step: 80600, Temperature: 286.88 K, Total Energy: -30035.698772 eV
Step: 80620, Temperature: 286.44 K, Total Energy: -30036.045655 eV
Step: 80640, Temperature: 282.12 K, Total Energy: -30035.799074 eV
Step: 80660, Temperature: 288.03 K, Total Energy: -30035.648215 eV
Step: 80680, Temperature: 301.03 K, Total Energy: -30035.238418 eV
Step: 80700, Temperature: 297.56 K, Total Energy: -30034.904108 eV
Step: 80720, Temperature: 331.44 K, Total Energy: -30034.723851 eV
Step: 80740, Temperature: 312.32 K, Total Energy: -30034.592482 eV
Step: 80760, Temperature: 302.89 K, Total Energy: -30034.324495 eV
Step: 80780, Temperature: 298.73 K, Total Energy: -30034.441113 eV
Step: 80800, Temperature: 306.43 K, Total Energy: -30034.485170 eV
Step: 80820, Temperature: 319.76 K, Total Energy: -30034.729325 eV
Step: 80840, Temperature: 307.64 K, Total Energy: -30034.521032 eV
Step: 80860, Temperature: 336.47 K, Total Energy: -30034.218258 eV
Step: 80880, Temperature: 320.42 K, Total Energy: -30034.259479 eV
Step: 80900, Temperature: 304.31 K, Total Energy: -30034.880314 eV
Step: 80920, Temperature: 309.99 K, Total Energy: -30034.012563 eV
Step: 80940, Temperature: 318.22 K, Total Energy: -30033.660682 eV
Step: 80960, Temperature: 306.15 K, Total Energy: -30034.127057 eV
Step: 80980, Temperature: 294.51 K, Total Energy: -30034.385264 eV
Step: 81000, Temperature: 290.53 K, Total Energy: -30035.055973 eV
Step: 81020, Temperature: 276.66 K, Total Energy: -30035.126177 eV
Step: 81040, Temperature: 278.39 K, Total Energy: -30035.096169 eV
Step: 81060, Temperature: 305.33 K, Total Energy: -30035.352660 eV
Step: 81080, Temperature: 285.15 K, Total Energy: -30035.244161 eV
Step: 81100, Temperature: 299.76 K, Total Energy: -30035.374038 eV
Step: 81120, Temperature: 319.33 K, Total Energy: -30034.828133 eV
Step: 81140, Temperature: 310.27 K, Total Energy: -30035.370776 eV
Step: 81160, Temperature: 301.15 K, Total Energy: -30035.356550 eV
Step: 81180, Temperature: 303.76 K, Total Energy: -30035.439239 eV
Step: 81200, Temperature: 300.46 K, Total Energy: -30035.528301 eV
Step: 81220, Temperature: 306.67 K, Total Energy: -30035.569009 eV
Step: 81240, Temperature: 294.24 K, Total Energy: -30035.896029 eV
Step: 81260, Temperature: 279.44 K, Total Energy: -30035.653688 eV
Step: 81280, Temperature: 294.49 K, Total Energy: -30035.766623 eV
Step: 81300, Temperature: 317.92 K, Total Energy: -30035.346095 eV
Step: 81320, Temperature: 304.42 K, Total Energy: -30035.584774 eV
Step: 81340, Temperature: 311.88 K, Total Energy: -30036.109667 eV
Step: 81360, Temperature: 306.93 K, Total Energy: -30035.767533 eV
Step: 81380, Temperature: 312.12 K, Total Energy: -30035.832048 eV
Step: 81400, Temperature: 298.45 K, Total Energy: -30035.471552 eV
Step: 81420, Temperature: 310.78 K, Total Energy: -30035.393056 eV
Step: 81440, Temperature: 282.13 K, Total Energy: -30036.548827 eV
Step: 81460, Temperature: 283.84 K, Total Energy: -30035.888696 eV
Step: 81480, Temperature: 307.61 K, Total Energy: -30035.430004 eV
Step: 81500, Temperature: 314.37 K, Total Energy: -30035.025395 eV
Step: 81520, Temperature: 317.62 K, Total Energy: -30034.701164 eV
Step: 81540, Temperature: 307.93 K, Total Energy: -30035.113288 eV
Step: 81560, Temperature: 293.58 K, Total Energy: -30035.150896 eV
Step: 81580, Temperature: 324.05 K, Total Energy: -30035.058560 eV
Step: 81600, Temperature: 311.87 K, Total Energy: -30034.920347 eV
Step: 81620, Temperature: 297.85 K, Total Energy: -30035.385079 eV
Step: 81640, Temperature: 273.35 K, Total Energy: -30035.318957 eV
Step: 81660, Temperature: 293.54 K, Total Energy: -30035.294477 eV
Step: 81680, Temperature: 308.73 K, Total Energy: -30035.454518 eV
Step: 81700, Temperature: 293.97 K, Total Energy: -30035.133262 eV
Step: 81720, Temperature: 319.54 K, Total Energy: -30034.978891 eV
Step: 81740, Temperature: 323.97 K, Total Energy: -30035.435645 eV
Step: 81760, Temperature: 295.15 K, Total Energy: -30035.943436 eV
Step: 81780, Temperature: 277.53 K, Total Energy: -30035.957770 eV
Step: 81800, Temperature: 297.58 K, Total Energy: -30035.530440 eV
Step: 81820, Temperature: 286.18 K, Total Energy: -30035.323690 eV
Step: 81840, Temperature: 307.15 K, Total Energy: -30035.230661 eV
Step: 81860, Temperature: 291.78 K, Total Energy: -30035.039909 eV
Step: 81880, Temperature: 294.61 K, Total Energy: -30035.001982 eV
Step: 81900, Temperature: 315.53 K, Total Energy: -30035.144397 eV
Step: 81920, Temperature: 273.69 K, Total Energy: -30035.738276 eV
Step: 81940, Temperature: 238.53 K, Total Energy: -30036.735837 eV
Step: 81960, Temperature: 264.46 K, Total Energy: -30036.548958 eV
Step: 81980, Temperature: 261.97 K, Total Energy: -30036.336440 eV
Step: 82000, Temperature: 285.26 K, Total Energy: -30035.915317 eV
Step: 82020, Temperature: 279.64 K, Total Energy: -30036.154558 eV
Step: 82040, Temperature: 288.79 K, Total Energy: -30036.447472 eV
Step: 82060, Temperature: 297.00 K, Total Energy: -30036.195589 eV
Step: 82080, Temperature: 316.43 K, Total Energy: -30035.793574 eV
Step: 82100, Temperature: 319.77 K, Total Energy: -30036.061174 eV
Step: 82120, Temperature: 282.06 K, Total Energy: -30036.699053 eV
Step: 82140, Temperature: 273.82 K, Total Energy: -30036.685978 eV
Step: 82160, Temperature: 272.79 K, Total Energy: -30036.499160 eV
Step: 82180, Temperature: 273.95 K, Total Energy: -30036.364316 eV
Step: 82200, Temperature: 287.98 K, Total Energy: -30036.327114 eV
Step: 82220, Temperature: 281.41 K, Total Energy: -30036.061174 eV
Step: 82240, Temperature: 299.72 K, Total Energy: -30035.978504 eV
Step: 82260, Temperature: 310.38 K, Total Energy: -30035.520500 eV
Step: 82280, Temperature: 327.93 K, Total Energy: -30035.144482 eV
Step: 82300, Temperature: 316.47 K, Total Energy: -30035.636321 eV
Step: 82320, Temperature: 326.02 K, Total Energy: -30035.022646 eV
Step: 82340, Temperature: 310.74 K, Total Energy: -30035.210587 eV
Step: 82360, Temperature: 313.43 K, Total Energy: -30034.998197 eV
Step: 82380, Temperature: 297.39 K, Total Energy: -30035.488521 eV
Step: 82400, Temperature: 311.80 K, Total Energy: -30035.648663 eV
Step: 82420, Temperature: 284.22 K, Total Energy: -30036.152330 eV
Step: 82440, Temperature: 290.73 K, Total Energy: -30036.226674 eV
Step: 82460, Temperature: 294.26 K, Total Energy: -30036.268533 eV
Step: 82480, Temperature: 296.39 K, Total Energy: -30035.660234 eV
Step: 82500, Temperature: 284.97 K, Total Energy: -30036.104259 eV
Step: 82520, Temperature: 277.18 K, Total Energy: -30035.976259 eV
Step: 82540, Temperature: 306.64 K, Total Energy: -30035.333541 eV
Step: 82560, Temperature: 289.94 K, Total Energy: -30035.730869 eV
Step: 82580, Temperature: 291.82 K, Total Energy: -30035.499843 eV
Step: 82600, Temperature: 275.76 K, Total Energy: -30035.775761 eV
Step: 82620, Temperature: 284.92 K, Total Energy: -30035.988418 eV
Step: 82640, Temperature: 286.48 K, Total Energy: -30035.796650 eV
Step: 82660, Temperature: 285.25 K, Total Energy: -30036.009215 eV
Step: 82680, Temperature: 288.81 K, Total Energy: -30035.757452 eV
Step: 82700, Temperature: 334.03 K, Total Energy: -30034.967174 eV
Step: 82720, Temperature: 314.15 K, Total Energy: -30034.911782 eV
Step: 82740, Temperature: 331.18 K, Total Energy: -30034.826114 eV
Step: 82760, Temperature: 304.37 K, Total Energy: -30035.787018 eV
Step: 82780, Temperature: 313.85 K, Total Energy: -30035.350905 eV
Step: 82800, Temperature: 320.63 K, Total Energy: -30034.740509 eV
Step: 82820, Temperature: 303.38 K, Total Energy: -30035.319936 eV
Step: 82840, Temperature: 309.61 K, Total Energy: -30035.362056 eV
Step: 82860, Temperature: 299.72 K, Total Energy: -30035.515612 eV
Step: 82880, Temperature: 326.95 K, Total Energy: -30035.006933 eV
Step: 82900, Temperature: 331.54 K, Total Energy: -30034.479220 eV
Step: 82920, Temperature: 302.73 K, Total Energy: -30034.363729 eV
Step: 82940, Temperature: 337.48 K, Total Energy: -30034.423198 eV
Step: 82960, Temperature: 306.22 K, Total Energy: -30034.297230 eV
Step: 82980, Temperature: 324.17 K, Total Energy: -30034.323285 eV
Step: 83000, Temperature: 320.95 K, Total Energy: -30034.107399 eV
Step: 83020, Temperature: 312.19 K, Total Energy: -30034.181828 eV
Step: 83040, Temperature: 334.36 K, Total Energy: -30034.404186 eV
Step: 83060, Temperature: 333.11 K, Total Energy: -30034.580299 eV
Step: 83080, Temperature: 299.26 K, Total Energy: -30034.937359 eV
Step: 83100, Temperature: 323.99 K, Total Energy: -30034.954772 eV
Step: 83120, Temperature: 281.39 K, Total Energy: -30035.583147 eV
Step: 83140, Temperature: 317.94 K, Total Energy: -30035.085721 eV
Step: 83160, Temperature: 283.98 K, Total Energy: -30035.156565 eV
Step: 83180, Temperature: 306.52 K, Total Energy: -30035.064945 eV
Step: 83200, Temperature: 299.47 K, Total Energy: -30035.785556 eV
Step: 83220, Temperature: 290.39 K, Total Energy: -30036.149328 eV
Step: 83240, Temperature: 270.56 K, Total Energy: -30036.399070 eV
Step: 83260, Temperature: 278.63 K, Total Energy: -30036.592193 eV
Step: 83280, Temperature: 261.02 K, Total Energy: -30037.373887 eV
Step: 83300, Temperature: 267.99 K, Total Energy: -30037.366283 eV
Step: 83320, Temperature: 260.63 K, Total Energy: -30036.856452 eV
Step: 83340, Temperature: 276.11 K, Total Energy: -30036.681105 eV
Step: 83360, Temperature: 294.89 K, Total Energy: -30036.264368 eV
Step: 83380, Temperature: 286.93 K, Total Energy: -30036.427962 eV
Step: 83400, Temperature: 279.43 K, Total Energy: -30037.101359 eV
Step: 83420, Temperature: 268.84 K, Total Energy: -30037.420858 eV
Step: 83440, Temperature: 260.32 K, Total Energy: -30037.041926 eV
Step: 83460, Temperature: 277.08 K, Total Energy: -30037.027817 eV
Step: 83480, Temperature: 286.19 K, Total Energy: -30036.296089 eV
Step: 83500, Temperature: 297.12 K, Total Energy: -30036.540089 eV
Step: 83520, Temperature: 304.57 K, Total Energy: -30037.088841 eV
Step: 83540, Temperature: 287.79 K, Total Energy: -30036.351487 eV
Step: 83560, Temperature: 283.50 K, Total Energy: -30036.983124 eV
Step: 83580, Temperature: 257.85 K, Total Energy: -30037.410882 eV
Step: 83600, Temperature: 270.10 K, Total Energy: -30037.027947 eV
Step: 83620, Temperature: 290.33 K, Total Energy: -30037.062932 eV
Step: 83640, Temperature: 302.88 K, Total Energy: -30036.209386 eV
Step: 83660, Temperature: 303.67 K, Total Energy: -30036.101567 eV
Step: 83680, Temperature: 294.44 K, Total Energy: -30036.248415 eV
Step: 83700, Temperature: 293.94 K, Total Energy: -30036.122356 eV
Step: 83720, Temperature: 326.78 K, Total Energy: -30035.472244 eV
Step: 83740, Temperature: 320.84 K, Total Energy: -30035.416969 eV
Step: 83760, Temperature: 314.37 K, Total Energy: -30035.167974 eV
Step: 83780, Temperature: 312.03 K, Total Energy: -30035.277767 eV
Step: 83800, Temperature: 289.57 K, Total Energy: -30035.609410 eV
Step: 83820, Temperature: 317.07 K, Total Energy: -30035.564581 eV
Step: 83840, Temperature: 303.66 K, Total Energy: -30035.625261 eV
Step: 83860, Temperature: 291.18 K, Total Energy: -30035.660700 eV
Step: 83880, Temperature: 294.15 K, Total Energy: -30035.587733 eV
Step: 83900, Temperature: 282.29 K, Total Energy: -30036.085853 eV
Step: 83920, Temperature: 288.25 K, Total Energy: -30035.830142 eV
Step: 83940, Temperature: 303.26 K, Total Energy: -30036.258514 eV
Step: 83960, Temperature: 297.49 K, Total Energy: -30035.845319 eV
Step: 83980, Temperature: 281.31 K, Total Energy: -30035.936631 eV
Step: 84000, Temperature: 306.56 K, Total Energy: -30035.497652 eV
Step: 84020, Temperature: 306.47 K, Total Energy: -30035.743984 eV
Step: 84040, Temperature: 307.82 K, Total Energy: -30035.715850 eV
Step: 84060, Temperature: 299.72 K, Total Energy: -30036.148594 eV
Step: 84080, Temperature: 321.19 K, Total Energy: -30035.931494 eV
Step: 84100, Temperature: 322.44 K, Total Energy: -30036.063987 eV
Step: 84120, Temperature: 324.49 K, Total Energy: -30035.688138 eV
Step: 84140, Temperature: 313.15 K, Total Energy: -30035.565774 eV
Step: 84160, Temperature: 319.16 K, Total Energy: -30035.127193 eV
Step: 84180, Temperature: 337.66 K, Total Energy: -30035.436360 eV
Step: 84200, Temperature: 321.72 K, Total Energy: -30035.301017 eV
Step: 84220, Temperature: 324.58 K, Total Energy: -30035.531637 eV
Step: 84240, Temperature: 280.89 K, Total Energy: -30035.720673 eV
Step: 84260, Temperature: 287.12 K, Total Energy: -30036.159525 eV
Step: 84280, Temperature: 298.18 K, Total Energy: -30036.116949 eV
Step: 84300, Temperature: 301.81 K, Total Energy: -30036.238426 eV
Step: 84320, Temperature: 305.60 K, Total Energy: -30035.783580 eV
Step: 84340, Temperature: 310.26 K, Total Energy: -30036.271471 eV
Step: 84360, Temperature: 276.54 K, Total Energy: -30036.525587 eV
Step: 84380, Temperature: 300.78 K, Total Energy: -30036.772164 eV
Step: 84400, Temperature: 271.32 K, Total Energy: -30036.782353 eV
Step: 84420, Temperature: 279.33 K, Total Energy: -30036.301199 eV
Step: 84440, Temperature: 276.18 K, Total Energy: -30036.683213 eV
Step: 84460, Temperature: 265.24 K, Total Energy: -30037.386690 eV
Step: 84480, Temperature: 278.61 K, Total Energy: -30037.815364 eV
Step: 84500, Temperature: 240.73 K, Total Energy: -30037.783732 eV
Step: 84520, Temperature: 286.52 K, Total Energy: -30036.891302 eV
Step: 84540, Temperature: 294.73 K, Total Energy: -30036.321073 eV
Step: 84560, Temperature: 305.52 K, Total Energy: -30035.922261 eV
Step: 84580, Temperature: 305.65 K, Total Energy: -30035.422820 eV
Step: 84600, Temperature: 311.85 K, Total Energy: -30035.331007 eV
Step: 84620, Temperature: 305.46 K, Total Energy: -30035.736332 eV
Step: 84640, Temperature: 288.69 K, Total Energy: -30035.897105 eV
Step: 84660, Temperature: 296.88 K, Total Energy: -30035.643790 eV
Step: 84680, Temperature: 306.19 K, Total Energy: -30035.237308 eV
Step: 84700, Temperature: 315.23 K, Total Energy: -30034.839638 eV
Step: 84720, Temperature: 302.17 K, Total Energy: -30035.260515 eV
Step: 84740, Temperature: 310.94 K, Total Energy: -30035.547393 eV
Step: 84760, Temperature: 312.95 K, Total Energy: -30035.203692 eV
Step: 84780, Temperature: 290.75 K, Total Energy: -30034.880340 eV
Step: 84800, Temperature: 323.93 K, Total Energy: -30034.643831 eV
Step: 84820, Temperature: 321.98 K, Total Energy: -30034.624495 eV
Step: 84840, Temperature: 309.79 K, Total Energy: -30035.056652 eV
Step: 84860, Temperature: 320.26 K, Total Energy: -30035.316309 eV
Step: 84880, Temperature: 303.14 K, Total Energy: -30035.837630 eV
Step: 84900, Temperature: 292.15 K, Total Energy: -30035.106820 eV
Step: 84920, Temperature: 321.80 K, Total Energy: -30034.976766 eV
Step: 84940, Temperature: 298.65 K, Total Energy: -30035.173571 eV
Step: 84960, Temperature: 304.29 K, Total Energy: -30035.123043 eV
Step: 84980, Temperature: 274.95 K, Total Energy: -30035.243608 eV
Step: 85000, Temperature: 291.51 K, Total Energy: -30035.115296 eV
Step: 85020, Temperature: 294.05 K, Total Energy: -30034.934040 eV
Step: 85040, Temperature: 311.70 K, Total Energy: -30034.488985 eV
Step: 85060, Temperature: 315.50 K, Total Energy: -30034.741035 eV
Step: 85080, Temperature: 301.60 K, Total Energy: -30035.310109 eV
Step: 85100, Temperature: 306.99 K, Total Energy: -30035.398733 eV
Step: 85120, Temperature: 324.59 K, Total Energy: -30035.515795 eV
Step: 85140, Temperature: 319.44 K, Total Energy: -30035.077280 eV
Step: 85160, Temperature: 291.71 K, Total Energy: -30035.211721 eV
Step: 85180, Temperature: 315.16 K, Total Energy: -30035.114717 eV
Step: 85200, Temperature: 328.76 K, Total Energy: -30034.990628 eV
Step: 85220, Temperature: 294.89 K, Total Energy: -30035.366040 eV
Step: 85240, Temperature: 308.42 K, Total Energy: -30035.507351 eV
Step: 85260, Temperature: 268.88 K, Total Energy: -30035.800925 eV
Step: 85280, Temperature: 275.18 K, Total Energy: -30035.798172 eV
Step: 85300, Temperature: 301.04 K, Total Energy: -30035.496010 eV
Step: 85320, Temperature: 304.59 K, Total Energy: -30035.310809 eV
Step: 85340, Temperature: 282.04 K, Total Energy: -30035.599935 eV
Step: 85360, Temperature: 292.58 K, Total Energy: -30035.771880 eV
Step: 85380, Temperature: 291.99 K, Total Energy: -30035.585455 eV
Step: 85400, Temperature: 274.28 K, Total Energy: -30035.803464 eV
Step: 85420, Temperature: 297.15 K, Total Energy: -30035.383168 eV
Step: 85440, Temperature: 292.62 K, Total Energy: -30035.145768 eV
Step: 85460, Temperature: 330.34 K, Total Energy: -30035.404104 eV
Step: 85480, Temperature: 260.02 K, Total Energy: -30035.926581 eV
Step: 85500, Temperature: 291.76 K, Total Energy: -30035.378290 eV
Step: 85520, Temperature: 310.57 K, Total Energy: -30035.869071 eV
Step: 85540, Temperature: 310.30 K, Total Energy: -30035.881703 eV
Step: 85560, Temperature: 298.73 K, Total Energy: -30035.818062 eV
Step: 85580, Temperature: 304.72 K, Total Energy: -30036.288165 eV
Step: 85600, Temperature: 287.85 K, Total Energy: -30035.889080 eV
Step: 85620, Temperature: 283.82 K, Total Energy: -30036.152676 eV
Step: 85640, Temperature: 276.93 K, Total Energy: -30036.000295 eV
Step: 85660, Temperature: 284.07 K, Total Energy: -30036.068341 eV
Step: 85680, Temperature: 304.01 K, Total Energy: -30035.638033 eV
Step: 85700, Temperature: 304.80 K, Total Energy: -30036.032117 eV
Step: 85720, Temperature: 304.66 K, Total Energy: -30035.760240 eV
Step: 85740, Temperature: 289.81 K, Total Energy: -30036.195138 eV
Step: 85760, Temperature: 294.22 K, Total Energy: -30035.880798 eV
Step: 85780, Temperature: 312.36 K, Total Energy: -30035.958724 eV
Step: 85800, Temperature: 310.46 K, Total Energy: -30036.039759 eV
Step: 85820, Temperature: 303.49 K, Total Energy: -30036.492811 eV
Step: 85840, Temperature: 293.35 K, Total Energy: -30036.332474 eV
Step: 85860, Temperature: 288.46 K, Total Energy: -30036.086707 eV
Step: 85880, Temperature: 297.22 K, Total Energy: -30035.860035 eV
Step: 85900, Temperature: 322.07 K, Total Energy: -30035.214073 eV
Step: 85920, Temperature: 296.34 K, Total Energy: -30035.501142 eV
Step: 85940, Temperature: 308.22 K, Total Energy: -30035.190018 eV
Step: 85960, Temperature: 272.75 K, Total Energy: -30035.007890 eV
Step: 85980, Temperature: 290.29 K, Total Energy: -30035.212396 eV
Step: 86000, Temperature: 270.07 K, Total Energy: -30036.026774 eV
Step: 86020, Temperature: 274.74 K, Total Energy: -30036.149090 eV
Step: 86040, Temperature: 275.89 K, Total Energy: -30036.331097 eV
Step: 86060, Temperature: 280.24 K, Total Energy: -30036.379812 eV
Step: 86080, Temperature: 280.73 K, Total Energy: -30036.283262 eV
Step: 86100, Temperature: 296.32 K, Total Energy: -30035.898295 eV
Step: 86120, Temperature: 253.90 K, Total Energy: -30036.045604 eV
Step: 86140, Temperature: 282.17 K, Total Energy: -30035.538180 eV
Step: 86160, Temperature: 310.97 K, Total Energy: -30035.126750 eV
Step: 86180, Temperature: 302.00 K, Total Energy: -30035.583119 eV
Step: 86200, Temperature: 326.25 K, Total Energy: -30035.300011 eV
Step: 86220, Temperature: 325.35 K, Total Energy: -30034.627358 eV
Step: 86240, Temperature: 298.82 K, Total Energy: -30035.264940 eV
Step: 86260, Temperature: 317.93 K, Total Energy: -30035.599592 eV
Step: 86280, Temperature: 301.98 K, Total Energy: -30035.068026 eV
Step: 86300, Temperature: 316.78 K, Total Energy: -30035.054312 eV
Step: 86320, Temperature: 303.38 K, Total Energy: -30034.839322 eV
Step: 86340, Temperature: 285.30 K, Total Energy: -30035.002162 eV
Step: 86360, Temperature: 296.67 K, Total Energy: -30035.100276 eV
Step: 86380, Temperature: 319.92 K, Total Energy: -30034.580717 eV
Step: 86400, Temperature: 329.79 K, Total Energy: -30034.546734 eV
Step: 86420, Temperature: 338.45 K, Total Energy: -30034.809046 eV
Step: 86440, Temperature: 309.07 K, Total Energy: -30034.930260 eV
Step: 86460, Temperature: 285.53 K, Total Energy: -30034.301148 eV
Step: 86480, Temperature: 333.96 K, Total Energy: -30034.367491 eV
Step: 86500, Temperature: 289.17 K, Total Energy: -30034.730696 eV
Step: 86520, Temperature: 328.88 K, Total Energy: -30034.384128 eV
Step: 86540, Temperature: 302.97 K, Total Energy: -30034.289206 eV
Step: 86560, Temperature: 307.09 K, Total Energy: -30034.435284 eV
Step: 86580, Temperature: 292.47 K, Total Energy: -30034.842979 eV
Step: 86600, Temperature: 298.70 K, Total Energy: -30034.955465 eV
Step: 86620, Temperature: 273.14 K, Total Energy: -30035.539147 eV
Step: 86640, Temperature: 290.87 K, Total Energy: -30035.398775 eV
Step: 86660, Temperature: 294.73 K, Total Energy: -30035.033986 eV
Step: 86680, Temperature: 313.56 K, Total Energy: -30035.243009 eV
Step: 86700, Temperature: 289.81 K, Total Energy: -30035.435377 eV
Step: 86720, Temperature: 313.87 K, Total Energy: -30035.174545 eV
Step: 86740, Temperature: 309.88 K, Total Energy: -30035.144345 eV
Step: 86760, Temperature: 344.16 K, Total Energy: -30034.739151 eV
Step: 86780, Temperature: 325.00 K, Total Energy: -30034.630450 eV
Step: 86800, Temperature: 301.23 K, Total Energy: -30035.266744 eV
Step: 86820, Temperature: 282.82 K, Total Energy: -30035.519757 eV
Step: 86840, Temperature: 320.50 K, Total Energy: -30035.310326 eV
Step: 86860, Temperature: 315.48 K, Total Energy: -30035.071431 eV
Step: 86880, Temperature: 324.32 K, Total Energy: -30035.022595 eV
Step: 86900, Temperature: 310.53 K, Total Energy: -30034.924858 eV
Step: 86920, Temperature: 310.73 K, Total Energy: -30034.736270 eV
Step: 86940, Temperature: 315.34 K, Total Energy: -30034.696171 eV
Step: 86960, Temperature: 328.46 K, Total Energy: -30034.990434 eV
Step: 86980, Temperature: 346.24 K, Total Energy: -30034.950444 eV
Step: 87000, Temperature: 302.17 K, Total Energy: -30034.932306 eV
Step: 87020, Temperature: 315.59 K, Total Energy: -30034.719186 eV
Step: 87040, Temperature: 331.36 K, Total Energy: -30034.485827 eV
Step: 87060, Temperature: 318.04 K, Total Energy: -30034.854700 eV
Step: 87080, Temperature: 302.61 K, Total Energy: -30035.247510 eV
Step: 87100, Temperature: 312.45 K, Total Energy: -30035.556060 eV
Step: 87120, Temperature: 308.71 K, Total Energy: -30035.695406 eV
Step: 87140, Temperature: 289.42 K, Total Energy: -30035.450970 eV
Step: 87160, Temperature: 304.43 K, Total Energy: -30035.549344 eV
Step: 87180, Temperature: 314.10 K, Total Energy: -30035.040049 eV
Step: 87200, Temperature: 285.44 K, Total Energy: -30035.250601 eV
Step: 87220, Temperature: 291.73 K, Total Energy: -30036.095981 eV
Step: 87240, Temperature: 284.07 K, Total Energy: -30036.646442 eV
Step: 87260, Temperature: 287.37 K, Total Energy: -30036.573031 eV
Step: 87280, Temperature: 268.28 K, Total Energy: -30036.608899 eV
Step: 87300, Temperature: 307.06 K, Total Energy: -30036.133392 eV
Step: 87320, Temperature: 291.25 K, Total Energy: -30036.453735 eV
Step: 87340, Temperature: 287.56 K, Total Energy: -30036.103324 eV
Step: 87360, Temperature: 300.88 K, Total Energy: -30036.078157 eV
Step: 87380, Temperature: 269.93 K, Total Energy: -30036.473585 eV
Step: 87400, Temperature: 296.11 K, Total Energy: -30036.784266 eV
Step: 87420, Temperature: 271.19 K, Total Energy: -30037.162502 eV
Step: 87440, Temperature: 257.69 K, Total Energy: -30037.444238 eV
Step: 87460, Temperature: 302.34 K, Total Energy: -30037.621581 eV
Step: 87480, Temperature: 274.24 K, Total Energy: -30037.144186 eV
Step: 87500, Temperature: 279.57 K, Total Energy: -30037.832132 eV
Step: 87520, Temperature: 269.08 K, Total Energy: -30037.844611 eV
Step: 87540, Temperature: 268.01 K, Total Energy: -30037.252443 eV
Step: 87560, Temperature: 286.29 K, Total Energy: -30037.274126 eV
Step: 87580, Temperature: 259.52 K, Total Energy: -30037.425391 eV
Step: 87600, Temperature: 282.24 K, Total Energy: -30037.303810 eV
Step: 87620, Temperature: 268.42 K, Total Energy: -30036.779133 eV
Step: 87640, Temperature: 276.13 K, Total Energy: -30036.403169 eV
Step: 87660, Temperature: 276.57 K, Total Energy: -30036.605023 eV
Step: 87680, Temperature: 283.65 K, Total Energy: -30036.666711 eV
Step: 87700, Temperature: 290.69 K, Total Energy: -30036.669053 eV
Step: 87720, Temperature: 306.78 K, Total Energy: -30036.441243 eV
Step: 87740, Temperature: 308.56 K, Total Energy: -30036.218587 eV
Step: 87760, Temperature: 270.27 K, Total Energy: -30036.587949 eV
Step: 87780, Temperature: 300.85 K, Total Energy: -30036.413021 eV
Step: 87800, Temperature: 269.96 K, Total Energy: -30036.840011 eV
Step: 87820, Temperature: 295.44 K, Total Energy: -30037.006413 eV
Step: 87840, Temperature: 274.15 K, Total Energy: -30037.492144 eV
Step: 87860, Temperature: 272.86 K, Total Energy: -30037.725888 eV
Step: 87880, Temperature: 253.20 K, Total Energy: -30037.532040 eV
Step: 87900, Temperature: 315.70 K, Total Energy: -30036.462507 eV
Step: 87920, Temperature: 296.07 K, Total Energy: -30036.650633 eV
Step: 87940, Temperature: 300.38 K, Total Energy: -30036.372150 eV
Step: 87960, Temperature: 305.79 K, Total Energy: -30036.083383 eV
Step: 87980, Temperature: 266.83 K, Total Energy: -30036.141537 eV
Step: 88000, Temperature: 325.52 K, Total Energy: -30035.558834 eV
Step: 88020, Temperature: 292.32 K, Total Energy: -30035.881910 eV
Step: 88040, Temperature: 310.95 K, Total Energy: -30036.099824 eV
Step: 88060, Temperature: 292.92 K, Total Energy: -30036.706679 eV
Step: 88080, Temperature: 293.90 K, Total Energy: -30036.650649 eV
Step: 88100, Temperature: 247.60 K, Total Energy: -30037.307946 eV
Step: 88120, Temperature: 258.41 K, Total Energy: -30037.568639 eV
Step: 88140, Temperature: 271.24 K, Total Energy: -30036.920904 eV
Step: 88160, Temperature: 275.25 K, Total Energy: -30036.187049 eV
Step: 88180, Temperature: 314.98 K, Total Energy: -30035.308636 eV
Step: 88200, Temperature: 326.03 K, Total Energy: -30035.229470 eV
Step: 88220, Temperature: 303.50 K, Total Energy: -30035.271824 eV
Step: 88240, Temperature: 323.92 K, Total Energy: -30034.862813 eV
Step: 88260, Temperature: 320.12 K, Total Energy: -30035.233814 eV
Step: 88280, Temperature: 327.25 K, Total Energy: -30035.618542 eV
Step: 88300, Temperature: 320.44 K, Total Energy: -30035.612577 eV
Step: 88320, Temperature: 319.69 K, Total Energy: -30035.813057 eV
Step: 88340, Temperature: 288.99 K, Total Energy: -30035.920936 eV
Step: 88360, Temperature: 291.30 K, Total Energy: -30036.661614 eV
Step: 88380, Temperature: 284.46 K, Total Energy: -30036.704990 eV
Step: 88400, Temperature: 271.44 K, Total Energy: -30036.244167 eV
Step: 88420, Temperature: 284.21 K, Total Energy: -30035.816857 eV
Step: 88440, Temperature: 298.06 K, Total Energy: -30036.213764 eV
Step: 88460, Temperature: 278.28 K, Total Energy: -30036.944865 eV
Step: 88480, Temperature: 291.00 K, Total Energy: -30036.165132 eV
Step: 88500, Temperature: 275.38 K, Total Energy: -30036.162393 eV
Step: 88520, Temperature: 304.61 K, Total Energy: -30035.638536 eV
Step: 88540, Temperature: 292.20 K, Total Energy: -30035.918183 eV
Step: 88560, Temperature: 302.55 K, Total Energy: -30034.956131 eV
Step: 88580, Temperature: 313.11 K, Total Energy: -30034.937818 eV
Step: 88600, Temperature: 302.13 K, Total Energy: -30035.073943 eV
Step: 88620, Temperature: 279.96 K, Total Energy: -30035.679815 eV
Step: 88640, Temperature: 274.09 K, Total Energy: -30036.083571 eV
Step: 88660, Temperature: 264.72 K, Total Energy: -30036.245420 eV
Step: 88680, Temperature: 267.78 K, Total Energy: -30036.351924 eV
Step: 88700, Temperature: 287.75 K, Total Energy: -30035.647440 eV
Step: 88720, Temperature: 296.56 K, Total Energy: -30036.237937 eV
Step: 88740, Temperature: 265.40 K, Total Energy: -30036.329976 eV
Step: 88760, Temperature: 280.67 K, Total Energy: -30036.515402 eV
Step: 88780, Temperature: 289.70 K, Total Energy: -30036.166601 eV
Step: 88800, Temperature: 281.08 K, Total Energy: -30036.399551 eV
Step: 88820, Temperature: 275.37 K, Total Energy: -30036.455664 eV
Step: 88840, Temperature: 268.53 K, Total Energy: -30036.600561 eV
Step: 88860, Temperature: 286.93 K, Total Energy: -30036.275533 eV
Step: 88880, Temperature: 274.57 K, Total Energy: -30036.176853 eV
Step: 88900, Temperature: 316.01 K, Total Energy: -30035.524945 eV
Step: 88920, Temperature: 333.36 K, Total Energy: -30035.173597 eV
Step: 88940, Temperature: 310.28 K, Total Energy: -30034.595230 eV
Step: 88960, Temperature: 303.75 K, Total Energy: -30034.562598 eV
Step: 88980, Temperature: 338.16 K, Total Energy: -30034.499950 eV
Step: 89000, Temperature: 313.64 K, Total Energy: -30034.491072 eV
Step: 89020, Temperature: 322.10 K, Total Energy: -30034.537531 eV
Step: 89040, Temperature: 328.14 K, Total Energy: -30034.475052 eV
Step: 89060, Temperature: 323.96 K, Total Energy: -30034.789388 eV
Step: 89080, Temperature: 310.27 K, Total Energy: -30035.066209 eV
Step: 89100, Temperature: 278.99 K, Total Energy: -30035.331137 eV
Step: 89120, Temperature: 284.02 K, Total Energy: -30035.628265 eV
Step: 89140, Temperature: 312.11 K, Total Energy: -30034.808930 eV
Step: 89160, Temperature: 272.57 K, Total Energy: -30035.565279 eV
Step: 89180, Temperature: 278.48 K, Total Energy: -30035.361486 eV
Step: 89200, Temperature: 291.21 K, Total Energy: -30034.433414 eV
Step: 89220, Temperature: 332.42 K, Total Energy: -30034.288990 eV
Step: 89240, Temperature: 315.84 K, Total Energy: -30034.441413 eV
Step: 89260, Temperature: 308.71 K, Total Energy: -30034.726544 eV
Step: 89280, Temperature: 309.32 K, Total Energy: -30034.332314 eV
Step: 89300, Temperature: 333.29 K, Total Energy: -30034.433286 eV
Step: 89320, Temperature: 315.05 K, Total Energy: -30034.916347 eV
Step: 89340, Temperature: 289.78 K, Total Energy: -30035.246772 eV
Step: 89360, Temperature: 275.67 K, Total Energy: -30034.832723 eV
Step: 89380, Temperature: 320.25 K, Total Energy: -30034.523606 eV
Step: 89400, Temperature: 327.08 K, Total Energy: -30034.314256 eV
Step: 89420, Temperature: 335.13 K, Total Energy: -30034.154501 eV
Step: 89440, Temperature: 323.78 K, Total Energy: -30034.206080 eV
Step: 89460, Temperature: 311.57 K, Total Energy: -30034.564575 eV
Step: 89480, Temperature: 312.72 K, Total Energy: -30034.475148 eV
Step: 89500, Temperature: 298.22 K, Total Energy: -30035.108045 eV
Step: 89520, Temperature: 302.13 K, Total Energy: -30035.228324 eV
Step: 89540, Temperature: 302.50 K, Total Energy: -30035.300955 eV
Step: 89560, Temperature: 302.98 K, Total Energy: -30035.072188 eV
Step: 89580, Temperature: 308.78 K, Total Energy: -30034.974810 eV
Step: 89600, Temperature: 282.54 K, Total Energy: -30035.542353 eV
Step: 89620, Temperature: 297.54 K, Total Energy: -30035.234569 eV
Step: 89640, Temperature: 300.57 K, Total Energy: -30035.437720 eV
Step: 89660, Temperature: 292.13 K, Total Energy: -30036.206923 eV
Step: 89680, Temperature: 291.07 K, Total Energy: -30036.632109 eV
Step: 89700, Temperature: 263.95 K, Total Energy: -30036.598995 eV
Step: 89720, Temperature: 290.98 K, Total Energy: -30036.595245 eV
Step: 89740, Temperature: 278.81 K, Total Energy: -30035.525038 eV
Step: 89760, Temperature: 282.77 K, Total Energy: -30036.126378 eV
Step: 89780, Temperature: 263.88 K, Total Energy: -30036.774566 eV
Step: 89800, Temperature: 278.38 K, Total Energy: -30036.772295 eV
Step: 89820, Temperature: 290.02 K, Total Energy: -30036.902756 eV
Step: 89840, Temperature: 274.49 K, Total Energy: -30036.708202 eV
Step: 89860, Temperature: 277.33 K, Total Energy: -30036.412055 eV
Step: 89880, Temperature: 260.63 K, Total Energy: -30036.471628 eV
Step: 89900, Temperature: 278.85 K, Total Energy: -30036.092493 eV
Step: 89920, Temperature: 270.07 K, Total Energy: -30036.136147 eV
Step: 89940, Temperature: 292.16 K, Total Energy: -30036.180797 eV
Step: 89960, Temperature: 291.53 K, Total Energy: -30035.606797 eV
Step: 89980, Temperature: 310.77 K, Total Energy: -30035.616136 eV
Step: 90000, Temperature: 258.13 K, Total Energy: -30035.847286 eV
Step: 90020, Temperature: 294.51 K, Total Energy: -30036.580471 eV
Step: 90040, Temperature: 251.34 K, Total Energy: -30036.307467 eV
Step: 90060, Temperature: 274.80 K, Total Energy: -30036.202300 eV
Step: 90080, Temperature: 275.50 K, Total Energy: -30036.284418 eV
Step: 90100, Temperature: 270.45 K, Total Energy: -30036.454694 eV
Step: 90120, Temperature: 263.04 K, Total Energy: -30036.395225 eV
Step: 90140, Temperature: 276.04 K, Total Energy: -30036.301870 eV
Step: 90160, Temperature: 284.31 K, Total Energy: -30035.771193 eV
Step: 90180, Temperature: 284.14 K, Total Energy: -30035.857470 eV
Step: 90200, Temperature: 274.39 K, Total Energy: -30036.402288 eV
Step: 90220, Temperature: 286.14 K, Total Energy: -30035.467397 eV
Step: 90240, Temperature: 304.14 K, Total Energy: -30035.513656 eV
Step: 90260, Temperature: 307.13 K, Total Energy: -30035.424537 eV
Step: 90280, Temperature: 304.90 K, Total Energy: -30035.410380 eV
Step: 90300, Temperature: 306.17 K, Total Energy: -30035.929300 eV
Step: 90320, Temperature: 293.43 K, Total Energy: -30035.762164 eV
Step: 90340, Temperature: 294.83 K, Total Energy: -30035.500177 eV
Step: 90360, Temperature: 302.88 K, Total Energy: -30035.637256 eV
Step: 90380, Temperature: 312.19 K, Total Energy: -30035.607701 eV
Step: 90400, Temperature: 307.93 K, Total Energy: -30035.861391 eV
Step: 90420, Temperature: 296.31 K, Total Energy: -30035.681739 eV
Step: 90440, Temperature: 311.58 K, Total Energy: -30035.304679 eV
Step: 90460, Temperature: 295.96 K, Total Energy: -30035.124138 eV
Step: 90480, Temperature: 293.99 K, Total Energy: -30035.353557 eV
Step: 90500, Temperature: 285.67 K, Total Energy: -30035.584584 eV
Step: 90520, Temperature: 271.35 K, Total Energy: -30035.699492 eV
Step: 90540, Temperature: 278.57 K, Total Energy: -30035.339885 eV
Step: 90560, Temperature: 288.37 K, Total Energy: -30036.038187 eV
Step: 90580, Temperature: 284.18 K, Total Energy: -30035.713942 eV
Step: 90600, Temperature: 288.93 K, Total Energy: -30036.080529 eV
Step: 90620, Temperature: 292.29 K, Total Energy: -30036.152061 eV
Step: 90640, Temperature: 285.96 K, Total Energy: -30036.559692 eV
Step: 90660, Temperature: 265.68 K, Total Energy: -30036.510263 eV
Step: 90680, Temperature: 283.55 K, Total Energy: -30035.765029 eV
Step: 90700, Temperature: 283.53 K, Total Energy: -30036.105428 eV
Step: 90720, Temperature: 291.66 K, Total Energy: -30036.328098 eV
Step: 90740, Temperature: 298.54 K, Total Energy: -30036.076777 eV
Step: 90760, Temperature: 258.73 K, Total Energy: -30036.636625 eV
Step: 90780, Temperature: 264.53 K, Total Energy: -30036.220959 eV
Step: 90800, Temperature: 293.00 K, Total Energy: -30035.972096 eV
Step: 90820, Temperature: 294.54 K, Total Energy: -30035.882634 eV
Step: 90840, Temperature: 256.99 K, Total Energy: -30036.039849 eV
Step: 90860, Temperature: 289.61 K, Total Energy: -30035.838849 eV
Step: 90880, Temperature: 288.10 K, Total Energy: -30036.035034 eV
Step: 90900, Temperature: 306.63 K, Total Energy: -30036.206643 eV
Step: 90920, Temperature: 314.42 K, Total Energy: -30035.172424 eV
Step: 90940, Temperature: 327.83 K, Total Energy: -30035.568801 eV
Step: 90960, Temperature: 325.87 K, Total Energy: -30035.432680 eV
Step: 90980, Temperature: 292.59 K, Total Energy: -30035.660101 eV
Step: 91000, Temperature: 302.61 K, Total Energy: -30036.112750 eV
Step: 91020, Temperature: 315.52 K, Total Energy: -30036.191689 eV
Step: 91040, Temperature: 305.28 K, Total Energy: -30035.842306 eV
Step: 91060, Temperature: 279.44 K, Total Energy: -30036.378313 eV
Step: 91080, Temperature: 284.40 K, Total Energy: -30036.296440 eV
Step: 91100, Temperature: 284.63 K, Total Energy: -30036.544523 eV
Step: 91120, Temperature: 272.22 K, Total Energy: -30036.618920 eV
Step: 91140, Temperature: 269.88 K, Total Energy: -30036.896745 eV
Step: 91160, Temperature: 298.23 K, Total Energy: -30036.359783 eV
Step: 91180, Temperature: 305.28 K, Total Energy: -30035.750491 eV
Step: 91200, Temperature: 304.72 K, Total Energy: -30036.309446 eV
Step: 91220, Temperature: 310.56 K, Total Energy: -30035.873240 eV
Step: 91240, Temperature: 280.94 K, Total Energy: -30036.074936 eV
Step: 91260, Temperature: 292.86 K, Total Energy: -30036.020552 eV
Step: 91280, Temperature: 325.32 K, Total Energy: -30035.331315 eV
Step: 91300, Temperature: 308.80 K, Total Energy: -30035.704697 eV
Step: 91320, Temperature: 302.65 K, Total Energy: -30036.308974 eV
Step: 91340, Temperature: 304.66 K, Total Energy: -30037.029898 eV
Step: 91360, Temperature: 268.03 K, Total Energy: -30036.937356 eV
Step: 91380, Temperature: 264.70 K, Total Energy: -30036.962934 eV
Step: 91400, Temperature: 288.25 K, Total Energy: -30036.205178 eV
Step: 91420, Temperature: 288.69 K, Total Energy: -30036.522316 eV
Step: 91440, Temperature: 270.33 K, Total Energy: -30036.660874 eV
Step: 91460, Temperature: 269.57 K, Total Energy: -30036.695536 eV
Step: 91480, Temperature: 292.67 K, Total Energy: -30036.798809 eV
Step: 91500, Temperature: 286.87 K, Total Energy: -30035.894141 eV
Step: 91520, Temperature: 280.21 K, Total Energy: -30036.278880 eV
Step: 91540, Temperature: 277.34 K, Total Energy: -30036.564230 eV
Step: 91560, Temperature: 262.73 K, Total Energy: -30036.762412 eV
Step: 91580, Temperature: 259.24 K, Total Energy: -30036.991081 eV
Step: 91600, Temperature: 293.50 K, Total Energy: -30036.543448 eV
Step: 91620, Temperature: 293.46 K, Total Energy: -30035.755438 eV
Step: 91640, Temperature: 299.27 K, Total Energy: -30035.855079 eV
Step: 91660, Temperature: 319.49 K, Total Energy: -30035.370739 eV
Step: 91680, Temperature: 295.94 K, Total Energy: -30036.044423 eV
Step: 91700, Temperature: 294.66 K, Total Energy: -30035.795557 eV
Step: 91720, Temperature: 288.72 K, Total Energy: -30035.648338 eV
Step: 91740, Temperature: 312.51 K, Total Energy: -30034.964747 eV
Step: 91760, Temperature: 310.49 K, Total Energy: -30035.088009 eV
Step: 91780, Temperature: 300.61 K, Total Energy: -30035.686578 eV
Step: 91800, Temperature: 293.53 K, Total Energy: -30035.556327 eV
Step: 91820, Temperature: 300.85 K, Total Energy: -30035.233222 eV
Step: 91840, Temperature: 314.95 K, Total Energy: -30035.157094 eV
Step: 91860, Temperature: 281.51 K, Total Energy: -30035.281277 eV
Step: 91880, Temperature: 289.76 K, Total Energy: -30035.083023 eV
Step: 91900, Temperature: 296.84 K, Total Energy: -30034.758273 eV
Step: 91920, Temperature: 306.60 K, Total Energy: -30034.547374 eV
Step: 91940, Temperature: 297.75 K, Total Energy: -30035.424726 eV
Step: 91960, Temperature: 315.31 K, Total Energy: -30035.681394 eV
Step: 91980, Temperature: 289.41 K, Total Energy: -30036.091966 eV
Step: 92000, Temperature: 298.00 K, Total Energy: -30036.013993 eV
Step: 92020, Temperature: 314.01 K, Total Energy: -30036.276661 eV
Step: 92040, Temperature: 296.60 K, Total Energy: -30035.467230 eV
Step: 92060, Temperature: 308.87 K, Total Energy: -30035.146403 eV
Step: 92080, Temperature: 315.88 K, Total Energy: -30035.411097 eV
Step: 92100, Temperature: 297.08 K, Total Energy: -30035.550855 eV
Step: 92120, Temperature: 326.93 K, Total Energy: -30034.857181 eV
Step: 92140, Temperature: 293.16 K, Total Energy: -30035.061852 eV
Step: 92160, Temperature: 299.88 K, Total Energy: -30035.536947 eV
Step: 92180, Temperature: 301.47 K, Total Energy: -30035.204045 eV
Step: 92200, Temperature: 313.10 K, Total Energy: -30035.104070 eV
Step: 92220, Temperature: 283.05 K, Total Energy: -30034.935932 eV
Step: 92240, Temperature: 305.54 K, Total Energy: -30035.447110 eV
Step: 92260, Temperature: 284.86 K, Total Energy: -30035.655756 eV
Step: 92280, Temperature: 274.19 K, Total Energy: -30035.547739 eV
Step: 92300, Temperature: 303.82 K, Total Energy: -30035.513832 eV
Step: 92320, Temperature: 286.79 K, Total Energy: -30035.529194 eV
Step: 92340, Temperature: 288.38 K, Total Energy: -30035.158812 eV
Step: 92360, Temperature: 312.91 K, Total Energy: -30034.515245 eV
Step: 92380, Temperature: 298.87 K, Total Energy: -30034.556627 eV
Step: 92400, Temperature: 321.16 K, Total Energy: -30035.047518 eV
Step: 92420, Temperature: 317.02 K, Total Energy: -30034.554196 eV
Step: 92440, Temperature: 306.17 K, Total Energy: -30034.950706 eV
Step: 92460, Temperature: 324.03 K, Total Energy: -30034.734840 eV
Step: 92480, Temperature: 327.10 K, Total Energy: -30034.751387 eV
Step: 92500, Temperature: 318.92 K, Total Energy: -30034.674311 eV
Step: 92520, Temperature: 323.37 K, Total Energy: -30034.259315 eV
Step: 92540, Temperature: 319.00 K, Total Energy: -30034.539560 eV
Step: 92560, Temperature: 307.73 K, Total Energy: -30034.739643 eV
Step: 92580, Temperature: 289.50 K, Total Energy: -30034.798570 eV
Step: 92600, Temperature: 293.70 K, Total Energy: -30034.645816 eV
Step: 92620, Temperature: 324.21 K, Total Energy: -30034.286995 eV
Step: 92640, Temperature: 319.35 K, Total Energy: -30035.231773 eV
Step: 92660, Temperature: 294.37 K, Total Energy: -30035.642586 eV
Step: 92680, Temperature: 326.68 K, Total Energy: -30035.324358 eV
Step: 92700, Temperature: 313.88 K, Total Energy: -30035.350148 eV
Step: 92720, Temperature: 313.37 K, Total Energy: -30035.779135 eV
Step: 92740, Temperature: 315.55 K, Total Energy: -30035.757275 eV
Step: 92760, Temperature: 275.44 K, Total Energy: -30036.094386 eV
Step: 92780, Temperature: 299.21 K, Total Energy: -30035.346903 eV
Step: 92800, Temperature: 313.85 K, Total Energy: -30035.030637 eV
Step: 92820, Temperature: 286.87 K, Total Energy: -30035.275104 eV
Step: 92840, Temperature: 285.27 K, Total Energy: -30034.860241 eV
Step: 92860, Temperature: 315.03 K, Total Energy: -30034.231215 eV
Step: 92880, Temperature: 323.50 K, Total Energy: -30033.867444 eV
Step: 92900, Temperature: 304.10 K, Total Energy: -30034.395404 eV
Step: 92920, Temperature: 290.50 K, Total Energy: -30034.744255 eV
Step: 92940, Temperature: 311.76 K, Total Energy: -30034.501196 eV
Step: 92960, Temperature: 304.40 K, Total Energy: -30034.903448 eV
Step: 92980, Temperature: 304.04 K, Total Energy: -30034.760297 eV
Step: 93000, Temperature: 293.11 K, Total Energy: -30034.740870 eV
Step: 93020, Temperature: 327.13 K, Total Energy: -30034.299488 eV
Step: 93040, Temperature: 327.03 K, Total Energy: -30033.922922 eV
Step: 93060, Temperature: 325.70 K, Total Energy: -30034.153851 eV
Step: 93080, Temperature: 331.27 K, Total Energy: -30034.191117 eV
Step: 93100, Temperature: 327.30 K, Total Energy: -30034.560733 eV
Step: 93120, Temperature: 311.25 K, Total Energy: -30034.500405 eV
Step: 93140, Temperature: 306.57 K, Total Energy: -30034.530493 eV
Step: 93160, Temperature: 315.22 K, Total Energy: -30034.689408 eV
Step: 93180, Temperature: 280.25 K, Total Energy: -30034.871542 eV
Step: 93200, Temperature: 306.81 K, Total Energy: -30034.534152 eV
Step: 93220, Temperature: 300.32 K, Total Energy: -30034.900815 eV
Step: 93240, Temperature: 318.56 K, Total Energy: -30034.757529 eV
Step: 93260, Temperature: 310.34 K, Total Energy: -30034.931543 eV
Step: 93280, Temperature: 306.40 K, Total Energy: -30035.708676 eV
Step: 93300, Temperature: 296.08 K, Total Energy: -30035.785054 eV
Step: 93320, Temperature: 294.42 K, Total Energy: -30035.830845 eV
Step: 93340, Temperature: 291.89 K, Total Energy: -30036.283272 eV
Step: 93360, Temperature: 271.99 K, Total Energy: -30036.021136 eV
Step: 93380, Temperature: 283.85 K, Total Energy: -30035.503619 eV
Step: 93400, Temperature: 323.16 K, Total Energy: -30035.643573 eV
Step: 93420, Temperature: 331.50 K, Total Energy: -30035.552614 eV
Step: 93440, Temperature: 313.17 K, Total Energy: -30035.928570 eV
Step: 93460, Temperature: 320.15 K, Total Energy: -30035.520196 eV
Step: 93480, Temperature: 305.82 K, Total Energy: -30035.996721 eV
Step: 93500, Temperature: 258.26 K, Total Energy: -30036.468814 eV
Step: 93520, Temperature: 299.42 K, Total Energy: -30035.607209 eV
Step: 93540, Temperature: 307.96 K, Total Energy: -30035.542308 eV
Step: 93560, Temperature: 306.37 K, Total Energy: -30035.324513 eV
Step: 93580, Temperature: 304.14 K, Total Energy: -30035.458955 eV
Step: 93600, Temperature: 300.97 K, Total Energy: -30035.779037 eV
Step: 93620, Temperature: 269.71 K, Total Energy: -30036.494812 eV
Step: 93640, Temperature: 304.40 K, Total Energy: -30035.887840 eV
Step: 93660, Temperature: 292.26 K, Total Energy: -30035.738796 eV
Step: 93680, Temperature: 313.38 K, Total Energy: -30035.265125 eV
Step: 93700, Temperature: 311.54 K, Total Energy: -30035.448144 eV
Step: 93720, Temperature: 312.72 K, Total Energy: -30035.553123 eV
Step: 93740, Temperature: 317.94 K, Total Energy: -30035.997920 eV
Step: 93760, Temperature: 291.58 K, Total Energy: -30036.191547 eV
Step: 93780, Temperature: 309.92 K, Total Energy: -30035.907001 eV
Step: 93800, Temperature: 306.18 K, Total Energy: -30036.054044 eV
Step: 93820, Temperature: 287.72 K, Total Energy: -30036.220361 eV
Step: 93840, Temperature: 276.37 K, Total Energy: -30036.715569 eV
Step: 93860, Temperature: 292.56 K, Total Energy: -30036.237275 eV
Step: 93880, Temperature: 283.53 K, Total Energy: -30036.314368 eV
Step: 93900, Temperature: 314.48 K, Total Energy: -30036.010805 eV
Step: 93920, Temperature: 283.64 K, Total Energy: -30036.473738 eV
Step: 93940, Temperature: 284.01 K, Total Energy: -30036.827672 eV
Step: 93960, Temperature: 279.14 K, Total Energy: -30036.741508 eV
Step: 93980, Temperature: 308.94 K, Total Energy: -30035.603494 eV
Step: 94000, Temperature: 301.99 K, Total Energy: -30035.972199 eV
Step: 94020, Temperature: 277.66 K, Total Energy: -30036.290443 eV
Step: 94040, Temperature: 313.36 K, Total Energy: -30035.261599 eV
Step: 94060, Temperature: 307.83 K, Total Energy: -30035.961622 eV
Step: 94080, Temperature: 305.53 K, Total Energy: -30036.236399 eV
Step: 94100, Temperature: 295.95 K, Total Energy: -30035.909584 eV
Step: 94120, Temperature: 311.18 K, Total Energy: -30035.463149 eV
Step: 94140, Temperature: 317.05 K, Total Energy: -30035.479257 eV
Step: 94160, Temperature: 305.68 K, Total Energy: -30035.476820 eV
Step: 94180, Temperature: 299.58 K, Total Energy: -30035.630402 eV
Step: 94200, Temperature: 307.34 K, Total Energy: -30036.249333 eV
Step: 94220, Temperature: 316.63 K, Total Energy: -30036.085426 eV
Step: 94240, Temperature: 316.54 K, Total Energy: -30035.781195 eV
Step: 94260, Temperature: 292.40 K, Total Energy: -30036.225621 eV
Step: 94280, Temperature: 302.85 K, Total Energy: -30036.458355 eV
Step: 94300, Temperature: 290.36 K, Total Energy: -30036.106932 eV
Step: 94320, Temperature: 284.77 K, Total Energy: -30036.232273 eV
Step: 94340, Temperature: 338.20 K, Total Energy: -30035.680396 eV
Step: 94360, Temperature: 332.26 K, Total Energy: -30035.898703 eV
Step: 94380, Temperature: 288.84 K, Total Energy: -30036.143399 eV
Step: 94400, Temperature: 298.63 K, Total Energy: -30036.101611 eV
Step: 94420, Temperature: 295.99 K, Total Energy: -30036.246406 eV
Step: 94440, Temperature: 279.14 K, Total Energy: -30036.223910 eV
Step: 94460, Temperature: 284.73 K, Total Energy: -30036.485346 eV
Step: 94480, Temperature: 295.27 K, Total Energy: -30036.471613 eV
Step: 94500, Temperature: 295.33 K, Total Energy: -30036.388157 eV
Step: 94520, Temperature: 281.64 K, Total Energy: -30036.113864 eV
Step: 94540, Temperature: 306.96 K, Total Energy: -30035.575472 eV
Step: 94560, Temperature: 289.69 K, Total Energy: -30036.071226 eV
Step: 94580, Temperature: 305.90 K, Total Energy: -30035.490751 eV
Step: 94600, Temperature: 329.28 K, Total Energy: -30035.206180 eV
Step: 94620, Temperature: 338.22 K, Total Energy: -30034.719135 eV
Step: 94640, Temperature: 302.44 K, Total Energy: -30035.289003 eV
Step: 94660, Temperature: 293.61 K, Total Energy: -30035.616965 eV
Step: 94680, Temperature: 318.80 K, Total Energy: -30035.669459 eV
Step: 94700, Temperature: 289.04 K, Total Energy: -30036.155913 eV
Step: 94720, Temperature: 313.18 K, Total Energy: -30036.121602 eV
Step: 94740, Temperature: 282.49 K, Total Energy: -30036.293794 eV
Step: 94760, Temperature: 284.53 K, Total Energy: -30036.205053 eV
Step: 94780, Temperature: 294.25 K, Total Energy: -30036.024747 eV
Step: 94800, Temperature: 294.06 K, Total Energy: -30035.632953 eV
Step: 94820, Temperature: 316.61 K, Total Energy: -30035.042999 eV
Step: 94840, Temperature: 341.52 K, Total Energy: -30034.807859 eV
Step: 94860, Temperature: 324.85 K, Total Energy: -30034.764935 eV
Step: 94880, Temperature: 318.77 K, Total Energy: -30034.398718 eV
Step: 94900, Temperature: 339.16 K, Total Energy: -30034.267637 eV
Step: 94920, Temperature: 312.03 K, Total Energy: -30033.877138 eV
Step: 94940, Temperature: 349.40 K, Total Energy: -30034.173551 eV
Step: 94960, Temperature: 327.73 K, Total Energy: -30034.292095 eV
Step: 94980, Temperature: 337.72 K, Total Energy: -30034.713990 eV
Step: 95000, Temperature: 337.07 K, Total Energy: -30033.865179 eV
Step: 95020, Temperature: 300.34 K, Total Energy: -30034.710979 eV
Step: 95040, Temperature: 301.70 K, Total Energy: -30034.678745 eV
Step: 95060, Temperature: 311.36 K, Total Energy: -30034.905853 eV
Step: 95080, Temperature: 285.46 K, Total Energy: -30035.560606 eV
Step: 95100, Temperature: 309.68 K, Total Energy: -30035.557503 eV
Step: 95120, Temperature: 288.51 K, Total Energy: -30035.681127 eV
Step: 95140, Temperature: 282.12 K, Total Energy: -30036.201440 eV
Step: 95160, Temperature: 302.90 K, Total Energy: -30036.380705 eV
Step: 95180, Temperature: 312.38 K, Total Energy: -30035.831433 eV
Step: 95200, Temperature: 292.47 K, Total Energy: -30036.288173 eV
Step: 95220, Temperature: 279.77 K, Total Energy: -30036.364269 eV
Step: 95240, Temperature: 278.26 K, Total Energy: -30036.990229 eV
Step: 95260, Temperature: 290.40 K, Total Energy: -30036.846336 eV
Step: 95280, Temperature: 286.62 K, Total Energy: -30036.492443 eV
Step: 95300, Temperature: 296.75 K, Total Energy: -30036.166772 eV
Step: 95320, Temperature: 280.02 K, Total Energy: -30036.590288 eV
Step: 95340, Temperature: 299.92 K, Total Energy: -30036.405260 eV
Step: 95360, Temperature: 273.05 K, Total Energy: -30036.633302 eV
Step: 95380, Temperature: 296.89 K, Total Energy: -30035.915193 eV
Step: 95400, Temperature: 270.08 K, Total Energy: -30035.983573 eV
Step: 95420, Temperature: 311.18 K, Total Energy: -30035.464971 eV
Step: 95440, Temperature: 296.98 K, Total Energy: -30035.088573 eV
Step: 95460, Temperature: 338.45 K, Total Energy: -30034.957375 eV
Step: 95480, Temperature: 311.85 K, Total Energy: -30034.454001 eV
Step: 95500, Temperature: 305.32 K, Total Energy: -30034.458472 eV
Step: 95520, Temperature: 294.98 K, Total Energy: -30034.799107 eV
Step: 95540, Temperature: 306.58 K, Total Energy: -30035.288021 eV
Step: 95560, Temperature: 301.68 K, Total Energy: -30035.175331 eV
Step: 95580, Temperature: 337.56 K, Total Energy: -30034.860583 eV
Step: 95600, Temperature: 298.97 K, Total Energy: -30034.704458 eV
Step: 95620, Temperature: 306.40 K, Total Energy: -30035.052382 eV
Step: 95640, Temperature: 309.34 K, Total Energy: -30035.579702 eV
Step: 95660, Temperature: 296.09 K, Total Energy: -30035.894252 eV
Step: 95680, Temperature: 294.60 K, Total Energy: -30036.158438 eV
Step: 95700, Temperature: 289.42 K, Total Energy: -30035.853318 eV
Step: 95720, Temperature: 292.09 K, Total Energy: -30035.711869 eV
Step: 95740, Temperature: 291.23 K, Total Energy: -30036.079173 eV
Step: 95760, Temperature: 289.34 K, Total Energy: -30035.451024 eV
Step: 95780, Temperature: 305.33 K, Total Energy: -30034.909423 eV
Step: 95800, Temperature: 308.30 K, Total Energy: -30034.953741 eV
Step: 95820, Temperature: 311.10 K, Total Energy: -30034.705379 eV
Step: 95840, Temperature: 313.58 K, Total Energy: -30034.625227 eV
Step: 95860, Temperature: 308.00 K, Total Energy: -30034.888930 eV
Step: 95880, Temperature: 301.13 K, Total Energy: -30034.626709 eV
Step: 95900, Temperature: 302.07 K, Total Energy: -30034.331389 eV
Step: 95920, Temperature: 291.02 K, Total Energy: -30034.311218 eV
Step: 95940, Temperature: 317.31 K, Total Energy: -30033.814434 eV
Step: 95960, Temperature: 332.28 K, Total Energy: -30033.720457 eV
Step: 95980, Temperature: 310.70 K, Total Energy: -30033.807207 eV
Step: 96000, Temperature: 364.89 K, Total Energy: -30033.300692 eV
Step: 96020, Temperature: 287.29 K, Total Energy: -30033.786060 eV
Step: 96040, Temperature: 294.02 K, Total Energy: -30034.336986 eV
Step: 96060, Temperature: 311.39 K, Total Energy: -30034.272270 eV
Step: 96080, Temperature: 289.85 K, Total Energy: -30034.192129 eV
Step: 96100, Temperature: 305.68 K, Total Energy: -30034.799011 eV
Step: 96120, Temperature: 310.02 K, Total Energy: -30034.761839 eV
Step: 96140, Temperature: 290.58 K, Total Energy: -30034.617049 eV
Step: 96160, Temperature: 320.47 K, Total Energy: -30034.236671 eV
Step: 96180, Temperature: 284.34 K, Total Energy: -30034.264578 eV
Step: 96200, Temperature: 315.63 K, Total Energy: -30033.888072 eV
Step: 96220, Temperature: 327.84 K, Total Energy: -30033.490492 eV
Step: 96240, Temperature: 300.27 K, Total Energy: -30034.658160 eV
Step: 96260, Temperature: 296.31 K, Total Energy: -30034.914175 eV
Step: 96280, Temperature: 322.94 K, Total Energy: -30034.655094 eV
Step: 96300, Temperature: 280.76 K, Total Energy: -30035.292270 eV
Step: 96320, Temperature: 291.70 K, Total Energy: -30035.938503 eV
Step: 96340, Temperature: 287.36 K, Total Energy: -30035.249031 eV
Step: 96360, Temperature: 298.53 K, Total Energy: -30035.164756 eV
Step: 96380, Temperature: 286.76 K, Total Energy: -30035.315069 eV
Step: 96400, Temperature: 315.03 K, Total Energy: -30035.370060 eV
Step: 96420, Temperature: 317.68 K, Total Energy: -30035.158560 eV
Step: 96440, Temperature: 319.06 K, Total Energy: -30034.707872 eV
Step: 96460, Temperature: 317.24 K, Total Energy: -30034.786974 eV
Step: 96480, Temperature: 309.34 K, Total Energy: -30034.597442 eV
Step: 96500, Temperature: 275.05 K, Total Energy: -30034.844544 eV
Step: 96520, Temperature: 317.55 K, Total Energy: -30034.204982 eV
Step: 96540, Temperature: 314.94 K, Total Energy: -30034.081327 eV
Step: 96560, Temperature: 326.11 K, Total Energy: -30033.547780 eV
Step: 96580, Temperature: 306.21 K, Total Energy: -30033.969151 eV
Step: 96600, Temperature: 328.01 K, Total Energy: -30034.429460 eV
Step: 96620, Temperature: 312.11 K, Total Energy: -30034.437772 eV
Step: 96640, Temperature: 295.04 K, Total Energy: -30034.655187 eV
Step: 96660, Temperature: 298.48 K, Total Energy: -30034.843854 eV
Step: 96680, Temperature: 312.22 K, Total Energy: -30034.177104 eV
Step: 96700, Temperature: 328.22 K, Total Energy: -30033.766015 eV
Step: 96720, Temperature: 315.21 K, Total Energy: -30033.918080 eV
Step: 96740, Temperature: 320.69 K, Total Energy: -30034.367933 eV
Step: 96760, Temperature: 309.56 K, Total Energy: -30033.705228 eV
Step: 96780, Temperature: 316.75 K, Total Energy: -30033.793343 eV
Step: 96800, Temperature: 305.74 K, Total Energy: -30034.379659 eV
Step: 96820, Temperature: 293.76 K, Total Energy: -30034.335813 eV
Step: 96840, Temperature: 315.01 K, Total Energy: -30034.153799 eV
Step: 96860, Temperature: 296.97 K, Total Energy: -30034.249123 eV
Step: 96880, Temperature: 295.99 K, Total Energy: -30034.789409 eV
Step: 96900, Temperature: 315.21 K, Total Energy: -30034.619490 eV
Step: 96920, Temperature: 304.02 K, Total Energy: -30034.315503 eV
Step: 96940, Temperature: 289.06 K, Total Energy: -30034.135839 eV
Step: 96960, Temperature: 268.56 K, Total Energy: -30034.953440 eV
Step: 96980, Temperature: 284.91 K, Total Energy: -30034.855839 eV
Step: 97000, Temperature: 272.63 K, Total Energy: -30035.172972 eV
Step: 97020, Temperature: 295.46 K, Total Energy: -30034.988316 eV
Step: 97040, Temperature: 282.94 K, Total Energy: -30035.085013 eV
Step: 97060, Temperature: 285.50 K, Total Energy: -30034.538207 eV
Step: 97080, Temperature: 315.73 K, Total Energy: -30034.213588 eV
Step: 97100, Temperature: 288.09 K, Total Energy: -30033.877189 eV
Step: 97120, Temperature: 304.63 K, Total Energy: -30033.770753 eV
Step: 97140, Temperature: 312.06 K, Total Energy: -30034.458617 eV
Step: 97160, Temperature: 292.67 K, Total Energy: -30034.320293 eV
Step: 97180, Temperature: 305.28 K, Total Energy: -30034.277896 eV
Step: 97200, Temperature: 319.72 K, Total Energy: -30033.771387 eV
Step: 97220, Temperature: 308.59 K, Total Energy: -30034.714041 eV
Step: 97240, Temperature: 288.25 K, Total Energy: -30034.459157 eV
Step: 97260, Temperature: 306.54 K, Total Energy: -30034.441403 eV
Step: 97280, Temperature: 297.58 K, Total Energy: -30034.895835 eV
Step: 97300, Temperature: 287.78 K, Total Energy: -30034.560824 eV
Step: 97320, Temperature: 337.08 K, Total Energy: -30034.300564 eV
Step: 97340, Temperature: 323.35 K, Total Energy: -30035.047031 eV
Step: 97360, Temperature: 290.83 K, Total Energy: -30034.688896 eV
Step: 97380, Temperature: 254.09 K, Total Energy: -30035.417786 eV
Step: 97400, Temperature: 308.49 K, Total Energy: -30035.192973 eV
Step: 97420, Temperature: 278.85 K, Total Energy: -30035.176352 eV
Step: 97440, Temperature: 308.95 K, Total Energy: -30035.046767 eV
Step: 97460, Temperature: 304.56 K, Total Energy: -30035.372069 eV
Step: 97480, Temperature: 322.62 K, Total Energy: -30034.866156 eV
Step: 97500, Temperature: 290.00 K, Total Energy: -30035.225526 eV
Step: 97520, Temperature: 293.63 K, Total Energy: -30034.987580 eV
Step: 97540, Temperature: 299.10 K, Total Energy: -30034.472669 eV
Step: 97560, Temperature: 322.81 K, Total Energy: -30034.558652 eV
Step: 97580, Temperature: 316.68 K, Total Energy: -30034.351915 eV
Step: 97600, Temperature: 307.73 K, Total Energy: -30034.182802 eV
Step: 97620, Temperature: 286.45 K, Total Energy: -30034.434146 eV
Step: 97640, Temperature: 291.32 K, Total Energy: -30034.840781 eV
Step: 97660, Temperature: 280.68 K, Total Energy: -30035.354837 eV
Step: 97680, Temperature: 273.56 K, Total Energy: -30035.264818 eV
Step: 97700, Temperature: 292.28 K, Total Energy: -30034.902395 eV
Step: 97720, Temperature: 297.86 K, Total Energy: -30034.570244 eV
Step: 97740, Temperature: 289.73 K, Total Energy: -30034.802668 eV
Step: 97760, Temperature: 284.20 K, Total Energy: -30034.594243 eV
Step: 97780, Temperature: 297.07 K, Total Energy: -30034.513998 eV
Step: 97800, Temperature: 296.19 K, Total Energy: -30034.524474 eV
Step: 97820, Temperature: 284.92 K, Total Energy: -30034.447415 eV
Step: 97840, Temperature: 305.01 K, Total Energy: -30034.704589 eV
Step: 97860, Temperature: 307.19 K, Total Energy: -30034.563754 eV
Step: 97880, Temperature: 290.95 K, Total Energy: -30034.516021 eV
Step: 97900, Temperature: 299.18 K, Total Energy: -30034.329989 eV
Step: 97920, Temperature: 299.06 K, Total Energy: -30034.491364 eV
Step: 97940, Temperature: 291.52 K, Total Energy: -30034.521132 eV
Step: 97960, Temperature: 296.12 K, Total Energy: -30034.575100 eV
Step: 97980, Temperature: 306.38 K, Total Energy: -30034.494383 eV
Step: 98000, Temperature: 288.28 K, Total Energy: -30034.632170 eV
Step: 98020, Temperature: 319.98 K, Total Energy: -30034.366256 eV
Step: 98040, Temperature: 292.16 K, Total Energy: -30034.208214 eV
Step: 98060, Temperature: 314.44 K, Total Energy: -30034.328279 eV
Step: 98080, Temperature: 279.69 K, Total Energy: -30035.317392 eV
Step: 98100, Temperature: 302.07 K, Total Energy: -30035.046343 eV
Step: 98120, Temperature: 282.30 K, Total Energy: -30035.030856 eV
Step: 98140, Temperature: 301.33 K, Total Energy: -30035.303302 eV
Step: 98160, Temperature: 285.98 K, Total Energy: -30035.377660 eV
Step: 98180, Temperature: 312.30 K, Total Energy: -30035.081496 eV
Step: 98200, Temperature: 266.36 K, Total Energy: -30035.350698 eV
Step: 98220, Temperature: 294.66 K, Total Energy: -30034.336635 eV
Step: 98240, Temperature: 313.89 K, Total Energy: -30034.445649 eV
Step: 98260, Temperature: 308.84 K, Total Energy: -30034.053480 eV
Step: 98280, Temperature: 294.73 K, Total Energy: -30034.092522 eV
Step: 98300, Temperature: 320.86 K, Total Energy: -30033.637126 eV
Step: 98320, Temperature: 320.05 K, Total Energy: -30033.604730 eV
Step: 98340, Temperature: 315.42 K, Total Energy: -30033.725385 eV
Step: 98360, Temperature: 331.31 K, Total Energy: -30033.752725 eV
Step: 98380, Temperature: 311.50 K, Total Energy: -30034.050724 eV
Step: 98400, Temperature: 307.28 K, Total Energy: -30034.196076 eV
Step: 98420, Temperature: 301.62 K, Total Energy: -30034.604474 eV
Step: 98440, Temperature: 312.95 K, Total Energy: -30034.436058 eV
Step: 98460, Temperature: 287.99 K, Total Energy: -30034.567282 eV
Step: 98480, Temperature: 302.99 K, Total Energy: -30034.765255 eV
Step: 98500, Temperature: 314.72 K, Total Energy: -30034.274252 eV
Step: 98520, Temperature: 326.85 K, Total Energy: -30033.989918 eV
Step: 98540, Temperature: 322.70 K, Total Energy: -30034.245105 eV
Step: 98560, Temperature: 327.25 K, Total Energy: -30034.343299 eV
Step: 98580, Temperature: 312.25 K, Total Energy: -30034.279808 eV
Step: 98600, Temperature: 319.17 K, Total Energy: -30033.589789 eV
Step: 98620, Temperature: 318.28 K, Total Energy: -30033.946260 eV
Step: 98640, Temperature: 335.20 K, Total Energy: -30033.478853 eV
Step: 98660, Temperature: 344.43 K, Total Energy: -30033.406307 eV
Step: 98680, Temperature: 322.99 K, Total Energy: -30033.493601 eV
Step: 98700, Temperature: 292.19 K, Total Energy: -30033.693865 eV
Step: 98720, Temperature: 303.88 K, Total Energy: -30033.811210 eV
Step: 98740, Temperature: 294.43 K, Total Energy: -30034.611846 eV
Step: 98760, Temperature: 280.95 K, Total Energy: -30034.877357 eV
Step: 98780, Temperature: 307.84 K, Total Energy: -30034.918508 eV
Step: 98800, Temperature: 306.37 K, Total Energy: -30034.322627 eV
Step: 98820, Temperature: 311.57 K, Total Energy: -30034.937751 eV
Step: 98840, Temperature: 316.36 K, Total Energy: -30034.635287 eV
Step: 98860, Temperature: 312.67 K, Total Energy: -30034.732228 eV
Step: 98880, Temperature: 321.22 K, Total Energy: -30034.764701 eV
Step: 98900, Temperature: 337.90 K, Total Energy: -30034.080601 eV
Step: 98920, Temperature: 318.44 K, Total Energy: -30033.260687 eV
Step: 98940, Temperature: 372.90 K, Total Energy: -30033.282505 eV
Step: 98960, Temperature: 324.44 K, Total Energy: -30033.392675 eV
Step: 98980, Temperature: 336.13 K, Total Energy: -30033.943603 eV
Step: 99000, Temperature: 307.44 K, Total Energy: -30034.352261 eV
Step: 99020, Temperature: 328.81 K, Total Energy: -30034.319419 eV
Step: 99040, Temperature: 323.26 K, Total Energy: -30034.361787 eV
Step: 99060, Temperature: 308.38 K, Total Energy: -30033.955588 eV
Step: 99080, Temperature: 322.37 K, Total Energy: -30034.511050 eV
Step: 99100, Temperature: 296.72 K, Total Energy: -30034.845206 eV
Step: 99120, Temperature: 306.74 K, Total Energy: -30035.108272 eV
Step: 99140, Temperature: 293.33 K, Total Energy: -30035.833080 eV
Step: 99160, Temperature: 289.06 K, Total Energy: -30035.835048 eV
Step: 99180, Temperature: 284.45 K, Total Energy: -30035.839943 eV
Step: 99200, Temperature: 290.71 K, Total Energy: -30035.281845 eV
Step: 99220, Temperature: 282.10 K, Total Energy: -30035.076981 eV
Step: 99240, Temperature: 287.50 K, Total Energy: -30035.386190 eV
Step: 99260, Temperature: 306.15 K, Total Energy: -30035.412271 eV
Step: 99280, Temperature: 306.27 K, Total Energy: -30035.696189 eV
Step: 99300, Temperature: 281.80 K, Total Energy: -30036.311006 eV
Step: 99320, Temperature: 297.42 K, Total Energy: -30035.819776 eV
Step: 99340, Temperature: 289.24 K, Total Energy: -30035.359908 eV
Step: 99360, Temperature: 306.27 K, Total Energy: -30035.262675 eV
Step: 99380, Temperature: 286.45 K, Total Energy: -30035.281836 eV
Step: 99400, Temperature: 303.70 K, Total Energy: -30035.110618 eV
Step: 99420, Temperature: 288.32 K, Total Energy: -30035.293353 eV
Step: 99440, Temperature: 306.04 K, Total Energy: -30035.094696 eV
Step: 99460, Temperature: 284.87 K, Total Energy: -30035.909523 eV
Step: 99480, Temperature: 293.75 K, Total Energy: -30035.601728 eV
Step: 99500, Temperature: 284.53 K, Total Energy: -30035.662218 eV
Step: 99520, Temperature: 281.52 K, Total Energy: -30035.443211 eV
Step: 99540, Temperature: 276.15 K, Total Energy: -30035.871539 eV
Step: 99560, Temperature: 290.02 K, Total Energy: -30035.977042 eV
Step: 99580, Temperature: 293.41 K, Total Energy: -30036.032242 eV
Step: 99600, Temperature: 297.57 K, Total Energy: -30035.884194 eV
Step: 99620, Temperature: 289.87 K, Total Energy: -30035.640835 eV
Step: 99640, Temperature: 306.38 K, Total Energy: -30034.822437 eV
Step: 99660, Temperature: 295.24 K, Total Energy: -30034.884535 eV
Step: 99680, Temperature: 277.97 K, Total Energy: -30035.394048 eV
Step: 99700, Temperature: 294.54 K, Total Energy: -30035.003577 eV
Step: 99720, Temperature: 301.16 K, Total Energy: -30035.317302 eV
Step: 99740, Temperature: 315.87 K, Total Energy: -30035.042131 eV
Step: 99760, Temperature: 308.91 K, Total Energy: -30035.172602 eV
Step: 99780, Temperature: 329.06 K, Total Energy: -30035.274051 eV
Step: 99800, Temperature: 315.24 K, Total Energy: -30034.712402 eV
Step: 99820, Temperature: 287.20 K, Total Energy: -30035.692525 eV
Step: 99840, Temperature: 277.01 K, Total Energy: -30035.736411 eV
Step: 99860, Temperature: 283.04 K, Total Energy: -30036.219224 eV
Step: 99880, Temperature: 295.01 K, Total Energy: -30036.118836 eV
Step: 99900, Temperature: 283.85 K, Total Energy: -30036.259420 eV
Step: 99920, Temperature: 283.83 K, Total Energy: -30036.201236 eV
Step: 99940, Temperature: 294.83 K, Total Energy: -30035.967122 eV
Step: 99960, Temperature: 278.23 K, Total Energy: -30036.057302 eV
Step: 99980, Temperature: 299.30 K, Total Energy: -30035.858172 eV
Step: 100000, Temperature: 283.16 K, Total Energy: -30036.046386 eV
