,T,E
0,300.00618128295486,-30042.79946495058
1,188.53378005499343,-30041.57404762731
2,204.81899260658008,-30040.597161338017
3,221.23383766906497,-30039.55646069668
4,205.98396529819553,-30038.776781771052
5,236.42500255456352,-30037.769260010053
6,253.94682078240731,-30037.077610469903
7,239.02632625029818,-30036.90291059817
8,258.08681335236673,-30035.879509095463
9,296.50835297823744,-30035.38958325583
10,304.85921358532147,-30034.78456279181
11,301.2242842312882,-30034.647668073772
12,326.98967457454455,-30034.691592975196
13,289.82865577755064,-30034.87044964102
14,299.97505849409526,-30034.483843171987
15,300.8577866087566,-30034.274093399687
16,300.43378018323835,-30034.620718274728
17,281.1129102964995,-30035.08037040551
18,292.5277154515419,-30034.96452735125
19,287.45599601643465,-30034.97126979537
20,284.2097855739611,-30035.10973339847
21,291.35264135591467,-30034.871099031086
22,300.6116022345944,-30034.34475177201
23,298.5883203324345,-30034.378171865916
24,292.94221486835875,-30034.159157731934
25,325.7106941267964,-30033.45039306146
26,304.64985997382684,-30033.5496053193
27,305.2617637433519,-30033.844728736818
28,317.51085525157424,-30033.776216293336
29,285.9270731281885,-30033.812541728614
30,289.4221445092946,-30033.718586663534
31,303.36530082839033,-30033.767530395493
32,326.5617106203422,-30032.602770727484
33,314.9054396300661,-30033.191496970034
34,314.23480510462736,-30034.020900776814
35,304.2621933096585,-30034.285939225538
36,323.89425757785244,-30034.617271350264
37,316.3216956897749,-30034.31400238208
38,303.9226512195843,-30034.622622618623
39,329.1286854460102,-30034.12595897762
40,327.36550088057913,-30034.020010638367
41,298.37108482368757,-30034.342631812076
42,298.49671020216016,-30034.427355962576
43,293.6785889966786,-30034.24997191302
44,296.07429964514125,-30034.162242620125
45,308.8919451260429,-30034.104790005753
46,286.7968116461877,-30034.700775618072
47,298.78336466297026,-30034.562708763744
48,322.34717709990366,-30034.230485333108
49,308.1830785837997,-30034.864844976946
50,297.7621603875984,-30034.621652048398
51,295.1681681183748,-30034.976097916606
52,297.6622079689139,-30035.692530793203
53,297.75017906064517,-30035.991094671026
54,287.5101364486836,-30035.21990514835
55,302.4541927318032,-30035.024870504858
56,312.47797513006446,-30034.77026101571
57,302.53346582642587,-30034.673262996712
58,302.2368650677556,-30033.651442148857
59,320.346454408726,-30033.74771180651
60,292.24934556888655,-30033.96373135656
61,290.82979368284157,-30034.310059018095
62,294.0480489755926,-30034.10003441887
63,328.88301775373765,-30033.40558870162
64,286.58726450215596,-30034.016604273686
65,302.7173937920054,-30034.584642590202
66,282.9156682432024,-30034.69508689533
67,286.16439636363964,-30034.759684832417
68,282.07994236449167,-30035.32162069379
69,283.6992876416132,-30035.48588210173
70,298.8072770891864,-30035.13241853451
71,300.91392694330096,-30035.221897093747
72,302.59427386560947,-30035.068214663053
73,282.77950776079547,-30035.51101891441
74,300.02634368208595,-30035.162237993376
75,297.4559202845865,-30035.35202729188
76,292.8976271314757,-30034.96301597166
77,292.00419955731496,-30035.34295730624
78,290.3908159491905,-30034.85432688031
79,292.5596544899309,-30035.12778480571
80,290.0209668890186,-30035.545289806523
81,280.31402609142776,-30035.80949120912
82,306.16767128011276,-30035.825800961156
83,280.6542455881829,-30036.31654074153
84,268.564153595929,-30035.916201742308
85,297.9333461482614,-30035.605618442973
86,292.0954153946588,-30035.690267523005
87,306.2753331823666,-30035.46175914349
88,293.6172971525921,-30035.632376191315
89,295.0730496202732,-30035.4238079441
90,298.84152295055566,-30035.176477218905
91,276.85444018668164,-30035.18380183824
92,325.2942325179384,-30034.648390264185
93,306.0719996589163,-30034.4395405555
94,307.24140494274053,-30034.781158636986
95,291.5030222884908,-30035.43566795073
96,270.22893076326767,-30035.49142738305
97,274.8649665237296,-30035.97418227211
98,279.829252349621,-30036.017022766373
99,307.91181847543623,-30035.375588525483
100,299.4716675781751,-30035.59223461299
101,295.58107728593995,-30035.71373713062
102,311.2090190904175,-30035.501464679837
103,296.0099440945627,-30034.97441162126
104,288.4284665189465,-30035.147929879146
105,270.0508824496071,-30036.00958708887
106,272.8649887679574,-30035.6945149689
107,314.81102523896715,-30035.375517375025
108,268.0278016129882,-30035.652377114784
109,302.9898407554534,-30034.802384751165
110,304.5484252862981,-30034.390052675713
111,266.8342420137038,-30035.289883484515
112,282.43810199279847,-30035.226655532784
113,291.4004530937118,-30034.506612653186
114,301.22800561722056,-30034.96788677367
115,312.4178126221416,-30034.98662120331
116,307.67248237628206,-30034.9792774073
117,292.9209644933207,-30034.771021487326
118,293.8623013677383,-30034.75510694072
119,287.0044181370058,-30035.09007400297
120,273.7494674228578,-30035.512064823022
121,319.30776339153266,-30035.17037710658
122,274.39189569476514,-30035.97829384936
123,288.37839391217227,-30035.758566993813
124,307.376006261421,-30035.748469042708
125,273.8935340641653,-30036.104136648744
126,320.52531354503134,-30035.717812913346
127,279.24250853158145,-30035.725171424885
128,296.7729585899218,-30034.76572618848
129,276.4153093891641,-30034.987839183534
130,287.0553045432715,-30035.17863512592
131,296.36571252054665,-30035.541616107163
132,317.3111962051811,-30034.91992071261
133,295.62296921521465,-30035.017368715584
134,304.7470320465562,-30035.002234155036
135,301.6546620950088,-30035.406351352223
136,291.47797848106705,-30035.94997107221
137,266.44932200289844,-30035.748804409457
138,309.2246031505343,-30035.1413270053
139,273.9693444393198,-30035.494803920836
140,270.47804014880444,-30035.832804658792
141,284.03286235256473,-30035.401302245562
142,285.2916700874982,-30035.36566687647
143,306.43048003774857,-30035.35823918476
144,308.4304327193338,-30034.59689149498
145,316.1811207650153,-30034.56559254523
146,315.7182986173821,-30034.62608642238
147,308.9242738206082,-30034.19772513866
148,321.6039136942144,-30034.36836042602
149,311.7894630428766,-30034.807146688792
150,265.2456079738944,-30035.449066728608
151,300.820022338017,-30034.980123399233
152,300.79939759516,-30035.078299510133
153,296.28316493837553,-30035.399165526032
154,292.09158700030787,-30036.08294214533
155,299.33887902633796,-30036.044800390224
156,282.16273098518457,-30035.87422144938
157,305.28436637311586,-30035.17033089691
158,302.8381068010845,-30034.68511556037
159,281.2678909613052,-30035.170214010726
160,329.89569511475895,-30034.542172843732
161,331.55154590669906,-30034.59223285494
162,328.03448757313504,-30034.770726491355
163,283.7254204790799,-30035.373895280496
164,282.79997013187517,-30035.709721896204
165,312.42388288713494,-30035.213030698083
166,330.2717897566114,-30035.020974368315
167,304.8349095457082,-30035.339862891928
168,304.78505514723616,-30035.348932006502
169,301.19471079127635,-30034.97653849277
170,293.1019510555702,-30034.746928345918
171,331.8907341029251,-30035.013370881992
172,263.50921419071227,-30035.826818109173
173,267.85153262258103,-30035.78963259653
174,276.06609966151774,-30035.150938131104
175,283.1884950579681,-30035.29172573188
176,301.16049180476944,-30035.375838505977
177,298.6896989493905,-30034.9146790478
178,334.0286655089528,-30034.48096721809
179,289.7077660981116,-30035.156699873954
180,297.4029829544166,-30034.980314738877
181,304.67179770858814,-30035.05686486353
182,325.3795477362051,-30034.804442960136
183,312.7945819752364,-30034.383374471327
184,316.51986165200327,-30033.861741847024
185,334.60629042609287,-30033.901954657777
186,341.8239944498109,-30033.415339938718
187,312.55261006790664,-30033.86408291551
188,320.02249095331223,-30033.81251815434
189,313.04445708809277,-30033.904419946382
190,326.0619690782994,-30034.304820183494
191,321.8712181846779,-30034.642872831566
192,317.8275828850401,-30035.1725298294
193,317.45542751465376,-30035.05691026276
194,300.95391941064935,-30035.025576555963
195,338.35298563242407,-30034.65907911525
196,326.1953671101764,-30034.52216091889
197,322.91045632564294,-30034.616678115864
198,338.8246610892865,-30034.770237084318
199,286.94888202974084,-30035.93717695394
200,296.67683660561795,-30035.78572713454
201,288.3165165956655,-30035.867548529346
202,322.0063673405323,-30035.762513178674
203,323.7667302209171,-30035.407595140445
204,295.42131639606515,-30035.83104526428
205,282.7616377607849,-30036.136469340116
206,292.14915336883325,-30036.34711614522
207,292.4249919851678,-30035.861647817226
208,279.27113579508426,-30035.552574854923
209,292.8320462641174,-30035.570137732757
210,261.1309209389516,-30035.710983384546
211,269.5298112363699,-30035.870377298983
212,298.50825399758355,-30035.636049368233
213,322.1491973498744,-30035.827272424558
214,304.91029442520403,-30035.70124401393
215,317.2581641691536,-30035.382194921738
216,313.48651261147404,-30035.428433881352
217,320.0500853037899,-30035.48955699466
218,274.18647188479576,-30035.409252948484
219,299.2929271315061,-30035.438536764497
220,329.4086474068892,-30035.099371092874
221,312.66470368075613,-30035.492116893514
222,323.9200863707585,-30034.470135942684
223,341.1772948457909,-30034.10156232426
224,312.27471193428886,-30035.59569690506
225,311.73866826660424,-30035.98616138124
226,325.2761810047209,-30035.769939015052
227,292.02330793391485,-30036.2233350414
228,289.2321182891091,-30035.936267030767
229,303.8172322647216,-30036.00809227625
230,289.21418785476664,-30036.44257835476
231,300.4730417072976,-30036.256447410877
232,279.22042949820764,-30036.022602942183
233,303.5200591018742,-30035.972613981237
234,292.49080027470035,-30035.5357703238
235,264.6215136960418,-30035.82417245628
236,308.76583556306474,-30034.84039055946
237,290.78465053728286,-30034.926431257285
238,310.1702419382147,-30034.385069650998
239,317.0906453943422,-30034.50165172325
240,328.1866953102914,-30034.73368686513
241,293.0236104253003,-30035.022340475658
242,310.44701948984516,-30034.90153078149
243,304.22215894829844,-30035.20491706929
244,298.55807391783804,-30035.117215497703
245,298.55899281599466,-30035.02344233624
246,280.0757386513501,-30035.39948178376
247,298.66830257950807,-30035.29607773309
248,308.66039070973,-30034.868438994876
249,289.51462316197876,-30035.52094317517
250,312.9717640742467,-30035.187502224046
251,311.76189577142554,-30034.65354466592
252,300.7625026181774,-30034.391729473533
253,279.1289285626672,-30034.601081161512
254,305.5819897451291,-30034.29564159409
255,316.434408374437,-30033.942020755952
256,301.25480167523136,-30034.066820735505
257,270.90392480648717,-30034.89238244161
258,304.23949996569354,-30034.89393310196
259,305.5618348686431,-30035.124274611684
260,312.652041039401,-30034.78149856414
261,327.25255719380647,-30034.927154337063
262,295.30873381919537,-30035.144429860953
263,287.3209567606645,-30034.898501678155
264,304.7208622461973,-30034.467737532945
265,309.51431627468185,-30034.466055835746
266,295.22371618452337,-30035.070400914203
267,291.6553468304679,-30035.170109755356
268,305.2311401892564,-30035.232219374666
269,312.8582023310695,-30035.06341150128
270,285.99221858353155,-30035.11949344238
271,321.7595889996792,-30035.096858397337
272,293.28749231873076,-30034.50592352513
273,280.65956839015615,-30035.07226595163
274,311.3713123601324,-30034.83526459079
275,298.2356534314854,-30034.92026420393
276,288.6408104645204,-30034.86718697822
277,293.5551293223649,-30034.93863067445
278,293.9928395360892,-30034.82994163595
279,314.05770937615983,-30035.226536472066
280,275.9190083883044,-30035.49839566832
281,299.11640802160827,-30035.43907980068
282,274.7734571217701,-30035.25578570484
283,321.8789120836773,-30034.650491401524
284,290.8143040079065,-30034.37099632106
285,324.4825595738721,-30034.1297865418
286,310.076777033243,-30034.008519248535
287,330.1233487617145,-30033.8919034262
288,319.5298012667891,-30034.526108613452
289,299.571888738229,-30034.76158346937
290,310.59659472925324,-30034.77276063419
291,310.2646783472408,-30034.87487681603
292,311.0309671520887,-30034.15634322702
293,315.8131986344466,-30034.377600651853
294,304.30551734007537,-30034.964534713406
295,280.3135933447061,-30034.983330241797
296,304.28732752969904,-30035.14468070015
297,302.6522043089095,-30035.039410736186
298,280.9939567309833,-30035.181024962356
299,279.8883399316739,-30034.886627173026
300,315.347423940999,-30034.53582519996
301,296.0943499712176,-30034.888299737795
302,327.4022647371867,-30034.84720897995
303,304.7525555074906,-30035.355610557388
304,281.74921940628326,-30035.67761304456
305,292.760540947712,-30035.26139319868
306,287.07035761222664,-30035.459505702915
307,296.8544985266483,-30035.55078029301
308,284.0099377587252,-30035.026880075795
309,295.16652822372225,-30035.190983001285
310,308.9657427005113,-30035.368554886878
311,294.26182976904425,-30035.776286551194
312,285.8667886315067,-30035.399998741024
313,309.73288597289536,-30035.36484351042
314,286.065709113218,-30035.65670356278
315,296.0967053573436,-30035.79253724366
316,311.5636099681448,-30035.47299572166
317,288.69445208363527,-30035.18810052913
318,315.3141718935788,-30034.7612727158
319,312.6041382864262,-30034.300284111145
320,301.09223274626567,-30034.80334027273
321,306.75027359549347,-30034.50252231708
322,322.66207688648916,-30034.134657441315
323,309.3008018160345,-30034.246828240266
324,316.1421378817399,-30034.37126263575
325,315.5596128808259,-30033.85469558106
326,314.3650474539997,-30034.46488355337
327,312.0764897940166,-30034.264755731125
328,351.29954021451584,-30033.731189757877
329,310.9584093586549,-30033.806609596355
330,318.72681633626735,-30034.29048902868
331,313.69355946995427,-30034.089230747166
332,329.2628577321516,-30033.7299989474
333,297.88337571819915,-30033.4564873572
334,303.7935825984925,-30033.711813382433
335,303.3914111803314,-30034.061794141024
336,293.71503633216395,-30033.834990732736
337,310.51466449555323,-30034.337325742363
338,328.31856300460214,-30034.33973804874
339,304.5250795609293,-30034.44337549586
340,290.49850542794155,-30034.80278436756
341,289.9010415745275,-30034.931125106974
342,310.2176954832551,-30034.860436051593
343,303.90292211295576,-30034.824291779394
344,298.8393114592312,-30034.27418921107
345,285.0124036043395,-30034.443018481215
346,284.27781724612703,-30034.580674863148
347,285.64392054220815,-30034.67710066027
348,304.77856055725033,-30034.76511133213
349,269.87350627625966,-30035.027729852925
350,303.8337791373789,-30034.880722075886
351,312.5182750301332,-30034.749713978872
352,289.418472946058,-30034.83781983282
353,296.43601205105983,-30034.987109783902
354,304.9763283786862,-30034.672235832488
355,281.53057837879066,-30034.83156154279
356,294.7866393162982,-30034.847042738787
357,308.37010231342094,-30034.604271539563
358,322.8985168095087,-30033.85721343462
359,311.89989849501166,-30034.01334746188
360,339.0016533448252,-30034.054838372176
361,302.56445709492107,-30034.498653715367
362,306.45633756735634,-30034.78727492785
363,312.10716641604347,-30034.56281063066
364,322.5425859989077,-30035.106419291733
365,314.26818558750466,-30035.06302814867
366,313.51499648047104,-30034.988262800744
367,290.95287781549905,-30035.21906597245
368,316.27015537248144,-30035.086785866406
369,282.0368995233911,-30034.859814993353
370,275.53583527451946,-30034.789303811518
371,295.9779467861089,-30034.463499385536
372,328.17703476386004,-30034.194867865877
373,337.87780748056434,-30033.555821934027
374,322.3555513457717,-30033.982227379453
375,339.88012763102205,-30033.70261769556
376,314.0324412403937,-30033.983032747896
377,301.8027567137689,-30034.65652477499
378,284.7984515721783,-30034.57927066508
379,280.8776701914587,-30034.742549794966
380,280.69833044643286,-30035.221679552204
381,315.032383061424,-30034.4754066481
382,323.63619310744343,-30033.914791668623
383,320.21436698238034,-30033.747134911395
384,315.08423355549144,-30033.585427845555
385,332.4924246554639,-30033.451329855707
386,330.1279167917056,-30033.727725785844
387,332.1672689900561,-30033.477103754012
388,324.61324059857594,-30033.68508638624
389,298.52679306920203,-30034.487144578117
390,284.99576568602185,-30034.79695347645
391,295.700315638144,-30034.45096602053
392,321.5038126869534,-30034.3572116661
393,287.6242113589954,-30034.840076686385
394,286.4581798479555,-30035.09212356662
395,311.19767005119553,-30034.261516365215
396,318.3457209800331,-30034.78056355056
397,323.8116325561608,-30034.332244596048
398,308.0622211822975,-30034.875703771293
399,294.1809581692069,-30035.42285622577
400,296.8733057930696,-30035.19874374286
401,310.7529707074192,-30035.278584694566
402,329.7882584272337,-30035.386677734707
403,307.79631055127265,-30035.601156232555
404,309.9223966594582,-30035.11983238757
405,306.9649024072369,-30035.292034324524
406,300.00437531712276,-30035.1295885962
407,311.65104533337103,-30035.234463727837
408,304.7927386084135,-30034.99912896455
409,321.88421506829764,-30035.04879523613
410,318.05316138304084,-30034.938328342432
411,315.4633659860995,-30035.277043425573
412,284.7547928733285,-30035.935839862763
413,283.6640480479882,-30035.980910965045
414,258.5402646474224,-30036.16690766713
415,297.0857719784433,-30035.902372760796
416,287.3893373562286,-30036.127246847976
417,267.93475598471406,-30036.14105051916
418,280.6339386140325,-30035.98697446785
419,297.7274556990287,-30036.05026117906
420,298.29301731656386,-30036.350458932557
421,286.2616705186687,-30035.946686095103
422,271.6038554486721,-30035.572005830956
423,272.2712899062574,-30035.393073309097
424,336.8672749066145,-30034.71801185607
425,296.6577672867916,-30034.9737077899
426,333.0186776494015,-30034.209549660227
427,293.4869426226869,-30034.40714624235
428,296.9009468322958,-30034.44609390636
429,320.04186660666466,-30034.019061027604
430,309.9890965886937,-30034.442369919747
431,298.14684718077876,-30035.13148700187
432,311.9805450149201,-30035.233970960602
433,273.2381348476397,-30035.15190643903
434,281.6853189084844,-30035.454614325776
435,290.05424724199463,-30035.241716577224
436,305.7448907664601,-30035.455598061246
437,313.9130668346366,-30035.21846353731
438,297.8131543142686,-30034.542241711228
439,326.3388703007057,-30035.129871946778
440,285.48822738036796,-30035.419306264033
441,313.7953276021405,-30035.35033748605
442,307.6121846349626,-30034.61556287855
443,290.45740558633605,-30035.563585942476
444,314.51557793201476,-30034.70718307862
445,295.6094334297159,-30034.627084894415
446,293.66164052470515,-30035.31485223597
447,316.8813819779279,-30035.083098227315
448,319.75426720753745,-30035.084903919258
449,337.05156913061126,-30034.98875721776
450,312.4813109735766,-30035.152989433467
451,320.6739162925811,-30034.860551653375
452,320.74404518630297,-30035.091205881134
453,301.40561375440325,-30035.002472537803
454,308.8096866652933,-30035.10491026212
455,310.2675648146308,-30035.388475935626
456,283.724035895601,-30035.61221142988
457,290.19212252878015,-30035.898397585315
458,300.637904038774,-30035.73471381685
459,271.90524897860996,-30036.5897996237
460,263.83169065246176,-30036.459314867046
461,267.64251316173,-30036.320291701522
462,275.7134003036766,-30035.423500037217
463,294.57410011260015,-30034.94810306133
464,319.9236461952179,-30034.904853354794
465,304.7195653877286,-30035.15136397116
466,300.0890662992596,-30035.793469526452
467,324.50642057035924,-30035.250278858886
468,297.9935009156791,-30034.834570950476
469,299.10880518488153,-30034.808412060433
470,328.4500589386906,-30034.89892360283
471,302.94750720519755,-30035.41282679756
472,311.4868007398301,-30035.59602550135
473,314.19061347671277,-30034.982952157345
474,303.6783720646707,-30034.904170468577
475,314.755300565184,-30034.886687578946
476,312.6298138318527,-30034.971511941272
477,303.5818574738691,-30034.480821935555
478,327.18821257239335,-30034.057682437724
479,326.7677360864604,-30034.4667183382
480,333.64984066448045,-30034.42410951015
481,300.15148941846525,-30035.102442983585
482,298.7429526616278,-30035.32153987617
483,287.72447805766313,-30035.757471269935
484,269.3430341109702,-30035.636803895533
485,277.34633529803534,-30035.87452828194
486,286.29341493884624,-30035.416589080047
487,285.6965860666862,-30035.97069506432
488,311.25134672508193,-30036.070710282547
489,276.66217974852805,-30036.42106977048
490,281.3298525251693,-30036.55732410168
491,298.1531953877133,-30036.475076990922
492,272.6575693257374,-30036.85403999432
493,290.78257668833027,-30036.758514780082
494,274.06040871202254,-30037.140946082895
495,269.6206055714301,-30036.567307515004
496,289.9451713075323,-30036.98274716155
497,301.53636876657174,-30037.06753614234
498,301.49506632690355,-30036.58029594888
499,316.65686831334364,-30036.50281974942
500,281.0329753705394,-30036.863635220576
501,287.18055785972194,-30036.7008686545
502,303.3197239648288,-30036.981569816846
503,284.77828662825755,-30036.37470081143
504,315.0399266692134,-30036.13146650625
505,298.03083965937986,-30036.073864176633
506,305.76693018340836,-30035.734339417508
507,304.3366419579001,-30035.485234570897
508,303.96364039444444,-30035.523933208136
509,324.4616634787257,-30035.60687574232
510,286.3824615971612,-30035.976844597473
511,315.61521298826824,-30035.060325391918
512,306.29186277610324,-30034.512123753655
513,324.79834890697015,-30034.45190497837
514,303.0746866339259,-30034.50923052715
515,321.3808106435035,-30034.56539014263
516,342.4747334145972,-30033.775890738296
517,312.1743072442715,-30034.154868299676
518,336.0004574745747,-30034.07579808862
519,297.79451102614365,-30034.827867878194
520,303.725633077053,-30035.20180734709
521,288.6028724055295,-30035.62986198322
522,298.78896316752207,-30035.482489524566
523,266.9106974112386,-30035.86998762337
524,298.95089242992526,-30035.554579860578
525,277.1599957585856,-30035.467115723837
526,271.8950142969333,-30036.049041970924
527,283.63099164650276,-30036.102837924496
528,291.4508472659996,-30035.851045558236
529,270.5540223413899,-30035.604326975106
530,296.9332106543,-30036.087858799427
531,292.78003820445224,-30035.80191738185
532,282.05640970730053,-30035.851510725683
533,280.7191136442176,-30036.121546322338
534,283.0034050706006,-30035.58935980295
535,324.99200683367934,-30035.146242446466
536,304.7057644110441,-30035.397805584314
537,319.6625261776437,-30034.927060065333
538,303.7895202695469,-30035.038087651243
539,295.7499058670935,-30035.34424731453
540,300.2675563428491,-30035.253814311527
541,293.5425492191895,-30035.243635264647
542,302.92360305266305,-30035.06577306825
543,323.29165654834827,-30034.485975950753
544,303.1374354667195,-30034.966633274445
545,291.14150660044373,-30035.40767082854
546,272.77965488529844,-30035.1966658684
547,280.780616869857,-30035.803589841023
548,278.2029192110632,-30035.284578117313
549,289.170865016911,-30034.855779711834
550,282.79742666739435,-30035.268379755984
551,299.7307789820126,-30034.818125405945
552,286.3204991425772,-30034.39832827897
553,306.8506225557904,-30034.541008577173
554,338.5268547304506,-30034.13321224945
555,303.22171942923706,-30034.853180713908
556,301.1116853104754,-30035.046990582403
557,303.5058065675118,-30035.263988851217
558,311.15508614441035,-30034.77626159702
559,293.44005747379276,-30035.556765514935
560,298.02339116088353,-30035.128739421187
561,287.20328297563066,-30035.088967727246
562,285.1967167877077,-30035.202044615024
563,266.9851976164468,-30035.717719169203
564,244.5877680596637,-30035.969761863096
565,276.0613109979883,-30035.43035570768
566,300.42676335262973,-30035.357223263796
567,297.3340961483709,-30035.90978545344
568,283.1085073516522,-30035.942179377307
569,300.61906687982065,-30035.237141745463
570,293.3529552179339,-30035.316773487502
571,321.22595059794065,-30034.508746622123
572,306.4904017695564,-30034.80594756609
573,293.9918569863014,-30035.415903901798
574,295.2553884682615,-30035.520774467397
575,280.6808251803555,-30035.487745784536
576,276.1898926727538,-30035.395864717688
577,284.6666346045668,-30035.172436952864
578,277.2270949790418,-30035.481049441605
579,343.1238209062475,-30034.7399987894
580,307.0221884390839,-30034.972231015494
581,292.75267971405214,-30035.07409134651
582,314.8526853125576,-30034.61470167907
583,297.6552301526269,-30034.872394173886
584,328.5433598325793,-30035.140712514305
585,302.1071810274167,-30035.168382799737
586,288.249945399033,-30035.791101502375
587,287.134126181176,-30035.717663997057
588,300.02767129889014,-30035.490329529875
589,309.64769947168037,-30035.855271945067
590,285.47678228560545,-30035.80436037056
591,314.7891682079791,-30035.2823182966
592,297.4537234151443,-30035.117707665493
593,291.82045995476926,-30035.531182339928
594,289.5573128902945,-30035.61752340106
595,282.3567725754082,-30035.697455496967
596,271.53196504610395,-30035.917567878245
597,268.2761024889318,-30036.21447789457
598,276.10323719312373,-30035.79843955395
599,277.59556753019564,-30036.079183711252
600,297.7598442346615,-30035.549444803633
601,285.81585259359724,-30035.51651699407
602,298.16352117623967,-30035.482629222286
603,303.782051199477,-30035.065619664318
604,310.79049963587875,-30035.078420001984
605,332.27989993152585,-30034.503561688278
606,299.89268270906587,-30034.464435135593
607,282.5405446665026,-30035.038526519384
608,301.7348865215953,-30035.2344073651
609,283.9918761151606,-30034.824210332008
610,276.9554375251287,-30035.382428005512
611,264.1632215492657,-30035.288849026627
612,285.81909342569924,-30035.934404056654
613,269.3290693163435,-30035.992624637835
614,273.7790183980185,-30036.476163720265
615,277.2490791542442,-30036.945339065274
616,291.5301492777241,-30036.235765446214
617,288.97021375587093,-30035.538571640565
618,296.7456333469354,-30035.34649306512
619,268.7584535663278,-30035.876148027244
620,281.68968365261384,-30036.054113684386
621,257.7631292011393,-30035.86618340324
622,277.9131870600768,-30035.465709141452
623,269.7696561918863,-30035.141675591087
624,302.54417140154584,-30035.35463378029
625,274.66315829863555,-30035.37380023792
626,302.3706612033119,-30034.851194724775
627,296.8038788015377,-30034.999321823176
628,290.7531148577156,-30034.647929260886
629,291.4139556464496,-30034.54142856201
630,295.54887331074775,-30034.804392604074
631,302.2098481845126,-30034.575951253075
632,298.4057124721965,-30034.28707149826
633,325.55095194018713,-30033.86262259869
634,311.1249391077664,-30034.534833973918
635,297.84347971849127,-30034.37546171345
636,276.9544709144808,-30034.8726867446
637,296.6118824357975,-30034.48267684929
638,299.6354729785151,-30034.95724640964
639,298.8303536303426,-30035.60839937434
640,286.9728734832306,-30035.40727535777
641,254.46674216983465,-30035.543021116944
642,276.54592018741715,-30035.49235954808
643,261.0048446493513,-30035.511036224576
644,312.1045606674472,-30034.476938810356
645,329.9271447102369,-30034.02575513494
646,318.99966003649905,-30033.805096189615
647,327.1825759645977,-30033.936730762318
648,328.73240284083306,-30033.73360380461
649,308.8446906208609,-30034.21340296322
650,343.1554031704914,-30033.631780861597
651,302.1885061840822,-30033.301098567947
652,318.13415287343685,-30033.442146270932
653,313.8178473208044,-30033.62711361097
654,327.75428539066036,-30034.137164181047
655,299.8594573155847,-30034.3226944796
656,316.9871117127979,-30034.47691761126
657,298.40557116593294,-30034.798793809983
658,315.82133236742675,-30035.19966126049
659,286.6293358736386,-30035.173746960685
660,298.6797502449239,-30034.489148561774
661,324.8057147154673,-30033.893125568076
662,302.5348066923651,-30034.02479169926
663,326.84974229141545,-30034.32402631512
664,289.26097845574526,-30035.23827396532
665,312.2016512150801,-30034.90808532599
666,297.7356837245692,-30035.27075691099
667,288.73473141389906,-30035.319897760768
668,283.3115170944446,-30035.26909362641
669,269.02429585331595,-30035.625306663642
670,296.4802279305582,-30034.808260917096
671,284.29058694317223,-30035.103790494108
672,299.5148280342699,-30034.83333422386
673,289.11530922606744,-30034.81030503394
674,293.7084038031061,-30034.948439160216
675,281.7400456516599,-30035.019641150386
676,317.01228401121085,-30034.67745500108
677,297.0885921727044,-30034.81050480085
678,282.70470269418024,-30034.411341927822
679,282.35532931250236,-30034.09788250041
680,299.0124544928434,-30033.963184396227
681,296.43098827605445,-30034.379814536624
682,277.32411910155025,-30034.50790075653
683,280.0939357422864,-30034.670507488503
684,290.35264069561515,-30034.847476613966
685,275.36003266306295,-30035.27225066286
686,278.3153612617118,-30035.1899470627
687,285.3261250448134,-30035.017142165452
688,285.35235831788157,-30034.018434062673
689,299.0186979654275,-30034.507948900184
690,264.0815767230393,-30035.134656940907
691,268.010031924294,-30035.15673126207
692,276.2983604490203,-30035.789615087408
693,283.94198761744155,-30035.469999056077
694,322.60981951210243,-30034.54808399956
695,310.6635326261162,-30034.30232341823
696,329.1682561659647,-30034.31246157027
697,279.28281275095725,-30033.800327404177
698,285.2343423778607,-30034.80656498602
699,299.38575988042015,-30035.13932185089
700,295.9894736129708,-30034.7600838439
701,301.6021272528494,-30035.093222404234
702,290.6360373504739,-30035.516114655384
703,289.27154904321605,-30034.591523151354
704,301.32866467054293,-30034.77589646765
705,316.090321650598,-30034.636240574673
706,311.7726745923453,-30034.932569853292
707,296.2121454905329,-30034.807205620305
708,322.2916950329416,-30034.655711921958
709,298.15276106930594,-30034.68993168822
710,300.5723169304242,-30034.957070110253
711,301.5088561176898,-30034.79869836767
712,291.0381853293895,-30035.277462612597
713,287.5628649225536,-30035.76740421572
714,299.52217772492725,-30035.587055219825
715,313.1095981160798,-30034.799262396744
716,310.12907213741505,-30034.977904239284
717,294.4245421033436,-30035.039763399338
718,302.85521483457325,-30034.78234059056
719,286.5768067126723,-30034.764914744497
720,290.63215190777447,-30034.557228215654
721,317.80699381914985,-30033.93476754104
722,319.5739241741907,-30034.401949590072
723,306.03300098887905,-30034.930757918937
724,293.1939658716397,-30035.287577798874
725,303.9421805493529,-30034.911192868367
726,286.80861247702717,-30035.065712544976
727,269.0490345209163,-30034.946948733425
728,310.2759985897206,-30034.673419606494
729,315.60774112694355,-30035.121060600348
730,296.7085427478643,-30035.046646709307
731,321.1371962659148,-30035.18481186141
732,301.9500545450814,-30034.988749531334
733,307.4288984369225,-30035.086979608863
734,321.3783572793769,-30035.17287385637
735,329.2494951612349,-30035.09947638524
736,302.45786337401995,-30034.981809233785
737,310.3244052336952,-30034.67805885857
738,301.6597935398404,-30034.13473763561
739,308.23120446838027,-30035.03941318076
740,274.79391278844474,-30035.683004480623
741,285.16357697405266,-30035.382567426936
742,280.5303748382329,-30035.18294423941
743,318.0474561390453,-30034.86230027205
744,316.8507063115686,-30035.095590178687
745,304.03231013815326,-30035.20970233978
746,301.279931244981,-30035.435327952327
747,287.7648894080229,-30035.643171423915
748,292.9006356944823,-30035.25395576375
749,314.6482985758212,-30035.401103388052
750,303.20184259345433,-30035.566572348293
751,306.66549976534765,-30035.580830975072
752,322.7273763995365,-30035.291214646953
753,299.8744222583434,-30036.365286027874
754,303.20036670628997,-30035.76387517405
755,306.1862665610321,-30035.348769754248
756,285.7503442291204,-30035.887308802678
757,293.61131788874116,-30035.739948777795
758,306.8682418500846,-30035.63626759568
759,294.7996056974814,-30035.46195028719
760,300.3885414656768,-30035.504671047875
761,310.3487519308441,-30035.820023308243
762,305.52571783438486,-30035.9103412165
763,271.3841147636985,-30036.175200796813
764,290.40273863574873,-30036.018088860754
765,288.5987583854827,-30036.29402817994
766,288.8548238024881,-30036.238745749102
767,262.17628876307845,-30036.553774790944
768,315.73809921125115,-30035.756446709725
769,285.9659906916157,-30035.65921703453
770,274.87978317641927,-30036.299980683136
771,295.528253002241,-30035.814677978204
772,284.73651474607544,-30035.66090995059
773,301.87186530437634,-30035.316892220195
774,311.1692453689941,-30035.223170328976
775,300.855578078057,-30034.697977192227
776,298.85166599404135,-30035.08833093148
777,314.682719603183,-30034.900235782265
778,319.5193229178604,-30034.967778977483
779,296.4439905772885,-30035.133393054635
780,295.7973152743982,-30034.702427327647
781,302.1499036310196,-30035.10089969698
782,311.2035014330196,-30034.491838131205
783,318.48853750172674,-30035.12266688641
784,311.1880356540317,-30035.371134206856
785,312.1032899278342,-30035.236736465227
786,306.0552213356754,-30035.266135339738
787,286.54817856484493,-30035.183605086753
788,304.56712426028844,-30034.69622198015
789,297.95761361174635,-30034.86867863978
790,301.58230878302743,-30034.462862567467
791,286.97001218933985,-30034.62023810366
792,277.41146838503965,-30034.898277182463
793,299.8501552833764,-30034.79753831875
794,309.6244054167028,-30034.994530962824
795,260.92360519151885,-30035.140037046265
796,295.9243314889459,-30035.019538296165
797,318.4800597360034,-30034.880693074356
798,314.6031017930945,-30034.464742604203
799,323.6146676934115,-30034.327443606562
800,322.6825251674288,-30033.854845153262
801,332.02733964206317,-30034.05680264495
802,297.64987234636016,-30034.712372971095
803,300.40463023475473,-30034.66246864433
804,279.12684976785874,-30035.087461683972
805,313.25349872679743,-30035.235088407382
806,293.77230864683486,-30034.411672144455
807,322.6928997057454,-30034.46395865585
808,345.9648109101822,-30034.56487404755
809,314.3010651504929,-30035.027043146558
810,301.02023848591926,-30035.61765493783
811,300.2088001647263,-30035.60490467661
812,298.55607484283337,-30035.744219010772
813,276.8450252029831,-30035.69185164941
814,304.43517334231996,-30035.615563519244
815,312.1086308789393,-30035.240508092862
816,294.48255782767205,-30035.050019822902
817,294.62205344068184,-30034.80236311455
818,296.5304674485402,-30035.137072720318
819,317.06214074068845,-30035.00237020275
820,286.6327947862168,-30035.234206651403
821,302.77082558678046,-30034.98368642988
822,310.44000571984725,-30035.182957568413
823,305.3186210176053,-30035.89212373492
824,267.47744791663774,-30035.470936660124
825,257.3339958113245,-30035.57231250696
826,295.07612426411555,-30035.47841794558
827,306.5824388973272,-30035.457924581664
828,299.1236552748044,-30035.944756503653
829,315.7076395192843,-30035.415417592318
830,311.2289474651813,-30035.354477996374
831,290.2177659251455,-30035.903610600784
832,287.6392591498099,-30035.779150521415
833,305.8698510082961,-30036.102838976974
834,285.680775938212,-30035.857812319537
835,277.5502438970792,-30035.812747999753
836,282.41468471631913,-30036.287792656425
837,286.89254131298327,-30035.90344081065
838,313.5095681238605,-30035.521602751225
839,275.9131980064852,-30035.758307748012
840,281.0081424590887,-30035.922854901273
841,295.2976972948229,-30035.58611429418
842,286.5583585739727,-30035.827879742585
843,275.42152574363575,-30035.63984131226
844,290.51253974535007,-30035.103211872887
845,316.1570932006492,-30035.2165888016
846,309.5078492431376,-30035.190828216746
847,316.12097966776105,-30035.10421781816
848,301.13078347021855,-30035.427368575085
849,314.1546730369895,-30035.32565493597
850,306.691789447241,-30035.062590200465
851,277.2419767991226,-30035.424033710042
852,329.6811116476218,-30034.52414406835
853,331.85444192893857,-30034.252566901323
854,318.88287420651,-30034.698664857187
855,286.03538592713187,-30035.175046004646
856,282.81782571183237,-30035.36356870897
857,276.82488591911414,-30035.65329677398
858,302.9193253406552,-30035.444787140936
859,273.97257956409493,-30034.80722237728
860,288.3609952712462,-30035.042208663584
861,303.2407755347197,-30034.6027003916
862,282.80718498350063,-30034.320868165883
863,306.6556979111063,-30034.549828037583
864,295.3637358299732,-30034.939918497254
865,296.9994525339678,-30035.30298600206
866,324.31119031740553,-30034.958324772364
867,309.36747034968124,-30034.856475938792
868,342.0794307200475,-30033.985073365962
869,345.70998629294877,-30034.497078328175
870,294.7996117839366,-30034.758825133777
871,314.92308475297904,-30034.780895962514
872,290.927296353958,-30034.938460770874
873,311.42423307606987,-30035.044868187564
874,301.3197945399612,-30034.996823170422
875,311.5336220438781,-30034.60070471302
876,308.3273235883955,-30034.968631056898
877,343.10207843675664,-30033.43390619837
878,309.2949165834092,-30034.616117206624
879,285.8147377600426,-30034.64545134422
880,307.21736726654234,-30034.52395202323
881,308.82959714605454,-30034.477455279688
882,308.11960301612453,-30034.718007422507
883,320.8824053187145,-30034.689280918356
884,290.6951369312864,-30035.125953134597
885,302.482849663785,-30034.93430443708
886,301.8221324622292,-30035.148223895856
887,252.3374983619723,-30035.540049553932
888,293.7490215332748,-30036.00014973725
889,290.2561388911737,-30036.15654963365
890,280.85202407731015,-30035.989289973
891,300.36420585395854,-30035.380284443792
892,316.2346053219845,-30034.699010055003
893,308.46107822015466,-30034.75432217895
894,304.363502494648,-30034.8732294075
895,334.3385751590982,-30034.775890106135
896,316.3627675097739,-30034.768045263467
897,307.3629497341508,-30034.955829391503
898,315.59556754231807,-30035.051054943964
899,312.9312473652736,-30035.264695350703
900,323.74999724850335,-30034.851376281582
901,307.3263391432463,-30034.698939686754
902,311.23835654727174,-30034.614006458956
903,302.46082416316204,-30034.973922105048
904,315.5548165441743,-30034.46614460104
905,300.97803042816656,-30034.9624688211
906,332.69646139112837,-30034.745015093744
907,296.9072835047414,-30035.094371686155
908,332.14131371977646,-30034.56369547454
909,335.35763577256546,-30034.21114147896
910,302.6381764135645,-30034.526092443986
911,294.12990485087704,-30034.83234618495
912,321.8549839219154,-30034.30734452738
913,330.7653511787279,-30034.100330686502
914,297.9604530982144,-30034.75337269356
915,289.2569894960705,-30035.2657182598
916,292.38274167239217,-30034.833415890564
917,280.64308913967443,-30035.016040697526
918,302.24137606773695,-30035.157187820983
919,293.8290740911854,-30035.324303832193
920,273.08061505764636,-30035.732048709222
921,291.0118579307168,-30035.360157462877
922,299.7153680356237,-30035.439607599503
923,282.34113365288306,-30035.43417781182
924,306.7028102299273,-30035.216609289022
925,301.5121876737743,-30035.138458143494
926,311.57237116525056,-30035.20129051463
927,311.66354592255294,-30035.232195516848
928,292.17395982738947,-30035.092584631286
929,300.90943244324114,-30034.891932255727
930,317.7591417256155,-30034.775817436133
931,289.25433042367507,-30034.504066533562
932,305.2809936277067,-30034.45752528429
933,313.77867512045896,-30034.29606972336
934,324.18939996022505,-30033.5278008325
935,313.9024040862219,-30033.86131042425
936,314.77482673955325,-30033.854945408224
937,302.6046252280092,-30033.597250624807
938,319.45416302425053,-30033.697937002642
939,310.84712636968453,-30033.662930186016
940,326.2527801125295,-30033.94063565948
941,294.95259086232284,-30034.47762544036
942,319.87687297152786,-30034.091579181226
943,308.8039694587031,-30034.57771061826
944,305.8121001996431,-30034.850388376024
945,311.2312777960617,-30034.881763008776
946,298.181864641233,-30035.17943248757
947,284.5495786648852,-30035.595309303735
948,299.1351151145385,-30035.596811400468
949,291.15947359703523,-30035.28612420797
950,294.4357637163117,-30035.391043050826
951,277.9190746747639,-30035.014388865053
952,315.263576034295,-30034.905126144407
953,304.75926352267794,-30034.699191477226
954,297.29120226577646,-30034.676491623402
955,302.32687398636494,-30034.770267161846
956,309.8098916357751,-30034.874621279458
957,299.4888225791677,-30034.48047408433
958,314.3424339573768,-30034.805297292183
959,304.5908547204229,-30034.6253113375
960,274.80513030169493,-30035.204206110448
961,302.8517715495359,-30034.87422425594
962,308.7770813563933,-30034.138935226467
963,310.39941404524666,-30033.93788695963
964,320.2939780140161,-30034.225597010314
965,310.3017032984743,-30034.633709201542
966,320.607948103819,-30034.774323802172
967,319.4762351916923,-30034.697380658403
968,336.47911928022097,-30034.28248308694
969,314.9110187583623,-30034.78315321925
970,301.7673097173497,-30034.807808866037
971,293.3780609026344,-30034.566140681367
972,311.54776693902755,-30034.615973181157
973,284.2618310245975,-30035.16701530691
974,276.55303633699623,-30034.892570805612
975,298.4399073350656,-30034.602615843105
976,290.17438737304064,-30035.043375862177
977,288.31745102875254,-30034.842134351315
978,263.4546807657982,-30035.070380161844
979,280.3272994833569,-30035.1509535191
980,287.9620927094312,-30035.32179452839
981,292.9107909196129,-30035.10330916928
982,296.92675638958457,-30034.83020898363
983,306.13740283629033,-30034.84023577321
984,265.48297184024307,-30034.484099433284
985,279.84838924441857,-30034.291931032712
986,311.8074126256166,-30034.24614738215
987,311.97920473566154,-30034.230098493266
988,301.6898984128564,-30034.382025696475
989,295.957778664367,-30034.612445236988
990,293.1805008474186,-30034.287917194117
991,321.34098256352917,-30034.183581536916
992,308.25997363017905,-30034.04454740915
993,335.0472434185041,-30032.9728713828
994,329.4140447293784,-30033.15587567463
995,328.6944579174434,-30033.10956023263
996,312.09269370060474,-30033.703800425457
997,297.01146821927745,-30033.80854251341
998,299.31459762779656,-30034.44580304466
999,288.1361129791368,-30034.4326426022
1000,277.97063297309626,-30034.460354927505
1001,273.66294081683895,-30034.484948910937
1002,292.1692555946148,-30034.612234454726
1003,315.4587139043737,-30034.521301309505
1004,284.49914585249337,-30034.496971122633
1005,302.8456954625456,-30034.69078365791
1006,299.8290043788895,-30034.60080581692
1007,308.7574500840968,-30034.782008171253
1008,288.01173341512646,-30034.785387050088
1009,333.62072103988544,-30034.50492161542
1010,310.6332425581049,-30034.77574315033
1011,325.60889299251426,-30034.48225590442
1012,314.3534041257604,-30035.156583281507
1013,278.6639141535704,-30035.75733342113
1014,297.2874794383677,-30035.61408545984
1015,307.72130521274727,-30035.413593668956
1016,299.8233037545453,-30035.573605755097
1017,282.89882890760316,-30035.666214467426
1018,281.38706139674764,-30036.175022737527
1019,281.6433553756507,-30036.627547045628
1020,285.96914841963223,-30036.38569994181
1021,311.2492602742953,-30035.82857537298
1022,290.1083441937243,-30035.70324365116
1023,301.99576345240376,-30035.40556615673
1024,285.6969588396458,-30035.466779418322
1025,301.65258402973694,-30035.427888106296
1026,265.3464380322295,-30036.06761898729
1027,282.60732250650403,-30036.038796462766
1028,300.7172301970141,-30035.7854487212
1029,264.44701318536687,-30036.12935211227
1030,290.22078446038194,-30035.542206391518
1031,305.7883642833295,-30034.5873147812
1032,303.3384248498846,-30034.97914532311
1033,281.2449690886064,-30034.881729272372
1034,297.91095415591684,-30034.717510973616
1035,272.8565167891899,-30035.22207226098
1036,283.4398311425604,-30035.203359382136
1037,309.9634971194106,-30034.386374547066
1038,309.96895109968654,-30034.888190200723
1039,315.6441256008755,-30034.772487254533
1040,320.3606353719899,-30034.88016686553
1041,299.9399835061456,-30035.316758511304
1042,304.9148843369301,-30034.765581447034
1043,305.68826923912053,-30034.62108774598
1044,301.08922293303345,-30034.641306762154
1045,288.25087162139346,-30035.0059219063
1046,298.9101422426866,-30034.616153872215
1047,290.72582691518704,-30034.82830457234
1048,306.9465862815271,-30034.616714745134
1049,321.5266294296564,-30034.19843342933
1050,311.25647401357094,-30034.244409170697
1051,320.97968978903634,-30034.679016296035
1052,304.0875161692418,-30034.772763958605
1053,324.61111060002315,-30034.823811949325
1054,293.07596402887975,-30035.48586461689
1055,292.09514403235795,-30035.41488373788
1056,300.7825286306497,-30035.750599704043
1057,291.73654654270143,-30035.638766185482
1058,323.1018559468425,-30034.97513500611
1059,318.28587085289314,-30034.643400239387
1060,282.69564619969066,-30035.01703895303
1061,300.5957181392773,-30034.77093339161
1062,331.1758927997108,-30034.839982701164
1063,302.8314576657132,-30034.82981440642
1064,318.9848824490076,-30034.840624918925
1065,345.8943790854694,-30034.45727433038
1066,294.7867464338142,-30034.792352538818
1067,286.19624216341083,-30035.051850887023
1068,313.2920379191843,-30035.2653670004
1069,273.7125689742963,-30035.378229248923
1070,269.1359133858784,-30035.61663389158
1071,298.3845892246378,-30035.162603924316
1072,302.1962429091743,-30034.867309808444
1073,303.1351016047559,-30034.671770226047
1074,300.0352969196682,-30034.765527945834
1075,295.66824750710686,-30035.75841494494
1076,292.20658342806064,-30035.70309045588
1077,279.23484332581313,-30035.645286506697
1078,301.8885028363377,-30035.1836603597
1079,316.390347778943,-30034.93141258372
1080,303.34116439348173,-30034.881420021018
1081,307.77652750952615,-30035.437592377795
1082,312.8672119840036,-30035.45771565675
1083,281.850625597415,-30035.571541406418
1084,303.9303733831479,-30035.48570922615
1085,268.81545731274093,-30036.077836208413
1086,296.842402984444,-30036.324522669514
1087,284.1639472705909,-30036.41362315959
1088,287.8610363634165,-30036.507935473444
1089,278.2060597927532,-30036.56184270678
1090,275.117060712784,-30037.198296813818
1091,256.4230940701074,-30037.233944289997
1092,263.3459551772417,-30036.764526915456
1093,285.42830037750406,-30036.131754265567
1094,286.31155660777114,-30036.02355368174
1095,279.5551499174509,-30035.994634832645
1096,293.2451497572839,-30036.471834548658
1097,296.8537281767642,-30036.253924710214
1098,288.9879488979624,-30036.08109336405
1099,274.95101353230257,-30036.76302902278
1100,295.4435619361474,-30037.002359550068
1101,301.5427110097269,-30036.571282531713
1102,291.59679161319764,-30036.154007555084
1103,277.3815417791591,-30036.66856275325
1104,304.08641716318607,-30036.514979159812
1105,297.44630471670916,-30036.280004033913
1106,268.97663890966277,-30036.44096101485
1107,308.1903694800442,-30035.643958079865
1108,299.62499193360964,-30036.012198091623
1109,305.36691866417686,-30036.250281359353
1110,287.90280207791807,-30036.91313273974
1111,277.46546926773544,-30037.197697302887
1112,284.6110571762362,-30036.767587820363
1113,303.21719650955765,-30036.589622842224
1114,281.87692703116466,-30036.1450972106
1115,291.05424856793644,-30036.038776477566
1116,282.79574037714735,-30036.053578510095
1117,295.5545095064068,-30035.931203664866
1118,303.21342780906326,-30036.107295959926
1119,279.2941245988106,-30036.093011031233
1120,280.2320515908032,-30036.16897930807
1121,287.0923171404899,-30036.537077197827
1122,296.69402852788335,-30036.500137550254
1123,309.4555848223549,-30035.9909737026
1124,312.6002352794344,-30035.398038739135
1125,311.458290301693,-30035.59088475165
1126,296.864619628418,-30035.993884558648
1127,304.38859874409593,-30035.95462808919
1128,312.60370843218317,-30036.31396682092
1129,284.91852348633915,-30036.134837919482
1130,316.18801057447354,-30035.42870013282
1131,314.5645928102209,-30035.291885124734
1132,300.3671500230605,-30035.831382108972
1133,291.7843199707334,-30035.955921398207
1134,305.1420844281668,-30035.798917211683
1135,301.23880812339763,-30035.414880114033
1136,294.15412678401304,-30036.11689190438
1137,307.738603260648,-30035.870188909703
1138,306.68023011388215,-30035.853897186455
1139,310.48020965636533,-30035.8850692004
1140,288.82976170044884,-30035.124143081706
1141,318.8962270957062,-30034.876062663385
1142,288.1688722837441,-30034.927910631286
1143,290.0406861350901,-30035.0623708943
1144,277.7905636107564,-30035.457081200253
1145,307.6798873952133,-30035.25057513368
1146,322.54888616673963,-30035.483213616648
1147,300.2664345930457,-30035.525326961004
1148,299.9418982826606,-30035.88506962304
1149,294.04495243071534,-30035.84034684442
1150,305.36887381863255,-30035.21312270333
1151,305.27006610022755,-30034.573035095174
1152,330.7101310102102,-30034.57242567402
1153,330.97377662643,-30034.766952179023
1154,288.31241345766375,-30035.158667576776
1155,317.79926349327405,-30035.698634264245
1156,312.3268279565494,-30035.473289534697
1157,306.47812738042796,-30036.224225700553
1158,261.3786664617161,-30036.528957537394
1159,289.851333358477,-30036.31909678692
1160,275.65797972095623,-30036.335053201314
1161,294.28965227826995,-30036.10761651562
1162,273.75862359878533,-30035.70714653528
1163,321.6278000088402,-30035.248617729947
1164,297.4891896300713,-30035.19884496503
1165,300.29449075675205,-30035.325401036007
1166,324.19092036351094,-30035.353934384686
1167,312.8790149201205,-30035.191793155587
1168,305.825426435034,-30035.65669310405
1169,322.27076231559647,-30035.236317670566
1170,268.3694846298523,-30035.93868663316
1171,285.5626080402085,-30036.226025198088
1172,292.86759310518624,-30036.061429250054
1173,308.1322675486113,-30035.42471945421
1174,302.68084040998997,-30035.429313943463
1175,304.8636363014759,-30035.71218568919
1176,314.8041771840915,-30035.57100248498
1177,283.83394028035923,-30035.859441213895
1178,298.5022106318333,-30035.888154820444
1179,316.3709455198928,-30035.80885475607
1180,299.13508322590724,-30035.508921579243
1181,332.0443821293826,-30034.909888702277
1182,316.92038089053614,-30034.603599607763
1183,309.78577134333653,-30035.0646823731
1184,299.66759036358064,-30034.91932749375
1185,298.75363112409434,-30034.983380093145
1186,309.16344064278184,-30034.50810302359
1187,324.5487989546197,-30034.667179432417
1188,318.5470348985454,-30034.77353616909
1189,331.13823271871377,-30034.878041324537
1190,302.39091898862233,-30035.237402863295
1191,320.15878832153726,-30035.16650455996
1192,312.00772445579076,-30035.21961400901
1193,304.86383374237755,-30035.011008837555
1194,321.9156607011247,-30034.81753387722
1195,289.33921252755624,-30035.115208271458
1196,301.8876352790027,-30035.45907285208
1197,316.2246463424377,-30035.220745452963
1198,299.70322564167554,-30035.705538656934
1199,309.4607019173453,-30035.883422847684
1200,321.65313659952034,-30035.421807228664
1201,280.25674380912176,-30036.10390379864
1202,299.9769113056214,-30035.997468345595
1203,315.6607031571861,-30035.248631905768
1204,307.0024372927434,-30034.93366635679
1205,301.26051469516307,-30034.75222360989
1206,332.7957607326848,-30033.728840310203
1207,304.93199201032047,-30033.9389783613
1208,356.89585916665175,-30034.05692754531
1209,346.2235602181583,-30033.652102092386
1210,333.9908022409708,-30034.37840596293
1211,338.699634367312,-30034.759716594268
1212,325.4830215472848,-30034.3682410812
1213,324.6806374603389,-30034.28299697675
1214,340.7937968416633,-30034.17958803154
1215,323.95833093039033,-30034.279718837122
1216,338.7421909252247,-30034.16684705181
1217,295.0945889641585,-30034.407640030047
1218,309.3499574853184,-30034.433089237646
1219,316.5869822776862,-30035.100284400258
1220,326.35789858296766,-30034.60204857577
1221,320.7820888009859,-30035.121496965527
1222,295.1854877422622,-30035.575270738515
1223,293.7234133807178,-30035.326967083434
1224,277.76767753605674,-30035.527970559586
1225,299.66901094884355,-30035.034526061918
1226,314.2423242458456,-30035.077351876662
1227,303.42706551245396,-30035.12144232394
1228,302.6695026713167,-30035.468662219006
1229,314.88525828680775,-30034.543568154742
1230,316.52795289050636,-30034.470912901765
1231,303.5361485328938,-30035.245645936007
1232,307.91696982450514,-30034.352021182167
1233,322.0570640504297,-30034.157719708055
1234,328.88349060678814,-30034.63018615803
1235,305.307208543038,-30034.84944264423
1236,321.16487467198345,-30034.523957958052
1237,290.26869122747814,-30035.42576449334
1238,316.1545069815906,-30035.06626336404
1239,299.62676536196795,-30034.791450266137
1240,322.87104864719635,-30034.486812038638
1241,296.39208781919314,-30034.56048254953
1242,285.4005681990779,-30034.71448452429
1243,279.49499342631043,-30034.662166743587
1244,315.5240513216705,-30034.017701309742
1245,283.9065373996472,-30034.24823635332
1246,312.9717862236904,-30034.126954790754
1247,321.50572274109993,-30034.249741646865
1248,309.9439499113169,-30034.17592974796
1249,320.97408482861863,-30034.306110697937
1250,342.5999510033755,-30034.231718917417
1251,322.21055504180896,-30034.06400711152
1252,323.2897845077753,-30033.61492938683
1253,309.42543824938815,-30034.06399919281
1254,288.4311921849271,-30034.65957992685
1255,303.3540026873664,-30035.06664329795
1256,292.4746945911955,-30034.670941903685
1257,294.3598162393353,-30035.01991048448
1258,299.4932570991871,-30034.550674809187
1259,319.4019910648915,-30033.92972078294
1260,305.6690346848297,-30034.48094756622
1261,303.56992807196764,-30034.361981999373
1262,324.8144367004996,-30034.000327599413
1263,320.9439307164494,-30033.84593325318
1264,318.88217957401247,-30034.37446361588
1265,342.38802451258584,-30034.30737317111
1266,307.39761782908533,-30034.19518993321
1267,321.8471562471425,-30034.381760579334
1268,328.36906657020904,-30033.951746321458
1269,314.41715475431647,-30033.76435140285
1270,299.16921588789467,-30033.963139366904
1271,294.175954893616,-30034.17102921179
1272,283.84492314046923,-30034.824008133313
1273,287.39497189479795,-30035.056792325537
1274,303.4635274323922,-30034.806070151044
1275,292.236327786224,-30034.596871978774
1276,297.92368744457013,-30034.127346272275
1277,298.2198090144349,-30034.903085448415
1278,300.1823036989662,-30034.609478788345
1279,297.10386763965244,-30035.118713522148
1280,339.26379022937,-30034.9954966558
1281,289.4501636172953,-30035.512802297548
1282,303.377080920635,-30035.194967845127
1283,299.9609094643647,-30034.781074808063
1284,335.0521837382567,-30034.166106233624
1285,328.44276716620544,-30034.442076146992
1286,340.66484988450856,-30034.29611947873
1287,314.047549305806,-30035.056870688662
1288,301.0435577352208,-30035.23620778503
1289,299.92997548296387,-30035.584588895446
1290,275.5533305614381,-30035.31815970572
1291,327.0468123358172,-30034.45968402843
1292,299.52787059016396,-30034.83300547722
1293,298.84498496145676,-30034.977171206527
1294,280.7581132793761,-30035.493610184578
1295,307.6417722030679,-30035.120676478444
1296,292.5550928210206,-30034.75094666073
1297,291.73781044641703,-30035.222718702917
1298,275.1237472002499,-30035.45984702628
1299,307.1774186920533,-30035.567927704666
1300,304.18090218265775,-30035.655175724587
1301,304.9562490088481,-30035.821179446884
1302,299.4545628042405,-30035.27040012564
1303,322.2024803751016,-30035.548585639077
1304,296.95404747748574,-30036.059989842895
1305,292.763136855923,-30035.93710901702
1306,318.89985330298725,-30036.006830637325
1307,307.1736625877328,-30036.17935050487
1308,279.8179443205853,-30036.683323418063
1309,282.78662701377743,-30036.41904259372
1310,292.7329141163996,-30036.414433302063
1311,296.4832206244148,-30036.09920110918
1312,294.817878147064,-30035.977114717465
1313,269.43613097510035,-30036.636410449722
1314,275.96414334021,-30036.91132051066
1315,282.2097430326719,-30036.646473978224
1316,301.82134216541334,-30035.843556315835
1317,311.466903864754,-30035.22738639084
1318,273.1037313804704,-30036.055684796327
1319,279.0235642877882,-30035.847877565895
1320,290.05794366041175,-30035.40373278144
1321,275.5210772100312,-30034.916628923733
1322,305.8208801965364,-30035.334542070133
1323,287.0856797641441,-30035.369275747486
1324,330.9027061727909,-30034.589056058932
1325,327.07100603855946,-30034.185636709426
1326,321.6473536637044,-30034.11335924156
1327,293.21446666764535,-30034.144482937143
1328,302.274362488754,-30034.466903250443
1329,309.4388045617912,-30034.311709160665
1330,322.53934902155385,-30033.795954006986
1331,331.821526806912,-30034.063943424728
1332,305.85544521897793,-30034.03484270985
1333,298.45512577554285,-30034.828794751793
1334,323.9503872229808,-30034.54945031376
1335,332.45695726402795,-30034.540114460822
1336,310.5441650783327,-30035.277988409784
1337,294.17603627056263,-30034.870245910628
1338,289.3579966529232,-30034.829578554596
1339,289.24134298918136,-30034.943847015824
1340,333.3238799595067,-30034.881544325035
1341,301.4711267055942,-30035.24691498858
1342,280.57983289421276,-30034.65240073992
1343,320.9208551165322,-30034.735186764625
1344,277.3268731804063,-30035.02345633807
1345,293.69160760025284,-30035.67347189512
1346,264.9391814878116,-30035.700931045005
1347,298.1135573967199,-30035.327638593884
1348,280.4648271788511,-30035.78225266347
1349,250.04184559578826,-30036.508069318745
1350,274.6512190210102,-30036.524491800665
1351,277.3737599039329,-30036.694149525792
1352,267.80332765399726,-30036.226394511083
1353,258.9074323471697,-30036.017027951457
1354,272.89086285645027,-30036.018081544615
1355,280.1305602277525,-30035.55434996803
1356,295.09522772119175,-30035.214264554736
1357,295.0935167905827,-30035.140088929926
1358,284.45107199484227,-30035.873182857445
1359,281.5810157801647,-30035.867399608225
1360,306.9210029326396,-30035.601734591124
1361,296.54278941876936,-30035.488324636543
1362,307.1014430935709,-30035.065936472143
1363,291.20008275902774,-30035.537053750973
1364,270.01710581076554,-30035.8522353274
1365,293.25104821508575,-30035.442388998952
1366,303.19841266562065,-30034.998299426996
1367,300.00711571026324,-30035.067019522696
1368,301.856168987232,-30034.993069106717
1369,295.9254252841044,-30034.7988076013
1370,307.95929850834784,-30034.042360508432
1371,296.4313704634848,-30034.254804903325
1372,306.7450817088448,-30034.465543807175
1373,324.0330553520608,-30034.29541348142
1374,314.80195298901384,-30034.182386672357
1375,317.4533683333883,-30034.779618415847
1376,323.2897598937931,-30035.36102375724
1377,279.59084687950093,-30035.224203816044
1378,320.59785044570134,-30034.846843945626
1379,299.7852946185281,-30035.033548176645
1380,310.6816378955994,-30034.719835812397
1381,279.9850579729979,-30035.19082995294
1382,279.2310267614217,-30035.00280458084
1383,326.9380255788201,-30034.759301073835
1384,299.06255256916614,-30035.360359139584
1385,304.53353894601,-30035.54081852121
1386,274.45979616471817,-30035.365254246077
1387,272.18435730964904,-30035.565186380285
1388,274.1111448210691,-30035.631854744195
1389,326.7751409544685,-30035.337625443382
1390,281.8773541807087,-30035.307195818998
1391,316.69430070225127,-30035.302657490185
1392,290.2006832165992,-30035.39818180726
1393,302.89602897335493,-30034.365296216976
1394,308.10448029632045,-30034.87073235111
1395,306.31041690492043,-30034.576109209014
1396,293.19009693992774,-30035.414628442973
1397,290.31162272681166,-30035.516479250222
1398,278.3227512296048,-30035.53741704345
1399,277.452852824066,-30036.05934343407
1400,278.84785018629225,-30036.061290936283
1401,285.7072048463393,-30035.65206803564
1402,273.2232815184719,-30035.41790582746
1403,316.69952604432757,-30034.589635156826
1404,313.68147203087716,-30034.54851979442
1405,333.66236074039625,-30034.447231432983
1406,295.1879335945965,-30034.553724714115
1407,296.4773737472591,-30034.74583285876
1408,316.36170858931246,-30035.15088445429
1409,325.3088635921628,-30034.774974602846
1410,312.5032678319142,-30034.617279745675
1411,334.1416912047221,-30034.128508952297
1412,329.43254363766613,-30034.95033127186
1413,307.43517925098814,-30035.065336921605
1414,306.4949616765442,-30035.58708263048
1415,299.6641405264789,-30035.88035194928
1416,320.45438601271894,-30035.448116315827
1417,312.7147856905212,-30035.19202641684
1418,294.0320458407138,-30035.727390913944
1419,312.5368405388866,-30036.157449147388
1420,289.8748922077279,-30035.98256546984
1421,290.4391759848734,-30036.064045432184
1422,306.24271304172476,-30035.927425106685
1423,301.02534993581963,-30035.7444792252
1424,326.70876586114457,-30035.050235973493
1425,325.5835786836193,-30035.49851896907
1426,312.9511481533477,-30036.06497498758
1427,305.34668920234225,-30036.13555688192
1428,297.44018612508853,-30036.891486382247
1429,285.13713401035574,-30036.875421440116
1430,286.840549796523,-30036.73482941776
1431,263.2033376912457,-30037.412652937775
1432,281.1763767512096,-30037.05728631465
1433,289.3695023871429,-30036.49921041961
1434,273.8072933325066,-30037.018419780998
1435,243.54949365333877,-30037.310385412202
1436,249.55852409602025,-30037.239001771235
1437,299.86814031483533,-30035.836147493603
1438,303.1269379230772,-30036.336038497288
1439,308.4840119229398,-30036.320150369116
1440,283.61237506292986,-30036.812291543352
1441,290.3294787818608,-30036.64298230101
1442,254.9246833544167,-30037.22483776784
1443,282.15150031139547,-30037.005363901277
1444,290.9261053506318,-30037.118178290933
1445,285.76261288643434,-30036.76004643769
1446,299.5758636828285,-30036.562264528144
1447,310.81790411390324,-30035.81601050317
1448,293.25959495151204,-30035.125767322552
1449,343.58221947246653,-30034.958913286675
1450,294.5921925061842,-30035.260147030047
1451,311.66142836666404,-30035.499827016305
1452,281.9110428720183,-30036.24970604725
1453,280.05694439091366,-30036.728080506084
1454,275.95748167181245,-30037.10289467262
1455,305.6474002847595,-30036.346727251224
1456,274.1624601538991,-30036.23407693076
1457,255.4594025782856,-30036.285578550185
1458,311.1527632966121,-30035.614210771004
1459,289.7251266768398,-30035.76954353857
1460,294.83043132216875,-30035.888907681012
1461,299.71231282357223,-30035.812731483235
1462,291.9293301667203,-30036.24523506598
1463,287.789734570865,-30036.07223268441
1464,306.5492223855329,-30035.743918076805
1465,295.4380544468643,-30036.10796712014
1466,280.9004802162735,-30035.741974852524
1467,310.2416542270407,-30036.008269654896
1468,297.74417757770635,-30035.924839692554
1469,283.4979580223694,-30036.23119112895
1470,309.2401653176382,-30036.13312225012
1471,293.4644759350791,-30036.17138440574
1472,296.47020458264024,-30035.919841687508
1473,289.67773716061055,-30035.688706774083
1474,289.8327974782595,-30036.053938996592
1475,279.56821301571625,-30036.685711818223
1476,280.6997754878699,-30036.331018128938
1477,284.63511540277216,-30036.21229391613
1478,292.0285351256536,-30036.004453286416
1479,296.2216727906391,-30035.94368422812
1480,274.06654805027256,-30036.14860383663
1481,342.7564882668165,-30035.331288912486
1482,304.6090951174656,-30035.20688282568
1483,292.4913233086307,-30036.17052276537
1484,272.89932528272146,-30036.621383868314
1485,285.1425065177162,-30036.062786022354
1486,279.6074382973872,-30036.233551242887
1487,269.5848113752093,-30036.691256607464
1488,280.1907646443806,-30036.400488724095
1489,281.5117722315742,-30036.26758243973
1490,264.305241332642,-30036.60167556982
1491,285.8697325127678,-30035.968283913462
1492,304.01134276893225,-30035.171168336816
1493,311.6796259571363,-30035.16538395846
1494,309.7507006531975,-30035.13978510409
1495,304.1120525429026,-30034.99089550235
1496,312.45439112136,-30034.68296484195
1497,308.7159025352115,-30034.538914780944
1498,305.9140671653499,-30035.023599478172
1499,291.3767417702862,-30034.99353843848
1500,282.14257545713497,-30035.685276358396
1501,300.9213892013705,-30035.834990252373
1502,279.46136123494165,-30036.56926446622
1503,254.37426632776436,-30036.752383284467
1504,269.72694611464556,-30036.861502128108
1505,275.48125741572375,-30036.591460734177
1506,272.5498446524181,-30036.591130269175
1507,292.95007776669433,-30036.108178292146
1508,291.2723156722408,-30035.722733070466
1509,303.9227798569484,-30036.05621312623
1510,302.1306230987738,-30035.992010676124
1511,295.152152798528,-30036.275329718814
1512,266.87827680369196,-30036.136429807193
1513,289.856557603678,-30036.742793231206
1514,280.63130193918806,-30036.119853427062
1515,287.76786988050816,-30035.494658799045
1516,282.20743146233957,-30035.445360367954
1517,289.61327797056384,-30035.637597137524
1518,300.39213944420715,-30035.375674108338
1519,314.50392246864567,-30034.99849248763
1520,288.4721232926975,-30035.15854822999
1521,323.60276883637346,-30034.56797790048
1522,295.30646652303517,-30035.41206513472
1523,285.5773406721968,-30035.481513226914
1524,298.95473505771844,-30035.351358004486
1525,299.379504567326,-30035.41682327038
1526,295.8341602656164,-30035.230795499177
1527,256.2048344386002,-30035.415226924877
1528,304.97651579036153,-30035.34019985865
1529,306.85699286654113,-30035.75764488409
1530,266.7623264926344,-30035.742868039935
1531,264.6746688154429,-30035.811113894753
1532,310.66017189934433,-30035.31803312767
1533,275.5413809939121,-30035.39658590283
1534,284.23749545489267,-30035.90590995177
1535,274.22690341735733,-30035.90237446876
1536,292.0061084617302,-30035.729627940982
1537,308.37484982388906,-30035.04946437528
1538,288.55383820337727,-30035.25805104918
1539,274.7572700484693,-30035.45541246121
1540,283.2574209431625,-30035.014597782298
1541,307.00741834568385,-30035.136665805905
1542,284.0083404798301,-30034.649967211313
1543,290.68030828538576,-30035.110701900867
1544,301.6651326914595,-30035.171712433603
1545,259.53974234451704,-30035.7725745159
1546,298.1076714000794,-30035.175443204498
1547,271.79710324731303,-30035.311275511613
1548,279.80378803068925,-30036.285242737133
1549,270.20976005515996,-30036.134488719
1550,273.75754333114367,-30036.33022063917
1551,270.7253851613402,-30035.51992953178
1552,263.3853601066549,-30035.253768061975
1553,304.7519318484078,-30035.558751277145
1554,277.4361277428407,-30035.233593126304
1555,284.67669673973035,-30035.357730204792
1556,263.3656793752164,-30035.084342253413
1557,292.8213297043152,-30034.476657851053
1558,280.16832403300754,-30035.061210605214
1559,298.70370004427417,-30035.488544890526
1560,287.54475917184834,-30034.85184495868
1561,304.99237388274514,-30034.677690769466
1562,313.2361742013539,-30034.647634459023
1563,290.002582510889,-30035.026221947483
1564,300.042233281385,-30035.39230623504
1565,275.1962019970069,-30035.420911378045
1566,307.85433417766365,-30035.513756206943
1567,276.16083078538435,-30035.74620661765
1568,276.02967312182454,-30035.69287191222
1569,275.0750233658088,-30035.521622019205
1570,308.2106568498666,-30035.194227972686
1571,287.8785146025138,-30035.142260547345
1572,291.63251960906024,-30035.239044506252
1573,296.2164107381321,-30035.557098111793
1574,306.92383589379796,-30035.77158505938
1575,285.305210019693,-30036.20321621812
1576,292.682333805508,-30035.92547383876
1577,288.41514227001716,-30036.08771885105
1578,277.886965719709,-30035.89410444346
1579,263.391604070601,-30036.06220442855
1580,294.16509653055704,-30035.534584154335
1581,301.7137141482056,-30035.586503529405
1582,298.2659627985289,-30035.458562735384
1583,310.68785546217055,-30035.336866594334
1584,307.9021508124846,-30035.63559783061
1585,297.1293335288742,-30035.573149761807
1586,304.6325859929913,-30035.098868846926
1587,294.5793736621157,-30035.391329512873
1588,324.1448773476678,-30035.12071993073
1589,291.6502989449298,-30035.9007057408
1590,288.5294819548202,-30035.45397746526
1591,287.7887271239931,-30035.72069557781
1592,310.2699139844997,-30034.888416723174
1593,296.21493626388116,-30034.598150901933
1594,322.7616485361586,-30034.446600794057
1595,285.463544920591,-30034.873053402494
1596,329.50649777372485,-30035.09299845674
1597,297.54167709363327,-30035.09400635723
1598,298.5291318412754,-30035.60622625275
1599,293.1847885645812,-30036.244840369243
1600,263.8235974102516,-30036.701706362812
1601,281.18416964151186,-30036.135214889462
1602,259.16351394958485,-30036.305495112658
1603,291.69744987869495,-30035.874126643925
1604,263.37515085976435,-30036.1114472681
1605,305.13651802057205,-30035.668198141837
1606,288.23129046127815,-30035.732977962976
1607,292.8783309197,-30035.897096096018
1608,301.59217113418,-30035.70870773009
1609,275.82881157638803,-30035.625669141315
1610,289.27058185038175,-30035.861078780115
1611,294.46079087853093,-30035.1267403489
1612,299.2703024277306,-30035.382466410796
1613,288.62741638139136,-30035.51986833534
1614,315.64702249778435,-30035.122023611246
1615,288.09228199932045,-30035.634919267348
1616,319.99648552072534,-30035.510439264242
1617,294.1398217669411,-30036.052799347224
1618,308.90585095386564,-30035.48920512475
1619,284.3435689838522,-30035.393470670148
1620,288.39947509713596,-30035.269754377972
1621,311.2724387170141,-30035.67564739431
1622,323.46718470397747,-30035.069442267257
1623,308.8191564767381,-30035.313655943974
1624,282.82064833304764,-30035.51584131285
1625,288.4538323675922,-30035.682446765397
1626,258.18437873268397,-30036.482518642613
1627,284.89562903167507,-30036.59439936504
1628,263.1836670092656,-30036.38189875091
1629,283.8163351222872,-30036.074728714073
1630,305.9809393911932,-30035.705507667495
1631,310.3654504388494,-30035.309836785804
1632,285.0133609358708,-30035.62658810101
1633,275.55361426212454,-30036.074011929846
1634,282.11283140166864,-30036.654776077874
1635,296.0610571354131,-30036.486795156736
1636,294.44708474130505,-30036.197398321565
1637,307.01984948491946,-30036.06408684545
1638,278.5602348346488,-30035.68377485503
1639,290.621072949652,-30035.977429343453
1640,311.323875857772,-30036.006382135623
1641,287.1999466283126,-30036.557801822186
1642,270.8880470701808,-30036.752157650928
1643,273.45167462083685,-30036.558633396442
1644,301.8738762723537,-30036.092232157356
1645,314.94827691554286,-30034.944323476644
1646,327.17881973921874,-30034.891903565578
1647,300.1311423650712,-30034.85100272013
1648,299.0560703860743,-30035.487475652488
1649,278.39582732798203,-30035.01604385988
1650,299.43647401882413,-30034.964215440978
1651,313.4289504426781,-30034.443556650604
1652,296.5536926030397,-30035.195081064245
1653,306.2009187180816,-30035.647228561502
1654,294.77824224256494,-30035.567957517836
1655,303.7818173759447,-30036.122266183
1656,274.7340199441375,-30036.223576621163
1657,310.05791162510695,-30036.272666639186
1658,290.8915216127794,-30036.013581247953
1659,274.51045969455106,-30036.696008486786
1660,271.0927891493185,-30036.596606360297
1661,271.5999939010457,-30036.169759413933
1662,277.33030820757597,-30035.622979130836
1663,288.9961639621672,-30035.241042547677
1664,318.5923487369567,-30034.93645650247
1665,310.1068771488111,-30035.007760554316
1666,290.3825873000768,-30035.161174914098
1667,286.32852649331187,-30035.111016569048
1668,305.498361868646,-30034.676655742525
1669,274.6274947275948,-30034.96454291288
1670,296.39719618415296,-30035.00566628966
1671,319.3147323635336,-30034.390904573826
1672,298.8924611038605,-30034.01503703754
1673,335.586144779044,-30033.8577255015
1674,294.2678662837143,-30034.36793127167
1675,302.6200662168939,-30034.61834579901
1676,305.7752559076984,-30034.59545768687
1677,309.3334877562512,-30034.68545749355
1678,289.54372063374933,-30035.33075662828
1679,290.07261362547905,-30035.333050514833
1680,329.18243107436166,-30034.474213656904
1681,314.4126154738947,-30034.19024706855
1682,317.2253303726253,-30034.242397520276
1683,294.0863009182124,-30034.46625775221
1684,278.33431012332454,-30034.357438193547
1685,299.32715388977357,-30034.599783430396
1686,266.84621598525626,-30034.994659797285
1687,300.9104384572011,-30034.98956314845
1688,285.63166765873495,-30035.646159502667
1689,269.3720494673032,-30035.39388504342
1690,273.60688524313946,-30035.49612745542
1691,295.87228008237685,-30035.852881537845
1692,266.1210760136238,-30036.288328076513
1693,292.8172989094812,-30036.424025075023
1694,261.7945769642985,-30036.586833600686
1695,265.9145867836727,-30036.332595280288
1696,291.43651235902024,-30036.240078754476
1697,273.7055855790455,-30036.10692089523
1698,283.1837956464525,-30035.875828558794
1699,276.5298843058814,-30036.11190436856
1700,292.913079169641,-30035.913798367357
1701,249.8865135661314,-30036.330343944923
1702,276.65191561844955,-30035.806094109972
1703,280.5931569868237,-30036.017299271956
1704,284.4939681164978,-30035.39163288105
1705,295.51174301010224,-30035.63345349897
1706,308.99808914973187,-30035.566958322266
1707,304.172925152427,-30035.799908041146
1708,285.35111584644255,-30036.055574755024
1709,290.1109558629379,-30035.818412197234
1710,306.952860117242,-30035.341165983766
1711,290.3625717172667,-30035.4273044207
1712,312.3046608454039,-30035.548067022053
1713,288.5312115017231,-30035.569168245835
1714,314.355387748396,-30035.758095782927
1715,288.95119421365877,-30035.800769791273
1716,343.9732836171007,-30035.56233749459
1717,298.4142783905398,-30035.714589963365
1718,291.40171053815516,-30036.119862208427
1719,301.1211306632246,-30036.011596255757
1720,310.9088097042077,-30036.376219164933
1721,292.3523880111596,-30035.941602850577
1722,304.2012872653614,-30035.961302529486
1723,315.77656396306105,-30035.409774054067
1724,306.3530196412869,-30035.573082252595
1725,320.3299039508125,-30035.349691472242
1726,317.06763738986683,-30035.178012905908
1727,291.43944713297503,-30035.89820790647
1728,299.5478668467939,-30036.05125145775
1729,297.77551756232276,-30035.996315371576
1730,321.72844037691755,-30035.644518519905
1731,294.7415185412095,-30035.930211289113
1732,301.45979740320956,-30035.84095055148
1733,302.2434470901601,-30035.323151244433
1734,304.0451683521132,-30035.174221989608
1735,339.63619922268373,-30034.6599379547
1736,287.0650592196947,-30035.17448300256
1737,272.44558113882863,-30035.613289553105
1738,291.0665334027972,-30035.60487307981
1739,298.22162390333966,-30035.647180327887
1740,300.5167367086054,-30035.552221048165
1741,291.0793930951379,-30035.614314567378
1742,272.5757686343855,-30035.82485183729
1743,280.6524247235348,-30036.066586637684
1744,303.7093778546456,-30035.370185821208
1745,275.0477973432806,-30035.985198894923
1746,270.3544570764161,-30035.794904030558
1747,311.439725646045,-30035.669477686628
1748,314.45196029313576,-30034.845505355184
1749,315.55596046460323,-30035.114553267736
1750,294.25542695030157,-30034.758869813668
1751,305.09679476667674,-30034.76490251891
1752,283.5943944059488,-30035.55102600824
1753,309.6186693446252,-30035.943894294487
1754,287.1588724634924,-30035.855712124903
1755,282.1335969970971,-30035.77534641669
1756,270.33767014060896,-30036.09024903188
1757,284.10072305681314,-30035.833185519605
1758,306.75906002105415,-30035.44761334915
1759,309.6705375356745,-30035.56563379588
1760,293.94766935649284,-30035.377955181553
1761,303.18455858088424,-30035.602164253778
1762,299.2959774519788,-30034.75095987906
1763,297.98620881079165,-30034.49881725302
1764,334.56557018093315,-30034.479152914704
1765,328.4865838943893,-30034.44292484107
1766,328.7253766280739,-30034.511124655157
1767,327.7292238850319,-30034.854592748623
1768,307.69041456916415,-30034.857731663982
1769,322.9691884932778,-30034.478478980982
1770,299.8123416310822,-30034.880522687996
1771,302.3746194681704,-30034.548360578974
1772,318.3696923228895,-30034.613943711294
1773,303.41132172081285,-30034.422620407087
1774,328.7129935335305,-30034.855186779616
1775,314.9534977294501,-30034.61802000742
1776,315.349987085879,-30034.971307469124
1777,301.7336507610503,-30034.964907263296
1778,329.1286918470602,-30034.766583816276
1779,304.1939786648122,-30034.732971122816
1780,305.6826824891512,-30035.447400438876
1781,303.65885233356306,-30035.137084351893
1782,326.52218383685266,-30035.006110777387
1783,318.3079422119931,-30035.648703290524
1784,296.8180674764104,-30035.682557937816
1785,291.30833619116004,-30036.274559523386
1786,307.2698725883682,-30035.9464567153
1787,318.3753503251464,-30035.418488597435
1788,303.3511023928323,-30035.875310151878
1789,316.5866345291319,-30035.8522462905
1790,274.0329971579937,-30036.06546513506
1791,294.8681339275264,-30035.74342611078
1792,306.263523506468,-30035.856588064536
1793,299.705629494873,-30036.187899941153
1794,261.0593210788106,-30036.068256858514
1795,287.32564061054137,-30036.45697736848
1796,290.6453996463143,-30035.900644297246
1797,298.5784788357501,-30036.019044927645
1798,302.03066011569126,-30035.71718656221
1799,307.3371849351402,-30035.671322561073
1800,323.25111797241794,-30035.020200878578
1801,292.47028917251873,-30035.17300607031
1802,306.59067150097053,-30035.399123323197
1803,308.8526302157481,-30035.168280965245
1804,297.0082115449292,-30035.484405850137
1805,286.30905466245025,-30035.863460495006
1806,311.3066952125077,-30035.30759643566
1807,306.09147097012544,-30036.110924767643
1808,306.4245680322082,-30035.336903825944
1809,314.99989971608386,-30034.702787913273
1810,323.4266790001699,-30034.70718199152
1811,317.77151998016495,-30034.69152105867
1812,315.9696657446905,-30034.053344290183
1813,337.1962722316161,-30033.893313001077
1814,328.8927750351324,-30033.891670887595
1815,340.5185520664935,-30033.87793201636
1816,311.5211300649944,-30034.20648833198
1817,339.60058744763813,-30034.16474182411
1818,349.7792290481662,-30034.53513525172
1819,328.5404723659767,-30035.093910294894
1820,314.2310438313289,-30035.17919870731
1821,333.26284468323473,-30034.963160886364
1822,310.0893479182875,-30034.666405515687
1823,322.45924358074257,-30034.846801244992
1824,322.99698806303496,-30034.78637202361
1825,310.25123838252625,-30035.287324954632
1826,315.10756101827275,-30035.11804298573
1827,305.501869310493,-30035.241020460027
1828,304.79853090055434,-30035.377889215826
1829,311.80480230518435,-30035.84582255208
1830,271.03974931762735,-30036.34403701592
1831,300.2543267856786,-30035.96313214666
1832,299.63881263717076,-30036.12122473124
1833,281.36341702367565,-30036.105306210295
1834,314.5969647020533,-30035.435600418823
1835,292.5326288145245,-30035.64409100654
1836,298.62177654934317,-30035.338266078845
1837,309.7952330282057,-30035.238272009796
1838,298.0931773816893,-30035.316433536253
1839,293.99271547272207,-30036.185413513056
1840,279.59831332282175,-30036.317765619176
1841,273.9689283648322,-30035.93817378328
1842,297.4971092116649,-30035.8275515965
1843,289.1574826641279,-30035.508460773286
1844,313.112661126333,-30035.420278941456
1845,288.159598651222,-30036.068769379603
1846,291.69864358538285,-30036.303784055723
1847,282.76956523333945,-30035.89017577269
1848,300.4328134950936,-30036.20472701577
1849,288.47289759360245,-30036.234700588197
1850,288.0674469421867,-30036.244920252127
1851,283.89152978493036,-30036.568927130622
1852,274.282594769195,-30036.49472072974
1853,280.0807489645115,-30035.680605495352
1854,293.9768358144922,-30035.49245439582
1855,289.54369764335223,-30035.60810095777
1856,289.1039194688723,-30035.123092120644
1857,306.4762919454959,-30035.116850088958
1858,280.57754031350424,-30035.173942901
1859,302.6348208250274,-30035.817192648912
1860,308.3560039389176,-30035.67103314884
1861,310.5718388779971,-30035.30268149753
1862,310.2467242402134,-30035.82064186171
1863,289.54914458671783,-30035.775932413795
1864,291.2000660302832,-30035.486272922633
1865,299.1009828555739,-30035.66212485265
1866,293.738930889243,-30036.301185328906
1867,327.751624641637,-30035.510278122067
1868,316.01694086879155,-30035.513090188004
1869,297.5058626052716,-30035.858580961165
1870,301.29870878013287,-30035.745401526576
1871,303.32749572569355,-30035.836842674238
1872,286.884443238121,-30035.897785553225
1873,288.44974430888374,-30036.54583105774
1874,299.3955393096167,-30036.379309728618
1875,289.1483529469915,-30036.547753394116
1876,273.86517945401755,-30036.647820096292
1877,291.5051340308323,-30037.105536597806
1878,269.752729139716,-30036.683117874138
1879,292.85417726545,-30036.49145490557
1880,291.96895188366267,-30036.232517623215
1881,305.3463883312129,-30035.938298840585
1882,318.5695773323103,-30035.362811721465
1883,297.635593036517,-30035.49984226597
1884,295.8798647234587,-30035.594877861724
1885,328.8281053445132,-30035.21751968185
1886,315.96589177663816,-30035.754611290657
1887,338.27948311272513,-30035.405072422065
1888,309.50451086660325,-30035.226068612836
1889,303.17873607221696,-30034.658951639132
1890,325.95097976248854,-30035.28613337092
1891,321.5962620986175,-30034.995506414776
1892,301.47616273749264,-30034.682334926914
1893,320.69848196204083,-30034.287666833694
1894,344.87556882591764,-30034.40092289721
1895,332.60960878527163,-30034.594860523714
1896,346.37460307833845,-30034.34556057769
1897,318.869755683831,-30035.212667393618
1898,348.70013323253295,-30034.605303357665
1899,335.94023933916543,-30034.84489405335
1900,337.6175067236524,-30034.900273619533
1901,326.85898851066855,-30035.601137007772
1902,299.45296174538305,-30035.676690481432
1903,321.2832829162918,-30034.964332771407
1904,330.03828063050355,-30035.290532002247
1905,311.00904213145765,-30036.002598987317
1906,308.1859191636673,-30036.075710878165
1907,302.46808902558075,-30036.78819211417
1908,309.4991095899447,-30036.89417350575
1909,293.7388392991112,-30036.5062657625
1910,293.1150883939392,-30036.396987835225
1911,293.8278182341082,-30036.089960486937
1912,317.0464180344472,-30035.45003212943
1913,289.4274868412183,-30034.937202006364
1914,332.642593681627,-30034.297154116597
1915,315.42493533710143,-30035.028012096645
1916,336.15027098919785,-30035.507568810426
1917,319.1575070440751,-30035.16244567168
1918,292.5248983801352,-30035.22241085748
1919,297.29596757854915,-30034.5142621354
1920,313.5501434409903,-30035.03620502231
1921,322.6242013723184,-30034.643424619833
1922,319.15372002626646,-30034.781681751083
1923,331.0595803294122,-30034.604633187377
1924,321.43668792106104,-30034.286637967223
1925,317.97664843315704,-30034.45588190422
1926,306.83668330561295,-30034.71714117561
1927,283.9351011761555,-30035.419391383588
1928,298.74066162076144,-30035.280581998442
1929,279.1996597743728,-30035.40398583243
1930,311.8322777233237,-30035.011145640176
1931,317.00198847149,-30034.951152007274
1932,302.20865585030225,-30035.378715681683
1933,307.26648744155193,-30035.130135790267
1934,324.2570214699622,-30034.987033885605
1935,305.05364959435263,-30035.1605212728
1936,280.67636048440784,-30034.892155195284
1937,299.8886028700589,-30035.169616095754
1938,300.5043618578094,-30035.667767339834
1939,312.83494738379414,-30035.5835289083
1940,328.4037316797047,-30035.14618506341
1941,309.90131147647327,-30035.39184822918
1942,315.9660054667483,-30035.42062405002
1943,317.1711836700027,-30035.831652950343
1944,312.907338401822,-30035.935219867653
1945,293.8825764475461,-30035.96748651832
1946,293.29620135452814,-30036.67757900786
1947,302.7911043572914,-30035.891378414453
1948,294.5755829849929,-30035.905096934508
1949,304.90956645336774,-30036.222746737963
1950,288.55893756309695,-30036.46690689129
1951,264.7352702752025,-30036.95216451807
1952,282.39511601442166,-30036.860551524085
1953,284.33004508512755,-30036.776624049366
1954,281.63028942636265,-30036.614204506914
1955,271.25262274608053,-30036.72539014401
1956,281.44341116671166,-30036.730243027625
1957,279.14885766310755,-30036.56542258476
1958,301.19620785037307,-30036.41595388336
1959,283.0500590627565,-30036.83427760683
1960,290.3750583171483,-30037.21019281232
1961,277.2056986989808,-30036.797994999633
1962,300.9507403882026,-30036.310812935422
1963,305.0060596420417,-30035.991798935444
1964,275.15439517832283,-30036.33798077281
1965,302.72325104719124,-30035.703635579037
1966,300.60309901380737,-30035.620356726566
1967,298.0963861490422,-30036.115180782053
1968,280.9177433731841,-30036.32161784772
1969,295.4030948250401,-30036.608848301574
1970,280.8462160190018,-30036.682795744124
1971,294.1898909803761,-30036.67263106809
1972,290.0032069723241,-30036.6472999575
1973,281.2123429492787,-30037.12864538677
1974,283.58344022439,-30037.39700524096
1975,263.7006193989502,-30036.95675923359
1976,273.9085158942139,-30036.89282152136
1977,279.7734927091955,-30036.786006351653
1978,293.03655180823495,-30036.527873654155
1979,262.1206618130157,-30036.81298940667
1980,274.0200441743826,-30036.134150998965
1981,281.01744300207594,-30036.30738609966
1982,263.53568885768675,-30037.087869546893
1983,277.3746705020496,-30037.151157823537
1984,249.36275684541837,-30037.271279970108
1985,241.48479536184797,-30037.815552559834
1986,252.3053252290905,-30037.843594874987
1987,261.6975494293041,-30037.44474799677
1988,276.81115761714153,-30036.989580305322
1989,270.182388295708,-30037.027756768115
1990,275.2207167167637,-30037.30505909259
1991,286.67815970573344,-30037.01821944725
1992,296.11770376378405,-30036.63575796431
1993,268.99934369793567,-30037.125935599965
1994,249.489375150211,-30037.143088468212
1995,261.9947202733225,-30036.853273225235
1996,287.54657284095754,-30036.455314868897
1997,280.3685981998808,-30036.202646931404
1998,280.4409097351292,-30035.913714894174
1999,299.3796229793858,-30035.518382785725
2000,287.81411985040364,-30035.655602411585
2001,327.8964459881455,-30035.14139342492
2002,304.5926938477851,-30034.515889981023
2003,300.1051591927771,-30034.244235768947
2004,293.6991697617178,-30034.52484378561
2005,320.701611986876,-30034.754384814256
2006,322.7204680404659,-30034.881232526917
2007,296.07205067885025,-30035.359564931874
2008,306.73189499702823,-30035.06157931236
2009,303.1005856850392,-30034.922640223664
2010,277.58303558158224,-30035.79043708768
2011,252.59505132293347,-30035.951526503522
2012,272.7762765115525,-30036.034641647646
2013,307.70111086386873,-30035.66800893148
2014,283.7867397788631,-30036.24930281016
2015,322.72726915657114,-30035.279498600084
2016,274.5343617437699,-30036.017671644116
2017,303.65870805288733,-30035.844119238587
2018,314.12810719145557,-30035.50015267147
2019,286.8301174746673,-30036.045639246644
2020,273.28056820892186,-30036.93208687683
2021,273.2923918648245,-30036.80483572841
2022,314.03582171488733,-30035.9614631657
2023,285.1891156693081,-30036.335048706467
2024,280.9624086260377,-30036.420101404146
2025,283.5130551247833,-30036.631201221047
2026,278.7608438447918,-30036.81348399126
2027,303.0978347418235,-30035.95395956309
2028,283.51879160835347,-30035.506056629012
2029,294.16443877304715,-30035.87249135857
2030,285.42789877767586,-30036.254811263167
2031,277.33197852003224,-30035.945202654457
2032,288.817569452837,-30035.464294145735
2033,316.10377007460806,-30035.06168284785
2034,298.5655746464181,-30035.374838936656
2035,288.6646904951091,-30035.82361631554
2036,302.3387870785681,-30035.490670009123
2037,317.7924910621312,-30035.511304968055
2038,273.6587987227415,-30036.022162690282
2039,306.24109278010883,-30035.657934696497
2040,290.62701441801687,-30035.879623334633
2041,323.9146461779949,-30035.3687105665
2042,290.1775247010964,-30035.326499908653
2043,285.1556729574852,-30035.664016653136
2044,318.6610915441194,-30034.700348792496
2045,281.11099052561025,-30035.250340669663
2046,284.1055093648625,-30036.0420492524
2047,273.54158732678604,-30036.167695209537
2048,271.8717217977458,-30036.168769699467
2049,286.8461545262435,-30036.131172521673
2050,288.3191897743785,-30035.988574900028
2051,297.9406347738216,-30036.011684728124
2052,314.5405826239426,-30035.329599693076
2053,311.86427935208053,-30035.268151517
2054,306.222083588519,-30035.523648211314
2055,312.38264291045266,-30035.4699295552
2056,290.12803823627337,-30035.435169124205
2057,298.1833836394736,-30035.88447232517
2058,291.9391729133512,-30036.063346347746
2059,313.7832718325101,-30035.141656985055
2060,302.1834737535345,-30034.664506663838
2061,297.87577524477194,-30034.419569557387
2062,317.92650875494184,-30034.240348834468
2063,313.13297793634814,-30034.214688717213
2064,325.3979931992019,-30034.35280615449
2065,307.2803755628574,-30034.15712948057
2066,314.42275967801635,-30034.832569501872
2067,313.0078820601369,-30034.506904345246
2068,311.08063726101574,-30034.432435007588
2069,296.93371152825097,-30034.503861799552
2070,296.2386092866451,-30034.730366707034
2071,287.70521606086555,-30034.67006615688
2072,318.4757743616591,-30034.005801090178
2073,319.58871434030914,-30033.811733043713
2074,313.3336173476636,-30033.518225212163
2075,311.48012438703546,-30033.453615658436
2076,333.240049628876,-30033.723501076463
2077,329.53008543192175,-30033.91662266351
2078,313.26097858913727,-30034.07083737228
2079,325.1178398994094,-30033.937992612064
2080,310.52819097352176,-30033.938547298138
2081,335.92943161907885,-30033.085400844404
2082,323.3155679582046,-30033.00295137214
2083,335.2936534028342,-30033.199082323816
2084,334.84855535481125,-30033.864598202785
2085,323.8189400778876,-30033.65627915491
2086,321.24299601567066,-30033.563004480584
2087,327.2866764469034,-30033.381372462703
2088,309.5944312397091,-30033.997239607674
2089,299.63527012242264,-30034.23068902277
2090,312.00292658154933,-30034.073250567744
2091,304.1545881612847,-30034.483963987685
2092,274.37529406334244,-30034.326368554954
2093,297.49761961979635,-30034.15761685631
2094,281.5599187386829,-30034.137462623738
2095,319.18284730527046,-30034.61883820288
2096,295.54270280370446,-30034.08579813597
2097,312.83430895102407,-30034.57963875044
2098,313.007626194642,-30034.108473294513
2099,298.53846340389754,-30034.135287919264
2100,294.95676373480376,-30034.309551510225
2101,338.61661334279165,-30033.718840446578
2102,319.83387380135287,-30034.303600505034
2103,332.7261454936535,-30034.113407510424
2104,299.1184170825921,-30034.30621666091
2105,307.580856756289,-30034.165180644384
2106,299.923535718437,-30033.885532464163
2107,306.40174183531036,-30034.157791676018
2108,292.09081063609693,-30034.891555464128
2109,285.38319541943576,-30034.894609917214
2110,280.7937697260889,-30034.69583643919
2111,317.91707862651936,-30034.389024027376
2112,307.1749058827236,-30034.59142854176
2113,304.5996751269934,-30034.048917138054
2114,292.1822103838279,-30034.79745479531
2115,265.3698508398722,-30035.029919476292
2116,278.5551978448676,-30034.81476119084
2117,301.40075225540244,-30034.334626325242
2118,288.9843075408721,-30034.57141952197
2119,301.1348428269672,-30034.442891256193
2120,312.7652880548956,-30034.376300344837
2121,290.78502509144477,-30034.977203066388
2122,287.69408051102926,-30035.531674961112
2123,291.01577250077975,-30035.373730668434
2124,251.58913766538763,-30035.482740627584
2125,282.96832941146783,-30035.195712659184
2126,294.45622647455167,-30035.88271477286
2127,289.54486214310754,-30035.635415355748
2128,264.3504937359151,-30035.969675576715
2129,282.13473145267557,-30036.11125532195
2130,286.6385920541562,-30036.20866990226
2131,296.63790896042025,-30036.034755207744
2132,290.2657577423156,-30035.531307183857
2133,304.42980570293565,-30035.33444881431
2134,309.28696775646125,-30035.0342863123
2135,316.93274911153094,-30034.525162858205
2136,284.45451455026495,-30034.316455460455
2137,298.1177540925881,-30034.638079688266
2138,315.24634026877885,-30034.725873083793
2139,301.1384870213422,-30034.434986901757
2140,310.03909518181115,-30034.427437795646
2141,328.8870282674914,-30034.628143863847
2142,332.2794848835442,-30034.05044714985
2143,320.453704778675,-30034.1356334868
2144,297.5011921186028,-30034.71612055901
2145,304.00752686058,-30034.755248894424
2146,314.4305737528328,-30034.738622542714
2147,286.3302223711138,-30035.087536323274
2148,288.65477666911613,-30034.56605370038
2149,327.9226721114283,-30034.611435502356
2150,329.97769271969344,-30034.21198103742
2151,317.6792451036402,-30034.79345628572
2152,293.0261632510175,-30035.50665112992
2153,320.23784615769927,-30035.021933727552
2154,307.4042087915953,-30035.30049255344
2155,290.0407443998439,-30035.216666300694
2156,283.1873468448396,-30035.573004673384
2157,293.4498044665556,-30035.636597960245
2158,289.13553263748867,-30035.14963903888
2159,296.542299396786,-30034.771540112884
2160,284.76174631209193,-30034.93761772153
2161,297.23682277537023,-30034.40051854605
2162,312.857766150341,-30034.586859995517
2163,298.1601051447674,-30035.35380907572
2164,291.7977810878726,-30035.158707101444
2165,310.2829042127356,-30035.37441742049
2166,278.86107629283566,-30035.559004438124
2167,274.08225935489907,-30035.589614072338
2168,286.88739354059413,-30035.323492438813
2169,303.600764066979,-30034.622923506806
2170,304.2356341507618,-30034.5522336675
2171,303.7678399518261,-30034.53863411864
2172,309.7607571568201,-30034.662969122965
2173,295.20811289092256,-30034.965325456003
2174,313.707577433067,-30034.922861789717
2175,311.6253899807463,-30034.406985388734
2176,325.75477141124395,-30034.230532063037
2177,307.62289061295274,-30034.617246151975
2178,289.7627940732542,-30034.895547230804
2179,290.0388940341739,-30035.31046294044
2180,316.9937864412624,-30035.04510874512
2181,293.20649765873253,-30034.789215051518
2182,311.87309082841426,-30035.16636691765
2183,296.74967686444234,-30035.451859895464
2184,307.29329930404475,-30034.88922560374
2185,286.50087896701956,-30035.32737543081
2186,292.31097044871825,-30035.936787433868
2187,315.9180997253262,-30036.228472172344
2188,277.6921643033382,-30036.252530172813
2189,289.2300382710954,-30036.36600695906
2190,284.4486196207212,-30036.31074467123
2191,276.12877031624856,-30036.516545973933
2192,288.6145764688144,-30036.020191974214
2193,300.8615495728506,-30035.748607926573
2194,296.6476226310239,-30035.60677599296
2195,270.9334923296477,-30036.23929342175
2196,285.63960703240076,-30036.130334385267
2197,256.76318254408085,-30035.80154399993
2198,287.3972296839318,-30035.6094697914
2199,286.4541087641647,-30035.293398056103
2200,270.9266099565795,-30035.14571689672
2201,301.5987617897188,-30034.95268223306
2202,292.1177994037445,-30034.150640818585
2203,321.3721942307676,-30034.05779482527
2204,316.2315126019236,-30033.827994259147
2205,327.7212200540341,-30034.229794490715
2206,296.21673118294746,-30034.75240253476
2207,288.67274765900584,-30035.245288229155
2208,297.91101519663965,-30035.071025060042
2209,318.7159394373244,-30035.314200688437
2210,308.98686610546486,-30035.082866206856
2211,321.5040013100341,-30035.599394411725
2212,266.97822388341365,-30036.081176196963
2213,281.68293294176436,-30036.032799465716
2214,290.64090023815464,-30035.76403895794
2215,307.0735351180218,-30035.33617116196
2216,280.8670545501526,-30035.953754869544
2217,281.10889935160145,-30035.777737129152
2218,278.7560102133527,-30035.731574576283
2219,285.5890060933875,-30035.28395356691
2220,280.1682064387946,-30035.549494819257
2221,296.57966645843055,-30035.295988875267
2222,302.2963092230351,-30035.118693817833
2223,290.6771572843655,-30035.395937574027
2224,294.88654258507705,-30035.172649607845
2225,287.8723910880214,-30035.726399269763
2226,290.409376741879,-30035.2249527927
2227,311.91326106491056,-30034.403635649072
2228,331.6048473014635,-30034.311592481437
2229,305.86463712852026,-30035.044376646416
2230,291.1716775763109,-30035.50066034824
2231,292.62131902155886,-30035.231699258566
2232,289.40038654100346,-30035.203510088166
2233,266.45380062620313,-30035.621738397662
2234,298.78872190132915,-30035.119214355847
2235,276.11709965376275,-30035.18090264105
2236,290.8889833858208,-30035.259738975717
2237,286.17038253323994,-30035.183362071875
2238,293.532002354817,-30034.954838605652
2239,312.7075548465147,-30034.20588055026
2240,310.84870982464,-30034.14531214894
2241,326.93075239044884,-30033.960656274576
2242,315.86608200316203,-30033.98564268999
2243,325.47200426683094,-30033.83531565437
2244,317.49536808391167,-30034.134028533103
2245,304.5125682736323,-30034.498378351505
2246,299.2804830605176,-30034.985725425908
2247,287.2079159054826,-30035.225569701048
2248,295.76344234450545,-30034.78140611826
2249,287.3474091487394,-30034.69275680243
2250,313.04221184484413,-30034.28338278929
2251,332.68666857101823,-30034.208152553547
2252,279.5877345281475,-30034.23014164001
2253,322.77791787326356,-30033.85048758917
2254,307.31294881550934,-30033.95123032422
2255,333.72418558179305,-30033.64489184512
2256,320.847234281357,-30033.686261178664
2257,293.9043953583892,-30034.179827182586
2258,330.02200418248685,-30034.18937976137
2259,286.517156830995,-30034.356262011
2260,321.59704858966626,-30033.786502215724
2261,287.96865634961927,-30034.376316587302
2262,279.7336011840923,-30034.841699345117
2263,266.2837267544879,-30034.62993147716
2264,310.54038735320364,-30033.973396129957
2265,291.74465782908015,-30033.828014859904
2266,314.65781560501193,-30033.082504129754
2267,329.7602633117708,-30033.072930245944
2268,315.7614132759216,-30033.40429656261
2269,308.665367926928,-30033.575344790675
2270,307.4516758135589,-30033.600077364343
2271,318.55879186450255,-30033.630661701634
2272,323.7749271942056,-30033.077310405068
2273,337.9333266629655,-30033.044656909657
2274,296.45406180585064,-30033.855795452357
2275,303.78091564590727,-30034.82932016173
2276,277.6501404492767,-30034.995776913103
2277,287.81234730584424,-30034.843147089796
2278,306.68998714791485,-30034.576307503667
2279,317.26274783606397,-30034.145751262244
2280,292.47661480153863,-30034.420893503455
2281,275.7332336255756,-30034.08706262463
2282,290.8048443838855,-30034.240375382422
2283,285.3807947898578,-30034.49232667674
2284,282.30989349115316,-30034.370512116693
2285,297.8782053897967,-30034.985914553905
2286,287.9202776421184,-30034.922457881064
2287,302.51893950345874,-30034.671676017726
2288,296.9925696523004,-30034.87933136485
2289,317.504167166391,-30034.573259871147
2290,308.62320395274793,-30035.090079437792
2291,304.4124888500758,-30035.004807172554
2292,322.3995684629316,-30035.170571022587
2293,326.5768626642635,-30035.203951309744
2294,307.57748613627825,-30035.024640603195
2295,282.80307903213594,-30035.600268534225
2296,294.9284267811802,-30035.853234512728
2297,284.9867102184382,-30035.689759850768
2298,280.4239903222285,-30036.19734448467
2299,301.4226984447777,-30035.88290128137
2300,317.1641661709738,-30035.175579831255
2301,306.5288329786815,-30035.756150755897
2302,298.36433650910874,-30035.75686440801
2303,338.9293796744528,-30035.402363204994
2304,314.3658658769332,-30035.242206674455
2305,283.9457829635518,-30035.633965891753
2306,292.48178560456654,-30035.403185044794
2307,298.22329289487067,-30035.707685134803
2308,283.94361139998387,-30035.796130002516
2309,301.70757278711756,-30035.260486451658
2310,281.8166827802022,-30035.539193833585
2311,291.57140325957414,-30036.105819361088
2312,305.272675741057,-30036.283906817374
2313,300.55323307011594,-30036.049348007145
2314,296.7864264705044,-30036.370855471243
2315,268.7634192673299,-30036.73930411332
2316,259.2870719734916,-30035.982068247256
2317,276.4015140037214,-30036.37295253076
2318,276.75825809518864,-30036.17450742434
2319,305.03327492559356,-30035.20205045541
2320,281.38636798885415,-30035.364493340352
2321,303.413158420177,-30035.303433486813
2322,264.306069919797,-30035.425873434706
2323,297.48227047903487,-30035.306441242014
2324,296.66839820420546,-30034.96953358028
2325,302.64036175018276,-30035.406896736065
2326,289.62311613148415,-30035.39906790988
2327,291.37156725232745,-30035.888200115784
2328,308.18400705162,-30035.157790324272
2329,321.7997352545624,-30035.41615898323
2330,317.77882276531835,-30035.69133698692
2331,309.50210548606725,-30035.788629242114
2332,306.0239515653686,-30035.860673515912
2333,302.8132458477849,-30036.215039072882
2334,280.3254797862696,-30036.055296260824
2335,306.02848479046486,-30034.99923112784
2336,299.16695490534096,-30035.119446356533
2337,292.50697845283486,-30035.263878166636
2338,282.65682246498704,-30035.150830032097
2339,310.82901014758625,-30034.430964942916
2340,319.73332553723765,-30033.907697393533
2341,305.318453942409,-30034.952674821165
2342,276.7776796651978,-30035.205267890244
2343,276.51179978110827,-30035.323297701507
2344,306.12883302946324,-30035.23302990611
2345,282.4015106843898,-30035.422890342008
2346,290.0564469885089,-30035.44869238109
2347,312.48553483933534,-30034.63139859301
2348,296.0212304093235,-30034.655767766893
2349,309.75356897705785,-30035.055728431005
2350,329.02814840938987,-30034.62263370812
2351,285.45880644122263,-30035.369266589143
2352,317.48580837689144,-30034.923331992126
2353,291.6366850451635,-30035.500658263554
2354,282.7176883046517,-30036.455936491537
2355,290.0549018878575,-30036.19873132642
2356,281.56551055428247,-30036.25060292816
2357,300.6252711027998,-30036.248704113736
2358,275.88814343199095,-30036.48550176588
2359,294.9348437139454,-30036.466354019503
2360,291.82201319796343,-30036.17762756436
2361,295.982227432303,-30035.96143836389
2362,294.6931795094684,-30036.316195332824
2363,300.3989422674276,-30036.30323701348
2364,270.15207524445054,-30036.262895829528
2365,290.9353535090554,-30036.35427330971
2366,294.73927873400294,-30036.647064620003
2367,280.8225164012344,-30036.56229935937
2368,276.1579472741424,-30036.465029298543
2369,272.36335135631606,-30036.64465908661
2370,296.9257687699084,-30036.632968252266
2371,304.7977915254541,-30036.409157852286
2372,313.0355671040097,-30036.174175274577
2373,285.82133550716543,-30036.567160043443
2374,264.95887384667515,-30036.89965343549
2375,269.67819289402667,-30036.110777861733
2376,300.78353101189043,-30036.31502756333
2377,286.3765270107781,-30036.240666057824
2378,259.67087305023205,-30036.64426927582
2379,283.4478915675855,-30036.60549996355
2380,283.4421751067343,-30036.2404096759
2381,272.3581631963439,-30036.40064923277
2382,298.61897442474265,-30035.81880545833
2383,288.4163431002729,-30035.935344833295
2384,258.81672030023077,-30036.402126911304
2385,275.4370632626494,-30036.19804342835
2386,284.6716384085594,-30035.578560828526
2387,281.0852533047112,-30035.241223769106
2388,343.83406541562914,-30035.186940335592
2389,304.6040009519618,-30035.464823727645
2390,309.3266828681545,-30035.111410265457
2391,299.5239047297626,-30035.401464814473
2392,326.0649046409795,-30034.726621190606
2393,332.29217741606925,-30034.876299100793
2394,291.18875009223007,-30035.775620648674
2395,292.4581613379842,-30036.214327385762
2396,303.20562225245664,-30035.621164579377
2397,293.9421057404875,-30035.40543916634
2398,304.33383135144027,-30035.47944603918
2399,302.0629698820867,-30035.817934672214
2400,277.774695685207,-30035.693809287284
2401,298.77099591949997,-30035.44778615147
2402,303.7588594394723,-30035.24003235366
2403,305.17578501720965,-30035.25314589004
2404,316.7208472101522,-30035.307847742104
2405,306.5699060544669,-30035.49925610563
2406,305.96381526116846,-30035.830939293028
2407,293.5507422719946,-30035.90163187809
2408,294.5744110871157,-30036.078954598004
2409,294.93869712671943,-30036.46625689157
2410,295.81413625296926,-30036.682472093256
2411,286.5580113157454,-30036.35132599547
2412,309.79175252631944,-30036.31453161325
2413,280.174109481103,-30036.635283528998
2414,271.85806469089783,-30036.15153581129
2415,305.2949426927297,-30035.849751813465
2416,302.8861019714787,-30036.08234330892
2417,272.0135108786079,-30036.139805182676
2418,280.6787046446286,-30036.374517984106
2419,304.5948583871333,-30035.53927292231
2420,301.77490758883744,-30035.735351731433
2421,307.6348817823228,-30035.89428765626
2422,307.63538693296545,-30035.88450929859
2423,304.9719080794973,-30036.055159749183
2424,308.01090791163347,-30036.18949715775
2425,295.134026882896,-30036.144927220044
2426,303.5601981753966,-30036.420820998144
2427,292.74427893878465,-30035.802818718857
2428,325.77645802652376,-30035.81982918691
2429,282.07663404554575,-30035.958422832256
2430,303.2653378847461,-30036.430206280587
2431,295.6941631614528,-30035.935496097958
2432,306.5448781944811,-30035.943246325143
2433,288.5988786800465,-30036.235431397832
2434,297.67523147547314,-30036.155093151716
2435,305.8861248199103,-30035.543835034303
2436,324.85219731663915,-30035.515000816984
2437,299.66238616679175,-30035.34523991913
2438,310.58932947361916,-30035.96630313498
2439,279.6051156845707,-30035.583219160948
2440,296.00390589657144,-30035.896438818214
2441,293.025871158495,-30035.916814742315
2442,290.15147232074264,-30035.430672201906
2443,294.6263952204216,-30035.614753676993
2444,300.27512831843615,-30035.261435954646
2445,286.66033021098707,-30035.95616885199
2446,274.91053238794234,-30036.289440003005
2447,293.40776193313945,-30036.836876421363
2448,282.2757884203226,-30036.642856133578
2449,309.51263913462816,-30036.12820748422
2450,321.4074165598137,-30036.217063272117
2451,294.76699974781445,-30036.402225267688
2452,287.40027433240505,-30036.210955548933
2453,311.18901806943995,-30035.589859444397
2454,315.6970749508538,-30035.704746379568
2455,319.5286472815408,-30035.32496582545
2456,312.0754828742165,-30034.899546736233
2457,296.02339597138626,-30035.063916307405
2458,308.27319752597816,-30035.446557841715
2459,295.55616473262285,-30035.659677568747
2460,297.4880962159713,-30034.95277877529
2461,312.73453176903064,-30034.781372453283
2462,324.0539337224755,-30034.628871602665
2463,318.2421440373038,-30033.906221153997
2464,295.4024429245447,-30034.347145983178
2465,313.1921181479338,-30034.961244922302
2466,287.79878173029994,-30034.982160894506
2467,289.22635829097936,-30035.127818465502
2468,298.973213152452,-30034.276673501336
2469,333.7326320969516,-30034.396632069867
2470,298.9478532989161,-30034.630828338974
2471,311.311876021053,-30035.4227002248
2472,286.60453936160536,-30035.410700098913
2473,310.0162150035692,-30035.295202006357
2474,286.0620438131062,-30035.481014699206
2475,320.01457778991244,-30034.672092611094
2476,283.3738002738624,-30035.396429985823
2477,288.426921333323,-30035.41945320162
2478,298.41115077849,-30035.62287192199
2479,285.296749270603,-30036.181945102147
2480,274.94215340087476,-30036.17536172352
2481,266.314304280524,-30036.23267637448
2482,273.4097207164507,-30036.7100814986
2483,307.2425297587639,-30036.49792716022
2484,272.36572760350833,-30036.81061481666
2485,306.0506199825235,-30036.592423195023
2486,281.4661756319633,-30036.04998173354
2487,288.02788098134346,-30036.38068316452
2488,287.21610031299525,-30035.6628634074
2489,310.55760458262216,-30035.617493407786
2490,291.0548667765636,-30035.35321402019
2491,325.7453237524957,-30035.359676447806
2492,313.99953160663904,-30035.577612257963
2493,291.7967872102164,-30035.740763402817
2494,274.1483437685076,-30036.11333899401
2495,289.81695235893596,-30035.71840088378
2496,294.18207850953894,-30035.95212486182
2497,272.00738738180314,-30035.501287654646
2498,313.5865281510844,-30035.029428545542
2499,300.85274589592484,-30035.235157954336
2500,308.3538967461141,-30034.91132063709
2501,288.24515116785915,-30035.412316094284
2502,306.94455462000417,-30035.370672204564
2503,308.28614673933686,-30034.91107519784
2504,327.17868450029147,-30034.680969474368
2505,310.6192224719139,-30035.381565286294
2506,304.6605965916829,-30034.957537820424
2507,279.00018668414396,-30035.280107439554
2508,312.32343335020755,-30035.233140723096
2509,298.9709409313109,-30035.27868389924
2510,290.6996598161348,-30035.79380788216
2511,269.74567370775753,-30036.316108211176
2512,299.78297519464553,-30035.994544139325
2513,252.38968252673217,-30036.42154671599
2514,275.14803610615814,-30036.24829730762
2515,292.8813888308907,-30035.934128394252
2516,284.1514609617445,-30035.951047260638
2517,270.12064244698905,-30035.621109989916
2518,309.11911912097247,-30034.95453267818
2519,291.0972543088896,-30035.28378623814
2520,308.6106511191187,-30035.066958340638
2521,303.8702001238195,-30035.092694684747
2522,303.6839225676145,-30035.169655564314
2523,295.47096724076687,-30035.60518440542
2524,293.1276168388418,-30035.12518767211
2525,300.16322918667254,-30035.764256449613
2526,330.51953707197947,-30035.30574535098
2527,324.42731517598594,-30035.090163390032
2528,314.3009161239934,-30034.989937527873
2529,302.2410682303858,-30035.504851830236
2530,290.246754023886,-30035.60600493572
2531,288.178928424623,-30035.794844659304
2532,292.0237701747025,-30035.6647296403
2533,283.4104742341779,-30034.731443093304
2534,320.2601815845668,-30034.98426137268
2535,293.44260252933265,-30035.45513886505
2536,308.81221703288145,-30035.268908982453
2537,322.29128739743044,-30035.34322219669
2538,333.41603407563207,-30035.22297151684
2539,281.1813228043485,-30036.055208520964
2540,296.27912190878834,-30035.723486183386
2541,312.6471013658452,-30035.83631057203
2542,326.6432301941944,-30035.50501284528
2543,289.76895543872394,-30035.545782554327
2544,283.80930461258276,-30035.856155922927
2545,290.3322034018981,-30035.42025737508
2546,321.8600546000587,-30035.053310467432
2547,311.4535262682782,-30035.417176707408
2548,306.6986095499358,-30035.312418295063
2549,310.90491194591993,-30035.647801785624
2550,287.61680267440386,-30035.9320603024
2551,303.68237331666705,-30035.525163364255
2552,323.53923224154306,-30035.49731375927
2553,301.7994803625033,-30035.69176360769
2554,315.6418313461265,-30035.56160758281
2555,321.0563470456083,-30034.747396596893
2556,329.0900420620581,-30034.855448635823
2557,303.0601428781257,-30035.290847112567
2558,312.1487490535594,-30035.38402813654
2559,315.0992565716797,-30034.99325230505
2560,303.10354545032465,-30034.830768745735
2561,313.8009306848867,-30035.420508756473
2562,303.6266275326381,-30035.614459100274
2563,300.92977739541993,-30035.461731947144
2564,278.96371098473986,-30035.74782370977
2565,286.2475524984754,-30035.20876069956
2566,305.376445865038,-30034.666056844668
2567,343.2938668933067,-30034.36852516275
2568,309.35741819873436,-30033.751260560206
2569,318.4532731611587,-30034.61964949849
2570,301.75199028310954,-30034.677335627966
2571,300.3420919388954,-30034.755841840306
2572,307.2381254320766,-30034.908194424323
2573,299.5978107192868,-30034.67889883792
2574,306.7986226029464,-30035.067709896928
2575,313.2449392129001,-30034.497022905845
2576,290.4470539508845,-30035.059940612602
2577,301.133182713796,-30034.741761225494
2578,303.1761530037397,-30034.42854799716
2579,307.11248390573206,-30034.48948630584
2580,313.12365680417554,-30034.236408037796
2581,327.8086762291703,-30034.36626197237
2582,326.94026436294075,-30034.171354018734
2583,299.54888006339496,-30034.402788418924
2584,311.7059427075772,-30034.123705001573
2585,309.0220790809414,-30033.839791139468
2586,300.05973291548895,-30033.698505769666
2587,311.7533298272611,-30033.753369951468
2588,288.07371488534386,-30034.00843413929
2589,296.4573688139125,-30034.195555846934
2590,297.2083417591703,-30034.12779892975
2591,302.89666763828825,-30034.191451993986
2592,303.6677865081914,-30033.986468534844
2593,295.39128219810027,-30034.626724172
2594,289.77674262317504,-30034.69207064796
2595,288.6068752905041,-30034.612182962737
2596,303.77482220760317,-30034.763067501055
2597,301.62205494027455,-30034.352485738098
2598,306.8523900594866,-30034.394479651022
2599,294.9811779909134,-30034.836279882024
2600,284.8913372832911,-30034.729273166522
2601,307.9844705091544,-30034.36008540575
2602,301.2848721965456,-30034.202781537228
2603,291.538225717165,-30033.86251499898
2604,302.68466499774536,-30033.263201917085
2605,300.30621087955444,-30034.004793122207
2606,299.4647291183184,-30033.818972001663
2607,300.9466230873673,-30033.285526089836
2608,303.134267482971,-30033.390541250665
2609,308.59745966220663,-30033.18643146543
2610,307.16581621058026,-30033.915876403233
2611,286.8278683250553,-30033.696086563014
2612,333.1670720506965,-30033.40893427677
2613,304.59651058171556,-30033.646653152606
2614,298.6933950720433,-30033.717320259475
2615,314.729426570466,-30033.44983975087
2616,310.0693251847582,-30033.739175827526
2617,319.1537753824385,-30033.90277410579
2618,306.6775938615425,-30034.135213635014
2619,267.81297644706905,-30035.245682556586
2620,282.4843295168123,-30034.625880961088
2621,284.25090003060143,-30035.22197833017
2622,317.2563478737419,-30035.04239695272
2623,290.2265735591385,-30034.508857348283
2624,328.60966294597364,-30034.2855256735
2625,311.8468286019022,-30034.36624762522
2626,310.43670531166316,-30034.30608763248
2627,285.90414239661715,-30034.500619713555
2628,298.156281459965,-30034.86953045434
2629,291.6810123611954,-30034.476103462915
2630,325.69087147539386,-30034.25362708009
2631,314.76907302210003,-30034.32579355965
2632,317.661907362744,-30033.96772142046
2633,313.90399804338676,-30034.14447337246
2634,287.34423414468864,-30034.5385399556
2635,291.6090130506931,-30034.684949505303
2636,301.4449590736898,-30034.534683936832
2637,283.43869695125994,-30034.70729422021
2638,284.9039515854049,-30034.58637708932
2639,283.45884745431374,-30035.18139568785
2640,284.6338628402615,-30034.450606737835
2641,290.65230297516996,-30034.62117341907
2642,289.9096430203663,-30035.069580176587
2643,253.8805268121058,-30035.419125205248
2644,267.1350567871767,-30035.211988740215
2645,274.31315081417483,-30035.052544293503
2646,290.5832107211365,-30034.753774312092
2647,310.4993771172481,-30034.4568516963
2648,325.37387236505367,-30034.14052351179
2649,329.47886930013226,-30032.949163601515
2650,324.2672180303508,-30033.617636249255
2651,316.0941745468242,-30033.85684658476
2652,292.61565949941803,-30034.079498160732
2653,318.58631172846384,-30033.866296169443
2654,303.04421653505506,-30034.39085792205
2655,313.58005496254395,-30033.890919831734
2656,318.3082411916375,-30033.941664504535
2657,292.0167560578389,-30034.278187685963
2658,296.03841140925914,-30034.622131582917
2659,296.13893752424605,-30034.7543633777
2660,303.2053015793308,-30034.275469537162
2661,318.19220494885565,-30034.262948653242
2662,294.70748617784085,-30034.48185034836
2663,314.9755208409809,-30034.16238677467
2664,303.5619510774286,-30034.485229940034
2665,300.1551371507742,-30034.229304164972
2666,292.1688309750621,-30034.334901407554
2667,304.79058330310517,-30034.13590204051
2668,285.7959355205245,-30034.62248776766
2669,269.0448497962306,-30034.9372885873
2670,279.3296746015065,-30034.72688059384
2671,287.25651289270957,-30034.841532280392
2672,287.5325337413855,-30035.266215609106
2673,295.77889115924125,-30034.712657345208
2674,298.64841483118647,-30035.050485267537
2675,292.6772337183794,-30035.109196139983
2676,292.945073966121,-30035.194241916397
2677,277.52807492125015,-30035.16877553411
2678,287.26614347080954,-30034.884258285016
2679,308.9228187289327,-30034.932136815252
2680,301.40405269565207,-30035.022043135366
2681,279.9487954553056,-30035.236665849763
2682,273.72674933944944,-30034.743106198017
2683,305.0833668764261,-30034.323834728162
2684,303.7665897004085,-30034.398040632088
2685,287.11793989093707,-30034.56182198369
2686,297.738250769372,-30034.524598456854
2687,265.529904914,-30035.08838520272
2688,274.1887458263198,-30035.202164382215
2689,285.7777022068812,-30035.111228600937
2690,298.89753491559225,-30034.47194039861
2691,287.46894247402554,-30034.51586534596
2692,289.45368682577305,-30033.782244742644
2693,293.58021362531684,-30033.873545282255
2694,310.2053654504796,-30033.704496838593
2695,329.46765919032975,-30033.34593053508
2696,331.8621362644326,-30033.51213858528
2697,325.2605600603899,-30033.159004626752
2698,305.49014308047214,-30033.83115977776
2699,305.40133769349194,-30034.130273178926
2700,328.8815493031282,-30034.048203839928
2701,295.17536122991146,-30034.49154160926
2702,313.7543299232655,-30034.458792735884
2703,304.4247968950016,-30034.56309068977
2704,303.03159336732637,-30034.53375422272
2705,280.6955717604907,-30034.95417096179
2706,272.50065080796145,-30035.449792109026
2707,273.41132911126215,-30035.3467597079
2708,291.6684087675534,-30035.353374270206
2709,299.30877647486665,-30035.02993414584
2710,328.53247138378475,-30034.756221340183
2711,305.4996917780204,-30034.57505972124
2712,302.61130893542315,-30034.774816532343
2713,275.784786619098,-30035.697091320795
2714,284.89112918831626,-30035.7488096617
2715,286.9087695554567,-30035.166703641582
2716,314.5245205397154,-30035.31633267401
2717,274.28384416986154,-30035.650939237734
2718,279.81935255077127,-30035.810241047646
2719,294.66935671400825,-30035.75820205285
2720,306.424648323068,-30035.55565180216
2721,310.6289594050334,-30035.273897985164
2722,294.8131987973351,-30035.25262328871
2723,303.604343692818,-30035.51150515486
2724,287.39455522846583,-30035.0509434529
2725,251.1928609970265,-30035.14702592993
2726,255.22421589414705,-30035.62744409313
2727,273.41235735897686,-30034.946343165204
2728,278.0134364301619,-30034.90263541178
2729,315.74124053020074,-30034.570820655612
2730,270.30360149296547,-30035.237592130692
2731,297.6959905331216,-30034.90261678032
2732,277.1392909387289,-30035.528184478135
2733,318.87282194086055,-30035.35126198149
2734,297.3902588155109,-30035.408369834597
2735,300.6611913864067,-30035.00365809316
2736,294.16828068817983,-30035.206378895444
2737,273.17753011100774,-30035.438590273312
2738,287.6547121063037,-30035.327589143966
2739,316.0688926122155,-30034.2246713334
2740,322.8696230739968,-30034.3286448462
2741,310.5076626252154,-30034.720314729344
2742,284.0276131121148,-30034.825262681297
2743,287.2649212158065,-30034.448742217795
2744,300.7859800351821,-30034.559106459008
2745,304.8771408063851,-30034.36028279881
2746,307.66309633742475,-30034.108420238896
2747,312.0175898297615,-30034.393193470438
2748,302.9241353497403,-30034.483728401334
2749,301.71088707856933,-30033.86977791265
2750,284.9907933822159,-30033.8146569318
2751,301.4358971691984,-30033.562256098397
2752,281.17125277930114,-30034.633587342905
2753,305.05402950033476,-30034.553089822006
2754,324.99060295832754,-30034.199012207115
2755,321.5755937202034,-30034.09563675054
2756,319.5386718361434,-30034.65283814962
2757,322.6617743053562,-30033.894430693083
2758,307.69442649133583,-30034.61348991571
2759,299.5261726077879,-30035.10843890104
2760,280.4173018809793,-30035.201419321456
2761,323.5522371537189,-30034.56925158647
2762,328.4493159581113,-30034.230973580165
2763,337.1295066038908,-30034.545386499874
2764,301.0500578878488,-30035.09737206919
2765,289.58572097500434,-30035.433213605644
2766,321.64201999726623,-30035.37325930531
2767,311.04262327258095,-30035.163861926445
2768,330.3401969245729,-30034.61104699336
2769,315.33271913478836,-30034.56158646977
2770,333.0849536522181,-30034.205926002764
2771,315.24395471423946,-30034.540386338344
2772,291.30762548804097,-30034.28434306215
2773,334.29705433165196,-30034.06209291729
2774,303.01968537683706,-30034.532101246852
2775,284.5655055998571,-30034.89764222933
2776,324.77710886169814,-30034.780565348396
2777,293.14815420317336,-30035.118810638647
2778,285.81056848635376,-30035.251025183643
2779,281.56952875432495,-30034.85206414665
2780,299.7204265028834,-30034.41213634734
2781,314.76274713588435,-30034.269312382985
2782,304.07583243929287,-30034.398058455095
2783,328.2672080132017,-30034.3605637368
2784,306.2444797271894,-30034.224255576155
2785,291.7297101048943,-30034.365501002623
2786,294.8851883833758,-30034.33869936643
2787,310.43729116283765,-30034.061932240696
2788,296.5779318779172,-30034.45423572157
2789,288.5365254438606,-30034.58661242925
2790,305.6780137052089,-30034.814705618803
2791,295.59982316569386,-30035.023811502764
2792,298.2703803767213,-30035.104935762272
2793,293.670922765294,-30034.76383702068
2794,328.9549252555933,-30034.622526223327
2795,305.3895153352822,-30034.181352419637
2796,303.97158492069343,-30034.00029546086
2797,304.79366422175696,-30034.928793133826
2798,309.4364379539356,-30035.206300062655
2799,323.87205978082505,-30034.45767461108
2800,305.8026488370926,-30034.44242347915
2801,305.5229813363744,-30034.869394566824
2802,307.6204914527147,-30034.914181624466
2803,292.41022051923443,-30035.500692017235
2804,284.66027461280504,-30035.59642538585
2805,276.758394282581,-30035.932316491642
2806,302.7898944894394,-30035.04375266001
2807,310.27293356162266,-30034.812168737644
2808,289.6447659654356,-30034.773522210846
2809,322.4323965138904,-30034.368962318873
2810,309.3315266165045,-30034.83785067543
2811,309.85882147849395,-30035.08432546895
2812,323.0735106233577,-30034.91920884458
2813,285.8664981796985,-30035.790631062064
2814,300.28497384729894,-30034.860797166286
2815,303.8340109449927,-30034.542825608016
2816,296.43350956221946,-30034.762563485863
2817,303.92176057778863,-30034.630457567866
2818,323.2171507019645,-30034.44293204711
2819,324.3020639653685,-30034.101132933374
2820,295.40610005301926,-30034.362678802725
2821,300.14119994302945,-30034.825358586924
2822,295.0479048174236,-30034.408816736235
2823,299.140686865972,-30034.672842835622
2824,329.14740740077826,-30034.320799577807
2825,279.30903993104147,-30034.868025704975
2826,281.13975173819813,-30034.79649072342
2827,289.570305857178,-30034.601570904346
2828,299.5864804650144,-30034.90965317481
2829,297.4117056814521,-30034.999626126515
2830,298.5733122978268,-30035.333628278804
2831,280.92084837225354,-30034.669195834074
2832,304.4122101368361,-30034.764579822713
2833,296.6568621594762,-30034.528418104263
2834,300.88483685388917,-30034.820286579557
2835,301.24375549952157,-30034.287802287
2836,306.32542036101427,-30033.993699786533
2837,287.8156532227441,-30034.341110636877
2838,287.90809981170094,-30034.1337023317
2839,291.6639441443274,-30034.29684617912
2840,297.7400066942878,-30034.364397947553
2841,309.128819937438,-30034.780460037397
2842,312.74930591981047,-30034.8786563106
2843,310.7609471641833,-30035.34674301746
2844,272.1285963216991,-30035.545107499533
2845,312.09393234651844,-30035.01431607953
2846,304.240651892693,-30034.934919691845
2847,305.99554033826854,-30035.05865526553
2848,299.75989755947325,-30034.850594577074
2849,286.36123533564415,-30035.213707745068
2850,311.85222689787605,-30035.22939280744
2851,274.0082022540222,-30035.482105732754
2852,285.5447780291299,-30035.511630865843
2853,311.97081434443544,-30034.962731853877
2854,283.3783517791264,-30035.398268386987
2855,294.3744939151095,-30035.455087398517
2856,298.5362132489177,-30035.188079010975
2857,298.77830297026065,-30035.33822697221
2858,297.63233615800124,-30035.496018107846
2859,303.84624458148267,-30035.642126625753
2860,312.00194874911887,-30035.944368964687
2861,286.8599806704144,-30036.011683399152
2862,311.43601501864566,-30036.011368090556
2863,278.8670585970055,-30036.21315052501
2864,287.8395199965197,-30036.121759058344
2865,293.2045262466166,-30035.679889742325
2866,286.0795492668322,-30035.830182837144
2867,321.3043954104424,-30035.5614568664
2868,294.33920366981346,-30036.17668003854
2869,281.4848982702473,-30036.5709941915
2870,287.1765926154255,-30036.736124851224
2871,282.8277255531087,-30036.527381676628
2872,298.07982670101063,-30036.642941924387
2873,297.58914137546213,-30036.006872487196
2874,299.2031284968194,-30036.311893951155
2875,290.70312545529237,-30036.78786115333
2876,296.0952414109402,-30036.68124601844
2877,285.88419838029233,-30036.464013041274
2878,292.72815142566236,-30036.404787723975
2879,292.68360939771793,-30036.089504186577
2880,293.59298827384384,-30036.25212953841
2881,287.3721265806167,-30036.57689940747
2882,281.56392303070305,-30036.61197106779
2883,293.3602149947523,-30036.45916862481
2884,322.5464174760325,-30036.473510216703
2885,274.2958659956329,-30036.222901844303
2886,282.9106279733784,-30036.60732331382
2887,317.42073370844395,-30036.659347244127
2888,279.17308623208066,-30036.594108761932
2889,242.3032487737742,-30037.14062600084
2890,296.37275093784075,-30036.10979807399
2891,274.4284165752254,-30036.194170190323
2892,290.50224624106994,-30035.929643202777
2893,296.5904160423203,-30035.688296049575
2894,315.9804255426005,-30035.06479183204
2895,305.14627290184035,-30035.95310851331
2896,279.445512430605,-30036.602867071288
2897,293.69106622816196,-30035.624657415774
2898,328.627200351609,-30034.845630506068
2899,326.049782128337,-30034.53950236399
2900,311.5843577963145,-30035.099425883305
2901,311.56986684116356,-30035.257994262847
2902,308.0211299195971,-30035.333770754973
2903,321.38468875934467,-30035.04185489204
2904,312.9709167099601,-30034.63088295745
2905,301.5646660187496,-30034.799244765534
2906,304.8430446755765,-30034.886532840355
2907,312.5845171216508,-30034.494138051166
2908,296.21509258236745,-30035.01611571182
2909,325.77311819847006,-30034.63241336958
2910,302.1352449444287,-30034.745800429308
2911,300.85048951679704,-30034.76451170293
2912,318.16118371156824,-30034.32427743997
2913,316.3896232423973,-30033.570102721165
2914,310.21441713304785,-30033.575362434676
2915,343.56655050144826,-30033.76399573392
2916,315.97711924842565,-30034.865656419468
2917,321.08315333989526,-30035.64515842572
2918,293.1137520930953,-30036.34233401761
2919,286.78736900917033,-30036.872888626265
2920,303.4056544373809,-30036.321200754886
2921,312.2477716284944,-30036.41278220409
2922,307.79602089522564,-30036.149991658534
2923,310.67410744153244,-30036.026666247697
2924,326.32158552885494,-30035.5912451214
2925,334.60810198404135,-30035.653862121206
2926,302.7311462972194,-30035.736639698804
2927,325.99500336066404,-30035.394398725693
2928,287.20777140557726,-30036.46971396827
2929,302.8915776339207,-30036.681814666066
2930,306.77507046901434,-30036.611272294744
2931,300.18374264539835,-30036.179755018704
2932,301.42931884321166,-30036.38078128465
2933,313.9071965705806,-30036.105330251372
2934,327.8600248654051,-30036.3649676945
2935,288.3581330769212,-30036.45439018217
2936,294.06096001922816,-30036.791115237087
2937,308.0931020225472,-30036.435472273366
2938,290.4777210853759,-30036.67635512628
2939,294.1252408375676,-30036.264104369628
2940,299.9545617904155,-30036.626937930574
2941,291.95045935872974,-30036.60407749009
2942,281.0108562359512,-30036.54388024865
2943,316.8371061476414,-30036.36351110522
2944,309.0223571063294,-30036.376893506647
2945,293.7190329486438,-30036.368093120254
2946,299.980542088455,-30036.030579954204
2947,311.0192352151566,-30036.0511701886
2948,278.0287457532126,-30036.49990577971
2949,317.6535558400703,-30036.401525676363
2950,287.73362022532865,-30036.35294396028
2951,288.76423076819106,-30036.56329483415
2952,288.7830020493552,-30036.693681066034
2953,288.1470838440547,-30036.14720982397
2954,299.59600383584853,-30035.608631881667
2955,284.0137073538716,-30035.917410060545
2956,299.4155409982564,-30035.60536807223
2957,271.0674125254245,-30035.792558495647
2958,265.1480838009455,-30036.9495717678
2959,293.59357098326586,-30036.302896100817
2960,274.7319627297853,-30036.754878474672
2961,290.5965490752587,-30036.327656859656
2962,293.5957977327153,-30036.093855599058
2963,321.1361448060871,-30035.69655711418
2964,310.93418398224617,-30035.936126463715
2965,288.9680422598905,-30036.640188874622
2966,283.78564897022943,-30035.874330304745
2967,291.6870431613198,-30035.41735770243
2968,303.859298310732,-30035.637891347484
2969,313.3145180664107,-30035.046050372748
2970,297.0009000191711,-30035.082246392194
2971,310.3386916275842,-30035.65230813514
2972,292.8717358751821,-30035.52421545367
2973,291.9591385340858,-30035.566749350477
2974,299.44598262424836,-30035.989366395006
2975,287.90029228986185,-30035.571399125685
2976,309.9204619851107,-30035.39136552737
2977,301.9607852840899,-30035.88691655564
2978,301.9368605274909,-30035.971503970668
2979,293.44376128870584,-30035.65237528272
2980,304.56725376870577,-30035.6200468408
2981,293.56891722215903,-30035.612111265906
2982,277.5874828219917,-30035.85282499191
2983,321.12523040266774,-30035.356988469266
2984,277.92166947285403,-30035.024089086375
2985,348.16889760732926,-30034.825724768805
2986,303.5035533665037,-30035.195686269704
2987,285.1898210598868,-30034.934640301613
2988,337.1986947081189,-30034.399111315885
2989,293.15934988244766,-30034.64196594381
2990,316.33471135047256,-30034.57539306336
2991,335.66006138631565,-30033.79336238232
2992,310.9316133797085,-30033.891269382526
2993,288.24144135100414,-30033.949518977784
2994,311.8104222958774,-30033.92966527133
2995,323.7191499838167,-30033.90098193321
2996,332.433344015879,-30033.892272149064
2997,320.98705155511027,-30034.010861987634
2998,321.8258745792979,-30034.138156373483
2999,309.0344200522633,-30034.550417576756
3000,296.514304375234,-30034.328886371753
3001,289.22853576485943,-30034.795732330767
3002,328.95303213092876,-30034.526870815844
3003,328.1183887999238,-30034.389705452937
3004,343.85173823069357,-30034.682588630072
3005,314.7327561352424,-30034.750537076885
3006,305.66521056187673,-30035.36971583088
3007,302.40402579471856,-30034.936291247184
3008,322.3542088239334,-30034.945151843644
3009,331.0108582254849,-30035.295314386687
3010,307.14655127106,-30035.240580739348
3011,298.23299849422045,-30035.16447174846
3012,320.46638920698246,-30035.074766892016
3013,297.75868983010326,-30034.9537707762
3014,309.54125611296644,-30035.1919392985
3015,306.9448959847896,-30034.96050735023
3016,297.5378181247084,-30035.203478625208
3017,282.63581540501156,-30034.981437654566
3018,278.18143092261937,-30034.849572869476
3019,326.13517521782444,-30034.705318722143
3020,307.5759744222918,-30034.25124120699
3021,334.17061475571376,-30034.498873664204
3022,332.05980313722836,-30034.714187505117
3023,329.78455051587383,-30034.375052445175
3024,337.6777325971218,-30034.810864959763
3025,336.6762420648661,-30034.713061345894
3026,337.0638199462295,-30035.009932802488
3027,309.35996222113243,-30035.911352686362
3028,319.06232663887903,-30035.752735384587
3029,319.3265121451531,-30035.304670156285
3030,325.79081860056095,-30035.999154718713
3031,324.99390156954763,-30035.74971031334
3032,311.35016264132275,-30035.22837580907
3033,295.3480709542709,-30035.62390709127
3034,297.1355907281085,-30035.668695169774
3035,272.0477548671436,-30035.992457664273
3036,292.7502890670893,-30035.824151604418
3037,302.2639168397837,-30035.857791540242
3038,300.4533484707932,-30036.292100042516
3039,296.918635799517,-30035.824554293715
3040,317.21852428252,-30035.96327219748
3041,278.50181943683214,-30036.59735663051
3042,280.90448218268546,-30036.694998980194
3043,306.19963323462537,-30036.250776588
3044,280.1249597668808,-30036.47831925652
3045,310.58197136345785,-30035.859066726232
3046,311.7047129275971,-30035.88350162403
3047,281.791283180806,-30035.776162173046
3048,276.137335572681,-30035.727267580725
3049,244.07510394232983,-30035.443621416547
3050,279.0441950269021,-30035.661810678852
3051,295.03879072305403,-30035.750843338286
3052,292.1864991761984,-30035.189924818333
3053,291.64376883453446,-30035.363760961747
3054,308.7922022542509,-30035.115116593784
3055,325.0904312760017,-30034.977745965363
3056,297.01250201155,-30035.43937583096
3057,298.0455618615974,-30035.56763371835
3058,304.8470233990506,-30035.63057317888
3059,303.33128925796643,-30035.067215805637
3060,322.2000267781027,-30034.618959983683
3061,321.4444210652714,-30034.55597429798
3062,301.2007754188948,-30034.943182504638
3063,313.3283959583053,-30035.016403695892
3064,321.58426187245874,-30035.15401201377
3065,307.56950978604755,-30035.278747902616
3066,336.3225645484099,-30034.63603853217
3067,313.2505158211084,-30034.70391359358
3068,335.19435693459644,-30034.457444534935
3069,322.6428228501266,-30034.867564627613
3070,304.1390385261,-30035.533184051987
3071,308.62032135716964,-30035.363589595603
3072,313.90947569325243,-30035.296679054507
3073,289.16191746687053,-30035.141161491018
3074,320.74773037590336,-30035.71220674338
3075,291.13647688457445,-30035.972250731007
3076,264.3804396240203,-30036.845873894905
3077,290.98852032867825,-30036.54433945327
3078,303.15110592511445,-30036.33738245109
3079,297.69972212337336,-30035.75213209801
3080,288.4685095796762,-30035.154733066123
3081,306.1747984395526,-30034.895933816177
3082,322.4780149748846,-30034.96546872403
3083,346.3309211759899,-30035.393536610234
3084,310.54101275911063,-30035.322989741166
3085,316.98766588735043,-30035.61948176791
3086,289.4343398468105,-30036.712419896623
3087,282.55955510606685,-30036.995078598113
3088,267.0524445719268,-30036.829305413205
3089,290.1472802094852,-30036.70616849197
3090,278.00010805076204,-30036.752580737797
3091,301.3972742621994,-30037.067135865465
3092,287.2589315170777,-30036.995768192293
3093,299.07973505369495,-30036.904847918184
3094,302.0610845523974,-30036.681263443254
3095,305.94775369586785,-30036.348922260884
3096,306.0047512341378,-30036.249829348533
3097,303.95037967053145,-30036.29379870385
3098,296.47803841199504,-30036.021206730424
3099,295.9496399914688,-30035.97788475286
3100,286.9878925539831,-30035.715490541712
3101,308.9791701915151,-30036.157278937684
3102,301.7171031735845,-30036.26415248168
3103,323.048950770996,-30035.759671642638
3104,340.32009834172294,-30035.41418417967
3105,318.15161260315625,-30034.969049936375
3106,339.63531986069813,-30034.80839761963
3107,292.52781028014897,-30034.93132183603
3108,329.3183207674598,-30035.11141346326
3109,324.5756729977137,-30035.016111428587
3110,318.2658537349344,-30035.07359228468
3111,319.73456496586186,-30035.343213027878
3112,347.3111852193976,-30035.003594002425
3113,331.8143310812391,-30035.316077922966
3114,296.9266951847896,-30036.06067927634
3115,278.5475183210946,-30036.475111008545
3116,313.0940178909291,-30036.60238948209
3117,307.96535758697803,-30036.03244216017
3118,286.0443586913944,-30036.426772964922
3119,298.69958914736054,-30036.381226633523
3120,321.95076647916864,-30035.970945886816
3121,317.8743026486756,-30035.731899100465
3122,325.9785386008156,-30035.63504810635
3123,299.05316545881215,-30035.27661137319
3124,312.22929582448234,-30035.3819978995
3125,303.17130805871994,-30035.381795117348
3126,293.0933927599326,-30035.249097188676
3127,344.02152595936855,-30034.32284026301
3128,309.99750855119936,-30034.72536101542
3129,313.0534242883743,-30035.369037671902
3130,278.92869972063124,-30036.10417494288
3131,287.5275969625648,-30035.63548066903
3132,288.3021241786189,-30035.801505050167
3133,304.6206831053098,-30035.743700117437
3134,286.508560854106,-30035.57327555354
3135,295.83375036476826,-30035.457368331012
3136,316.8465443636062,-30035.343741958462
3137,310.55006681202127,-30035.320808402506
3138,321.5048233002623,-30035.343514317894
3139,296.437802147106,-30035.424564663295
3140,300.6361133957138,-30035.834368326246
3141,287.92470760393417,-30036.061018095817
3142,284.15348966635725,-30036.505683625735
3143,300.31670831782407,-30036.15491915202
3144,289.0707349651533,-30036.026272309
3145,288.9086251031427,-30035.82137402513
3146,300.59617576152135,-30035.845140606925
3147,286.70888107080515,-30035.677601344007
3148,295.2181004146458,-30035.902573713563
3149,288.6510289290603,-30035.570054414755
3150,283.5119254779268,-30035.992557819576
3151,315.34750489260756,-30036.14519815952
3152,329.46887403813633,-30035.904493664002
3153,291.8356752066761,-30036.134314453986
3154,297.8066103082948,-30036.444750407423
3155,294.4752528134856,-30035.854891450836
3156,300.63293659216964,-30035.33640152478
3157,290.64671401443013,-30035.77756429269
3158,305.50332940704595,-30035.760514907284
3159,286.18791838640396,-30036.014951318575
3160,314.2269579421963,-30035.595317319967
3161,303.41914458524593,-30035.297423226384
3162,297.2037068211668,-30035.506822006562
3163,310.8323790967057,-30034.993380026226
3164,303.64730403860113,-30035.43229730965
3165,319.18584518877407,-30035.452747014155
3166,309.6166477131099,-30036.029882751107
3167,261.2689682490713,-30035.920394431672
3168,302.77512318207727,-30035.44060935602
3169,321.574179729315,-30035.03121926616
3170,305.3672269378877,-30034.7014454641
3171,313.25300079214526,-30034.73314783317
3172,325.6800419630864,-30034.535150045434
3173,328.85022523584286,-30034.0724308847
3174,329.47840604355514,-30033.76948777822
3175,304.3989921931355,-30034.745381740122
3176,314.3505509057733,-30035.05313957389
3177,285.75530980719464,-30035.22507426685
3178,303.626585166629,-30035.84688204314
3179,306.7958977054062,-30036.333403579854
3180,308.55574812147745,-30035.851545333648
3181,292.81335901472397,-30035.431936882793
3182,308.1666105476847,-30035.29299444018
3183,308.4079810288927,-30034.843551155358
3184,311.330191668487,-30035.207394816247
3185,274.8478640657511,-30036.029300851387
3186,274.9952296647499,-30036.4025395246
3187,270.98462902708815,-30035.952848235942
3188,273.8043866706799,-30036.430602420416
3189,282.4174231281391,-30036.637333007864
3190,292.08677454226,-30036.487360321662
3191,274.1758728188352,-30036.17123885527
3192,305.0302813180115,-30035.948219661357
3193,316.85601863301486,-30035.644284402955
3194,297.86414177889714,-30035.679628411937
3195,309.41823773808494,-30035.511446311673
3196,305.21378804957726,-30035.340078622343
3197,299.80016159191604,-30035.710907819303
3198,274.1983705821273,-30036.203874908595
3199,280.9948321408991,-30035.821627897043
3200,306.4897975876943,-30036.12822841991
3201,298.89028269059867,-30035.380326320952
3202,310.6320747740026,-30035.275772585137
3203,293.2482927633073,-30035.872145952017
3204,294.20557739972855,-30035.760126306046
3205,293.51921525565325,-30035.320395288327
3206,316.883768556613,-30034.96389744695
3207,293.64159131352676,-30035.561451340196
3208,311.69331643117556,-30035.497070130597
3209,318.12336348549474,-30035.047886974913
3210,293.49966356330293,-30035.104091227247
3211,319.95771586374593,-30035.382510230247
3212,322.0809271261098,-30034.495008847738
3213,317.07441795292686,-30034.43956074713
3214,329.06493948995245,-30034.000612613505
3215,318.60855926081007,-30034.344251030012
3216,313.13772129542224,-30034.84347540757
3217,327.12090425471916,-30034.537894615398
3218,319.10644147986994,-30034.857092189526
3219,340.38506120360535,-30034.582468620833
3220,309.887025941325,-30035.19689580597
3221,295.24668182338615,-30036.2163064244
3222,287.18117365216324,-30035.65202500803
3223,286.57911762008075,-30035.34493462148
3224,304.6687348346527,-30035.582332690385
3225,270.20321828365434,-30035.66590360887
3226,280.38503576184735,-30036.00301386129
3227,288.4698856642591,-30035.91251088096
3228,274.4365258773614,-30035.990840789756
3229,290.33771374933235,-30035.830274732965
3230,284.47796210006646,-30035.811958198756
3231,280.2300150664875,-30036.331140015074
3232,289.7383197616202,-30035.841476622747
3233,307.26996875310215,-30035.214032416403
3234,296.7829351962091,-30035.023287221222
3235,284.6729678962224,-30035.36758981787
3236,292.186823026901,-30035.80515103045
3237,296.16651529840954,-30035.38257451084
3238,286.5046466880777,-30036.0753273378
3239,274.40111971278077,-30035.96634260161
3240,279.2375193856508,-30035.414750304757
3241,309.5840095534295,-30035.34320541848
3242,295.2710366472288,-30035.50475504423
3243,333.04339995592755,-30034.767520267404
3244,318.5518332211294,-30035.019508974052
3245,310.8059998053154,-30034.730373059498
3246,315.85663048799006,-30035.466349671962
3247,301.08961289153774,-30034.86200005798
3248,335.7444273582709,-30034.81662650468
3249,283.6704752565913,-30035.47098333781
3250,282.653081629909,-30036.184127447432
3251,302.2178674546046,-30036.22223349683
3252,309.12137516614297,-30035.897835188003
3253,306.7976335831832,-30036.052109825858
3254,282.17621937379437,-30036.15122521522
3255,296.48924265686173,-30036.319752444688
3256,270.54775040572054,-30036.23729756358
3257,307.1785923890519,-30036.007351245822
3258,316.7362510880781,-30035.393396976713
3259,274.36660173171407,-30036.16252515118
3260,271.42699141619613,-30036.75029193615
3261,297.10629273000717,-30036.327636771068
3262,303.17767584100824,-30036.606243987993
3263,278.7855229667162,-30036.621455686934
3264,283.60504423952517,-30036.857398196826
3265,289.3505144016381,-30036.21648589991
3266,299.138502566114,-30036.06352289241
3267,291.2284260769718,-30035.788292463054
3268,285.55045506073117,-30036.265394022335
3269,296.1834783671465,-30036.032537569965
3270,278.51060783646903,-30036.095181987825
3271,286.1775263656732,-30036.13435388164
3272,298.6935765467752,-30035.852081310277
3273,320.72104395755497,-30035.466785643002
3274,295.4344952740494,-30035.361963081552
3275,298.0403158024949,-30035.595109698894
3276,309.80919612432456,-30035.884404435306
3277,306.2977220957807,-30035.595960440452
3278,304.3747948624645,-30036.169819775565
3279,295.57527516871846,-30035.739274001997
3280,283.8973330006404,-30035.58440585656
3281,286.3011697702928,-30035.67811236416
3282,297.35830180707507,-30035.887690958083
3283,289.66276766645404,-30035.51134971553
3284,299.169132502542,-30035.631110218692
3285,290.07434765762434,-30035.741209932352
3286,289.94193221638204,-30035.49650068008
3287,288.14175536012965,-30035.30750038209
3288,289.8436912985705,-30035.31733628532
3289,304.8974214974079,-30035.195709109976
3290,290.5461444837348,-30035.489083592227
3291,280.69244101529813,-30036.083156124387
3292,305.3650756222592,-30035.596030939498
3293,290.6799947301965,-30036.229850429245
3294,292.42810815867034,-30035.97485052192
3295,260.6410206031951,-30036.807316036145
3296,292.1031347072513,-30036.160776077395
3297,297.45223872568306,-30036.074776338115
3298,315.68966224768883,-30035.572120721874
3299,314.9172858954646,-30036.216589001728
3300,292.176927875561,-30037.01047856958
3301,314.5364269089463,-30036.183220065745
3302,306.52721852367284,-30036.058925824353
3303,268.0790336472834,-30036.321007650946
3304,295.15164102083764,-30036.185498868523
3305,299.28501202975553,-30036.45631439511
3306,299.83701139305794,-30036.442400869593
3307,277.988508375883,-30036.92865436562
3308,265.70226884146365,-30036.23638440078
3309,291.9674837353909,-30036.61927337891
3310,317.79418988559524,-30036.261262148033
3311,303.0478968158656,-30035.75795265803
3312,298.153192610082,-30035.426248935935
3313,306.3274003111882,-30035.68700925552
3314,304.6862813471395,-30035.69517166841
3315,273.8590856406376,-30036.01711432007
3316,283.3484121690309,-30035.943944910556
3317,293.44713737001865,-30036.44916518626
3318,315.9036823910298,-30035.949538696223
3319,296.11458438141443,-30035.7373990905
3320,307.1322407325239,-30035.121800821365
3321,311.81680721189196,-30035.65606683511
3322,290.62284386632064,-30035.36605658127
3323,302.05051352911175,-30035.2830923932
3324,297.8949402563575,-30035.419086490023
3325,299.5492413571869,-30035.377388687266
3326,293.30053516717965,-30035.607157271115
3327,315.4952380491358,-30035.311396318193
3328,321.07699470807984,-30035.01640740829
3329,296.15037342003075,-30035.328293878043
3330,307.2058134141702,-30035.70979012107
3331,286.5840440345883,-30035.333091697797
3332,318.4785189231758,-30034.76745066161
3333,318.64672687955584,-30034.829617113795
3334,301.14522104545364,-30034.971926541024
3335,317.21749310621516,-30035.70743881399
3336,280.49982512854194,-30035.738401765957
3337,284.6985512912744,-30035.710694970712
3338,305.5419909310266,-30035.21852479185
3339,267.8611929612624,-30035.971029726014
3340,256.27388470152584,-30036.38809584027
3341,307.16522444463226,-30035.693235069102
3342,277.4162201182804,-30036.20284491174
3343,273.6247619151773,-30036.128489361545
3344,264.4034716951542,-30036.24568398063
3345,282.1224236623058,-30036.301018673315
3346,301.3782055290315,-30036.21410088107
3347,275.14172508787107,-30035.988690756196
3348,286.8865450798139,-30035.860623199853
3349,265.3249494811187,-30035.935348121075
3350,299.6747509868723,-30035.80391263029
3351,296.94102067049636,-30035.93922444257
3352,278.96932237167795,-30035.92151039588
3353,289.6271748687636,-30035.570840606597
3354,289.5247776791315,-30035.719905973543
3355,320.1614664405818,-30035.50628080612
3356,312.1686857550447,-30035.7721974932
3357,298.716604129477,-30035.99798525914
3358,318.3025384646148,-30035.754308245712
3359,307.9033533630527,-30035.92267689449
3360,294.39069036586204,-30036.61092915578
3361,270.8403578397397,-30036.686953440945
3362,278.2307953076687,-30036.75457860603
3363,273.0634931839188,-30036.681699027886
3364,284.4284295241519,-30036.813206701572
3365,277.7467871044665,-30036.264825242353
3366,302.61117781540867,-30036.052163587312
3367,300.4481499823682,-30035.51293419901
3368,304.36668599388594,-30035.363383540203
3369,283.77891979238217,-30035.237781168325
3370,309.30010530734063,-30035.39137704625
3371,288.37629156552737,-30035.164869984914
3372,303.3602450827793,-30034.457110954056
3373,311.9119702884844,-30034.237652558983
3374,324.13298328432865,-30034.550707228816
3375,314.60729813792284,-30034.43924620743
3376,316.6564825267677,-30035.297751348437
3377,313.624014765532,-30035.473796169514
3378,316.50654994624864,-30035.68238987777
3379,318.8005924610556,-30035.763238825457
3380,295.4577215597169,-30035.66020577197
3381,295.91539224460894,-30035.875232365997
3382,291.2975194137051,-30036.03069154274
3383,292.15010433140554,-30036.31584217555
3384,273.5386505711927,-30036.859175482492
3385,305.1068052321763,-30036.653322073205
3386,287.017275372316,-30036.638578052465
3387,306.0079207331458,-30036.65209320912
3388,291.82746419628523,-30036.22631829318
3389,280.53619849378487,-30036.153500575143
3390,301.76461784237995,-30036.026626716608
3391,291.72472229070956,-30035.723048598928
3392,277.3541005849639,-30036.239566927517
3393,305.1900835468302,-30036.307472985718
3394,299.13389098990893,-30036.296061005378
3395,298.06742091418596,-30035.70770774582
3396,298.08809677314014,-30035.3243740965
3397,316.25017973936576,-30034.960336241045
3398,333.4654141094759,-30034.825242483952
3399,333.14497984669606,-30034.84699112604
3400,334.20938503251074,-30034.59555268258
3401,312.0471343455556,-30034.859245655494
3402,313.18707365518657,-30034.717231447226
3403,291.2236963159366,-30034.69661480495
3404,322.2648839962061,-30034.463028337672
3405,332.3339794357986,-30034.36743295199
3406,351.0842910321612,-30033.982709012307
3407,323.7154537420693,-30034.50654384954
3408,313.6640936247984,-30035.08997345416
3409,289.65188834817604,-30035.32998331127
3410,317.6022204019872,-30034.752428996566
3411,298.1168484424276,-30034.858805640804
3412,312.0900327630804,-30034.674570621228
3413,281.8134064411205,-30035.418182665977
3414,291.86981044257243,-30035.87954780177
3415,297.4724307609908,-30035.37309550891
3416,299.3794030150625,-30036.190263330078
3417,311.1503235669747,-30035.696303516077
3418,346.1025251541701,-30034.866090364838
3419,284.57012898622617,-30035.563541318683
3420,312.2500888401915,-30035.75452067217
3421,327.3980305110132,-30035.056300081545
3422,301.09755939889334,-30035.76414351077
3423,309.901282678356,-30035.757083330056
3424,279.685670027244,-30036.01282935806
3425,305.25854430371544,-30036.12996613502
3426,281.8913083371672,-30036.39278159484
3427,265.4059289900642,-30037.097369476578
3428,256.3403779022621,-30037.382513583183
3429,260.5948375595186,-30037.538948861686
3430,293.8337808773236,-30036.642544569393
3431,270.25154103545935,-30036.60999810051
3432,295.59175954731603,-30035.945889751838
3433,309.32626045092303,-30035.845795912777
3434,304.9560193079895,-30035.995013361655
3435,270.49907579167603,-30035.810790065872
3436,283.5836830981494,-30035.64113974416
3437,293.48713097961024,-30035.69620399468
3438,298.73173289410056,-30035.45658830317
3439,326.29017115628056,-30035.371333817377
3440,310.4897529487597,-30035.24420365512
3441,290.9970389502665,-30036.186702860523
3442,275.5254073985789,-30036.09620727834
3443,261.3770016674918,-30036.507515124682
3444,274.9692927463515,-30036.621943282556
3445,265.78465166828744,-30036.423761009686
3446,294.90023483012436,-30036.023866985342
3447,294.3423661964303,-30035.637537824874
3448,291.5496794958527,-30035.532148173566
3449,285.4608883206077,-30035.244214113933
3450,305.6740545336942,-30035.213242912458
3451,299.48659613482084,-30035.447327078396
3452,290.3955288500811,-30035.447958088385
3453,291.92246305563907,-30035.36259565626
3454,273.7339018068267,-30035.449957165132
3455,307.0753985928515,-30035.287296066785
3456,309.4680655562972,-30035.047299742073
3457,305.4852585507869,-30034.80198602071
3458,319.6992139523591,-30035.22886969961
3459,283.25057676838105,-30035.522582794456
3460,298.088564328039,-30035.193502936458
3461,315.8259436760649,-30035.19173252927
3462,311.11673485740846,-30034.935431392718
3463,281.0232715661045,-30035.608020436674
3464,299.76693395222827,-30034.80744846993
3465,314.6287106251919,-30034.718003365888
3466,306.3567850927505,-30035.012440466788
3467,298.53806664953476,-30035.246626044733
3468,295.5800231866007,-30035.14149807492
3469,310.9533457856447,-30035.054784102213
3470,305.08167201760295,-30035.318018073252
3471,287.3400434428554,-30035.384348710137
3472,280.2509557879418,-30035.346237189715
3473,306.0980362024505,-30035.628337411425
3474,299.9602553637635,-30035.44515379512
3475,292.9038624533924,-30035.359343181062
3476,292.32306012498657,-30035.133748330223
3477,310.5392563363442,-30035.022252763018
3478,296.87807671752137,-30034.643935988413
3479,316.51481087481807,-30034.924369155353
3480,293.0753024323925,-30035.069865667887
3481,301.7130911365365,-30035.588472357846
3482,303.16540331428394,-30035.592881450513
3483,299.2520942417054,-30035.39073786071
3484,294.89046110735626,-30035.21942583878
3485,324.29359650307646,-30035.505643236615
3486,304.49957169396396,-30036.102221564277
3487,314.5059568993086,-30035.0726599584
3488,324.9454453691645,-30035.254837935365
3489,319.06367820055954,-30034.98121694254
3490,340.5559495369047,-30034.334020637267
3491,322.71298879841277,-30033.945874171382
3492,328.7919947098126,-30034.079758000356
3493,356.12359276678393,-30034.285377428736
3494,327.8003999995104,-30034.50318933046
3495,322.60536499456845,-30034.516946278753
3496,274.8130984664032,-30035.168849017347
3497,315.58080070873837,-30035.30142715221
3498,319.3005264273636,-30034.969387644265
3499,298.3281986564412,-30035.570275287566
3500,314.18746303264044,-30035.682250316462
3501,281.8798997309829,-30035.918459781646
3502,321.3556972135714,-30035.74766376899
3503,281.1284938082257,-30036.117086987328
3504,277.2029383421415,-30036.385955201335
3505,305.56699836835935,-30036.303831962105
3506,310.236260923081,-30036.58262434685
3507,297.3237703845112,-30036.35731134646
3508,305.5600169543227,-30036.88603918347
3509,294.3290802171802,-30037.331232082164
3510,274.20254942093885,-30037.160800828075
3511,296.99957207660077,-30037.138920488906
3512,260.0176093206743,-30037.028107673446
3513,286.9562267197137,-30036.87449182595
3514,282.89006126174604,-30036.787529212
3515,302.3861471947324,-30037.139866889658
3516,280.4708567348616,-30036.883663184344
3517,310.97866762023824,-30036.51508334787
3518,306.9056558996283,-30036.1509495487
3519,305.768857234769,-30036.142493969845
3520,315.5864034190178,-30036.133317182026
3521,305.07974616784225,-30036.913769740626
3522,296.9036271457121,-30036.93430759721
3523,267.1050392571645,-30037.03696410281
3524,292.0207243571057,-30036.63746266224
3525,280.41701855167804,-30036.566660837965
3526,297.6890417864143,-30036.475057553285
3527,288.9856724851451,-30036.159275742608
3528,301.21555607748445,-30036.589294322923
3529,300.0545282446813,-30036.438871331993
3530,283.5094629859347,-30036.56097926339
3531,266.31432912105026,-30036.822519498357
3532,263.8094281775011,-30036.536047883117
3533,286.54868324335854,-30036.931639240982
3534,258.43401594084764,-30037.378570114222
3535,285.3860020880944,-30037.056648548187
3536,301.57676847143495,-30036.57433033985
3537,272.3829100456785,-30036.87658797133
3538,264.17260184355143,-30037.099159464826
3539,292.7345983005599,-30036.658531476038
3540,286.02836013804756,-30036.366629344517
3541,281.26568419456225,-30036.244488383807
3542,284.6435403801527,-30036.749190933755
3543,280.69355569898465,-30036.733518653014
3544,289.72808339515,-30036.50189088744
3545,300.7124038499916,-30035.699632872613
3546,322.2566264262633,-30035.55112710043
3547,326.7403802131703,-30035.660767236895
3548,294.25358722170307,-30036.1690724353
3549,309.7978027562108,-30036.031175988024
3550,307.1341662076237,-30035.805346038433
3551,313.7828760487531,-30035.58307321106
3552,285.92139023790713,-30035.84784121979
3553,287.7359543934281,-30035.718119500958
3554,296.819364749511,-30035.71377523915
3555,322.0545191497083,-30035.67926822904
3556,315.5516865565796,-30035.659582869543
3557,305.2349379223545,-30035.71649865018
3558,302.4362633692252,-30036.441338051838
3559,303.67893398709964,-30036.634625054936
3560,273.87449763423496,-30036.602663350117
3561,301.31827831142965,-30035.996861388012
3562,290.4001757597619,-30036.172450334816
3563,296.3548018857311,-30036.256734867256
3564,264.29454467783347,-30036.601945186398
3565,295.45087261442126,-30036.51194090437
3566,297.1985013711124,-30036.11046883853
3567,289.0114680242685,-30036.156672423214
3568,297.4313918681048,-30036.030379922573
3569,295.73286004698605,-30035.55366134121
3570,283.03020572609813,-30035.852356148906
3571,302.2066606314626,-30035.466656597553
3572,270.2335530293041,-30035.807717125637
3573,298.64106714670316,-30035.531139221002
3574,312.0473886030788,-30035.646348621758
3575,281.79175096092615,-30035.510525382324
3576,290.0785512367507,-30035.461807103235
3577,310.3049689785902,-30035.39729876282
3578,301.13686766737834,-30035.804168343693
3579,320.79550266638097,-30035.45709635978
3580,309.7374839761325,-30035.38816511457
3581,294.798420577747,-30035.70221453395
3582,317.70246832271823,-30035.122949053428
3583,306.5827026371408,-30035.04580855892
3584,298.75730799409087,-30035.059459290096
3585,306.2601630867591,-30035.081282141236
3586,295.6253734059076,-30035.241917491297
3587,314.14785372551745,-30035.80043619643
3588,298.8609739794861,-30035.814658817275
3589,300.4745916973307,-30034.709533342306
3590,326.6607741264464,-30034.47136751334
3591,288.97295384873223,-30034.74358069963
3592,293.7807943029574,-30034.934895757626
3593,302.34663235681467,-30034.84594101346
3594,297.15358298191734,-30034.98660103758
3595,313.4843529880414,-30035.086691441153
3596,305.2343672989425,-30035.132528658138
3597,307.51418097436374,-30034.860220628558
3598,295.36490630622086,-30035.172310869588
3599,304.3625994607725,-30035.232627169094
3600,283.4671667700256,-30035.384310993748
3601,271.5469559979846,-30035.62617439594
3602,275.960009681234,-30035.200487202394
3603,311.2544295388298,-30035.326491953096
3604,304.7131255082781,-30035.29019816777
3605,292.5784077650461,-30034.98082774145
3606,292.97237239911976,-30034.945506965523
3607,305.61233907368194,-30034.941360993285
3608,291.23640136995255,-30035.17481019028
3609,296.36970963957293,-30035.662609107014
3610,313.6412918266888,-30035.901095064244
3611,276.4788102370536,-30036.38076985077
3612,284.49782108769773,-30035.961848264247
3613,310.54204104989725,-30035.938198197386
3614,295.3974654881819,-30036.2359433179
3615,297.47279667283266,-30036.154336285847
3616,276.26891068839706,-30036.02473238898
3617,293.74764613916216,-30036.21698128001
3618,275.4965688956295,-30036.00123104774
3619,285.81229436968107,-30035.625981681562
3620,320.54054101101076,-30035.35610096954
3621,270.73405149040445,-30035.877132965965
3622,283.50229931793837,-30035.740847328594
3623,290.2372170191349,-30036.129682822517
3624,303.391403387556,-30035.772731837445
3625,279.2994787287523,-30035.915141701687
3626,295.1308911026654,-30035.949693759554
3627,296.9609414306927,-30035.64380045104
3628,305.0434340060019,-30034.918591263766
3629,283.8056505643656,-30035.30937302574
3630,296.3436745745403,-30035.282405963826
3631,285.1860421292746,-30035.34489180217
3632,312.6834296631228,-30034.677191767187
3633,330.13448066082526,-30034.542013463986
3634,334.3844874973252,-30034.483717228915
3635,348.4281387029665,-30034.112159167795
3636,324.9610469623257,-30034.316944686423
3637,326.9118043007928,-30034.474805749272
3638,324.9684396826882,-30034.691758347795
3639,324.32272961938804,-30034.98147141628
3640,314.330308335737,-30035.05169667686
3641,301.50451390557606,-30035.58201094113
3642,304.9418311565166,-30035.47583973382
3643,302.0077871542936,-30036.051747466012
3644,289.07919150289837,-30035.89324665612
3645,311.68291192719136,-30035.755144883315
3646,337.76390540343084,-30035.539161664616
3647,311.5203479509882,-30035.472133045703
3648,297.95953799797974,-30035.645973884293
3649,291.0837889359597,-30035.89350064217
3650,295.3994941496484,-30035.483939059086
3651,318.5705224502802,-30035.468256649114
3652,300.05038238323175,-30035.593272706297
3653,286.9910420425032,-30035.897051781674
3654,300.855905129634,-30035.412812698665
3655,290.8776166874131,-30035.59010360621
3656,272.6366895210261,-30036.18073815923
3657,294.7414568240573,-30035.397009719738
3658,297.8021027252349,-30035.901895274168
3659,289.32098608065354,-30035.61371455665
3660,281.9106405692829,-30035.429403687565
3661,300.64711560679365,-30035.166122257913
3662,323.20204460645897,-30035.03510968169
3663,307.75442016335245,-30034.934243358737
3664,315.2859285563104,-30035.31471898364
3665,315.4149238874522,-30035.309514442153
3666,292.35729295099094,-30035.632885468178
3667,327.5141155769451,-30035.55923345222
3668,299.50492496417047,-30035.431240087582
3669,293.55390786756976,-30035.921083337063
3670,282.7312211797569,-30036.496611011065
3671,291.9109321122796,-30036.21054255166
3672,294.9202245339141,-30035.94523813104
3673,283.5060437986947,-30036.061065446367
3674,262.0258521275672,-30036.52826977533
3675,288.2246415608314,-30036.401114303106
3676,286.57620851921615,-30036.407507947377
3677,298.4307500596194,-30036.136049783563
3678,313.3155372488195,-30035.469852808554
3679,311.90137802994514,-30035.550419544183
3680,307.9738241355635,-30035.879885004957
3681,294.4002797570592,-30036.063812448545
3682,276.6122337409224,-30036.342250569127
3683,305.9796190891631,-30035.45749407162
3684,297.4591918231049,-30035.34608545549
3685,285.6596701910301,-30035.389594304484
3686,290.31042780705405,-30035.041899994
3687,307.2103211849953,-30035.008504624588
3688,310.38083837428786,-30034.711792672257
3689,306.13357712028426,-30034.898925953024
3690,297.83318658423246,-30035.533924284016
3691,272.5979649599337,-30036.00983923856
3692,280.33514712230846,-30035.527708838934
3693,286.74503149900914,-30036.092705772477
3694,288.2919166419781,-30035.883793588182
3695,291.26022321279606,-30035.808975369266
3696,277.15492261832946,-30035.519977970846
3697,308.09974874100027,-30035.478273488236
3698,287.2793510473535,-30035.13392537892
3699,282.23981558286556,-30034.47579410381
3700,295.9979271788801,-30034.718855140927
3701,317.7299258383835,-30034.716006967767
3702,310.92739124225426,-30034.914813304422
3703,300.4666381613004,-30035.20387444168
3704,278.29871774651264,-30035.440366574006
3705,312.66184666990324,-30035.26562640645
3706,307.66255483796084,-30035.065465137766
3707,302.1342506621938,-30035.904028615878
3708,312.3870789564439,-30035.049895866596
3709,330.7958799021381,-30034.484326813927
3710,284.8753530069277,-30034.79608231126
3711,279.68044880382405,-30034.925070337606
3712,308.7582558511688,-30034.131597236337
3713,291.1848734673853,-30034.50228086168
3714,307.3642343267614,-30034.30150013746
3715,329.8015189582913,-30033.460562243854
3716,324.49060548295097,-30034.389349364097
3717,288.7537135981265,-30035.047934926693
3718,290.3956166781249,-30035.319049624617
3719,267.7274862296519,-30035.255649896608
3720,304.61380549570487,-30035.525123472344
3721,285.56011663029545,-30035.499525495798
3722,305.4973245793864,-30035.14738501312
3723,281.650974589876,-30035.60196437307
3724,318.25450614540506,-30035.208643933518
3725,320.8338258351883,-30034.72956789782
3726,329.7404640581297,-30035.102726174817
3727,287.84960116723806,-30035.14103620547
3728,341.39621998797077,-30035.055028539722
3729,259.21799159692404,-30035.9037313409
3730,304.0638782066687,-30035.78898476979
3731,275.4364887768577,-30036.295714158663
3732,272.1529858375011,-30036.485898994928
3733,298.1160607902546,-30035.98773174412
3734,281.80133793929264,-30036.207549360908
3735,275.51791608451487,-30035.69014610209
3736,291.37079697983694,-30035.149938281033
3737,312.2650080422845,-30034.697503998366
3738,324.36313485115153,-30034.074202974483
3739,326.82587633842525,-30033.80119037296
3740,329.0727713544171,-30033.26604020595
3741,343.3708433516295,-30033.35095991791
3742,341.8200917970788,-30033.17911018278
3743,321.0561107881799,-30033.106777551926
3744,344.5845861207422,-30033.59771044243
3745,328.11244516506,-30033.546105266363
3746,321.31633462994665,-30033.410765305118
3747,328.53771855323976,-30033.12327658165
3748,297.9621598437729,-30033.71817342386
3749,334.2032798863266,-30033.142581567005
3750,313.9071860658379,-30033.53501801615
3751,291.8532850954548,-30034.276448709566
3752,308.7239517802346,-30034.765274394158
3753,294.63599636564715,-30034.80005854849
3754,306.5398183163668,-30034.78126448787
3755,286.77830372434585,-30034.841867123036
3756,285.015521045025,-30035.04254927897
3757,290.1075675396028,-30034.705216352264
3758,294.94843407786,-30034.542183339985
3759,301.09060385490596,-30034.488928205064
3760,321.48372041745677,-30034.525686855643
3761,305.72416843787653,-30034.198307881863
3762,320.4488533630668,-30034.497083895083
3763,300.63368687360935,-30034.490679488415
3764,283.01778563511897,-30034.565559830884
3765,318.743976963281,-30034.313493983213
3766,307.83932527903806,-30035.35007201661
3767,297.33438449263707,-30034.915637560527
3768,326.51998986090433,-30034.234681703067
3769,302.77390752422923,-30034.41524937252
3770,316.44261022779125,-30034.55118902257
3771,302.5784087958913,-30035.5725208031
3772,309.3941998441868,-30035.596036578405
3773,288.52921678895405,-30035.54968727395
3774,286.4205514832746,-30035.610650140563
3775,286.32756931520055,-30035.239946945385
3776,289.08458275665964,-30035.164595140843
3777,286.9187058434741,-30034.619578190574
3778,290.716310208417,-30035.00237257251
3779,276.7858039044345,-30035.07810998818
3780,301.18745983180816,-30034.506018133216
3781,302.61418550675745,-30034.350915901374
3782,282.3539783871381,-30034.924088426415
3783,299.2055687592454,-30034.688785567654
3784,288.4151191230907,-30034.880688184487
3785,309.80972029366995,-30034.964469348255
3786,325.18631440399616,-30034.62571978984
3787,308.48688598016855,-30034.165781051517
3788,281.3504673630324,-30034.468913865443
3789,310.9647143279654,-30034.099419425245
3790,300.0184172519093,-30034.375328409526
3791,302.20998035949367,-30034.218526046512
3792,319.6013687268382,-30034.385632831152
3793,285.1757387910617,-30035.00921400493
3794,276.626428978345,-30035.254002143356
3795,295.2461280425092,-30035.12257038283
3796,289.2144371672822,-30035.495306445664
3797,283.3459370050461,-30035.516272923775
3798,266.62399910189083,-30034.953385927434
3799,302.7291598976474,-30035.41442414238
3800,276.83347010766033,-30035.510502278576
3801,298.02167535783894,-30035.376829544188
3802,267.6988444249781,-30034.982934333093
3803,273.0980393365711,-30034.66129701823
3804,320.8490232228502,-30034.945981712157
3805,304.362250307888,-30034.752167219736
3806,301.4183643563867,-30034.429885525064
3807,333.61926024898435,-30034.19245843566
3808,303.27779111314396,-30034.674033013358
3809,303.9767537755745,-30034.7814151763
3810,302.8944654066786,-30034.441507502757
3811,313.8489133121869,-30034.595080571187
3812,294.4696572159206,-30034.808157491738
3813,295.2801024832062,-30035.39905778357
3814,318.9994932265604,-30034.976975394176
3815,290.5345429822108,-30035.155391641092
3816,294.6265585644697,-30034.692874559794
3817,324.5477281928841,-30034.42306579671
3818,335.02877573773026,-30034.66278999846
3819,316.13079436459884,-30035.16061105694
3820,309.52475602303844,-30035.196261444675
3821,303.1857559350093,-30034.92244657364
3822,302.39272522180846,-30035.303763585936
3823,306.1706688292421,-30034.60892853086
3824,302.78661915222824,-30034.955944592148
3825,313.3980921560743,-30035.22753758005
3826,286.132358832226,-30035.617914235543
3827,300.97615045722495,-30035.200797457066
3828,300.56035676393674,-30035.096043449517
3829,258.09898260705967,-30035.80498361099
3830,288.61346206757196,-30035.483110688467
3831,303.29586864393315,-30035.417717981698
3832,273.6974997745352,-30035.896187203518
3833,266.6588568025215,-30036.106804189996
3834,291.00124771609853,-30035.87800302567
3835,280.2231886495022,-30035.344983954634
3836,273.7034601425511,-30035.585490093323
3837,286.69028466838097,-30035.279632579186
3838,308.22441283727613,-30034.955599993515
3839,299.6022723048343,-30034.924880130573
3840,318.31840765584224,-30034.935548876776
3841,293.20149471520233,-30035.50223177917
3842,289.5463716663578,-30036.115846057168
3843,289.5627552212254,-30036.023636223345
3844,283.0039052809689,-30036.093253444804
3845,298.42512945994076,-30035.67134770466
3846,281.4706345853394,-30036.05963496754
3847,281.69277746235554,-30035.39387945277
3848,299.8778793106659,-30034.867152015482
3849,318.01636784930565,-30034.675583873883
3850,326.1144743867473,-30034.5886530009
3851,283.8427710349479,-30034.96273425362
3852,318.85353981446525,-30035.271669875816
3853,324.2797696439543,-30034.466929252158
3854,299.84483978782964,-30034.537906674494
3855,293.3100667080942,-30034.76316702204
3856,308.14866396346946,-30034.62743117124
3857,308.2161493386933,-30034.60033953071
3858,308.9269089683159,-30034.51797121794
3859,274.20574674786565,-30034.598220237236
3860,296.34910424076253,-30034.397503480337
3861,298.05816821725733,-30034.54583159144
3862,270.27483255131835,-30034.341832896753
3863,271.7570518252971,-30034.906035035387
3864,323.263561677106,-30034.5179341014
3865,289.0587643732865,-30034.864464661045
3866,292.49756369470646,-30034.982865472124
3867,310.2301509358293,-30035.160903353302
3868,305.79230885732443,-30035.26104348049
3869,297.24432116076844,-30035.39447016906
3870,296.3425308448991,-30035.130091042323
3871,295.3803941606065,-30035.07035798751
3872,298.4828444343047,-30034.93942420884
3873,287.6140958591972,-30035.04931602955
3874,311.23624816137067,-30035.56327835228
3875,292.5435328906336,-30035.552019286766
3876,292.90128532766715,-30035.2441737643
3877,291.6252876653356,-30035.438445542393
3878,288.17899026494786,-30035.099530600575
3879,295.8009168832189,-30035.03632092161
3880,272.89673893400703,-30035.49840218402
3881,303.2233885646721,-30035.722279267196
3882,303.54137866886504,-30034.860748481813
3883,315.0604609386679,-30034.871183300795
3884,317.98600702112066,-30035.066974139543
3885,309.6466193574283,-30035.021314795093
3886,315.76430290238187,-30034.89250497758
3887,345.4493094935812,-30034.708726992092
3888,300.3433170719885,-30034.412060959978
3889,325.45399808576957,-30034.70295701261
3890,294.08582045682806,-30035.056113612573
3891,312.76942050141486,-30034.905493058664
3892,286.4402785051685,-30035.057418532342
3893,305.91537826368216,-30035.29505080603
3894,315.865598497569,-30034.87042050208
3895,287.03659072372005,-30034.62051307068
3896,334.0520614800447,-30034.193268131465
3897,305.0724565252602,-30034.009656606107
3898,310.6217417382815,-30034.350251786444
3899,296.6649604605209,-30034.682510855986
3900,297.17681565474726,-30035.765312317002
3901,308.04841561075636,-30035.794020500267
3902,293.13518102604814,-30035.648434511542
3903,269.26031001387514,-30035.467014013582
3904,284.2496282304547,-30036.016932261773
3905,270.57584459295583,-30035.656511305173
3906,295.57440722777585,-30035.067420879048
3907,290.0312755615596,-30034.791123719308
3908,285.0082223713479,-30034.988045747083
3909,275.0601092928628,-30035.512232313726
3910,283.8731652899173,-30034.684624395413
3911,310.8320076806674,-30035.051983138022
3912,271.26228650608954,-30035.406787187258
3913,293.65315282343244,-30035.62756617435
3914,265.7924016259575,-30036.572003166646
3915,277.5706327576426,-30036.40403095943
3916,286.7652103363115,-30036.383212775934
3917,281.40518986003457,-30035.78784704708
3918,274.5240869638706,-30035.974961877044
3919,299.4581687296129,-30035.871871735795
3920,289.9926557283444,-30035.9854565339
3921,280.5971142665085,-30035.935168275984
3922,288.8091626181393,-30035.903959170817
3923,267.210178047266,-30036.155407756927
3924,262.8500968188424,-30036.374681618137
3925,305.0946976233938,-30036.501283503854
3926,272.2954972412022,-30036.740119396487
3927,280.9336282839527,-30036.690358082564
3928,288.0970910463203,-30036.490266801993
3929,297.07597216713214,-30036.053010396812
3930,285.0926198336223,-30035.892168450708
3931,288.7531307834346,-30035.97763711694
3932,307.1985519478774,-30035.262707526344
3933,290.0317102793299,-30035.293065886945
3934,294.41471483814286,-30034.84665172735
3935,339.2847408569565,-30034.68442170575
3936,313.64390667512356,-30035.010404155182
3937,291.5574884271792,-30035.248748219055
3938,303.02484165121854,-30035.102283779393
3939,296.1215744395433,-30035.73526977625
3940,291.08548655368804,-30035.55752035254
3941,294.1274211923774,-30035.56678378728
3942,271.00190722021085,-30036.186787727143
3943,274.7436936473836,-30035.977239038788
3944,266.1548534186974,-30036.29138294367
3945,268.75583394146537,-30036.2101984317
3946,312.86876588789994,-30035.45767648953
3947,291.554403412649,-30035.59648222898
3948,289.9568823877449,-30035.751983225677
3949,297.09730047324433,-30035.597394677116
3950,319.77200528866246,-30035.648909943662
3951,290.279563746398,-30036.017287318984
3952,302.11476625035965,-30035.511941608947
3953,283.96765491308213,-30036.115836469147
3954,267.0310919383252,-30035.751718621093
3955,297.3378092959493,-30035.88430123599
3956,274.9784355066121,-30036.352181582963
3957,287.48814162240575,-30036.35131891815
3958,262.01301114410745,-30036.52468719119
3959,285.3482159382598,-30035.848616599214
3960,292.87074324979807,-30035.27424047348
3961,288.61423645623006,-30035.254575544466
3962,298.59320418937557,-30035.028439389927
3963,302.051419659707,-30034.919788303552
3964,313.68310304733467,-30035.304338058526
3965,287.6367759557351,-30035.439369362037
3966,303.7300922052967,-30035.324741826684
3967,284.4287145253729,-30035.721402642917
3968,285.56950637721854,-30035.552023195734
3969,285.9939531824372,-30035.482730970616
3970,288.5644844912429,-30035.412079577134
3971,300.06351845654945,-30036.05387910249
3972,279.4794405833276,-30036.199668138746
3973,272.11019898264146,-30036.14322746718
3974,291.27664664208066,-30036.318327030378
3975,286.26607174738547,-30035.68876265909
3976,314.194984073629,-30035.328545118427
3977,303.18446044503236,-30035.60411985236
3978,306.80501916951556,-30034.905439292048
3979,291.2854315088304,-30034.76537122674
3980,311.8098158029232,-30035.023430558405
3981,290.59574394533,-30035.503458403513
3982,303.077633878903,-30035.2982187398
3983,293.59209805979765,-30035.03144885187
3984,288.93922427347565,-30035.43583712689
3985,286.582584569299,-30035.180784734628
3986,294.99920861489807,-30034.79480978268
3987,302.68725792848943,-30034.989699060476
3988,300.07454879701555,-30034.83680420013
3989,307.44911348803646,-30034.69779819953
3990,282.3198092693962,-30035.74135593265
3991,293.8102331612731,-30035.106028730854
3992,313.60018045009525,-30035.03299067991
3993,312.27267092707814,-30034.996138975057
3994,296.1684109629151,-30035.429401729307
3995,294.9733137953824,-30035.43413435451
3996,288.3697517917204,-30035.364253574433
3997,284.8217358131816,-30035.22516814469
3998,307.11729514061676,-30034.88780253534
3999,293.57314286757656,-30035.356145380592
4000,323.7782745469099,-30035.23542915773
4001,291.0322800836088,-30035.179955208398
4002,303.167630335197,-30034.83891906691
4003,314.18578679445045,-30034.924480067206
4004,288.0156348730497,-30035.275523086144
4005,306.83502879811056,-30035.053120378616
4006,263.47192281717474,-30035.68517993902
4007,287.27411003013725,-30035.61257310738
4008,274.5746600247438,-30035.93853089809
4009,290.3736368176006,-30035.977806767198
4010,264.9898630349008,-30035.871528581578
4011,266.561678161249,-30036.079956769823
4012,274.1969770772681,-30036.278128782847
4013,273.70221302656205,-30036.427318402744
4014,279.6460236531871,-30036.492344297323
4015,279.48927998539347,-30036.933795129815
4016,287.9589602168918,-30036.79843598503
4017,273.7819127895612,-30036.390153265125
4018,287.8632696895987,-30036.343816680914
4019,303.11927318112805,-30036.103809817407
4020,298.72463170694306,-30035.7712204185
4021,267.6293520556433,-30036.0081234363
4022,268.9652798211623,-30036.738122328527
4023,272.3844494548066,-30036.298424169458
4024,249.72978775153413,-30036.687809952415
4025,272.15637169885497,-30035.74557927695
4026,280.02322126067804,-30035.95158677089
4027,301.9515693777439,-30035.84808634893
4028,305.2316283316364,-30035.9372851957
4029,295.56835281815154,-30035.844917234626
4030,286.876307474065,-30035.698771870782
4031,286.44206118574385,-30036.045654848647
4032,282.1221032723179,-30035.799073623966
4033,288.029721635071,-30035.648214894572
4034,301.0333488644948,-30035.238418231675
4035,297.5593339850246,-30034.904108178078
4036,331.4439391745377,-30034.723851407005
4037,312.32476031224724,-30034.5924822761
4038,302.8875315534908,-30034.32449477532
4039,298.7258027160565,-30034.441112777404
4040,306.4313678808038,-30034.48516993106
4041,319.75865010806524,-30034.72932469522
4042,307.64315340934064,-30034.521032289183
4043,336.47005695819587,-30034.21825838403
4044,320.4220287457149,-30034.25947877811
4045,304.31491000117614,-30034.88031358989
4046,309.9938357151278,-30034.01256296679
4047,318.2201452139844,-30033.660681899546
4048,306.148837631716,-30034.127056926285
4049,294.51006061898835,-30034.385264096036
4050,290.5269630064764,-30035.055973324623
4051,276.6610383014128,-30035.126176666443
4052,278.39396222883494,-30035.09616899599
4053,305.3345574156855,-30035.35265954699
4054,285.1530373010708,-30035.244161211678
4055,299.75968057456714,-30035.374037546328
4056,319.3255029798647,-30034.828133092993
4057,310.2723885114513,-30035.370776226013
4058,301.1508716649553,-30035.35654973825
4059,303.7593244784594,-30035.43923938203
4060,300.4584089278708,-30035.528300615195
4061,306.66961082774446,-30035.569008602903
4062,294.23796841425707,-30035.896028618135
4063,279.4439316834115,-30035.65368816511
4064,294.4902386503175,-30035.766623097457
4065,317.9155178802325,-30035.346094617063
4066,304.41691433222866,-30035.584773750215
4067,311.8754252378723,-30036.109667452245
4068,306.92960866265884,-30035.76753330275
4069,312.1188061545101,-30035.83204849301
4070,298.4480217098939,-30035.471551939678
4071,310.7832556906621,-30035.39305571563
4072,282.13187909052414,-30036.54882721771
4073,283.83562374309724,-30035.888695656053
4074,307.6126725440667,-30035.430003705464
4075,314.36643347317977,-30035.025395492798
4076,317.6214124554371,-30034.70116399759
4077,307.93491683842274,-30035.113287565277
4078,293.57992889192855,-30035.150896209158
4079,324.0539090128131,-30035.058559725487
4080,311.8701729623459,-30034.92034671448
4081,297.84937864308563,-30035.38507865198
4082,273.35206228144745,-30035.31895669431
4083,293.54013886779126,-30035.29447726922
4084,308.73224823647047,-30035.454518401246
4085,293.96960639965226,-30035.133261618215
4086,319.5433824030388,-30034.97889129153
4087,323.97118916446664,-30035.435644736444
4088,295.1466855493284,-30035.943436274607
4089,277.5307870801987,-30035.957769672274
4090,297.58397883931076,-30035.53044011249
4091,286.18217923353313,-30035.32368972789
4092,307.15267428518655,-30035.230660779544
4093,291.78418357347283,-30035.039909211195
4094,294.60619211094274,-30035.00198166033
4095,315.5342825187884,-30035.144396550346
4096,273.6859180698633,-30035.73827600339
4097,238.52589196872046,-30036.73583689016
4098,264.45953129027305,-30036.548958459785
4099,261.96514814512096,-30036.336440486168
4100,285.25906766766644,-30035.915316767998
4101,279.6418694744235,-30036.15455838127
4102,288.78755732328096,-30036.447472497206
4103,296.99845179334056,-30036.19558935142
4104,316.4347576397044,-30035.79357445248
4105,319.7658554540604,-30036.061174329494
4106,282.06094960194423,-30036.6990525445
4107,273.8235916300912,-30036.68597772114
4108,272.78918614842917,-30036.499160001324
4109,273.9546206770586,-30036.36431566844
4110,287.98351973525575,-30036.327113820393
4111,281.40957873720726,-30036.061173922397
4112,299.721939096321,-30035.978504471375
4113,310.37633703164045,-30035.520499881706
4114,327.928888836164,-30035.144481930514
4115,316.4745619499563,-30035.636321157326
4116,326.0211317064902,-30035.022646392677
4117,310.7386153881189,-30035.210587155314
4118,313.4308050852413,-30034.998197403056
4119,297.3873592262514,-30035.488521045747
4120,311.8005794931687,-30035.648663365977
4121,284.22453606347335,-30036.152330352186
4122,290.7285292912825,-30036.226673957084
4123,294.2594715797582,-30036.268533490987
4124,296.38645938123085,-30035.660233793198
4125,284.96939518470435,-30036.10425878816
4126,277.18469174600875,-30035.976258869403
4127,306.63548959130543,-30035.333540527252
4128,289.9421899570121,-30035.73086918355
4129,291.8240229914684,-30035.499842531124
4130,275.76317921631465,-30035.775760950317
4131,284.9159573418709,-30035.98841822593
4132,286.48008435623626,-30035.79664957335
4133,285.25317541297295,-30036.00921528635
4134,288.81008423845697,-30035.75745156574
4135,334.0334650416918,-30034.967174367546
4136,314.1471333176549,-30034.91178247981
4137,331.183695182915,-30034.826114161704
4138,304.3743524807131,-30035.787018426105
4139,313.8503049017552,-30035.350904870207
4140,320.63220481600536,-30034.740509269974
4141,303.378356605566,-30035.319935690604
4142,309.61101751799106,-30035.362055914065
4143,299.7219963930159,-30035.51561240217
4144,326.9544703438919,-30035.006933447163
4145,331.5409045130962,-30034.47921982862
4146,302.72574756624385,-30034.36372890255
4147,337.48287769147163,-30034.42319828735
4148,306.21637870848406,-30034.29722950676
4149,324.1670854047489,-30034.323285161296
4150,320.95397201576117,-30034.107398905286
4151,312.1895512844628,-30034.181827813107
4152,334.36279866994107,-30034.4041857858
4153,333.109837843441,-30034.580298779525
4154,299.26216663907735,-30034.937358978972
4155,323.9872061538381,-30034.954772267156
4156,281.390179015984,-30035.58314728078
4157,317.93962657045967,-30035.08572131586
4158,283.97904360494914,-30035.156565034296
4159,306.52088120109886,-30035.064944935948
4160,299.47316237229114,-30035.785556310668
4161,290.3876862594223,-30036.149327641306
4162,270.5611230782858,-30036.399069871124
4163,278.62919827997393,-30036.59219283372
4164,261.02191864276375,-30037.373887112768
4165,267.98753439479145,-30037.366282702853
4166,260.6288115307043,-30036.856451899257
4167,276.1090611457887,-30036.681105257197
4168,294.8896721754399,-30036.264367599353
4169,286.92702716710784,-30036.42796219586
4170,279.4278646223312,-30037.101358771495
4171,268.8443587485229,-30037.420857727746
4172,260.3217685409783,-30037.04192550505
4173,277.07638587686694,-30037.0278169187
4174,286.19236577687997,-30036.296089219024
4175,297.1236975355424,-30036.540088695914
4176,304.5655130119774,-30037.088840717777
4177,287.79141903979064,-30036.35148710121
4178,283.4987553015822,-30036.983124157974
4179,257.8494862493569,-30037.410881714146
4180,270.09736591852896,-30037.027946690905
4181,290.328362233982,-30037.06293231937
4182,302.88255387952654,-30036.209385866034
4183,303.67317860783305,-30036.101566998248
4184,294.43776031362876,-30036.24841460021
4185,293.9373627052222,-30036.122355592823
4186,326.7809725985984,-30035.472244077762
4187,320.8377643291545,-30035.416968625355
4188,314.36641100982627,-30035.167974184005
4189,312.0251932901002,-30035.277767444964
4190,289.5692647746968,-30035.60940964555
4191,317.0736294778756,-30035.564580621187
4192,303.66298562826483,-30035.625261419344
4193,291.17630136282446,-30035.660700052504
4194,294.14864404021137,-30035.58773322573
4195,282.29017088449694,-30036.085852988625
4196,288.25082613146606,-30035.830141802904
4197,303.258098842706,-30036.258513745644
4198,297.489608237048,-30035.84531878875
4199,281.3139433729494,-30035.93663135286
4200,306.55606913867746,-30035.497651749658
4201,306.46912586864926,-30035.74398383988
4202,307.8177564723995,-30035.715850048287
4203,299.7152891616523,-30036.148593962575
4204,321.19134706208257,-30035.931493828164
4205,322.44381666486845,-30036.06398696607
4206,324.4921832548812,-30035.688137720266
4207,313.1519293301826,-30035.565773534232
4208,319.1613158385486,-30035.127193418382
4209,337.6580858550895,-30035.436360169475
4210,321.71859232616436,-30035.30101674683
4211,324.579609704624,-30035.531637201166
4212,280.89321939487854,-30035.720673491545
4213,287.1160855719792,-30036.15952497308
4214,298.18121849879236,-30036.116948774037
4215,301.80790021437076,-30036.238426379503
4216,305.59557773053336,-30035.783580349525
4217,310.26032568993975,-30036.271470902768
4218,276.5449680698201,-30036.52558667186
4219,300.77934812432756,-30036.772164245904
4220,271.31733976893514,-30036.78235265671
4221,279.3257041293416,-30036.301199422338
4222,276.18042207846537,-30036.68321280556
4223,265.2407159972123,-30037.386690034262
4224,278.6087879784674,-30037.815363539477
4225,240.73254100611106,-30037.783732400854
4226,286.521763698713,-30036.891302141714
4227,294.7321368911476,-30036.32107276009
4228,305.5177399628376,-30035.922261054267
4229,305.6505249332938,-30035.4228203673
4230,311.85016330550036,-30035.331007321714
4231,305.4554277121511,-30035.736331677617
4232,288.6936618197089,-30035.897104823278
4233,296.8838583155092,-30035.64379025924
4234,306.1915770430379,-30035.237307774878
4235,315.2271591998162,-30034.839637805893
4236,302.1713684190461,-30035.260514912163
4237,310.9366284887708,-30035.547392973236
4238,312.9493705531238,-30035.203691668226
4239,290.7535571805407,-30034.880339986834
4240,323.9253503276867,-30034.64383138601
4241,321.9804260276608,-30034.624495172397
4242,309.7944086834369,-30035.056652162973
4243,320.2595323200184,-30035.31630898784
4244,303.14130359383597,-30035.837629525628
4245,292.1516125815049,-30035.106819784065
4246,321.79733976422295,-30034.976766238222
4247,298.6468928017599,-30035.17357050634
4248,304.29341073431624,-30035.12304299377
4249,274.946633845153,-30035.243608165823
4250,291.5053764663816,-30035.11529611205
4251,294.0471962507893,-30034.934040287386
4252,311.7041476166755,-30034.48898462308
4253,315.4971727769503,-30034.74103505204
4254,301.5985685461298,-30035.310108978898
4255,306.99358039174797,-30035.3987333511
4256,324.58824432444396,-30035.515794559607
4257,319.4368299171957,-30035.077280145586
4258,291.70922104222404,-30035.21172056861
4259,315.1620244524675,-30035.114717072225
4260,328.76366602439924,-30034.990628294454
4261,294.8853296176532,-30035.366039556524
4262,308.41839828190723,-30035.507351081294
4263,268.8757702621799,-30035.800925353833
4264,275.18400222142856,-30035.79817200682
4265,301.0421087747573,-30035.49600993208
4266,304.5928053024317,-30035.31080904673
4267,282.04143894358526,-30035.59993494913
4268,292.57694807203154,-30035.77188015902
4269,291.9918949701034,-30035.585454951863
4270,274.276644185845,-30035.803464468307
4271,297.15029256026594,-30035.38316834993
4272,292.6210625440609,-30035.145768223258
4273,330.33670662312807,-30035.40410371882
4274,260.0161809980035,-30035.926581175307
4275,291.76472917243774,-30035.37829019782
4276,310.57250442606556,-30035.869070971934
4277,310.3037896703573,-30035.881703488096
4278,298.7259493232292,-30035.81806220707
4279,304.7162819802734,-30036.288165481714
4280,287.8497360440593,-30035.889079680805
4281,283.823386386072,-30036.152675982095
4282,276.9284686821557,-30036.00029527384
4283,284.0697525811626,-30036.06834115185
4284,304.00863575577,-30035.638033443953
4285,304.80126794893175,-30036.03211710163
4286,304.6618661040669,-30035.760240196487
4287,289.8100343508372,-30036.195137756953
4288,294.2223273822456,-30035.88079786116
4289,312.36229050078134,-30035.958723801756
4290,310.46460577649736,-30036.03975938198
4291,303.49363185164145,-30036.492811348347
4292,293.3499467352442,-30036.332474318388
4293,288.455280164111,-30036.086707147686
4294,297.215710686291,-30035.860035065845
4295,322.0684551997224,-30035.214073211264
4296,296.34423997739134,-30035.501141712455
4297,308.2227208906241,-30035.1900176402
4298,272.75280212974377,-30035.007889585664
4299,290.2876506625731,-30035.21239598267
4300,270.0663966547239,-30036.026774167603
4301,274.7446429408753,-30036.149090111187
4302,275.89241448753467,-30036.331097235972
4303,280.2362044531281,-30036.379812132305
4304,280.7347406781745,-30036.283261807148
4305,296.3177104788525,-30035.898294781804
4306,253.89933821405327,-30036.04560417586
4307,282.16685479003496,-30035.538180006028
4308,310.9652462630194,-30035.126749767456
4309,302.00298512490883,-30035.58311850448
4310,326.2527503256172,-30035.30001141028
4311,325.35379613123155,-30034.62735767214
4312,298.8188163439796,-30035.26494017962
4313,317.93171950929644,-30035.599592493803
4314,301.9818623147353,-30035.068025919514
4315,316.7836361833513,-30035.05431197763
4316,303.3841024265521,-30034.839322113217
4317,285.3005525491998,-30035.00216173788
4318,296.67305457312364,-30035.100275588284
4319,319.92036516531175,-30034.58071730542
4320,329.79222581312115,-30034.546733984003
4321,338.4472795461283,-30034.809046121973
4322,309.0747810213558,-30034.93025962563
4323,285.5267311263392,-30034.301148250503
4324,333.95890911793083,-30034.36749110114
4325,289.1742045359397,-30034.730695536946
4326,328.8820841925758,-30034.384127857673
4327,302.97027406318324,-30034.28920606817
4328,307.09325305476125,-30034.435283532734
4329,292.46827299906926,-30034.842978764354
4330,298.6988190808147,-30034.955464793584
4331,273.1399355244464,-30035.53914724585
4332,290.87454054982584,-30035.398774892383
4333,294.73124385107167,-30035.03398589478
4334,313.5591765331753,-30035.24300858698
4335,289.8098501952722,-30035.435376773723
4336,313.87325497145576,-30035.17454514784
4337,309.8797376995524,-30035.14434513614
4338,344.16478420160223,-30034.739151214984
4339,324.9986373897272,-30034.630450318717
4340,301.22685572254863,-30035.26674388256
4341,282.8202910848243,-30035.519756567537
4342,320.49688411944464,-30035.31032637167
4343,315.4845456727232,-30035.07143145193
4344,324.3184659359932,-30035.022594510367
4345,310.5288936079671,-30034.924857712747
4346,310.7270218841826,-30034.736270002595
4347,315.33989513079837,-30034.696171218828
4348,328.461436943159,-30034.99043368736
4349,346.2428638405592,-30034.950443656242
4350,302.1746898752728,-30034.93230619256
4351,315.5891124108345,-30034.719186400016
4352,331.3562800925171,-30034.48582653976
4353,318.03904045847355,-30034.854699895095
4354,302.6098227758074,-30035.247510242025
4355,312.45247136080627,-30035.556060105842
4356,308.7063152285085,-30035.695406435636
4357,289.4236630006058,-30035.45097026391
4358,304.42777444949826,-30035.549343763454
4359,314.0950238310441,-30035.040049060437
4360,285.43996892343927,-30035.2506007768
4361,291.7292730533509,-30036.09598076881
4362,284.0707270234858,-30036.646441590357
4363,287.3706275861382,-30036.573030940664
4364,268.2804587732206,-30036.608899341412
4365,307.0597964624575,-30036.133392454267
4366,291.2511605538183,-30036.45373504985
4367,287.56355138440125,-30036.103324412972
4368,300.8825196315288,-30036.07815748675
4369,269.92945836370785,-30036.473585166885
4370,296.1149187752322,-30036.78426566187
4371,271.19053730417187,-30037.16250192549
4372,257.6884422346406,-30037.444237814856
4373,302.3367305226067,-30037.621581221036
4374,274.2418097569801,-30037.144186244164
4375,279.5707734711467,-30037.832131655177
4376,269.07978864092837,-30037.84461105457
4377,268.0097087226565,-30037.25244253359
4378,286.28884716074674,-30037.274126089054
4379,259.52100035085914,-30037.425390670804
4380,282.24412707835484,-30037.30381042959
4381,268.4230498890281,-30036.779133358774
4382,276.13258508746185,-30036.40316856999
4383,276.57043191529925,-30036.605022963035
4384,283.6540048052749,-30036.66671098692
4385,290.6899538340467,-30036.66905252815
4386,306.77931498241264,-30036.441243433852
4387,308.56152177378715,-30036.21858730475
4388,270.2739264879445,-30036.587949484707
4389,300.84764244289136,-30036.413020965396
4390,269.9596628727894,-30036.840011341355
4391,295.4377178851141,-30037.006413103412
4392,274.15236811807,-30037.4921438075
4393,272.8601216746218,-30037.725887647353
4394,253.1976682096484,-30037.53204025334
4395,315.6991218837294,-30036.462507285207
4396,296.06997210443376,-30036.65063294878
4397,300.3769778978643,-30036.372150015595
4398,305.7893835644451,-30036.08338283952
4399,266.83062975475434,-30036.141537033996
4400,325.5152825057481,-30035.558834171443
4401,292.318494968458,-30035.881910273147
4402,310.94866071027815,-30036.099824067776
4403,292.91657371167906,-30036.70667903501
4404,293.8996687369636,-30036.650649445346
4405,247.59812616400757,-30037.30794620621
4406,258.409603715153,-30037.568638566245
4407,271.24464820154896,-30036.920903647915
4408,275.25336704309376,-30036.187048618543
4409,314.9848590545342,-30035.308635773545
4410,326.0293608851052,-30035.229470220544
4411,303.50490491234314,-30035.27182407806
4412,323.9161737321095,-30034.862812688447
4413,320.12294677515524,-30035.233814220912
4414,327.2532756457851,-30035.618542477983
4415,320.43857586573006,-30035.61257732151
4416,319.69117274566946,-30035.813056758783
4417,288.9880070533131,-30035.920935648202
4418,291.29501407856134,-30036.661614066445
4419,284.45996630499764,-30036.70498992021
4420,271.437538592068,-30036.24416671229
4421,284.2061083700908,-30035.816857334936
4422,298.0596100833594,-30036.21376399821
4423,278.27520582093274,-30036.944865458343
4424,291.0004899005586,-30036.165131501937
4425,275.37918496449925,-30036.162392915863
4426,304.608608939051,-30035.638535705144
4427,292.19670210478023,-30035.918183271464
4428,302.5467429919676,-30034.95613146158
4429,313.11420983901127,-30034.93781803008
4430,302.134552985837,-30035.073942870604
4431,279.9571476582151,-30035.679814701714
4432,274.08953119918465,-30036.083571405474
4433,264.7238941409448,-30036.245420011397
4434,267.78232871047715,-30036.35192380397
4435,287.7504987882858,-30035.647440399433
4436,296.5581501959729,-30036.237937457536
4437,265.39859910790625,-30036.329976106324
4438,280.66844501712916,-30036.515401585108
4439,289.7023977350345,-30036.16660081226
4440,281.08033370886136,-30036.39955089592
4441,275.3671946525171,-30036.455663889967
4442,268.53379959855556,-30036.600560585794
4443,286.9304103390935,-30036.275533170672
4444,274.57302686282856,-30036.176853313063
4445,316.0115454345492,-30035.52494493365
4446,333.3602143749532,-30035.173597240977
4447,310.2785585949092,-30034.595230079794
4448,303.7469410689163,-30034.562598389428
4449,338.157246689697,-30034.4999503506
4450,313.6360118495292,-30034.491071899716
4451,322.0986519289886,-30034.53753083183
4452,328.14184051600756,-30034.475051836223
4453,323.9621687291547,-30034.789387727753
4454,310.2676025633151,-30035.06620935914
4455,278.9903272571644,-30035.331137203226
4456,284.0169907728032,-30035.6282647997
4457,312.10615211037253,-30034.808929946936
4458,272.56813096038263,-30035.565278725142
4459,278.4836871199843,-30035.36148554309
4460,291.2050258301915,-30034.433413532446
4461,332.42409270730644,-30034.288989709694
4462,315.83860280400705,-30034.4414134472
4463,308.7107822953293,-30034.72654384013
4464,309.3187244533859,-30034.332313987805
4465,333.2857636199411,-30034.43328632372
4466,315.0508759464345,-30034.91634677215
4467,289.77618090784256,-30035.246772306386
4468,275.6729552713256,-30034.832722607214
4469,320.2490058339543,-30034.5236055652
4470,327.08240216800897,-30034.314255712106
4471,335.1251824954382,-30034.154500624492
4472,323.7803549884299,-30034.206079843763
4473,311.5722626139061,-30034.56457450074
4474,312.7180285216895,-30034.475147804038
4475,298.22453168337404,-30035.10804453528
4476,302.13119086664665,-30035.22832449014
4477,302.5041693171225,-30035.30095456048
4478,302.9790672695063,-30035.072187554324
4479,308.77957491184765,-30034.97480987468
4480,282.5436900818897,-30035.542353487013
4481,297.54415313237547,-30035.234568946962
4482,300.56513869620693,-30035.437719792608
4483,292.13202122768774,-30036.20692297268
4484,291.0708190164053,-30036.632108807957
4485,263.94666058189324,-30036.598995095505
4486,290.98357470957797,-30036.59524536102
4487,278.81386871417664,-30035.525038087777
4488,282.77456585781675,-30036.126377853492
4489,263.87752819745447,-30036.77456575004
4490,278.3802752033451,-30036.772295236933
4491,290.0191992560368,-30036.902756235937
4492,274.4916272290852,-30036.708201922098
4493,277.3297594035198,-30036.41205546382
4494,260.6311287024816,-30036.47162786834
4495,278.8497632046434,-30036.092492717333
4496,270.0664870951962,-30036.13614688799
4497,292.1611824911469,-30036.180797317877
4498,291.5326155645264,-30035.606797031753
4499,310.766450390805,-30035.61613555483
4500,258.1254299278955,-30035.847285737986
4501,294.5142450686687,-30036.58047112409
4502,251.33655073212606,-30036.307466630835
4503,274.80325869687863,-30036.20230016054
4504,275.4972046366108,-30036.28441814845
4505,270.446490373066,-30036.4546936427
4506,263.04242034823596,-30036.39522459564
4507,276.04462225724126,-30036.301870108928
4508,284.3130407425531,-30035.771193280572
4509,284.1446125429241,-30035.857469879767
4510,274.3853197188966,-30036.402287726374
4511,286.13736568185936,-30035.467397409437
4512,304.1389043662298,-30035.51365618358
4513,307.1321513328211,-30035.424537449744
4514,304.9042858814103,-30035.41037983843
4515,306.1683312805783,-30035.92929995039
4516,293.42735465147996,-30035.762163823354
4517,294.8327683120274,-30035.500176900565
4518,302.87717857511194,-30035.637255729296
4519,312.18589899410244,-30035.607701121608
4520,307.93268899749245,-30035.861390594546
4521,296.30813758624174,-30035.68173919818
4522,311.57739794924146,-30035.304679436063
4523,295.95879572256376,-30035.124138351333
4524,293.98579126661633,-30035.353556792455
4525,285.6724864036039,-30035.584583762986
4526,271.35023217673864,-30035.699492330838
4527,278.56579554949525,-30035.339884693367
4528,288.36557041449004,-30036.038187093935
4529,284.18228007921283,-30035.713942318478
4530,288.93284579013454,-30036.08052915097
4531,292.2939138500623,-30036.152061107226
4532,285.9626284652007,-30036.55969240677
4533,265.68477013563984,-30036.510262967757
4534,283.5502483105229,-30035.76502936609
4535,283.52823205275865,-30036.105428051087
4536,291.6638841100476,-30036.328097692323
4537,298.5351881140798,-30036.076776725207
4538,258.73436911195824,-30036.63662450493
4539,264.53205720315736,-30036.220958519018
4540,293.0023100433804,-30035.972096116508
4541,294.53690076712024,-30035.88263444655
4542,256.9947091003583,-30036.039848838038
4543,289.61010405903335,-30035.83884901316
4544,288.1032340185701,-30036.035033839133
4545,306.63328134082946,-30036.20664306273
4546,314.42233302889406,-30035.172424005857
4547,327.8319300411565,-30035.56880084396
4548,325.87100469597135,-30035.43268044775
4549,292.5948393383087,-30035.660101072288
4550,302.6096094494196,-30036.112749994063
4551,315.51770834579816,-30036.191689313833
4552,305.28038083672044,-30035.842306355113
4553,279.44333586288366,-30036.378312558183
4554,284.39622488414346,-30036.296440316783
4555,284.6272539933174,-30036.544523318393
4556,272.22219332445616,-30036.61892019738
4557,269.87846544938037,-30036.89674547854
4558,298.23304567822225,-30036.359783059157
4559,305.281103816034,-30035.750491256917
4560,304.7243724529811,-30036.309445930758
4561,310.5620624435181,-30035.87324041932
4562,280.94106816502466,-30036.07493618022
4563,292.86211847622394,-30036.02055161686
4564,325.32078984888744,-30035.3313146183
4565,308.8026518204028,-30035.704696955247
4566,302.65095088337364,-30036.308973579642
4567,304.6568641933588,-30037.029897523105
4568,268.0348541138173,-30036.937355601625
4569,264.69545442274267,-30036.96293372915
4570,288.2494005778603,-30036.20517773497
4571,288.6852745896233,-30036.52231622921
4572,270.32528546285886,-30036.66087369624
4573,269.5699950778978,-30036.69553631248
4574,292.67090574792667,-30036.798808765852
4575,286.874050245806,-30035.89414126578
4576,280.2111891720108,-30036.278880159756
4577,277.33645787529423,-30036.56423037421
4578,262.73248325737114,-30036.762411774253
4579,259.23943513034885,-30036.991081466815
4580,293.5034908237291,-30036.5434478835
4581,293.46171961927604,-30035.755438255586
4582,299.2720527788142,-30035.855078541987
4583,319.4948629920012,-30035.37073925682
4584,295.94438463417976,-30036.044423467778
4585,294.65962074933236,-30035.79555682957
4586,288.72223208384906,-30035.648337815022
4587,312.51075048608766,-30034.964747390204
4588,310.48755129910046,-30035.08800914922
4589,300.61045000009454,-30035.686577689874
4590,293.53492843654755,-30035.55632735174
4591,300.8520673859025,-30035.23322193165
4592,314.9530595931946,-30035.157093550948
4593,281.5108630162787,-30035.28127723213
4594,289.76374138416367,-30035.083023353178
4595,296.83617346006525,-30034.758273438983
4596,306.59806658354165,-30034.54737442503
4597,297.74867629610844,-30035.424726299247
4598,315.30624949848266,-30035.681394280247
4599,289.4089491857131,-30036.091966135784
4600,298.00401589566087,-30036.01399341314
4601,314.00629314758146,-30036.27666057865
4602,296.6048146811471,-30035.467229996928
4603,308.86825676420045,-30035.14640271229
4604,315.8790547317874,-30035.411096953398
4605,297.0840162461652,-30035.55085451524
4606,326.92916532975477,-30034.857180652536
4607,293.1607667764281,-30035.06185210502
4608,299.8829164507622,-30035.536946925884
4609,301.4672104560814,-30035.20404495036
4610,313.1048217181802,-30035.104070289155
4611,283.0463943354499,-30034.935932478817
4612,305.5392304610105,-30035.447109996403
4613,284.8635017129104,-30035.655756031316
4614,274.1938526489808,-30035.547738786223
4615,303.82198810179693,-30035.51383177709
4616,286.78515312643185,-30035.529194479124
4617,288.3841816884033,-30035.158811733912
4618,312.90945881852497,-30034.515244546084
4619,298.86968367709443,-30034.556626783327
4620,321.16003021008413,-30035.047517566065
4621,317.02070182106445,-30034.554195949364
4622,306.1714502056829,-30034.950705710726
4623,324.03412779640354,-30034.73483957472
4624,327.0970199599955,-30034.751387260556
4625,318.91921067363296,-30034.674311471415
4626,323.3730413416051,-30034.259315215782
4627,318.9961398607668,-30034.539559918077
4628,307.7261591638771,-30034.739643196765
4629,289.5033895494964,-30034.798570076135
4630,293.7040071619162,-30034.645815605596
4631,324.21207072267174,-30034.286995025264
4632,319.3515718700167,-30035.2317728836
4633,294.37456509524225,-30035.64258560437
4634,326.6816159927242,-30035.324357804693
4635,313.88034871503874,-30035.350147595127
4636,313.3656939845811,-30035.779135448356
4637,315.55027960722674,-30035.757274582673
4638,275.4426761220425,-30036.09438632735
4639,299.20896416235394,-30035.346903109174
4640,313.84854402907075,-30035.03063675422
4641,286.8699451024914,-30035.275104113756
4642,285.2744576222883,-30034.860241353552
4643,315.0343976869159,-30034.23121524307
4644,323.4999764611575,-30033.86744385335
4645,304.10365110310573,-30034.395404141444
4646,290.49594675838864,-30034.744255110592
4647,311.7620973376732,-30034.501195835306
4648,304.40442348769267,-30034.903447965586
4649,304.0397041924786,-30034.76029721753
4650,293.1098270393251,-30034.740870451304
4651,327.1258855968289,-30034.299487807224
4652,327.03302168841594,-30033.922922256228
4653,325.6974765719182,-30034.153851219067
4654,331.2703633945923,-30034.191117129518
4655,327.2996494687389,-30034.560732968723
4656,311.25104733002433,-30034.500405329007
4657,306.57042206045026,-30034.530493099344
4658,315.2207747357169,-30034.689408105725
4659,280.25434783818525,-30034.871542315745
4660,306.8127007236446,-30034.534151923166
4661,300.3245651999246,-30034.900814863875
4662,318.56218287732884,-30034.757529353814
4663,310.3411454485338,-30034.931543159884
4664,306.39766454639823,-30035.7086756969
4665,296.0836388720465,-30035.785054093452
4666,294.42192622833727,-30035.830844959273
4667,291.89251399966713,-30036.28327241792
4668,271.99481257650643,-30036.021135861305
4669,283.8479436323105,-30035.503619499726
4670,323.1607351709553,-30035.643572789566
4671,331.496128467612,-30035.552614064796
4672,313.171160463707,-30035.92857005022
4673,320.15180096351344,-30035.520196306148
4674,305.81812336282445,-30035.996720933035
4675,258.26315762988503,-30036.468814216052
4676,299.4199946485443,-30035.607208939895
4677,307.9613953547298,-30035.54230765597
4678,306.3737422363116,-30035.324513050262
4679,304.1394536913671,-30035.45895483746
4680,300.9715937835651,-30035.779037311175
4681,269.7072008279281,-30036.494812321707
4682,304.40373980846283,-30035.887840198193
4683,292.2622599526209,-30035.738796465594
4684,313.3791187110035,-30035.265125193848
4685,311.54224768165176,-30035.448143547856
4686,312.72396643573603,-30035.55312313481
4687,317.936069339613,-30035.997920353322
4688,291.5797334262029,-30036.19154689348
4689,309.9200628398342,-30035.907000588104
4690,306.1784740962024,-30036.054044293713
4691,287.72452193495803,-30036.22036078898
4692,276.36897947956044,-30036.715569460932
4693,292.5550839511277,-30036.2372750093
4694,283.5299843855167,-30036.314368257328
4695,314.48037325845166,-30036.01080481175
4696,283.6386662106143,-30036.4737382318
4697,284.00952816840953,-30036.827671649804
4698,279.13679498424307,-30036.74150788292
4699,308.9433689507993,-30035.603493832707
4700,301.9867844715676,-30035.97219872815
4701,277.6602881214118,-30036.290443009013
4702,313.3640226291721,-30035.261599451027
4703,307.8305387823604,-30035.961621611328
4704,305.5302264912448,-30036.236399447687
4705,295.9472957787994,-30035.909584465364
4706,311.17940554765056,-30035.46314860965
4707,317.04926997883064,-30035.4792571192
4708,305.67782277394537,-30035.476819806358
4709,299.58467075898903,-30035.630401914703
4710,307.3417304505556,-30036.249332988216
4711,316.6340680545115,-30036.085425695706
4712,316.5384541506402,-30035.781195085245
4713,292.39752516987403,-30036.225621387293
4714,302.8459824367853,-30036.458354549526
4715,290.3649392957853,-30036.106932244245
4716,284.7723115329925,-30036.232273292833
4717,338.20465632401925,-30035.680395982996
4718,332.25569896616474,-30035.898702940336
4719,288.8407024298278,-30036.14339856306
4720,298.6347372764701,-30036.101611269758
4721,295.98970496032274,-30036.24640613763
4722,279.13759480133217,-30036.22390959798
4723,284.72790305293955,-30036.48534576427
4724,295.2686113201817,-30036.471613051275
4725,295.32511898280393,-30036.388157486577
4726,281.6438014993834,-30036.113863925773
4727,306.9555949408414,-30035.57547205065
4728,289.6893677000132,-30036.071226118296
4729,305.90000159211536,-30035.490750885667
4730,329.27800846487753,-30035.206179562712
4731,338.21750051111866,-30034.719134736384
4732,302.4359085305834,-30035.28900324579
4733,293.60882831835966,-30035.61696465414
4734,318.80179052847103,-30035.66945862734
4735,289.04161470936356,-30036.155912555176
4736,313.1841353199705,-30036.121602385
4737,282.4865432605948,-30036.293793912148
4738,284.5349695384385,-30036.20505253687
4739,294.24542885396727,-30036.024746822597
4740,294.0593416161844,-30035.632952905056
4741,316.6125619269348,-30035.042999022517
4742,341.5164059183344,-30034.80785854527
4743,324.85481668684406,-30034.764934793948
4744,318.7722965184117,-30034.39871766925
4745,339.16027194250944,-30034.267637155775
4746,312.03467669284225,-30033.877137784242
4747,349.40194652587473,-30034.173551168486
4748,327.72914395583,-30034.292094763292
4749,337.72424241449244,-30034.71398952267
4750,337.072642907264,-30033.865179163655
4751,300.3397626836664,-30034.710978675794
4752,301.6960828727508,-30034.67874481289
4753,311.36036331873237,-30034.905853068947
4754,285.461459296182,-30035.5606059721
4755,309.6831703502031,-30035.557502877055
4756,288.5062117277505,-30035.681126507418
4757,282.1212060373232,-30036.201439989392
4758,302.90461708620825,-30036.38070474766
4759,312.3757021297426,-30035.831432627376
4760,292.47296934097614,-30036.28817288981
4761,279.7680418569549,-30036.364268744153
4762,278.25767677247114,-30036.990229165127
4763,290.39788893217934,-30036.846336100883
4764,286.6159857374244,-30036.492442835097
4765,296.7469603936896,-30036.166772115987
4766,280.0220550144352,-30036.590288041934
4767,299.9157303884319,-30036.405260452902
4768,273.0464044532087,-30036.633301636153
4769,296.88711490921185,-30035.915192549546
4770,270.0756337165218,-30035.983572591078
4771,311.1845946689311,-30035.46497093926
4772,296.98235218428647,-30035.088573278194
4773,338.4515911656145,-30034.957374944624
4774,311.85227577348945,-30034.454000950496
4775,305.3209354983083,-30034.458471646834
4776,294.9837057389048,-30034.799106793387
4777,306.58170356696803,-30035.288021241173
4778,301.6765325791869,-30035.175331341554
4779,337.56493421740026,-30034.860583120895
4780,298.97123296950673,-30034.704457788215
4781,306.39939197922814,-30035.05238215576
4782,309.34486556648153,-30035.579701957977
4783,296.0906562871681,-30035.894252214654
4784,294.5980203124893,-30036.15843763616
4785,289.42350275116854,-30035.85331805311
4786,292.0907523891657,-30035.71186943228
4787,291.233771608935,-30036.079173350223
4788,289.3440356402723,-30035.451024201568
4789,305.3296868468762,-30034.909422938043
4790,308.2981751396589,-30034.953740763696
4791,311.10023337896394,-30034.70537857389
4792,313.58273893367476,-30034.625227180386
4793,308.00241384682903,-30034.888930006524
4794,301.1259470851822,-30034.626709229513
4795,302.0715999772456,-30034.3313890197
4796,291.0162728258106,-30034.311218057395
4797,317.31191979620945,-30033.814433724
4798,332.2759935761392,-30033.720457025665
4799,310.70223093955894,-30033.80720737549
4800,364.89199411019695,-30033.300691936838
4801,287.2876666663531,-30033.786059527993
4802,294.0233310049078,-30034.336985577404
4803,311.39094731172213,-30034.272269678262
4804,289.8519059079885,-30034.192129230414
4805,305.68079421716504,-30034.799010534076
4806,310.02255404464165,-30034.761839101444
4807,290.58345347458317,-30034.617049443325
4808,320.4745434238975,-30034.236670734343
4809,284.34302430061035,-30034.264578149265
4810,315.63022660293876,-30033.888071963385
4811,327.83921452274717,-30033.49049223357
4812,300.26560641334015,-30034.658160335846
4813,296.3075707458179,-30034.914175360784
4814,322.9360980425004,-30034.655094298665
4815,280.76478731094414,-30035.292270085996
4816,291.70048463547516,-30035.938503275782
4817,287.3619514015701,-30035.249030879895
4818,298.53165512160797,-30035.164756401726
4819,286.75665749379175,-30035.31506898124
4820,315.0275244719841,-30035.370060362206
4821,317.68444710152835,-30035.158559540763
4822,319.06001592982363,-30034.707871752606
4823,317.239033743466,-30034.78697399234
4824,309.3384348991955,-30034.59744217239
4825,275.0489787146742,-30034.84454411764
4826,317.54743051654566,-30034.2049818885
4827,314.9369873920101,-30034.081326786887
4828,326.1088166001448,-30033.54777998432
4829,306.21451662582405,-30033.969151441837
4830,328.01346252832917,-30034.42945956714
4831,312.10871757612745,-30034.4377715326
4832,295.0369492823841,-30034.65518662807
4833,298.47756634806694,-30034.84385412165
4834,312.22198561995845,-30034.17710403326
4835,328.2214284154056,-30033.766014518205
4836,315.21457216116414,-30033.918080070904
4837,320.6910407425526,-30034.367932519777
4838,309.55647654016536,-30033.70522753211
4839,316.7538790854019,-30033.793343275855
4840,305.7356712465991,-30034.37965857062
4841,293.7599082960413,-30034.335812828867
4842,315.00625901691774,-30034.153799497697
4843,296.966756352522,-30034.249122631914
4844,295.9883603554376,-30034.789408779325
4845,315.20511726150266,-30034.619490263187
4846,304.01912379172063,-30034.315503460755
4847,289.06312327867016,-30034.13583916682
4848,268.5590231476367,-30034.9534404338
4849,284.9067162311611,-30034.855838654512
4850,272.6348370894128,-30035.172972351047
4851,295.4583177961247,-30034.988315743416
4852,282.9433938869131,-30035.085013051317
4853,285.49774046663197,-30034.53820710512
4854,315.7337294352213,-30034.21358810295
4855,288.089036401421,-30033.877188574887
4856,304.6322061589282,-30033.770753420908
4857,312.05656363000656,-30034.45861735886
4858,292.6709021329015,-30034.320293231973
4859,305.27868219636014,-30034.277896045514
4860,319.71710649706563,-30033.771387455654
4861,308.586900532766,-30034.714041365587
4862,288.2464906548233,-30034.45915733159
4863,306.5405219461184,-30034.441403002395
4864,297.5776174348688,-30034.895834831084
4865,287.7774479962499,-30034.56082362602
4866,337.07905483953266,-30034.30056442147
4867,323.348997307113,-30035.04703063729
4868,290.8325238687437,-30034.688896451873
4869,254.08864872905625,-30035.41778559847
4870,308.49291951450283,-30035.192972722114
4871,278.8547160131655,-30035.17635225337
4872,308.9467726780869,-30035.046767414406
4873,304.5645267866189,-30035.37206870127
4874,322.62120832961335,-30034.866156311542
4875,289.9991877700105,-30035.225526264272
4876,293.6278016688928,-30034.987580167723
4877,299.1010777796443,-30034.472669335024
4878,322.8104672656621,-30034.558651534237
4879,316.6772732495451,-30034.351914803898
4880,307.734126552342,-30034.18280174823
4881,286.44924332949313,-30034.434145692747
4882,291.31566910462675,-30034.840780942235
4883,280.6846608999207,-30035.354836602575
4884,273.56275053961735,-30035.264818026128
4885,292.28067379496315,-30034.90239483197
4886,297.86452180505273,-30034.570243833117
4887,289.7282651889203,-30034.802667555203
4888,284.20445684490005,-30034.59424271277
4889,297.0739651504082,-30034.513998485058
4890,296.1934391669739,-30034.524474001122
4891,284.91544968854555,-30034.44741539668
4892,305.0100557874971,-30034.704588834837
4893,307.18802408148196,-30034.563754138493
4894,290.94970052883843,-30034.51602105816
4895,299.18261844014586,-30034.329989046313
4896,299.05677711632944,-30034.491364088866
4897,291.52181423559347,-30034.521131786714
4898,296.1221061444852,-30034.57510012426
4899,306.37581582568845,-30034.49438265901
4900,288.27883540906913,-30034.6321701847
4901,319.9826637952038,-30034.36625640039
4902,292.1582742912301,-30034.20821437107
4903,314.43798747736946,-30034.328279424662
4904,279.69062637445546,-30035.3173919299
4905,302.0672324111762,-30035.046342857222
4906,282.30245923445693,-30035.03085575227
4907,301.32622000378103,-30035.303301837164
4908,285.978161765142,-30035.377660254206
4909,312.29569435046693,-30035.081496153758
4910,266.35869612757494,-30035.35069807229
4911,294.6571390779288,-30034.336635006814
4912,313.888332255884,-30034.445649489462
4913,308.8354166035461,-30034.053480471237
4914,294.7335154117285,-30034.092522388524
4915,320.8594152800017,-30033.63712602317
4916,320.05251985226766,-30033.604730005183
4917,315.4206701167824,-30033.72538522947
4918,331.30574762243725,-30033.7527252456
4919,311.5018582659831,-30034.050724090994
4920,307.2849657413897,-30034.196076281947
4921,301.6206438711123,-30034.604474430074
4922,312.951569801057,-30034.43605810966
4923,287.98616390172026,-30034.567281547348
4924,302.99065420736895,-30034.765254872545
4925,314.72175628449935,-30034.274251835726
4926,326.85465878848237,-30033.98991801641
4927,322.69702738636687,-30034.24510461481
4928,327.2474240790637,-30034.343299345768
4929,312.2542016755743,-30034.279807630308
4930,319.1730398412869,-30033.58978853179
4931,318.2808955475412,-30033.946260020395
4932,335.1973743123974,-30033.47885285484
4933,344.4294889881348,-30033.406307272868
4934,322.9891590098468,-30033.493600610305
4935,292.1851451657763,-30033.6938651971
4936,303.87949978250106,-30033.811210280423
4937,294.4318102773534,-30034.611845824988
4938,280.9534906476348,-30034.87735743796
4939,307.83628065302895,-30034.91850813351
4940,306.37109242419956,-30034.32262671561
4941,311.5671394226082,-30034.937750509318
4942,316.3606318520578,-30034.635286594195
4943,312.6695920476977,-30034.732228053846
4944,321.2221940199006,-30034.764700684267
4945,337.902058924868,-30034.080601284608
4946,318.43690297107645,-30033.260687120448
4947,372.8973752759817,-30033.282504520943
4948,324.4361490404,-30033.392675101375
4949,336.13094018278633,-30033.943602931766
4950,307.442516575826,-30034.35226135426
4951,328.81476039912565,-30034.31941855042
4952,323.25947550832484,-30034.36178709611
4953,308.37987698526155,-30033.955587662203
4954,322.3743533494013,-30034.511050336954
4955,296.719219397456,-30034.845205721973
4956,306.7391398688195,-30035.10827170036
4957,293.3259355777753,-30035.83307953621
4958,289.0635104444228,-30035.83504815804
4959,284.45252877081674,-30035.8399430134
4960,290.7093294725435,-30035.281845401787
4961,282.0997368262165,-30035.0769811357
4962,287.49945554437306,-30035.386189992925
4963,306.146546240252,-30035.41227093239
4964,306.2731636197197,-30035.696188828817
4965,281.80369185314515,-30036.311005653883
4966,297.41814935399793,-30035.819776209293
4967,289.23953332903716,-30035.35990825456
4968,306.2699968171734,-30035.262674900267
4969,286.44789203556064,-30035.281836003047
4970,303.7015129719093,-30035.110618436014
4971,288.31557573932287,-30035.293353494282
4972,306.03792575548647,-30035.09469628679
4973,284.86902574702293,-30035.909523044218
4974,293.7484052350754,-30035.60172777147
4975,284.5296319772046,-30035.66221832379
4976,281.51782258149154,-30035.443211186477
4977,276.1476631590999,-30035.87153851677
4978,290.0165303799585,-30035.977042256804
4979,293.4056605178723,-30036.032241888985
4980,297.57451228516965,-30035.88419434853
4981,289.87225993596485,-30035.640834943068
4982,306.37860139528345,-30034.8224374468
4983,295.23635839102997,-30034.884535383648
4984,277.9666821647114,-30035.39404826036
4985,294.5428879369374,-30035.003577285795
4986,301.1582395320414,-30035.31730152607
4987,315.8721269722276,-30035.042130947364
4988,308.9136461548813,-30035.17260239132
4989,329.06490049537433,-30035.27405109639
4990,315.23837256186994,-30034.712402040353
4991,287.2016146608977,-30035.692525403272
4992,277.0143988854211,-30035.73641059367
4993,283.04289068397895,-30036.219223915774
4994,295.0068534871996,-30036.11883583839
4995,283.8502881473469,-30036.259419779606
4996,283.8340145704816,-30036.20123621636
4997,294.82687323495617,-30035.96712236506
4998,278.2312412288423,-30036.057301741275
4999,299.30430154344424,-30035.85817193958
5000,283.15857475449246,-30036.04638614381
