nohup: ignoring input
/global/cfs/cdirs/m4555/Jun/mattersim-LR/src/mattersim/__version__.py:2: UserWarning: pkg_resources is deprecated as an API. See https://setuptools.pypa.io/en/latest/pkg_resources.html. The pkg_resources package is slated for removal as early as 2025-11-30. Refrain from using this package or pin to Setuptools<81.
  import pkg_resources
[32m2025-11-11 20:49:32.229[0m | [1mINFO    [0m | [36mmattersim.forcefield.potential[0m:[36mfrom_checkpoint[0m:[36m908[0m - [1mLoading the model from ../../baseline/results/best_model.pth[0m
Step: 0, Temperature: 293.83 K, Total Energy: -30041.148601 eV
Step: 20, Temperature: 201.02 K, Total Energy: -30039.987725 eV
Step: 40, Temperature: 215.71 K, Total Energy: -30038.783489 eV
Step: 60, Temperature: 220.39 K, Total Energy: -30038.399921 eV
Step: 80, Temperature: 234.93 K, Total Energy: -30038.064818 eV
Step: 100, Temperature: 236.79 K, Total Energy: -30037.324420 eV
Step: 120, Temperature: 248.79 K, Total Energy: -30036.553386 eV
Step: 140, Temperature: 240.01 K, Total Energy: -30035.946423 eV
Step: 160, Temperature: 256.04 K, Total Energy: -30035.089278 eV
Step: 180, Temperature: 277.76 K, Total Energy: -30034.063397 eV
Step: 200, Temperature: 281.89 K, Total Energy: -30034.260118 eV
Step: 220, Temperature: 311.09 K, Total Energy: -30033.654941 eV
Step: 240, Temperature: 301.35 K, Total Energy: -30033.613232 eV
Step: 260, Temperature: 297.32 K, Total Energy: -30033.730438 eV
Step: 280, Temperature: 297.60 K, Total Energy: -30033.821096 eV
Step: 300, Temperature: 284.03 K, Total Energy: -30034.008681 eV
Step: 320, Temperature: 305.14 K, Total Energy: -30033.843890 eV
Step: 340, Temperature: 308.62 K, Total Energy: -30033.451551 eV
Step: 360, Temperature: 277.56 K, Total Energy: -30033.740263 eV
Step: 380, Temperature: 264.62 K, Total Energy: -30033.746051 eV
Step: 400, Temperature: 268.20 K, Total Energy: -30033.278910 eV
Step: 420, Temperature: 313.35 K, Total Energy: -30032.410301 eV
Step: 440, Temperature: 310.34 K, Total Energy: -30032.691404 eV
Step: 460, Temperature: 283.65 K, Total Energy: -30032.559309 eV
Step: 480, Temperature: 289.41 K, Total Energy: -30032.623195 eV
Step: 500, Temperature: 286.41 K, Total Energy: -30032.351162 eV
Step: 520, Temperature: 295.70 K, Total Energy: -30032.228355 eV
Step: 540, Temperature: 321.29 K, Total Energy: -30031.856656 eV
Step: 560, Temperature: 267.03 K, Total Energy: -30032.775291 eV
Step: 580, Temperature: 274.66 K, Total Energy: -30033.094685 eV
Step: 600, Temperature: 277.57 K, Total Energy: -30033.140371 eV
Step: 620, Temperature: 281.60 K, Total Energy: -30032.316196 eV
Step: 640, Temperature: 294.25 K, Total Energy: -30032.446495 eV
Step: 660, Temperature: 312.28 K, Total Energy: -30032.449066 eV
Step: 680, Temperature: 330.26 K, Total Energy: -30032.099345 eV
Step: 700, Temperature: 320.59 K, Total Energy: -30031.850861 eV
Step: 720, Temperature: 301.41 K, Total Energy: -30032.117567 eV
Step: 740, Temperature: 295.66 K, Total Energy: -30032.524360 eV
Step: 760, Temperature: 291.68 K, Total Energy: -30032.687053 eV
Step: 780, Temperature: 307.56 K, Total Energy: -30032.858943 eV
Step: 800, Temperature: 288.46 K, Total Energy: -30032.832776 eV
Step: 820, Temperature: 288.45 K, Total Energy: -30032.963811 eV
Step: 840, Temperature: 313.03 K, Total Energy: -30032.740804 eV
Step: 860, Temperature: 310.30 K, Total Energy: -30033.174863 eV
Step: 880, Temperature: 293.49 K, Total Energy: -30033.075156 eV
Step: 900, Temperature: 295.32 K, Total Energy: -30033.394038 eV
Step: 920, Temperature: 278.04 K, Total Energy: -30033.431271 eV
Step: 940, Temperature: 287.73 K, Total Energy: -30033.440941 eV
Step: 960, Temperature: 287.64 K, Total Energy: -30032.634504 eV
Step: 980, Temperature: 288.44 K, Total Energy: -30032.620180 eV
Step: 1000, Temperature: 289.17 K, Total Energy: -30031.758201 eV
Step: 1020, Temperature: 300.83 K, Total Energy: -30031.548346 eV
Step: 1040, Temperature: 305.53 K, Total Energy: -30031.703187 eV
Step: 1060, Temperature: 299.43 K, Total Energy: -30032.101015 eV
Step: 1080, Temperature: 306.66 K, Total Energy: -30032.483204 eV
Step: 1100, Temperature: 309.18 K, Total Energy: -30032.738256 eV
Step: 1120, Temperature: 300.49 K, Total Energy: -30032.289132 eV
Step: 1140, Temperature: 307.77 K, Total Energy: -30032.627297 eV
Step: 1160, Temperature: 272.09 K, Total Energy: -30032.788272 eV
Step: 1180, Temperature: 257.28 K, Total Energy: -30033.085269 eV
Step: 1200, Temperature: 278.65 K, Total Energy: -30032.810510 eV
Step: 1220, Temperature: 306.77 K, Total Energy: -30032.129065 eV
Step: 1240, Temperature: 291.35 K, Total Energy: -30031.906438 eV
Step: 1260, Temperature: 301.26 K, Total Energy: -30031.980719 eV
Step: 1280, Temperature: 326.28 K, Total Energy: -30031.703717 eV
Step: 1300, Temperature: 304.40 K, Total Energy: -30031.641726 eV
Step: 1320, Temperature: 297.60 K, Total Energy: -30031.713708 eV
Step: 1340, Temperature: 308.05 K, Total Energy: -30031.911278 eV
Step: 1360, Temperature: 298.84 K, Total Energy: -30032.198059 eV
Step: 1380, Temperature: 298.02 K, Total Energy: -30031.816291 eV
Step: 1400, Temperature: 311.56 K, Total Energy: -30031.025703 eV
Step: 1420, Temperature: 346.56 K, Total Energy: -30030.667082 eV
Step: 1440, Temperature: 331.23 K, Total Energy: -30031.205911 eV
Step: 1460, Temperature: 299.15 K, Total Energy: -30031.649113 eV
Step: 1480, Temperature: 306.05 K, Total Energy: -30031.276047 eV
Step: 1500, Temperature: 316.92 K, Total Energy: -30031.505979 eV
Step: 1520, Temperature: 319.27 K, Total Energy: -30031.089417 eV
Step: 1540, Temperature: 312.13 K, Total Energy: -30030.908032 eV
Step: 1560, Temperature: 325.38 K, Total Energy: -30031.206821 eV
Step: 1580, Temperature: 318.62 K, Total Energy: -30031.254144 eV
Step: 1600, Temperature: 304.41 K, Total Energy: -30032.143529 eV
Step: 1620, Temperature: 297.00 K, Total Energy: -30032.013983 eV
Step: 1640, Temperature: 308.37 K, Total Energy: -30031.432372 eV
Step: 1660, Temperature: 329.69 K, Total Energy: -30031.682099 eV
Step: 1680, Temperature: 325.55 K, Total Energy: -30031.530620 eV
Step: 1700, Temperature: 322.93 K, Total Energy: -30031.317352 eV
Step: 1720, Temperature: 317.38 K, Total Energy: -30031.301006 eV
Step: 1740, Temperature: 317.49 K, Total Energy: -30031.966125 eV
Step: 1760, Temperature: 327.67 K, Total Energy: -30031.713456 eV
Step: 1780, Temperature: 304.73 K, Total Energy: -30031.371723 eV
Step: 1800, Temperature: 315.66 K, Total Energy: -30031.479207 eV
Step: 1820, Temperature: 306.31 K, Total Energy: -30031.486308 eV
Step: 1840, Temperature: 339.86 K, Total Energy: -30031.142596 eV
Step: 1860, Temperature: 320.57 K, Total Energy: -30031.478435 eV
Step: 1880, Temperature: 279.30 K, Total Energy: -30031.784192 eV
Step: 1900, Temperature: 315.41 K, Total Energy: -30032.307616 eV
Step: 1920, Temperature: 301.39 K, Total Energy: -30032.110404 eV
Step: 1940, Temperature: 297.43 K, Total Energy: -30031.936656 eV
Step: 1960, Temperature: 299.18 K, Total Energy: -30032.376874 eV
Step: 1980, Temperature: 289.31 K, Total Energy: -30032.350341 eV
Step: 2000, Temperature: 309.25 K, Total Energy: -30031.812514 eV
Step: 2020, Temperature: 323.58 K, Total Energy: -30031.904484 eV
Step: 2040, Temperature: 320.27 K, Total Energy: -30031.280768 eV
Step: 2060, Temperature: 322.20 K, Total Energy: -30031.589633 eV
Step: 2080, Temperature: 301.32 K, Total Energy: -30031.303524 eV
Step: 2100, Temperature: 314.55 K, Total Energy: -30032.110715 eV
Step: 2120, Temperature: 288.77 K, Total Energy: -30032.481178 eV
Step: 2140, Temperature: 298.92 K, Total Energy: -30032.244843 eV
Step: 2160, Temperature: 296.63 K, Total Energy: -30032.746008 eV
Step: 2180, Temperature: 322.52 K, Total Energy: -30032.577760 eV
Step: 2200, Temperature: 337.37 K, Total Energy: -30031.892865 eV
Step: 2220, Temperature: 323.69 K, Total Energy: -30031.997533 eV
Step: 2240, Temperature: 329.99 K, Total Energy: -30031.735024 eV
Step: 2260, Temperature: 330.40 K, Total Energy: -30031.804794 eV
Step: 2280, Temperature: 320.46 K, Total Energy: -30031.955901 eV
Step: 2300, Temperature: 327.44 K, Total Energy: -30032.096319 eV
Step: 2320, Temperature: 309.40 K, Total Energy: -30032.474837 eV
Step: 2340, Temperature: 324.07 K, Total Energy: -30032.665521 eV
Step: 2360, Temperature: 301.19 K, Total Energy: -30032.318508 eV
Step: 2380, Temperature: 295.17 K, Total Energy: -30032.610925 eV
Step: 2400, Temperature: 299.26 K, Total Energy: -30032.251850 eV
Step: 2420, Temperature: 296.54 K, Total Energy: -30032.580272 eV
Step: 2440, Temperature: 296.45 K, Total Energy: -30032.219150 eV
Step: 2460, Temperature: 316.92 K, Total Energy: -30032.308601 eV
Step: 2480, Temperature: 315.67 K, Total Energy: -30032.410618 eV
Step: 2500, Temperature: 297.80 K, Total Energy: -30032.622662 eV
Step: 2520, Temperature: 296.61 K, Total Energy: -30032.814834 eV
Step: 2540, Temperature: 293.74 K, Total Energy: -30033.449715 eV
Step: 2560, Temperature: 282.96 K, Total Energy: -30033.324712 eV
Step: 2580, Temperature: 273.02 K, Total Energy: -30033.251057 eV
Step: 2600, Temperature: 303.89 K, Total Energy: -30033.334404 eV
Step: 2620, Temperature: 305.46 K, Total Energy: -30032.759625 eV
Step: 2640, Temperature: 306.04 K, Total Energy: -30032.428621 eV
Step: 2660, Temperature: 314.83 K, Total Energy: -30032.037260 eV
Step: 2680, Temperature: 317.30 K, Total Energy: -30032.275668 eV
Step: 2700, Temperature: 311.80 K, Total Energy: -30032.783513 eV
Step: 2720, Temperature: 293.76 K, Total Energy: -30033.466756 eV
Step: 2740, Temperature: 308.09 K, Total Energy: -30033.263573 eV
Step: 2760, Temperature: 298.72 K, Total Energy: -30033.583730 eV
Step: 2780, Temperature: 282.92 K, Total Energy: -30033.886272 eV
Step: 2800, Temperature: 295.41 K, Total Energy: -30033.813678 eV
Step: 2820, Temperature: 306.63 K, Total Energy: -30033.226364 eV
Step: 2840, Temperature: 315.87 K, Total Energy: -30033.175002 eV
Step: 2860, Temperature: 308.42 K, Total Energy: -30033.286660 eV
Step: 2880, Temperature: 294.13 K, Total Energy: -30033.324502 eV
Step: 2900, Temperature: 292.33 K, Total Energy: -30033.520347 eV
Step: 2920, Temperature: 307.43 K, Total Energy: -30033.579233 eV
Step: 2940, Temperature: 289.25 K, Total Energy: -30033.873402 eV
Step: 2960, Temperature: 295.40 K, Total Energy: -30033.390128 eV
Step: 2980, Temperature: 308.73 K, Total Energy: -30033.087356 eV
Step: 3000, Temperature: 315.06 K, Total Energy: -30033.050921 eV
Step: 3020, Temperature: 277.74 K, Total Energy: -30033.042360 eV
Step: 3040, Temperature: 293.96 K, Total Energy: -30032.561360 eV
Step: 3060, Temperature: 305.13 K, Total Energy: -30032.519968 eV
Step: 3080, Temperature: 309.80 K, Total Energy: -30031.937284 eV
Step: 3100, Temperature: 303.17 K, Total Energy: -30032.586841 eV
Step: 3120, Temperature: 292.71 K, Total Energy: -30032.274495 eV
Step: 3140, Temperature: 324.94 K, Total Energy: -30032.880055 eV
Step: 3160, Temperature: 273.66 K, Total Energy: -30033.123752 eV
Step: 3180, Temperature: 300.56 K, Total Energy: -30032.773664 eV
Step: 3200, Temperature: 319.78 K, Total Energy: -30032.470920 eV
Step: 3220, Temperature: 319.41 K, Total Energy: -30032.597461 eV
Step: 3240, Temperature: 298.24 K, Total Energy: -30032.322485 eV
Step: 3260, Temperature: 306.30 K, Total Energy: -30032.738364 eV
Step: 3280, Temperature: 300.71 K, Total Energy: -30032.855857 eV
Step: 3300, Temperature: 286.96 K, Total Energy: -30033.159479 eV
Step: 3320, Temperature: 307.69 K, Total Energy: -30032.613550 eV
Step: 3340, Temperature: 335.41 K, Total Energy: -30032.165000 eV
Step: 3360, Temperature: 331.34 K, Total Energy: -30032.661912 eV
Step: 3380, Temperature: 309.40 K, Total Energy: -30032.834219 eV
Step: 3400, Temperature: 308.84 K, Total Energy: -30032.731014 eV
Step: 3420, Temperature: 309.83 K, Total Energy: -30032.917122 eV
Step: 3440, Temperature: 299.35 K, Total Energy: -30033.374540 eV
Step: 3460, Temperature: 292.75 K, Total Energy: -30033.786970 eV
Step: 3480, Temperature: 286.03 K, Total Energy: -30033.952405 eV
Step: 3500, Temperature: 326.81 K, Total Energy: -30033.856322 eV
Step: 3520, Temperature: 276.48 K, Total Energy: -30034.783204 eV
Step: 3540, Temperature: 297.05 K, Total Energy: -30034.711865 eV
Step: 3560, Temperature: 297.84 K, Total Energy: -30033.863761 eV
Step: 3580, Temperature: 306.78 K, Total Energy: -30033.480398 eV
Step: 3600, Temperature: 299.20 K, Total Energy: -30033.870586 eV
Step: 3620, Temperature: 281.32 K, Total Energy: -30033.561559 eV
Step: 3640, Temperature: 306.44 K, Total Energy: -30033.358054 eV
Step: 3660, Temperature: 259.10 K, Total Energy: -30033.729095 eV
Step: 3680, Temperature: 273.65 K, Total Energy: -30033.532110 eV
Step: 3700, Temperature: 261.09 K, Total Energy: -30033.975671 eV
Step: 3720, Temperature: 268.61 K, Total Energy: -30034.067346 eV
Step: 3740, Temperature: 278.27 K, Total Energy: -30033.669676 eV
Step: 3760, Temperature: 314.58 K, Total Energy: -30033.225079 eV
Step: 3780, Temperature: 343.12 K, Total Energy: -30032.261455 eV
Step: 3800, Temperature: 325.40 K, Total Energy: -30032.227761 eV
Step: 3820, Temperature: 316.39 K, Total Energy: -30032.964546 eV
Step: 3840, Temperature: 309.75 K, Total Energy: -30033.227584 eV
Step: 3860, Temperature: 313.83 K, Total Energy: -30032.599513 eV
Step: 3880, Temperature: 312.02 K, Total Energy: -30032.692000 eV
Step: 3900, Temperature: 310.29 K, Total Energy: -30032.563572 eV
Step: 3920, Temperature: 343.98 K, Total Energy: -30032.489787 eV
Step: 3940, Temperature: 337.10 K, Total Energy: -30032.403535 eV
Step: 3960, Temperature: 327.32 K, Total Energy: -30032.741814 eV
Step: 3980, Temperature: 312.47 K, Total Energy: -30033.003005 eV
Step: 4000, Temperature: 281.78 K, Total Energy: -30032.774400 eV
Step: 4020, Temperature: 318.10 K, Total Energy: -30033.046507 eV
Step: 4040, Temperature: 313.77 K, Total Energy: -30033.042407 eV
Step: 4060, Temperature: 317.13 K, Total Energy: -30032.916761 eV
Step: 4080, Temperature: 298.52 K, Total Energy: -30033.608409 eV
Step: 4100, Temperature: 297.05 K, Total Energy: -30033.192378 eV
Step: 4120, Temperature: 283.05 K, Total Energy: -30033.547044 eV
Step: 4140, Temperature: 296.46 K, Total Energy: -30033.970872 eV
Step: 4160, Temperature: 288.97 K, Total Energy: -30033.876585 eV
Step: 4180, Temperature: 293.98 K, Total Energy: -30034.402495 eV
Step: 4200, Temperature: 286.78 K, Total Energy: -30034.847671 eV
Step: 4220, Temperature: 262.49 K, Total Energy: -30034.497093 eV
Step: 4240, Temperature: 271.80 K, Total Energy: -30034.067002 eV
Step: 4260, Temperature: 288.60 K, Total Energy: -30034.040159 eV
Step: 4280, Temperature: 302.82 K, Total Energy: -30033.304749 eV
Step: 4300, Temperature: 305.27 K, Total Energy: -30033.170723 eV
Step: 4320, Temperature: 304.39 K, Total Energy: -30033.308205 eV
Step: 4340, Temperature: 313.60 K, Total Energy: -30033.361196 eV
Step: 4360, Temperature: 309.04 K, Total Energy: -30033.159753 eV
Step: 4380, Temperature: 321.55 K, Total Energy: -30033.313137 eV
Step: 4400, Temperature: 294.43 K, Total Energy: -30033.033772 eV
Step: 4420, Temperature: 299.92 K, Total Energy: -30033.270351 eV
Step: 4440, Temperature: 291.14 K, Total Energy: -30033.868551 eV
Step: 4460, Temperature: 282.29 K, Total Energy: -30033.214658 eV
Step: 4480, Temperature: 321.09 K, Total Energy: -30032.572691 eV
Step: 4500, Temperature: 323.06 K, Total Energy: -30032.239856 eV
Step: 4520, Temperature: 309.39 K, Total Energy: -30032.668360 eV
Step: 4540, Temperature: 304.80 K, Total Energy: -30033.270411 eV
Step: 4560, Temperature: 337.21 K, Total Energy: -30032.135060 eV
Step: 4580, Temperature: 325.89 K, Total Energy: -30032.410622 eV
Step: 4600, Temperature: 311.49 K, Total Energy: -30032.336250 eV
Step: 4620, Temperature: 338.43 K, Total Energy: -30032.928739 eV
Step: 4640, Temperature: 316.00 K, Total Energy: -30032.622863 eV
Step: 4660, Temperature: 310.60 K, Total Energy: -30032.682715 eV
Step: 4680, Temperature: 320.71 K, Total Energy: -30032.457306 eV
Step: 4700, Temperature: 322.61 K, Total Energy: -30032.426900 eV
Step: 4720, Temperature: 307.84 K, Total Energy: -30032.744638 eV
Step: 4740, Temperature: 298.01 K, Total Energy: -30033.007883 eV
Step: 4760, Temperature: 290.00 K, Total Energy: -30032.920796 eV
Step: 4780, Temperature: 289.18 K, Total Energy: -30033.251919 eV
Step: 4800, Temperature: 297.83 K, Total Energy: -30032.381775 eV
Step: 4820, Temperature: 317.16 K, Total Energy: -30032.972679 eV
Step: 4840, Temperature: 286.79 K, Total Energy: -30033.281037 eV
Step: 4860, Temperature: 311.26 K, Total Energy: -30033.027450 eV
Step: 4880, Temperature: 293.62 K, Total Energy: -30033.171487 eV
Step: 4900, Temperature: 294.10 K, Total Energy: -30033.555682 eV
Step: 4920, Temperature: 276.96 K, Total Energy: -30033.940949 eV
Step: 4940, Temperature: 291.99 K, Total Energy: -30033.747606 eV
Step: 4960, Temperature: 309.57 K, Total Energy: -30033.745805 eV
Step: 4980, Temperature: 324.54 K, Total Energy: -30033.169237 eV
Step: 5000, Temperature: 309.46 K, Total Energy: -30033.016239 eV
Step: 5020, Temperature: 290.17 K, Total Energy: -30032.760376 eV
Step: 5040, Temperature: 299.49 K, Total Energy: -30032.757848 eV
Step: 5060, Temperature: 310.67 K, Total Energy: -30032.731904 eV
Step: 5080, Temperature: 296.69 K, Total Energy: -30032.578439 eV
Step: 5100, Temperature: 302.69 K, Total Energy: -30032.485829 eV
Step: 5120, Temperature: 302.18 K, Total Energy: -30032.568881 eV
Step: 5140, Temperature: 291.18 K, Total Energy: -30032.922322 eV
Step: 5160, Temperature: 283.28 K, Total Energy: -30032.935909 eV
Step: 5180, Temperature: 293.36 K, Total Energy: -30033.422141 eV
Step: 5200, Temperature: 289.03 K, Total Energy: -30033.435458 eV
Step: 5220, Temperature: 309.92 K, Total Energy: -30033.410937 eV
Step: 5240, Temperature: 305.87 K, Total Energy: -30033.497381 eV
Step: 5260, Temperature: 303.68 K, Total Energy: -30033.288824 eV
Step: 5280, Temperature: 305.30 K, Total Energy: -30032.652382 eV
Step: 5300, Temperature: 305.79 K, Total Energy: -30032.364722 eV
Step: 5320, Temperature: 293.41 K, Total Energy: -30032.735250 eV
Step: 5340, Temperature: 298.95 K, Total Energy: -30032.949093 eV
Step: 5360, Temperature: 300.48 K, Total Energy: -30032.816696 eV
Step: 5380, Temperature: 298.92 K, Total Energy: -30033.207628 eV
Step: 5400, Temperature: 301.81 K, Total Energy: -30033.597871 eV
Step: 5420, Temperature: 289.03 K, Total Energy: -30033.205005 eV
Step: 5440, Temperature: 287.98 K, Total Energy: -30032.913083 eV
Step: 5460, Temperature: 309.00 K, Total Energy: -30033.051187 eV
Step: 5480, Temperature: 283.03 K, Total Energy: -30033.069234 eV
Step: 5500, Temperature: 305.44 K, Total Energy: -30033.043386 eV
Step: 5520, Temperature: 326.97 K, Total Energy: -30032.451796 eV
Step: 5540, Temperature: 337.28 K, Total Energy: -30032.043460 eV
Step: 5560, Temperature: 323.73 K, Total Energy: -30032.449549 eV
Step: 5580, Temperature: 345.90 K, Total Energy: -30032.037197 eV
Step: 5600, Temperature: 319.92 K, Total Energy: -30031.899156 eV
Step: 5620, Temperature: 309.41 K, Total Energy: -30032.687386 eV
Step: 5640, Temperature: 318.62 K, Total Energy: -30033.019826 eV
Step: 5660, Temperature: 301.90 K, Total Energy: -30033.658054 eV
Step: 5680, Temperature: 317.70 K, Total Energy: -30033.394414 eV
Step: 5700, Temperature: 290.57 K, Total Energy: -30033.164317 eV
Step: 5720, Temperature: 299.02 K, Total Energy: -30033.513669 eV
Step: 5740, Temperature: 297.31 K, Total Energy: -30034.039242 eV
Step: 5760, Temperature: 282.81 K, Total Energy: -30033.871653 eV
Step: 5780, Temperature: 289.08 K, Total Energy: -30033.340564 eV
Step: 5800, Temperature: 286.12 K, Total Energy: -30033.333091 eV
Step: 5820, Temperature: 298.24 K, Total Energy: -30033.166156 eV
Step: 5840, Temperature: 295.10 K, Total Energy: -30033.044186 eV
Step: 5860, Temperature: 297.84 K, Total Energy: -30032.500473 eV
Step: 5880, Temperature: 310.39 K, Total Energy: -30032.694029 eV
Step: 5900, Temperature: 285.77 K, Total Energy: -30032.972757 eV
Step: 5920, Temperature: 305.95 K, Total Energy: -30032.651516 eV
Step: 5940, Temperature: 318.58 K, Total Energy: -30032.557873 eV
Step: 5960, Temperature: 296.49 K, Total Energy: -30032.397797 eV
Step: 5980, Temperature: 302.84 K, Total Energy: -30032.634378 eV
Step: 6000, Temperature: 328.18 K, Total Energy: -30032.226001 eV
Step: 6020, Temperature: 309.45 K, Total Energy: -30032.305627 eV
Step: 6040, Temperature: 324.49 K, Total Energy: -30032.715505 eV
Step: 6060, Temperature: 304.86 K, Total Energy: -30032.718070 eV
Step: 6080, Temperature: 299.59 K, Total Energy: -30032.698573 eV
Step: 6100, Temperature: 278.40 K, Total Energy: -30033.164404 eV
Step: 6120, Temperature: 295.85 K, Total Energy: -30033.085902 eV
Step: 6140, Temperature: 308.45 K, Total Energy: -30033.151168 eV
Step: 6160, Temperature: 297.41 K, Total Energy: -30033.413736 eV
Step: 6180, Temperature: 294.10 K, Total Energy: -30033.520591 eV
Step: 6200, Temperature: 290.25 K, Total Energy: -30033.865758 eV
Step: 6220, Temperature: 271.81 K, Total Energy: -30033.648829 eV
Step: 6240, Temperature: 287.44 K, Total Energy: -30033.489349 eV
Step: 6260, Temperature: 297.47 K, Total Energy: -30033.244137 eV
Step: 6280, Temperature: 302.42 K, Total Energy: -30033.537554 eV
Step: 6300, Temperature: 301.76 K, Total Energy: -30034.276638 eV
Step: 6320, Temperature: 288.89 K, Total Energy: -30034.013242 eV
Step: 6340, Temperature: 310.09 K, Total Energy: -30033.463308 eV
Step: 6360, Temperature: 292.00 K, Total Energy: -30034.239545 eV
Step: 6380, Temperature: 279.74 K, Total Energy: -30033.823841 eV
Step: 6400, Temperature: 290.61 K, Total Energy: -30034.475856 eV
Step: 6420, Temperature: 270.41 K, Total Energy: -30034.838546 eV
Step: 6440, Temperature: 308.56 K, Total Energy: -30034.021395 eV
Step: 6460, Temperature: 297.87 K, Total Energy: -30033.327953 eV
Step: 6480, Temperature: 318.29 K, Total Energy: -30033.717561 eV
Step: 6500, Temperature: 291.11 K, Total Energy: -30033.553078 eV
Step: 6520, Temperature: 278.46 K, Total Energy: -30033.483109 eV
Step: 6540, Temperature: 296.85 K, Total Energy: -30033.322409 eV
Step: 6560, Temperature: 313.38 K, Total Energy: -30032.972140 eV
Step: 6580, Temperature: 315.64 K, Total Energy: -30033.083208 eV
Step: 6600, Temperature: 309.40 K, Total Energy: -30033.154468 eV
Step: 6620, Temperature: 320.45 K, Total Energy: -30033.012710 eV
Step: 6640, Temperature: 322.68 K, Total Energy: -30032.860830 eV
Step: 6660, Temperature: 309.12 K, Total Energy: -30032.735663 eV
Step: 6680, Temperature: 312.70 K, Total Energy: -30033.491278 eV
Step: 6700, Temperature: 298.74 K, Total Energy: -30033.208334 eV
Step: 6720, Temperature: 277.42 K, Total Energy: -30033.476290 eV
Step: 6740, Temperature: 294.72 K, Total Energy: -30033.555755 eV
Step: 6760, Temperature: 301.66 K, Total Energy: -30033.476455 eV
Step: 6780, Temperature: 275.01 K, Total Energy: -30033.714655 eV
Step: 6800, Temperature: 305.46 K, Total Energy: -30033.351470 eV
Step: 6820, Temperature: 297.63 K, Total Energy: -30033.373012 eV
Step: 6840, Temperature: 286.54 K, Total Energy: -30034.115358 eV
Step: 6860, Temperature: 294.68 K, Total Energy: -30034.123176 eV
Step: 6880, Temperature: 308.11 K, Total Energy: -30033.315784 eV
Step: 6900, Temperature: 297.57 K, Total Energy: -30033.026839 eV
Step: 6920, Temperature: 283.05 K, Total Energy: -30033.549031 eV
Step: 6940, Temperature: 315.00 K, Total Energy: -30033.382582 eV
Step: 6960, Temperature: 284.56 K, Total Energy: -30033.024689 eV
Step: 6980, Temperature: 311.81 K, Total Energy: -30033.275491 eV
Step: 7000, Temperature: 300.74 K, Total Energy: -30032.767196 eV
Step: 7020, Temperature: 323.33 K, Total Energy: -30032.490964 eV
Step: 7040, Temperature: 305.67 K, Total Energy: -30032.953577 eV
Step: 7060, Temperature: 263.90 K, Total Energy: -30034.221370 eV
Step: 7080, Temperature: 278.58 K, Total Energy: -30034.331818 eV
Step: 7100, Temperature: 297.45 K, Total Energy: -30034.256382 eV
Step: 7120, Temperature: 274.35 K, Total Energy: -30034.135488 eV
Step: 7140, Temperature: 276.27 K, Total Energy: -30034.151549 eV
Step: 7160, Temperature: 284.60 K, Total Energy: -30033.887123 eV
Step: 7180, Temperature: 287.34 K, Total Energy: -30033.923316 eV
Step: 7200, Temperature: 276.58 K, Total Energy: -30034.077328 eV
Step: 7220, Temperature: 279.30 K, Total Energy: -30034.639756 eV
Step: 7240, Temperature: 273.39 K, Total Energy: -30034.620720 eV
Step: 7260, Temperature: 274.63 K, Total Energy: -30034.925496 eV
Step: 7280, Temperature: 292.18 K, Total Energy: -30034.602077 eV
Step: 7300, Temperature: 301.05 K, Total Energy: -30034.653953 eV
Step: 7320, Temperature: 288.13 K, Total Energy: -30034.788221 eV
Step: 7340, Temperature: 290.44 K, Total Energy: -30034.308167 eV
Step: 7360, Temperature: 294.83 K, Total Energy: -30034.435866 eV
Step: 7380, Temperature: 307.01 K, Total Energy: -30034.546784 eV
Step: 7400, Temperature: 279.64 K, Total Energy: -30034.281478 eV
Step: 7420, Temperature: 284.82 K, Total Energy: -30034.543582 eV
Step: 7440, Temperature: 274.99 K, Total Energy: -30034.619524 eV
Step: 7460, Temperature: 286.63 K, Total Energy: -30034.365026 eV
Step: 7480, Temperature: 293.10 K, Total Energy: -30034.081035 eV
Step: 7500, Temperature: 310.92 K, Total Energy: -30033.762643 eV
Step: 7520, Temperature: 270.71 K, Total Energy: -30033.955826 eV
Step: 7540, Temperature: 302.64 K, Total Energy: -30033.537881 eV
Step: 7560, Temperature: 289.37 K, Total Energy: -30033.655515 eV
Step: 7580, Temperature: 299.98 K, Total Energy: -30033.491445 eV
Step: 7600, Temperature: 297.76 K, Total Energy: -30033.078742 eV
Step: 7620, Temperature: 333.65 K, Total Energy: -30032.541414 eV
Step: 7640, Temperature: 327.62 K, Total Energy: -30032.876976 eV
Step: 7660, Temperature: 312.43 K, Total Energy: -30032.957014 eV
Step: 7680, Temperature: 326.68 K, Total Energy: -30033.324482 eV
Step: 7700, Temperature: 300.04 K, Total Energy: -30033.884624 eV
Step: 7720, Temperature: 308.94 K, Total Energy: -30034.154478 eV
Step: 7740, Temperature: 294.22 K, Total Energy: -30034.001889 eV
Step: 7760, Temperature: 277.85 K, Total Energy: -30034.053236 eV
Step: 7780, Temperature: 298.11 K, Total Energy: -30033.630519 eV
Step: 7800, Temperature: 284.91 K, Total Energy: -30033.843946 eV
Step: 7820, Temperature: 280.35 K, Total Energy: -30033.921915 eV
Step: 7840, Temperature: 306.39 K, Total Energy: -30033.601468 eV
Step: 7860, Temperature: 295.13 K, Total Energy: -30033.859822 eV
Step: 7880, Temperature: 314.69 K, Total Energy: -30033.735877 eV
Step: 7900, Temperature: 326.71 K, Total Energy: -30033.485819 eV
Step: 7920, Temperature: 328.07 K, Total Energy: -30032.832385 eV
Step: 7940, Temperature: 317.76 K, Total Energy: -30033.226875 eV
Step: 7960, Temperature: 298.52 K, Total Energy: -30033.262723 eV
Step: 7980, Temperature: 319.36 K, Total Energy: -30033.047924 eV
Step: 8000, Temperature: 314.38 K, Total Energy: -30033.579812 eV
Step: 8020, Temperature: 306.54 K, Total Energy: -30033.377018 eV
Step: 8040, Temperature: 308.75 K, Total Energy: -30032.721729 eV
Step: 8060, Temperature: 287.36 K, Total Energy: -30033.296079 eV
Step: 8080, Temperature: 323.14 K, Total Energy: -30033.374519 eV
Step: 8100, Temperature: 293.00 K, Total Energy: -30034.265033 eV
Step: 8120, Temperature: 288.49 K, Total Energy: -30034.593585 eV
Step: 8140, Temperature: 291.19 K, Total Energy: -30034.463094 eV
Step: 8160, Temperature: 293.96 K, Total Energy: -30033.721491 eV
Step: 8180, Temperature: 335.61 K, Total Energy: -30033.181302 eV
Step: 8200, Temperature: 317.73 K, Total Energy: -30033.126274 eV
Step: 8220, Temperature: 325.74 K, Total Energy: -30032.857958 eV
Step: 8240, Temperature: 275.11 K, Total Energy: -30033.485588 eV
Step: 8260, Temperature: 305.87 K, Total Energy: -30033.243433 eV
Step: 8280, Temperature: 317.57 K, Total Energy: -30032.811714 eV
Step: 8300, Temperature: 317.39 K, Total Energy: -30032.476652 eV
Step: 8320, Temperature: 288.12 K, Total Energy: -30033.007373 eV
Step: 8340, Temperature: 292.59 K, Total Energy: -30033.697394 eV
Step: 8360, Temperature: 299.47 K, Total Energy: -30033.379466 eV
Step: 8380, Temperature: 314.04 K, Total Energy: -30033.434007 eV
Step: 8400, Temperature: 293.37 K, Total Energy: -30033.408231 eV
Step: 8420, Temperature: 308.31 K, Total Energy: -30033.266010 eV
Step: 8440, Temperature: 305.09 K, Total Energy: -30033.099140 eV
Step: 8460, Temperature: 317.59 K, Total Energy: -30033.793741 eV
Step: 8480, Temperature: 289.38 K, Total Energy: -30034.328906 eV
Step: 8500, Temperature: 294.71 K, Total Energy: -30033.823489 eV
Step: 8520, Temperature: 285.27 K, Total Energy: -30033.928681 eV
Step: 8540, Temperature: 308.97 K, Total Energy: -30033.735541 eV
Step: 8560, Temperature: 282.92 K, Total Energy: -30033.857105 eV
Step: 8580, Temperature: 313.10 K, Total Energy: -30033.422555 eV
Step: 8600, Temperature: 305.12 K, Total Energy: -30033.723361 eV
Step: 8620, Temperature: 305.83 K, Total Energy: -30033.429972 eV
Step: 8640, Temperature: 295.18 K, Total Energy: -30033.842970 eV
Step: 8660, Temperature: 309.72 K, Total Energy: -30033.759624 eV
Step: 8680, Temperature: 273.46 K, Total Energy: -30034.167829 eV
Step: 8700, Temperature: 263.09 K, Total Energy: -30034.677239 eV
Step: 8720, Temperature: 282.91 K, Total Energy: -30035.021303 eV
Step: 8740, Temperature: 273.72 K, Total Energy: -30035.211923 eV
Step: 8760, Temperature: 295.54 K, Total Energy: -30034.656087 eV
Step: 8780, Temperature: 298.85 K, Total Energy: -30033.963442 eV
Step: 8800, Temperature: 334.19 K, Total Energy: -30034.154629 eV
Step: 8820, Temperature: 310.06 K, Total Energy: -30033.860579 eV
Step: 8840, Temperature: 273.61 K, Total Energy: -30034.611303 eV
Step: 8860, Temperature: 281.65 K, Total Energy: -30034.322765 eV
Step: 8880, Temperature: 278.94 K, Total Energy: -30034.307005 eV
Step: 8900, Temperature: 294.91 K, Total Energy: -30033.976823 eV
Step: 8920, Temperature: 296.08 K, Total Energy: -30033.357360 eV
Step: 8940, Temperature: 322.51 K, Total Energy: -30033.074039 eV
Step: 8960, Temperature: 312.21 K, Total Energy: -30033.208778 eV
Step: 8980, Temperature: 300.90 K, Total Energy: -30032.542465 eV
Step: 9000, Temperature: 328.97 K, Total Energy: -30032.383882 eV
Step: 9020, Temperature: 339.81 K, Total Energy: -30032.083411 eV
Step: 9040, Temperature: 318.74 K, Total Energy: -30032.942420 eV
Step: 9060, Temperature: 313.21 K, Total Energy: -30032.921762 eV
Step: 9080, Temperature: 306.78 K, Total Energy: -30033.728363 eV
Step: 9100, Temperature: 262.31 K, Total Energy: -30033.548556 eV
Step: 9120, Temperature: 304.00 K, Total Energy: -30033.538621 eV
Step: 9140, Temperature: 276.77 K, Total Energy: -30033.756122 eV
Step: 9160, Temperature: 284.86 K, Total Energy: -30033.638350 eV
Step: 9180, Temperature: 298.47 K, Total Energy: -30033.334391 eV
Step: 9200, Temperature: 309.99 K, Total Energy: -30033.247126 eV
Step: 9220, Temperature: 341.03 K, Total Energy: -30032.566117 eV
Step: 9240, Temperature: 346.97 K, Total Energy: -30032.662583 eV
Step: 9260, Temperature: 341.37 K, Total Energy: -30032.485484 eV
Step: 9280, Temperature: 292.02 K, Total Energy: -30032.823080 eV
Step: 9300, Temperature: 290.04 K, Total Energy: -30033.347531 eV
Step: 9320, Temperature: 288.94 K, Total Energy: -30033.574441 eV
Step: 9340, Temperature: 322.12 K, Total Energy: -30033.658131 eV
Step: 9360, Temperature: 310.13 K, Total Energy: -30033.935020 eV
Step: 9380, Temperature: 307.67 K, Total Energy: -30034.028045 eV
Step: 9400, Temperature: 279.92 K, Total Energy: -30034.108563 eV
Step: 9420, Temperature: 267.58 K, Total Energy: -30034.366721 eV
Step: 9440, Temperature: 302.37 K, Total Energy: -30034.321890 eV
Step: 9460, Temperature: 274.95 K, Total Energy: -30034.095132 eV
Step: 9480, Temperature: 292.81 K, Total Energy: -30033.750402 eV
Step: 9500, Temperature: 321.49 K, Total Energy: -30033.734554 eV
Step: 9520, Temperature: 283.16 K, Total Energy: -30033.991652 eV
Step: 9540, Temperature: 307.73 K, Total Energy: -30033.704344 eV
Step: 9560, Temperature: 312.03 K, Total Energy: -30033.031472 eV
Step: 9580, Temperature: 352.37 K, Total Energy: -30032.954133 eV
Step: 9600, Temperature: 318.54 K, Total Energy: -30033.013890 eV
Step: 9620, Temperature: 337.14 K, Total Energy: -30032.550891 eV
Step: 9640, Temperature: 298.84 K, Total Energy: -30033.262461 eV
Step: 9660, Temperature: 326.98 K, Total Energy: -30032.644889 eV
Step: 9680, Temperature: 321.50 K, Total Energy: -30032.244109 eV
Step: 9700, Temperature: 317.96 K, Total Energy: -30031.950349 eV
Step: 9720, Temperature: 330.65 K, Total Energy: -30032.034826 eV
Step: 9740, Temperature: 317.58 K, Total Energy: -30032.135804 eV
Step: 9760, Temperature: 304.98 K, Total Energy: -30032.533533 eV
Step: 9780, Temperature: 349.69 K, Total Energy: -30032.162391 eV
Step: 9800, Temperature: 302.50 K, Total Energy: -30032.455437 eV
Step: 9820, Temperature: 314.96 K, Total Energy: -30032.438215 eV
Step: 9840, Temperature: 297.06 K, Total Energy: -30032.803397 eV
Step: 9860, Temperature: 297.85 K, Total Energy: -30032.869354 eV
Step: 9880, Temperature: 310.62 K, Total Energy: -30033.035953 eV
Step: 9900, Temperature: 316.68 K, Total Energy: -30032.359782 eV
Step: 9920, Temperature: 312.86 K, Total Energy: -30032.565253 eV
Step: 9940, Temperature: 307.63 K, Total Energy: -30032.640552 eV
Step: 9960, Temperature: 311.21 K, Total Energy: -30032.956474 eV
Step: 9980, Temperature: 292.99 K, Total Energy: -30032.417726 eV
Step: 10000, Temperature: 347.66 K, Total Energy: -30032.133574 eV
Step: 10020, Temperature: 314.17 K, Total Energy: -30032.428685 eV
Step: 10040, Temperature: 296.52 K, Total Energy: -30032.779910 eV
Step: 10060, Temperature: 289.73 K, Total Energy: -30032.673792 eV
Step: 10080, Temperature: 279.32 K, Total Energy: -30033.418564 eV
Step: 10100, Temperature: 269.00 K, Total Energy: -30033.920882 eV
Step: 10120, Temperature: 295.19 K, Total Energy: -30033.707921 eV
Step: 10140, Temperature: 305.48 K, Total Energy: -30033.380304 eV
Step: 10160, Temperature: 301.11 K, Total Energy: -30032.986519 eV
Step: 10180, Temperature: 313.55 K, Total Energy: -30032.805735 eV
Step: 10200, Temperature: 303.96 K, Total Energy: -30033.156890 eV
Step: 10220, Temperature: 279.11 K, Total Energy: -30032.962777 eV
Step: 10240, Temperature: 309.35 K, Total Energy: -30032.704651 eV
Step: 10260, Temperature: 317.52 K, Total Energy: -30032.178271 eV
Step: 10280, Temperature: 302.29 K, Total Energy: -30032.458656 eV
Step: 10300, Temperature: 292.14 K, Total Energy: -30032.878591 eV
Step: 10320, Temperature: 316.68 K, Total Energy: -30032.142774 eV
Step: 10340, Temperature: 346.86 K, Total Energy: -30031.774671 eV
Step: 10360, Temperature: 324.27 K, Total Energy: -30031.869621 eV
Step: 10380, Temperature: 314.11 K, Total Energy: -30031.986827 eV
Step: 10400, Temperature: 316.41 K, Total Energy: -30032.091094 eV
Step: 10420, Temperature: 323.01 K, Total Energy: -30031.915016 eV
Step: 10440, Temperature: 337.03 K, Total Energy: -30031.688504 eV
Step: 10460, Temperature: 342.58 K, Total Energy: -30031.870790 eV
Step: 10480, Temperature: 287.78 K, Total Energy: -30032.881143 eV
Step: 10500, Temperature: 268.44 K, Total Energy: -30033.093146 eV
Step: 10520, Temperature: 319.68 K, Total Energy: -30032.647304 eV
Step: 10540, Temperature: 314.71 K, Total Energy: -30032.544172 eV
Step: 10560, Temperature: 282.17 K, Total Energy: -30032.811443 eV
Step: 10580, Temperature: 319.70 K, Total Energy: -30032.123444 eV
Step: 10600, Temperature: 307.59 K, Total Energy: -30032.461865 eV
Step: 10620, Temperature: 324.00 K, Total Energy: -30032.696714 eV
Step: 10640, Temperature: 313.60 K, Total Energy: -30032.161972 eV
Step: 10660, Temperature: 304.42 K, Total Energy: -30032.494874 eV
Step: 10680, Temperature: 301.12 K, Total Energy: -30033.064326 eV
Step: 10700, Temperature: 312.43 K, Total Energy: -30033.244102 eV
Step: 10720, Temperature: 286.72 K, Total Energy: -30033.558140 eV
Step: 10740, Temperature: 301.61 K, Total Energy: -30033.147781 eV
Step: 10760, Temperature: 327.55 K, Total Energy: -30032.911880 eV
Step: 10780, Temperature: 279.66 K, Total Energy: -30032.943053 eV
Step: 10800, Temperature: 303.55 K, Total Energy: -30033.690686 eV
Step: 10820, Temperature: 291.24 K, Total Energy: -30033.768433 eV
Step: 10840, Temperature: 290.99 K, Total Energy: -30033.819762 eV
Step: 10860, Temperature: 294.38 K, Total Energy: -30033.609307 eV
Step: 10880, Temperature: 334.12 K, Total Energy: -30033.185587 eV
Step: 10900, Temperature: 312.71 K, Total Energy: -30033.555459 eV
Step: 10920, Temperature: 339.88 K, Total Energy: -30033.206469 eV
Step: 10940, Temperature: 305.71 K, Total Energy: -30033.550337 eV
Step: 10960, Temperature: 319.90 K, Total Energy: -30033.616331 eV
Step: 10980, Temperature: 280.58 K, Total Energy: -30033.506009 eV
Step: 11000, Temperature: 299.56 K, Total Energy: -30033.757945 eV
Step: 11020, Temperature: 304.30 K, Total Energy: -30033.511564 eV
Step: 11040, Temperature: 311.59 K, Total Energy: -30033.626715 eV
Step: 11060, Temperature: 301.67 K, Total Energy: -30033.126729 eV
Step: 11080, Temperature: 303.44 K, Total Energy: -30033.169888 eV
Step: 11100, Temperature: 284.23 K, Total Energy: -30032.986148 eV
Step: 11120, Temperature: 327.42 K, Total Energy: -30032.069372 eV
Step: 11140, Temperature: 325.52 K, Total Energy: -30032.687553 eV
Step: 11160, Temperature: 286.95 K, Total Energy: -30033.446922 eV
Step: 11180, Temperature: 320.10 K, Total Energy: -30032.943280 eV
Step: 11200, Temperature: 331.99 K, Total Energy: -30032.919025 eV
Step: 11220, Temperature: 320.53 K, Total Energy: -30033.366021 eV
Step: 11240, Temperature: 299.96 K, Total Energy: -30033.218643 eV
Step: 11260, Temperature: 319.24 K, Total Energy: -30033.656554 eV
Step: 11280, Temperature: 300.05 K, Total Energy: -30033.878530 eV
Step: 11300, Temperature: 278.01 K, Total Energy: -30034.225108 eV
Step: 11320, Temperature: 294.18 K, Total Energy: -30034.190461 eV
Step: 11340, Temperature: 306.87 K, Total Energy: -30033.487885 eV
Step: 11360, Temperature: 305.54 K, Total Energy: -30033.015515 eV
Step: 11380, Temperature: 289.94 K, Total Energy: -30033.041492 eV
Step: 11400, Temperature: 301.91 K, Total Energy: -30033.128415 eV
Step: 11420, Temperature: 316.30 K, Total Energy: -30032.892635 eV
Step: 11440, Temperature: 335.90 K, Total Energy: -30032.593830 eV
Step: 11460, Temperature: 336.44 K, Total Energy: -30033.232621 eV
Step: 11480, Temperature: 304.52 K, Total Energy: -30033.250095 eV
Step: 11500, Temperature: 330.72 K, Total Energy: -30033.175590 eV
Step: 11520, Temperature: 313.43 K, Total Energy: -30033.394817 eV
Step: 11540, Temperature: 309.64 K, Total Energy: -30033.691366 eV
Step: 11560, Temperature: 314.51 K, Total Energy: -30033.885074 eV
Step: 11580, Temperature: 295.25 K, Total Energy: -30033.794436 eV
Step: 11600, Temperature: 287.32 K, Total Energy: -30033.461077 eV
Step: 11620, Temperature: 309.06 K, Total Energy: -30033.086860 eV
Step: 11640, Temperature: 303.83 K, Total Energy: -30033.369055 eV
Step: 11660, Temperature: 302.10 K, Total Energy: -30033.398913 eV
Step: 11680, Temperature: 298.11 K, Total Energy: -30032.896015 eV
Step: 11700, Temperature: 293.73 K, Total Energy: -30032.775940 eV
Step: 11720, Temperature: 314.89 K, Total Energy: -30032.791410 eV
Step: 11740, Temperature: 301.26 K, Total Energy: -30033.115442 eV
Step: 11760, Temperature: 266.73 K, Total Energy: -30033.386362 eV
Step: 11780, Temperature: 279.08 K, Total Energy: -30033.762391 eV
Step: 11800, Temperature: 285.12 K, Total Energy: -30033.403213 eV
Step: 11820, Temperature: 279.11 K, Total Energy: -30033.136596 eV
Step: 11840, Temperature: 294.45 K, Total Energy: -30033.570331 eV
Step: 11860, Temperature: 288.82 K, Total Energy: -30033.454376 eV
Step: 11880, Temperature: 301.91 K, Total Energy: -30033.222109 eV
Step: 11900, Temperature: 271.65 K, Total Energy: -30033.522084 eV
Step: 11920, Temperature: 277.28 K, Total Energy: -30034.011074 eV
Step: 11940, Temperature: 273.88 K, Total Energy: -30033.710053 eV
Step: 11960, Temperature: 287.14 K, Total Energy: -30033.508647 eV
Step: 11980, Temperature: 301.11 K, Total Energy: -30033.342036 eV
Step: 12000, Temperature: 290.43 K, Total Energy: -30032.955025 eV
Step: 12020, Temperature: 302.12 K, Total Energy: -30033.023414 eV
Step: 12040, Temperature: 309.62 K, Total Energy: -30032.522098 eV
Step: 12060, Temperature: 298.15 K, Total Energy: -30032.510245 eV
Step: 12080, Temperature: 302.79 K, Total Energy: -30032.457779 eV
Step: 12100, Temperature: 286.16 K, Total Energy: -30032.416159 eV
Step: 12120, Temperature: 299.55 K, Total Energy: -30032.396988 eV
Step: 12140, Temperature: 296.44 K, Total Energy: -30032.362131 eV
Step: 12160, Temperature: 307.26 K, Total Energy: -30032.684913 eV
Step: 12180, Temperature: 287.73 K, Total Energy: -30033.206454 eV
Step: 12200, Temperature: 275.44 K, Total Energy: -30033.381626 eV
Step: 12220, Temperature: 287.72 K, Total Energy: -30033.199108 eV
Step: 12240, Temperature: 296.28 K, Total Energy: -30033.147211 eV
Step: 12260, Temperature: 296.59 K, Total Energy: -30033.164965 eV
Step: 12280, Temperature: 311.84 K, Total Energy: -30032.588963 eV
Step: 12300, Temperature: 267.33 K, Total Energy: -30033.165988 eV
Step: 12320, Temperature: 284.32 K, Total Energy: -30033.343207 eV
Step: 12340, Temperature: 303.63 K, Total Energy: -30033.854603 eV
Step: 12360, Temperature: 307.39 K, Total Energy: -30032.300749 eV
Step: 12380, Temperature: 322.16 K, Total Energy: -30032.413005 eV
Step: 12400, Temperature: 296.67 K, Total Energy: -30032.731092 eV
Step: 12420, Temperature: 308.29 K, Total Energy: -30032.469631 eV
Step: 12440, Temperature: 324.95 K, Total Energy: -30032.272401 eV
Step: 12460, Temperature: 322.63 K, Total Energy: -30032.078919 eV
Step: 12480, Temperature: 333.00 K, Total Energy: -30032.145687 eV
Step: 12500, Temperature: 303.00 K, Total Energy: -30032.435022 eV
Step: 12520, Temperature: 311.84 K, Total Energy: -30032.729689 eV
Step: 12540, Temperature: 310.92 K, Total Energy: -30031.860280 eV
Step: 12560, Temperature: 322.11 K, Total Energy: -30032.117299 eV
Step: 12580, Temperature: 300.85 K, Total Energy: -30032.412989 eV
Step: 12600, Temperature: 312.09 K, Total Energy: -30032.242831 eV
Step: 12620, Temperature: 308.31 K, Total Energy: -30032.502190 eV
Step: 12640, Temperature: 285.70 K, Total Energy: -30032.994076 eV
Step: 12660, Temperature: 285.84 K, Total Energy: -30032.871406 eV
Step: 12680, Temperature: 281.84 K, Total Energy: -30033.315892 eV
Step: 12700, Temperature: 289.03 K, Total Energy: -30032.873040 eV
Step: 12720, Temperature: 301.15 K, Total Energy: -30032.510789 eV
Step: 12740, Temperature: 310.15 K, Total Energy: -30033.391430 eV
Step: 12760, Temperature: 309.72 K, Total Energy: -30033.224621 eV
Step: 12780, Temperature: 299.62 K, Total Energy: -30033.059091 eV
Step: 12800, Temperature: 299.39 K, Total Energy: -30033.603975 eV
Step: 12820, Temperature: 309.44 K, Total Energy: -30033.309758 eV
Step: 12840, Temperature: 294.98 K, Total Energy: -30033.459411 eV
Step: 12860, Temperature: 268.49 K, Total Energy: -30033.607539 eV
Step: 12880, Temperature: 286.84 K, Total Energy: -30033.252397 eV
Step: 12900, Temperature: 269.95 K, Total Energy: -30033.621407 eV
Step: 12920, Temperature: 310.41 K, Total Energy: -30033.755994 eV
Step: 12940, Temperature: 301.64 K, Total Energy: -30033.404809 eV
Step: 12960, Temperature: 310.02 K, Total Energy: -30033.564615 eV
Step: 12980, Temperature: 289.99 K, Total Energy: -30033.296130 eV
Step: 13000, Temperature: 297.56 K, Total Energy: -30033.273211 eV
Step: 13020, Temperature: 333.64 K, Total Energy: -30032.348187 eV
Step: 13040, Temperature: 328.43 K, Total Energy: -30032.126086 eV
Step: 13060, Temperature: 307.92 K, Total Energy: -30032.338344 eV
Step: 13080, Temperature: 310.08 K, Total Energy: -30032.766346 eV
Step: 13100, Temperature: 282.14 K, Total Energy: -30033.269225 eV
Step: 13120, Temperature: 288.62 K, Total Energy: -30033.475056 eV
Step: 13140, Temperature: 302.76 K, Total Energy: -30032.800419 eV
Step: 13160, Temperature: 327.27 K, Total Energy: -30032.580919 eV
Step: 13180, Temperature: 301.62 K, Total Energy: -30032.942257 eV
Step: 13200, Temperature: 309.65 K, Total Energy: -30033.194952 eV
Step: 13220, Temperature: 289.41 K, Total Energy: -30032.916196 eV
Step: 13240, Temperature: 302.77 K, Total Energy: -30033.155530 eV
Step: 13260, Temperature: 316.01 K, Total Energy: -30032.813953 eV
Step: 13280, Temperature: 298.22 K, Total Energy: -30032.949858 eV
Step: 13300, Temperature: 300.19 K, Total Energy: -30033.357455 eV
Step: 13320, Temperature: 290.71 K, Total Energy: -30033.584646 eV
Step: 13340, Temperature: 305.46 K, Total Energy: -30033.052568 eV
Step: 13360, Temperature: 308.13 K, Total Energy: -30032.368170 eV
Step: 13380, Temperature: 295.79 K, Total Energy: -30032.561905 eV
Step: 13400, Temperature: 301.37 K, Total Energy: -30032.864820 eV
Step: 13420, Temperature: 291.28 K, Total Energy: -30033.125008 eV
Step: 13440, Temperature: 296.34 K, Total Energy: -30033.698434 eV
Step: 13460, Temperature: 280.45 K, Total Energy: -30033.561884 eV
Step: 13480, Temperature: 274.83 K, Total Energy: -30033.740563 eV
Step: 13500, Temperature: 280.47 K, Total Energy: -30034.135534 eV
Step: 13520, Temperature: 255.78 K, Total Energy: -30034.502005 eV
Step: 13540, Temperature: 276.97 K, Total Energy: -30034.120295 eV
Step: 13560, Temperature: 291.49 K, Total Energy: -30034.082495 eV
Step: 13580, Temperature: 285.77 K, Total Energy: -30033.963005 eV
Step: 13600, Temperature: 287.39 K, Total Energy: -30033.826467 eV
Step: 13620, Temperature: 268.09 K, Total Energy: -30033.852082 eV
Step: 13640, Temperature: 295.33 K, Total Energy: -30033.532659 eV
Step: 13660, Temperature: 326.23 K, Total Energy: -30033.099327 eV
Step: 13680, Temperature: 312.54 K, Total Energy: -30033.315502 eV
Step: 13700, Temperature: 301.30 K, Total Energy: -30032.887857 eV
Step: 13720, Temperature: 320.59 K, Total Energy: -30033.005367 eV
Step: 13740, Temperature: 306.30 K, Total Energy: -30033.390881 eV
Step: 13760, Temperature: 321.72 K, Total Energy: -30033.306788 eV
Step: 13780, Temperature: 329.51 K, Total Energy: -30032.721827 eV
Step: 13800, Temperature: 330.39 K, Total Energy: -30032.543273 eV
Step: 13820, Temperature: 303.77 K, Total Energy: -30032.868556 eV
Step: 13840, Temperature: 293.04 K, Total Energy: -30033.359698 eV
Step: 13860, Temperature: 313.00 K, Total Energy: -30032.677135 eV
Step: 13880, Temperature: 311.01 K, Total Energy: -30032.682230 eV
Step: 13900, Temperature: 302.66 K, Total Energy: -30032.962967 eV
Step: 13920, Temperature: 305.85 K, Total Energy: -30033.486139 eV
Step: 13940, Temperature: 298.69 K, Total Energy: -30033.256361 eV
Step: 13960, Temperature: 291.78 K, Total Energy: -30033.897424 eV
Step: 13980, Temperature: 286.66 K, Total Energy: -30033.583106 eV
Step: 14000, Temperature: 313.63 K, Total Energy: -30033.774474 eV
Step: 14020, Temperature: 315.52 K, Total Energy: -30033.611451 eV
Step: 14040, Temperature: 302.30 K, Total Energy: -30033.485764 eV
Step: 14060, Temperature: 309.54 K, Total Energy: -30034.123673 eV
Step: 14080, Temperature: 271.96 K, Total Energy: -30034.686122 eV
Step: 14100, Temperature: 256.59 K, Total Energy: -30035.182917 eV
Step: 14120, Temperature: 291.12 K, Total Energy: -30034.523327 eV
Step: 14140, Temperature: 281.16 K, Total Energy: -30034.628072 eV
Step: 14160, Temperature: 271.19 K, Total Energy: -30034.773786 eV
Step: 14180, Temperature: 289.13 K, Total Energy: -30034.501252 eV
Step: 14200, Temperature: 290.13 K, Total Energy: -30034.710581 eV
Step: 14220, Temperature: 278.31 K, Total Energy: -30034.863850 eV
Step: 14240, Temperature: 312.36 K, Total Energy: -30034.208770 eV
Step: 14260, Temperature: 297.27 K, Total Energy: -30034.124309 eV
Step: 14280, Temperature: 310.08 K, Total Energy: -30034.168574 eV
Step: 14300, Temperature: 276.98 K, Total Energy: -30034.692309 eV
Step: 14320, Temperature: 257.75 K, Total Energy: -30034.655618 eV
Step: 14340, Temperature: 283.38 K, Total Energy: -30034.246004 eV
Step: 14360, Temperature: 305.47 K, Total Energy: -30034.044549 eV
Step: 14380, Temperature: 296.54 K, Total Energy: -30034.205208 eV
Step: 14400, Temperature: 281.71 K, Total Energy: -30033.424784 eV
Step: 14420, Temperature: 322.03 K, Total Energy: -30033.205322 eV
Step: 14440, Temperature: 297.49 K, Total Energy: -30033.386210 eV
Step: 14460, Temperature: 285.60 K, Total Energy: -30033.357823 eV
Step: 14480, Temperature: 298.73 K, Total Energy: -30033.337506 eV
Step: 14500, Temperature: 308.43 K, Total Energy: -30033.139966 eV
Step: 14520, Temperature: 321.22 K, Total Energy: -30033.209992 eV
Step: 14540, Temperature: 314.18 K, Total Energy: -30033.104385 eV
Step: 14560, Temperature: 339.31 K, Total Energy: -30032.984548 eV
Step: 14580, Temperature: 285.85 K, Total Energy: -30033.388721 eV
Step: 14600, Temperature: 282.77 K, Total Energy: -30033.073758 eV
Step: 14620, Temperature: 302.05 K, Total Energy: -30033.386660 eV
Step: 14640, Temperature: 277.61 K, Total Energy: -30033.834792 eV
Step: 14660, Temperature: 277.60 K, Total Energy: -30034.131832 eV
Step: 14680, Temperature: 298.57 K, Total Energy: -30034.245910 eV
Step: 14700, Temperature: 277.92 K, Total Energy: -30033.985006 eV
Step: 14720, Temperature: 293.53 K, Total Energy: -30034.058454 eV
Step: 14740, Temperature: 267.30 K, Total Energy: -30033.840564 eV
Step: 14760, Temperature: 298.20 K, Total Energy: -30033.640019 eV
Step: 14780, Temperature: 281.63 K, Total Energy: -30034.118062 eV
Step: 14800, Temperature: 283.24 K, Total Energy: -30034.145879 eV
Step: 14820, Temperature: 256.69 K, Total Energy: -30033.932325 eV
Step: 14840, Temperature: 285.44 K, Total Energy: -30033.770160 eV
Step: 14860, Temperature: 297.63 K, Total Energy: -30033.724665 eV
Step: 14880, Temperature: 299.13 K, Total Energy: -30033.393747 eV
Step: 14900, Temperature: 272.79 K, Total Energy: -30033.430714 eV
Step: 14920, Temperature: 286.26 K, Total Energy: -30033.067716 eV
Step: 14940, Temperature: 271.09 K, Total Energy: -30032.959869 eV
Step: 14960, Temperature: 301.05 K, Total Energy: -30032.486067 eV
Step: 14980, Temperature: 307.62 K, Total Energy: -30032.242367 eV
Step: 15000, Temperature: 304.80 K, Total Energy: -30032.340825 eV
Step: 15020, Temperature: 303.29 K, Total Energy: -30032.927649 eV
Step: 15040, Temperature: 298.93 K, Total Energy: -30032.705493 eV
Step: 15060, Temperature: 281.79 K, Total Energy: -30033.018461 eV
Step: 15080, Temperature: 306.64 K, Total Energy: -30032.567866 eV
Step: 15100, Temperature: 291.07 K, Total Energy: -30033.095122 eV
Step: 15120, Temperature: 277.85 K, Total Energy: -30032.869714 eV
Step: 15140, Temperature: 284.14 K, Total Energy: -30032.894573 eV
Step: 15160, Temperature: 311.92 K, Total Energy: -30033.059640 eV
Step: 15180, Temperature: 320.89 K, Total Energy: -30033.052356 eV
Step: 15200, Temperature: 311.67 K, Total Energy: -30033.120599 eV
Step: 15220, Temperature: 321.08 K, Total Energy: -30032.770163 eV
Step: 15240, Temperature: 276.66 K, Total Energy: -30033.448566 eV
Step: 15260, Temperature: 269.82 K, Total Energy: -30033.640396 eV
Step: 15280, Temperature: 271.25 K, Total Energy: -30034.190280 eV
Step: 15300, Temperature: 274.04 K, Total Energy: -30034.244901 eV
Step: 15320, Temperature: 281.01 K, Total Energy: -30033.973499 eV
Step: 15340, Temperature: 275.31 K, Total Energy: -30034.240399 eV
Step: 15360, Temperature: 280.26 K, Total Energy: -30034.006241 eV
Step: 15380, Temperature: 302.97 K, Total Energy: -30034.176035 eV
Step: 15400, Temperature: 273.16 K, Total Energy: -30034.052377 eV
Step: 15420, Temperature: 299.09 K, Total Energy: -30033.504185 eV
Step: 15440, Temperature: 294.37 K, Total Energy: -30033.291222 eV
Step: 15460, Temperature: 277.79 K, Total Energy: -30033.392527 eV
Step: 15480, Temperature: 270.66 K, Total Energy: -30032.787309 eV
Step: 15500, Temperature: 275.22 K, Total Energy: -30033.213247 eV
Step: 15520, Temperature: 301.97 K, Total Energy: -30033.193293 eV
Step: 15540, Temperature: 303.92 K, Total Energy: -30032.931182 eV
Step: 15560, Temperature: 309.97 K, Total Energy: -30033.060025 eV
Step: 15580, Temperature: 305.01 K, Total Energy: -30033.085447 eV
Step: 15600, Temperature: 301.93 K, Total Energy: -30033.094840 eV
Step: 15620, Temperature: 307.41 K, Total Energy: -30033.421324 eV
Step: 15640, Temperature: 275.23 K, Total Energy: -30033.246122 eV
Step: 15660, Temperature: 283.79 K, Total Energy: -30033.319564 eV
Step: 15680, Temperature: 312.77 K, Total Energy: -30032.880204 eV
Step: 15700, Temperature: 312.49 K, Total Energy: -30032.793316 eV
Step: 15720, Temperature: 297.99 K, Total Energy: -30032.883468 eV
Step: 15740, Temperature: 302.58 K, Total Energy: -30032.759927 eV
Step: 15760, Temperature: 299.27 K, Total Energy: -30032.804280 eV
Step: 15780, Temperature: 310.86 K, Total Energy: -30032.139044 eV
Step: 15800, Temperature: 291.85 K, Total Energy: -30032.608461 eV
Step: 15820, Temperature: 313.90 K, Total Energy: -30032.249925 eV
Step: 15840, Temperature: 315.10 K, Total Energy: -30031.610378 eV
Step: 15860, Temperature: 291.78 K, Total Energy: -30032.139520 eV
Step: 15880, Temperature: 299.55 K, Total Energy: -30032.330522 eV
Step: 15900, Temperature: 305.22 K, Total Energy: -30032.730544 eV
Step: 15920, Temperature: 317.62 K, Total Energy: -30032.720757 eV
Step: 15940, Temperature: 290.89 K, Total Energy: -30031.976536 eV
Step: 15960, Temperature: 306.00 K, Total Energy: -30032.709008 eV
Step: 15980, Temperature: 313.72 K, Total Energy: -30032.854217 eV
Step: 16000, Temperature: 295.31 K, Total Energy: -30033.060323 eV
Step: 16020, Temperature: 295.54 K, Total Energy: -30032.857437 eV
Step: 16040, Temperature: 303.24 K, Total Energy: -30032.899534 eV
Step: 16060, Temperature: 306.44 K, Total Energy: -30033.348204 eV
Step: 16080, Temperature: 302.63 K, Total Energy: -30032.876016 eV
Step: 16100, Temperature: 318.61 K, Total Energy: -30032.621657 eV
Step: 16120, Temperature: 322.84 K, Total Energy: -30032.356827 eV
Step: 16140, Temperature: 318.73 K, Total Energy: -30032.561939 eV
Step: 16160, Temperature: 314.73 K, Total Energy: -30032.727109 eV
Step: 16180, Temperature: 305.11 K, Total Energy: -30032.456010 eV
Step: 16200, Temperature: 335.85 K, Total Energy: -30032.013275 eV
Step: 16220, Temperature: 324.75 K, Total Energy: -30031.843782 eV
Step: 16240, Temperature: 299.63 K, Total Energy: -30032.361564 eV
Step: 16260, Temperature: 306.85 K, Total Energy: -30032.119119 eV
Step: 16280, Temperature: 304.91 K, Total Energy: -30032.533352 eV
Step: 16300, Temperature: 315.93 K, Total Energy: -30032.939223 eV
Step: 16320, Temperature: 301.60 K, Total Energy: -30033.130355 eV
Step: 16340, Temperature: 291.76 K, Total Energy: -30033.938986 eV
Step: 16360, Temperature: 316.24 K, Total Energy: -30033.788751 eV
Step: 16380, Temperature: 278.19 K, Total Energy: -30033.269271 eV
Step: 16400, Temperature: 290.73 K, Total Energy: -30033.547019 eV
Step: 16420, Temperature: 322.14 K, Total Energy: -30033.202382 eV
Step: 16440, Temperature: 274.96 K, Total Energy: -30033.454101 eV
Step: 16460, Temperature: 301.73 K, Total Energy: -30033.164164 eV
Step: 16480, Temperature: 302.20 K, Total Energy: -30033.122960 eV
Step: 16500, Temperature: 308.25 K, Total Energy: -30033.023368 eV
Step: 16520, Temperature: 287.74 K, Total Energy: -30032.966050 eV
Step: 16540, Temperature: 290.67 K, Total Energy: -30032.991787 eV
Step: 16560, Temperature: 298.18 K, Total Energy: -30032.943264 eV
Step: 16580, Temperature: 286.11 K, Total Energy: -30033.102802 eV
Step: 16600, Temperature: 321.70 K, Total Energy: -30032.260540 eV
Step: 16620, Temperature: 306.01 K, Total Energy: -30033.011294 eV
Step: 16640, Temperature: 285.05 K, Total Energy: -30033.483026 eV
Step: 16660, Temperature: 304.44 K, Total Energy: -30033.410436 eV
Step: 16680, Temperature: 303.89 K, Total Energy: -30033.434006 eV
Step: 16700, Temperature: 322.51 K, Total Energy: -30033.562386 eV
Step: 16720, Temperature: 294.41 K, Total Energy: -30033.969881 eV
Step: 16740, Temperature: 275.24 K, Total Energy: -30034.195182 eV
Step: 16760, Temperature: 290.92 K, Total Energy: -30034.432804 eV
Step: 16780, Temperature: 307.13 K, Total Energy: -30034.631632 eV
Step: 16800, Temperature: 279.77 K, Total Energy: -30034.823192 eV
Step: 16820, Temperature: 276.90 K, Total Energy: -30035.055655 eV
Step: 16840, Temperature: 288.73 K, Total Energy: -30034.534782 eV
Step: 16860, Temperature: 286.51 K, Total Energy: -30034.270380 eV
Step: 16880, Temperature: 300.71 K, Total Energy: -30033.643103 eV
Step: 16900, Temperature: 317.21 K, Total Energy: -30033.477158 eV
Step: 16920, Temperature: 285.26 K, Total Energy: -30033.966041 eV
Step: 16940, Temperature: 295.01 K, Total Energy: -30033.556284 eV
Step: 16960, Temperature: 294.69 K, Total Energy: -30034.033115 eV
Step: 16980, Temperature: 291.77 K, Total Energy: -30033.696416 eV
Step: 17000, Temperature: 265.27 K, Total Energy: -30033.720054 eV
Step: 17020, Temperature: 277.44 K, Total Energy: -30034.340976 eV
Step: 17040, Temperature: 274.67 K, Total Energy: -30033.744830 eV
Step: 17060, Temperature: 302.89 K, Total Energy: -30033.709249 eV
Step: 17080, Temperature: 308.07 K, Total Energy: -30033.781714 eV
Step: 17100, Temperature: 295.55 K, Total Energy: -30033.720425 eV
Step: 17120, Temperature: 304.42 K, Total Energy: -30033.442042 eV
Step: 17140, Temperature: 307.64 K, Total Energy: -30033.651884 eV
Step: 17160, Temperature: 297.48 K, Total Energy: -30034.263516 eV
Step: 17180, Temperature: 306.59 K, Total Energy: -30033.420524 eV
Step: 17200, Temperature: 322.11 K, Total Energy: -30033.457096 eV
Step: 17220, Temperature: 300.88 K, Total Energy: -30033.330228 eV
Step: 17240, Temperature: 315.40 K, Total Energy: -30033.542246 eV
Step: 17260, Temperature: 306.48 K, Total Energy: -30033.843247 eV
Step: 17280, Temperature: 293.70 K, Total Energy: -30034.145825 eV
Step: 17300, Temperature: 290.66 K, Total Energy: -30034.572151 eV
Step: 17320, Temperature: 292.32 K, Total Energy: -30034.714009 eV
Step: 17340, Temperature: 288.00 K, Total Energy: -30033.803281 eV
Step: 17360, Temperature: 295.04 K, Total Energy: -30034.127741 eV
Step: 17380, Temperature: 305.96 K, Total Energy: -30033.924905 eV
Step: 17400, Temperature: 321.84 K, Total Energy: -30033.819494 eV
Step: 17420, Temperature: 309.31 K, Total Energy: -30034.103937 eV
Step: 17440, Temperature: 283.45 K, Total Energy: -30034.083971 eV
Step: 17460, Temperature: 316.22 K, Total Energy: -30033.818584 eV
Step: 17480, Temperature: 314.04 K, Total Energy: -30033.320727 eV
Step: 17500, Temperature: 324.03 K, Total Energy: -30033.527837 eV
Step: 17520, Temperature: 319.35 K, Total Energy: -30033.684967 eV
Step: 17540, Temperature: 304.19 K, Total Energy: -30033.651128 eV
Step: 17560, Temperature: 298.78 K, Total Energy: -30033.586208 eV
Step: 17580, Temperature: 295.03 K, Total Energy: -30033.272575 eV
Step: 17600, Temperature: 293.09 K, Total Energy: -30033.397666 eV
Step: 17620, Temperature: 289.28 K, Total Energy: -30034.312011 eV
Step: 17640, Temperature: 287.28 K, Total Energy: -30034.192485 eV
Step: 17660, Temperature: 286.35 K, Total Energy: -30034.026565 eV
Step: 17680, Temperature: 286.96 K, Total Energy: -30034.307998 eV
Step: 17700, Temperature: 299.16 K, Total Energy: -30034.340306 eV
Step: 17720, Temperature: 285.21 K, Total Energy: -30034.287620 eV
Step: 17740, Temperature: 285.47 K, Total Energy: -30034.802558 eV
Step: 17760, Temperature: 276.32 K, Total Energy: -30035.252049 eV
Step: 17780, Temperature: 271.06 K, Total Energy: -30035.181467 eV
Step: 17800, Temperature: 275.31 K, Total Energy: -30034.568548 eV
Step: 17820, Temperature: 264.01 K, Total Energy: -30034.511510 eV
Step: 17840, Temperature: 281.42 K, Total Energy: -30033.939888 eV
Step: 17860, Temperature: 307.27 K, Total Energy: -30033.593027 eV
Step: 17880, Temperature: 305.12 K, Total Energy: -30033.869742 eV
Step: 17900, Temperature: 276.70 K, Total Energy: -30033.820422 eV
Step: 17920, Temperature: 291.50 K, Total Energy: -30033.910400 eV
Step: 17940, Temperature: 302.83 K, Total Energy: -30033.609183 eV
Step: 17960, Temperature: 292.55 K, Total Energy: -30034.249122 eV
Step: 17980, Temperature: 291.19 K, Total Energy: -30033.424127 eV
Step: 18000, Temperature: 315.47 K, Total Energy: -30033.649953 eV
Step: 18020, Temperature: 296.54 K, Total Energy: -30034.203277 eV
Step: 18040, Temperature: 267.07 K, Total Energy: -30034.211639 eV
Step: 18060, Temperature: 289.79 K, Total Energy: -30034.057055 eV
Step: 18080, Temperature: 281.17 K, Total Energy: -30033.906956 eV
Step: 18100, Temperature: 289.46 K, Total Energy: -30034.409162 eV
Step: 18120, Temperature: 303.80 K, Total Energy: -30033.940162 eV
Step: 18140, Temperature: 319.14 K, Total Energy: -30034.159082 eV
Step: 18160, Temperature: 291.51 K, Total Energy: -30033.712825 eV
Step: 18180, Temperature: 292.96 K, Total Energy: -30033.949661 eV
Step: 18200, Temperature: 297.22 K, Total Energy: -30034.057313 eV
Step: 18220, Temperature: 292.67 K, Total Energy: -30034.115226 eV
Step: 18240, Temperature: 302.84 K, Total Energy: -30033.429114 eV
Step: 18260, Temperature: 310.00 K, Total Energy: -30033.840419 eV
Step: 18280, Temperature: 318.46 K, Total Energy: -30033.539291 eV
Step: 18300, Temperature: 305.83 K, Total Energy: -30033.949540 eV
Step: 18320, Temperature: 286.88 K, Total Energy: -30034.313973 eV
Step: 18340, Temperature: 290.78 K, Total Energy: -30034.145243 eV
Step: 18360, Temperature: 296.02 K, Total Energy: -30034.226237 eV
Step: 18380, Temperature: 278.65 K, Total Energy: -30034.267451 eV
Step: 18400, Temperature: 297.49 K, Total Energy: -30034.171493 eV
Step: 18420, Temperature: 298.54 K, Total Energy: -30034.242578 eV
Step: 18440, Temperature: 306.47 K, Total Energy: -30033.736219 eV
Step: 18460, Temperature: 298.65 K, Total Energy: -30034.052297 eV
Step: 18480, Temperature: 282.01 K, Total Energy: -30034.059607 eV
Step: 18500, Temperature: 300.05 K, Total Energy: -30034.048336 eV
Step: 18520, Temperature: 291.56 K, Total Energy: -30033.799401 eV
Step: 18540, Temperature: 332.94 K, Total Energy: -30033.822808 eV
Step: 18560, Temperature: 302.82 K, Total Energy: -30033.687545 eV
Step: 18580, Temperature: 296.67 K, Total Energy: -30034.065274 eV
Step: 18600, Temperature: 270.95 K, Total Energy: -30034.859987 eV
Step: 18620, Temperature: 311.70 K, Total Energy: -30034.471598 eV
Step: 18640, Temperature: 304.85 K, Total Energy: -30034.445040 eV
Step: 18660, Temperature: 277.27 K, Total Energy: -30034.415400 eV
Step: 18680, Temperature: 279.13 K, Total Energy: -30034.515209 eV
Step: 18700, Temperature: 318.92 K, Total Energy: -30033.937916 eV
Step: 18720, Temperature: 298.13 K, Total Energy: -30034.130074 eV
Step: 18740, Temperature: 324.57 K, Total Energy: -30034.256493 eV
Step: 18760, Temperature: 299.76 K, Total Energy: -30034.385809 eV
Step: 18780, Temperature: 281.70 K, Total Energy: -30034.333219 eV
Step: 18800, Temperature: 289.52 K, Total Energy: -30034.833397 eV
Step: 18820, Temperature: 299.23 K, Total Energy: -30034.547649 eV
Step: 18840, Temperature: 292.08 K, Total Energy: -30034.907478 eV
Step: 18860, Temperature: 272.35 K, Total Energy: -30035.738796 eV
Step: 18880, Temperature: 264.98 K, Total Energy: -30035.492966 eV
Step: 18900, Temperature: 260.94 K, Total Energy: -30035.276453 eV
Step: 18920, Temperature: 280.22 K, Total Energy: -30034.841032 eV
Step: 18940, Temperature: 260.21 K, Total Energy: -30035.494081 eV
Step: 18960, Temperature: 297.28 K, Total Energy: -30034.856340 eV
Step: 18980, Temperature: 282.60 K, Total Energy: -30035.220603 eV
Step: 19000, Temperature: 278.77 K, Total Energy: -30035.365947 eV
Step: 19020, Temperature: 247.60 K, Total Energy: -30035.321470 eV
Step: 19040, Temperature: 251.25 K, Total Energy: -30035.124173 eV
Step: 19060, Temperature: 275.74 K, Total Energy: -30034.833030 eV
Step: 19080, Temperature: 283.17 K, Total Energy: -30034.819502 eV
Step: 19100, Temperature: 282.00 K, Total Energy: -30034.907528 eV
Step: 19120, Temperature: 273.33 K, Total Energy: -30034.753217 eV
Step: 19140, Temperature: 280.58 K, Total Energy: -30035.070260 eV
Step: 19160, Temperature: 276.80 K, Total Energy: -30035.111033 eV
Step: 19180, Temperature: 267.48 K, Total Energy: -30034.627213 eV
Step: 19200, Temperature: 274.09 K, Total Energy: -30033.886387 eV
Step: 19220, Temperature: 279.36 K, Total Energy: -30034.374439 eV
Step: 19240, Temperature: 268.92 K, Total Energy: -30034.807630 eV
Step: 19260, Temperature: 286.96 K, Total Energy: -30034.962408 eV
Step: 19280, Temperature: 277.93 K, Total Energy: -30034.967356 eV
Step: 19300, Temperature: 283.03 K, Total Energy: -30034.848407 eV
Step: 19320, Temperature: 285.74 K, Total Energy: -30034.270377 eV
Step: 19340, Temperature: 278.16 K, Total Energy: -30033.986710 eV
Step: 19360, Temperature: 306.33 K, Total Energy: -30034.323546 eV
Step: 19380, Temperature: 289.35 K, Total Energy: -30034.542560 eV
Step: 19400, Temperature: 276.49 K, Total Energy: -30035.097408 eV
Step: 19420, Temperature: 267.69 K, Total Energy: -30034.383588 eV
Step: 19440, Temperature: 283.73 K, Total Energy: -30034.762547 eV
Step: 19460, Temperature: 269.75 K, Total Energy: -30034.778804 eV
Step: 19480, Temperature: 249.80 K, Total Energy: -30035.297358 eV
Step: 19500, Temperature: 284.47 K, Total Energy: -30034.835675 eV
Step: 19520, Temperature: 294.72 K, Total Energy: -30034.321428 eV
Step: 19540, Temperature: 268.21 K, Total Energy: -30034.542365 eV
Step: 19560, Temperature: 286.25 K, Total Energy: -30034.187235 eV
Step: 19580, Temperature: 299.87 K, Total Energy: -30033.420067 eV
Step: 19600, Temperature: 317.29 K, Total Energy: -30033.025980 eV
Step: 19620, Temperature: 305.46 K, Total Energy: -30033.115101 eV
Step: 19640, Temperature: 331.12 K, Total Energy: -30032.997665 eV
Step: 19660, Temperature: 327.19 K, Total Energy: -30033.424796 eV
Step: 19680, Temperature: 317.65 K, Total Energy: -30033.165337 eV
Step: 19700, Temperature: 320.30 K, Total Energy: -30033.137597 eV
Step: 19720, Temperature: 301.76 K, Total Energy: -30033.360853 eV
Step: 19740, Temperature: 322.58 K, Total Energy: -30033.478461 eV
Step: 19760, Temperature: 311.60 K, Total Energy: -30034.075652 eV
Step: 19780, Temperature: 274.87 K, Total Energy: -30034.575692 eV
Step: 19800, Temperature: 269.57 K, Total Energy: -30034.800898 eV
Step: 19820, Temperature: 291.27 K, Total Energy: -30034.486458 eV
Step: 19840, Temperature: 291.57 K, Total Energy: -30034.869547 eV
Step: 19860, Temperature: 289.93 K, Total Energy: -30034.336769 eV
Step: 19880, Temperature: 296.80 K, Total Energy: -30033.952590 eV
Step: 19900, Temperature: 312.80 K, Total Energy: -30034.246507 eV
Step: 19920, Temperature: 299.38 K, Total Energy: -30034.090594 eV
Step: 19940, Temperature: 301.13 K, Total Energy: -30033.331640 eV
Step: 19960, Temperature: 304.91 K, Total Energy: -30033.962952 eV
Step: 19980, Temperature: 291.75 K, Total Energy: -30034.011582 eV
Step: 20000, Temperature: 319.80 K, Total Energy: -30033.708827 eV
Step: 20020, Temperature: 320.49 K, Total Energy: -30034.474461 eV
Step: 20040, Temperature: 286.71 K, Total Energy: -30034.226374 eV
Step: 20060, Temperature: 286.39 K, Total Energy: -30034.187659 eV
Step: 20080, Temperature: 308.43 K, Total Energy: -30033.903536 eV
Step: 20100, Temperature: 290.22 K, Total Energy: -30034.485648 eV
Step: 20120, Temperature: 310.12 K, Total Energy: -30034.478040 eV
Step: 20140, Temperature: 282.74 K, Total Energy: -30034.601829 eV
Step: 20160, Temperature: 285.71 K, Total Energy: -30034.859086 eV
Step: 20180, Temperature: 286.56 K, Total Energy: -30034.958779 eV
Step: 20200, Temperature: 300.91 K, Total Energy: -30034.788512 eV
Step: 20220, Temperature: 276.97 K, Total Energy: -30034.651583 eV
Step: 20240, Temperature: 296.02 K, Total Energy: -30034.685177 eV
Step: 20260, Temperature: 322.49 K, Total Energy: -30034.129309 eV
Step: 20280, Temperature: 287.39 K, Total Energy: -30033.679859 eV
Step: 20300, Temperature: 282.53 K, Total Energy: -30033.978243 eV
Step: 20320, Temperature: 266.82 K, Total Energy: -30033.528482 eV
Step: 20340, Temperature: 272.91 K, Total Energy: -30033.445260 eV
Step: 20360, Temperature: 294.00 K, Total Energy: -30033.638280 eV
Step: 20380, Temperature: 280.24 K, Total Energy: -30033.497024 eV
Step: 20400, Temperature: 299.16 K, Total Energy: -30033.102086 eV
Step: 20420, Temperature: 300.37 K, Total Energy: -30033.421128 eV
Step: 20440, Temperature: 309.75 K, Total Energy: -30033.301819 eV
Step: 20460, Temperature: 317.02 K, Total Energy: -30033.126489 eV
Step: 20480, Temperature: 310.97 K, Total Energy: -30032.632570 eV
Step: 20500, Temperature: 308.96 K, Total Energy: -30032.665559 eV
Step: 20520, Temperature: 305.41 K, Total Energy: -30032.801908 eV
Step: 20540, Temperature: 300.30 K, Total Energy: -30032.823206 eV
Step: 20560, Temperature: 289.73 K, Total Energy: -30032.406235 eV
Step: 20580, Temperature: 294.15 K, Total Energy: -30032.698951 eV
Step: 20600, Temperature: 317.31 K, Total Energy: -30032.322345 eV
Step: 20620, Temperature: 305.63 K, Total Energy: -30032.388170 eV
Step: 20640, Temperature: 311.99 K, Total Energy: -30032.864570 eV
Step: 20660, Temperature: 298.58 K, Total Energy: -30032.804144 eV
Step: 20680, Temperature: 263.94 K, Total Energy: -30033.011179 eV
Step: 20700, Temperature: 300.64 K, Total Energy: -30033.201515 eV
Step: 20720, Temperature: 305.82 K, Total Energy: -30033.305248 eV
Step: 20740, Temperature: 278.03 K, Total Energy: -30033.505799 eV
Step: 20760, Temperature: 288.26 K, Total Energy: -30033.648326 eV
Step: 20780, Temperature: 300.88 K, Total Energy: -30033.427753 eV
Step: 20800, Temperature: 296.56 K, Total Energy: -30033.438990 eV
Step: 20820, Temperature: 314.26 K, Total Energy: -30032.951816 eV
Step: 20840, Temperature: 310.21 K, Total Energy: -30033.220084 eV
Step: 20860, Temperature: 298.54 K, Total Energy: -30033.387141 eV
Step: 20880, Temperature: 316.39 K, Total Energy: -30033.081928 eV
Step: 20900, Temperature: 300.35 K, Total Energy: -30033.966577 eV
Step: 20920, Temperature: 322.46 K, Total Energy: -30033.448311 eV
Step: 20940, Temperature: 284.49 K, Total Energy: -30033.846826 eV
Step: 20960, Temperature: 264.40 K, Total Energy: -30034.945115 eV
Step: 20980, Temperature: 271.12 K, Total Energy: -30034.435646 eV
Step: 21000, Temperature: 285.33 K, Total Energy: -30034.339400 eV
Step: 21020, Temperature: 290.26 K, Total Energy: -30034.303024 eV
Step: 21040, Temperature: 293.87 K, Total Energy: -30034.040148 eV
Step: 21060, Temperature: 295.40 K, Total Energy: -30033.958525 eV
Step: 21080, Temperature: 302.87 K, Total Energy: -30033.514328 eV
Step: 21100, Temperature: 296.66 K, Total Energy: -30033.608447 eV
Step: 21120, Temperature: 286.38 K, Total Energy: -30033.816821 eV
Step: 21140, Temperature: 286.37 K, Total Energy: -30034.102152 eV
Step: 21160, Temperature: 303.35 K, Total Energy: -30033.707329 eV
Step: 21180, Temperature: 332.11 K, Total Energy: -30033.607503 eV
Step: 21200, Temperature: 300.11 K, Total Energy: -30033.242094 eV
Step: 21220, Temperature: 327.09 K, Total Energy: -30032.409700 eV
Step: 21240, Temperature: 283.24 K, Total Energy: -30032.743609 eV
Step: 21260, Temperature: 331.39 K, Total Energy: -30032.699696 eV
Step: 21280, Temperature: 306.01 K, Total Energy: -30033.189167 eV
Step: 21300, Temperature: 301.88 K, Total Energy: -30033.242414 eV
Step: 21320, Temperature: 287.59 K, Total Energy: -30032.924842 eV
Step: 21340, Temperature: 309.97 K, Total Energy: -30033.606788 eV
Step: 21360, Temperature: 304.31 K, Total Energy: -30033.640269 eV
Step: 21380, Temperature: 311.64 K, Total Energy: -30033.808837 eV
Step: 21400, Temperature: 280.81 K, Total Energy: -30034.058698 eV
Step: 21420, Temperature: 275.91 K, Total Energy: -30033.920499 eV
Step: 21440, Temperature: 297.97 K, Total Energy: -30033.208283 eV
Step: 21460, Temperature: 330.88 K, Total Energy: -30032.740041 eV
Step: 21480, Temperature: 312.04 K, Total Energy: -30032.377127 eV
Step: 21500, Temperature: 311.44 K, Total Energy: -30032.765129 eV
Step: 21520, Temperature: 298.85 K, Total Energy: -30033.299294 eV
Step: 21540, Temperature: 314.27 K, Total Energy: -30032.648938 eV
Step: 21560, Temperature: 304.58 K, Total Energy: -30032.824816 eV
Step: 21580, Temperature: 326.11 K, Total Energy: -30033.057429 eV
Step: 21600, Temperature: 318.77 K, Total Energy: -30033.004298 eV
Step: 21620, Temperature: 311.12 K, Total Energy: -30033.076062 eV
Step: 21640, Temperature: 323.65 K, Total Energy: -30033.217110 eV
Step: 21660, Temperature: 299.57 K, Total Energy: -30033.361276 eV
Step: 21680, Temperature: 283.48 K, Total Energy: -30033.501171 eV
Step: 21700, Temperature: 311.93 K, Total Energy: -30033.745017 eV
Step: 21720, Temperature: 294.86 K, Total Energy: -30033.622472 eV
Step: 21740, Temperature: 287.43 K, Total Energy: -30033.628089 eV
Step: 21760, Temperature: 295.22 K, Total Energy: -30033.341863 eV
Step: 21780, Temperature: 319.61 K, Total Energy: -30033.194082 eV
Step: 21800, Temperature: 308.97 K, Total Energy: -30033.684775 eV
Step: 21820, Temperature: 299.23 K, Total Energy: -30034.028026 eV
Step: 21840, Temperature: 284.26 K, Total Energy: -30034.120153 eV
Step: 21860, Temperature: 298.37 K, Total Energy: -30034.250986 eV
Step: 21880, Temperature: 283.05 K, Total Energy: -30034.070674 eV
Step: 21900, Temperature: 297.05 K, Total Energy: -30034.286125 eV
Step: 21920, Temperature: 277.39 K, Total Energy: -30034.463236 eV
Step: 21940, Temperature: 298.50 K, Total Energy: -30033.864715 eV
Step: 21960, Temperature: 294.84 K, Total Energy: -30034.392550 eV
Step: 21980, Temperature: 288.27 K, Total Energy: -30034.349074 eV
Step: 22000, Temperature: 269.11 K, Total Energy: -30034.810640 eV
Step: 22020, Temperature: 276.14 K, Total Energy: -30034.916776 eV
Step: 22040, Temperature: 279.16 K, Total Energy: -30033.992970 eV
Step: 22060, Temperature: 318.35 K, Total Energy: -30033.807890 eV
Step: 22080, Temperature: 283.11 K, Total Energy: -30034.186287 eV
Step: 22100, Temperature: 294.83 K, Total Energy: -30034.170187 eV
Step: 22120, Temperature: 291.31 K, Total Energy: -30034.137686 eV
Step: 22140, Temperature: 293.97 K, Total Energy: -30034.150840 eV
Step: 22160, Temperature: 300.60 K, Total Energy: -30033.784445 eV
Step: 22180, Temperature: 302.16 K, Total Energy: -30033.680692 eV
Step: 22200, Temperature: 297.45 K, Total Energy: -30034.090499 eV
Step: 22220, Temperature: 290.89 K, Total Energy: -30034.509612 eV
Step: 22240, Temperature: 276.95 K, Total Energy: -30034.255659 eV
Step: 22260, Temperature: 286.58 K, Total Energy: -30034.030578 eV
Step: 22280, Temperature: 324.83 K, Total Energy: -30033.435434 eV
Step: 22300, Temperature: 314.32 K, Total Energy: -30034.098717 eV
Step: 22320, Temperature: 300.38 K, Total Energy: -30033.960064 eV
Step: 22340, Temperature: 295.47 K, Total Energy: -30033.902100 eV
Step: 22360, Temperature: 284.11 K, Total Energy: -30034.157184 eV
Step: 22380, Temperature: 295.60 K, Total Energy: -30033.525771 eV
Step: 22400, Temperature: 280.62 K, Total Energy: -30034.083141 eV
Step: 22420, Temperature: 267.52 K, Total Energy: -30033.729508 eV
Step: 22440, Temperature: 287.70 K, Total Energy: -30033.293353 eV
Step: 22460, Temperature: 280.39 K, Total Energy: -30033.741055 eV
Step: 22480, Temperature: 269.69 K, Total Energy: -30033.450430 eV
Step: 22500, Temperature: 269.74 K, Total Energy: -30034.167740 eV
Step: 22520, Temperature: 281.68 K, Total Energy: -30033.956686 eV
Step: 22540, Temperature: 285.96 K, Total Energy: -30033.784312 eV
Step: 22560, Temperature: 301.30 K, Total Energy: -30033.924964 eV
Step: 22580, Temperature: 284.51 K, Total Energy: -30034.691929 eV
Step: 22600, Temperature: 290.57 K, Total Energy: -30034.048921 eV
Step: 22620, Temperature: 322.63 K, Total Energy: -30033.672593 eV
Step: 22640, Temperature: 304.17 K, Total Energy: -30033.366341 eV
Step: 22660, Temperature: 292.02 K, Total Energy: -30034.008578 eV
Step: 22680, Temperature: 279.35 K, Total Energy: -30033.646179 eV
Step: 22700, Temperature: 309.01 K, Total Energy: -30033.677950 eV
Step: 22720, Temperature: 267.01 K, Total Energy: -30034.111650 eV
Step: 22740, Temperature: 273.01 K, Total Energy: -30033.915374 eV
Step: 22760, Temperature: 275.28 K, Total Energy: -30034.079080 eV
Step: 22780, Temperature: 262.95 K, Total Energy: -30034.518697 eV
Step: 22800, Temperature: 285.50 K, Total Energy: -30033.999161 eV
Step: 22820, Temperature: 292.75 K, Total Energy: -30033.425663 eV
Step: 22840, Temperature: 280.82 K, Total Energy: -30033.839625 eV
Step: 22860, Temperature: 271.95 K, Total Energy: -30033.832702 eV
Step: 22880, Temperature: 305.93 K, Total Energy: -30033.273269 eV
Step: 22900, Temperature: 276.94 K, Total Energy: -30033.785101 eV
Step: 22920, Temperature: 316.83 K, Total Energy: -30033.654766 eV
Step: 22940, Temperature: 274.43 K, Total Energy: -30034.217467 eV
Step: 22960, Temperature: 285.53 K, Total Energy: -30033.941680 eV
Step: 22980, Temperature: 300.79 K, Total Energy: -30033.881310 eV
Step: 23000, Temperature: 270.87 K, Total Energy: -30033.988961 eV
Step: 23020, Temperature: 291.99 K, Total Energy: -30033.638324 eV
Step: 23040, Temperature: 297.80 K, Total Energy: -30033.519029 eV
Step: 23060, Temperature: 281.63 K, Total Energy: -30033.592822 eV
Step: 23080, Temperature: 282.41 K, Total Energy: -30033.405076 eV
Step: 23100, Temperature: 271.83 K, Total Energy: -30033.923762 eV
Step: 23120, Temperature: 286.97 K, Total Energy: -30033.503082 eV
Step: 23140, Temperature: 291.44 K, Total Energy: -30033.323956 eV
Step: 23160, Temperature: 277.87 K, Total Energy: -30032.939445 eV
Step: 23180, Temperature: 300.77 K, Total Energy: -30033.186346 eV
Step: 23200, Temperature: 332.81 K, Total Energy: -30032.648406 eV
Step: 23220, Temperature: 306.18 K, Total Energy: -30033.042249 eV
Step: 23240, Temperature: 286.76 K, Total Energy: -30034.090416 eV
Step: 23260, Temperature: 295.43 K, Total Energy: -30033.680508 eV
Step: 23280, Temperature: 286.96 K, Total Energy: -30034.272762 eV
Step: 23300, Temperature: 282.33 K, Total Energy: -30034.805449 eV
Step: 23320, Temperature: 261.84 K, Total Energy: -30034.730235 eV
Step: 23340, Temperature: 273.01 K, Total Energy: -30035.022818 eV
Step: 23360, Temperature: 276.96 K, Total Energy: -30035.054229 eV
Step: 23380, Temperature: 283.47 K, Total Energy: -30034.523024 eV
Step: 23400, Temperature: 273.01 K, Total Energy: -30034.224035 eV
Step: 23420, Temperature: 315.84 K, Total Energy: -30033.724653 eV
Step: 23440, Temperature: 310.68 K, Total Energy: -30033.966024 eV
Step: 23460, Temperature: 271.38 K, Total Energy: -30034.142159 eV
Step: 23480, Temperature: 304.87 K, Total Energy: -30034.405280 eV
Step: 23500, Temperature: 262.51 K, Total Energy: -30034.939994 eV
Step: 23520, Temperature: 288.35 K, Total Energy: -30034.501534 eV
Step: 23540, Temperature: 268.14 K, Total Energy: -30034.280497 eV
Step: 23560, Temperature: 282.05 K, Total Energy: -30034.086140 eV
Step: 23580, Temperature: 284.59 K, Total Energy: -30034.211520 eV
Step: 23600, Temperature: 294.25 K, Total Energy: -30033.940730 eV
Step: 23620, Temperature: 285.81 K, Total Energy: -30033.706078 eV
Step: 23640, Temperature: 287.63 K, Total Energy: -30033.748045 eV
Step: 23660, Temperature: 297.10 K, Total Energy: -30033.316004 eV
Step: 23680, Temperature: 279.64 K, Total Energy: -30033.553112 eV
Step: 23700, Temperature: 316.29 K, Total Energy: -30032.736641 eV
Step: 23720, Temperature: 310.29 K, Total Energy: -30033.282371 eV
Step: 23740, Temperature: 315.96 K, Total Energy: -30033.432402 eV
Step: 23760, Temperature: 321.43 K, Total Energy: -30033.495844 eV
Step: 23780, Temperature: 290.55 K, Total Energy: -30033.875773 eV
Step: 23800, Temperature: 284.09 K, Total Energy: -30034.528845 eV
Step: 23820, Temperature: 258.38 K, Total Energy: -30034.918944 eV
Step: 23840, Temperature: 284.50 K, Total Energy: -30034.663053 eV
Step: 23860, Temperature: 279.39 K, Total Energy: -30034.701911 eV
Step: 23880, Temperature: 310.64 K, Total Energy: -30033.922137 eV
Step: 23900, Temperature: 334.44 K, Total Energy: -30033.540975 eV
Step: 23920, Temperature: 311.24 K, Total Energy: -30033.520120 eV
Step: 23940, Temperature: 304.11 K, Total Energy: -30033.072966 eV
Step: 23960, Temperature: 330.92 K, Total Energy: -30032.615841 eV
Step: 23980, Temperature: 336.34 K, Total Energy: -30032.936505 eV
Step: 24000, Temperature: 306.96 K, Total Energy: -30033.350635 eV
Step: 24020, Temperature: 313.07 K, Total Energy: -30033.155656 eV
Step: 24040, Temperature: 335.12 K, Total Energy: -30032.592094 eV
Step: 24060, Temperature: 300.14 K, Total Energy: -30033.075434 eV
Step: 24080, Temperature: 295.22 K, Total Energy: -30033.775456 eV
Step: 24100, Temperature: 302.67 K, Total Energy: -30033.648428 eV
Step: 24120, Temperature: 307.79 K, Total Energy: -30033.558351 eV
Step: 24140, Temperature: 287.49 K, Total Energy: -30033.993746 eV
Step: 24160, Temperature: 305.32 K, Total Energy: -30033.888173 eV
Step: 24180, Temperature: 307.11 K, Total Energy: -30033.384136 eV
Step: 24200, Temperature: 273.25 K, Total Energy: -30033.835172 eV
Step: 24220, Temperature: 294.27 K, Total Energy: -30033.775999 eV
Step: 24240, Temperature: 310.08 K, Total Energy: -30033.102118 eV
Step: 24260, Temperature: 313.11 K, Total Energy: -30033.205613 eV
Step: 24280, Temperature: 310.72 K, Total Energy: -30033.459213 eV
Step: 24300, Temperature: 304.42 K, Total Energy: -30033.487006 eV
Step: 24320, Temperature: 294.52 K, Total Energy: -30034.097931 eV
Step: 24340, Temperature: 302.25 K, Total Energy: -30033.582851 eV
Step: 24360, Temperature: 310.16 K, Total Energy: -30033.678323 eV
Step: 24380, Temperature: 299.79 K, Total Energy: -30033.176131 eV
Step: 24400, Temperature: 309.29 K, Total Energy: -30033.215739 eV
Step: 24420, Temperature: 325.47 K, Total Energy: -30033.106804 eV
Step: 24440, Temperature: 300.14 K, Total Energy: -30033.217932 eV
Step: 24460, Temperature: 306.48 K, Total Energy: -30033.532803 eV
Step: 24480, Temperature: 310.32 K, Total Energy: -30033.324539 eV
Step: 24500, Temperature: 277.25 K, Total Energy: -30033.716782 eV
Step: 24520, Temperature: 281.27 K, Total Energy: -30033.912286 eV
Step: 24540, Temperature: 287.29 K, Total Energy: -30033.701962 eV
Step: 24560, Temperature: 294.30 K, Total Energy: -30034.107330 eV
Step: 24580, Temperature: 293.13 K, Total Energy: -30033.695444 eV
Step: 24600, Temperature: 284.26 K, Total Energy: -30033.274458 eV
Step: 24620, Temperature: 291.27 K, Total Energy: -30033.390657 eV
Step: 24640, Temperature: 295.18 K, Total Energy: -30033.085065 eV
Step: 24660, Temperature: 287.92 K, Total Energy: -30033.580733 eV
Step: 24680, Temperature: 273.74 K, Total Energy: -30033.621654 eV
Step: 24700, Temperature: 284.99 K, Total Energy: -30033.894738 eV
Step: 24720, Temperature: 302.33 K, Total Energy: -30033.776168 eV
Step: 24740, Temperature: 300.23 K, Total Energy: -30033.815357 eV
Step: 24760, Temperature: 284.07 K, Total Energy: -30034.027236 eV
Step: 24780, Temperature: 282.70 K, Total Energy: -30033.944702 eV
Step: 24800, Temperature: 283.45 K, Total Energy: -30034.326264 eV
Step: 24820, Temperature: 278.30 K, Total Energy: -30034.440459 eV
Step: 24840, Temperature: 302.18 K, Total Energy: -30034.209463 eV
Step: 24860, Temperature: 290.10 K, Total Energy: -30034.014092 eV
Step: 24880, Temperature: 295.90 K, Total Energy: -30034.008370 eV
Step: 24900, Temperature: 292.82 K, Total Energy: -30033.467003 eV
Step: 24920, Temperature: 292.15 K, Total Energy: -30033.718254 eV
Step: 24940, Temperature: 301.51 K, Total Energy: -30033.745855 eV
Step: 24960, Temperature: 295.95 K, Total Energy: -30033.046237 eV
Step: 24980, Temperature: 319.16 K, Total Energy: -30033.119326 eV
Step: 25000, Temperature: 291.07 K, Total Energy: -30033.305914 eV
Step: 25020, Temperature: 283.59 K, Total Energy: -30033.840170 eV
Step: 25040, Temperature: 298.52 K, Total Energy: -30033.145585 eV
Step: 25060, Temperature: 299.07 K, Total Energy: -30033.498767 eV
Step: 25080, Temperature: 307.12 K, Total Energy: -30033.711934 eV
Step: 25100, Temperature: 300.41 K, Total Energy: -30033.713232 eV
Step: 25120, Temperature: 301.50 K, Total Energy: -30034.148527 eV
Step: 25140, Temperature: 299.16 K, Total Energy: -30034.002512 eV
Step: 25160, Temperature: 278.74 K, Total Energy: -30033.974163 eV
Step: 25180, Temperature: 305.76 K, Total Energy: -30033.795017 eV
Step: 25200, Temperature: 322.48 K, Total Energy: -30033.481088 eV
Step: 25220, Temperature: 291.30 K, Total Energy: -30034.001448 eV
Step: 25240, Temperature: 293.52 K, Total Energy: -30034.326300 eV
Step: 25260, Temperature: 288.34 K, Total Energy: -30034.126677 eV
Step: 25280, Temperature: 285.31 K, Total Energy: -30034.080022 eV
Step: 25300, Temperature: 273.08 K, Total Energy: -30034.216359 eV
Step: 25320, Temperature: 285.21 K, Total Energy: -30033.852085 eV
Step: 25340, Temperature: 324.50 K, Total Energy: -30034.004408 eV
Step: 25360, Temperature: 285.89 K, Total Energy: -30034.250993 eV
Step: 25380, Temperature: 280.48 K, Total Energy: -30034.531856 eV
Step: 25400, Temperature: 286.81 K, Total Energy: -30034.323441 eV
Step: 25420, Temperature: 339.74 K, Total Energy: -30033.243314 eV
Step: 25440, Temperature: 316.11 K, Total Energy: -30033.200168 eV
Step: 25460, Temperature: 329.72 K, Total Energy: -30032.810272 eV
Step: 25480, Temperature: 318.92 K, Total Energy: -30032.682026 eV
Step: 25500, Temperature: 320.77 K, Total Energy: -30032.762350 eV
Step: 25520, Temperature: 313.97 K, Total Energy: -30033.115541 eV
Step: 25540, Temperature: 302.51 K, Total Energy: -30033.431559 eV
Step: 25560, Temperature: 302.63 K, Total Energy: -30033.549783 eV
Step: 25580, Temperature: 285.94 K, Total Energy: -30033.900184 eV
Step: 25600, Temperature: 291.96 K, Total Energy: -30033.777667 eV
Step: 25620, Temperature: 291.60 K, Total Energy: -30033.257498 eV
Step: 25640, Temperature: 302.70 K, Total Energy: -30033.868332 eV
Step: 25660, Temperature: 309.83 K, Total Energy: -30033.424817 eV
Step: 25680, Temperature: 275.30 K, Total Energy: -30033.869433 eV
Step: 25700, Temperature: 294.99 K, Total Energy: -30033.828317 eV
Step: 25720, Temperature: 317.55 K, Total Energy: -30033.380817 eV
Step: 25740, Temperature: 303.80 K, Total Energy: -30033.818980 eV
Step: 25760, Temperature: 291.79 K, Total Energy: -30034.190206 eV
Step: 25780, Temperature: 293.43 K, Total Energy: -30033.929978 eV
Step: 25800, Temperature: 288.76 K, Total Energy: -30034.883630 eV
Step: 25820, Temperature: 271.51 K, Total Energy: -30034.601777 eV
Step: 25840, Temperature: 289.27 K, Total Energy: -30034.404035 eV
Step: 25860, Temperature: 273.04 K, Total Energy: -30034.619669 eV
Step: 25880, Temperature: 285.70 K, Total Energy: -30033.898316 eV
Step: 25900, Temperature: 320.23 K, Total Energy: -30033.361915 eV
Step: 25920, Temperature: 306.46 K, Total Energy: -30033.451308 eV
Step: 25940, Temperature: 308.23 K, Total Energy: -30033.371565 eV
Step: 25960, Temperature: 282.15 K, Total Energy: -30033.226069 eV
Step: 25980, Temperature: 311.09 K, Total Energy: -30033.385254 eV
Step: 26000, Temperature: 317.54 K, Total Energy: -30033.466971 eV
Step: 26020, Temperature: 303.23 K, Total Energy: -30033.878471 eV
Step: 26040, Temperature: 284.46 K, Total Energy: -30033.968782 eV
Step: 26060, Temperature: 281.80 K, Total Energy: -30033.875561 eV
Step: 26080, Temperature: 292.42 K, Total Energy: -30034.090169 eV
Step: 26100, Temperature: 291.12 K, Total Energy: -30034.209029 eV
Step: 26120, Temperature: 283.15 K, Total Energy: -30033.841591 eV
Step: 26140, Temperature: 310.56 K, Total Energy: -30033.701531 eV
Step: 26160, Temperature: 304.29 K, Total Energy: -30033.386883 eV
Step: 26180, Temperature: 316.29 K, Total Energy: -30033.197537 eV
Step: 26200, Temperature: 319.27 K, Total Energy: -30032.632359 eV
Step: 26220, Temperature: 332.39 K, Total Energy: -30032.803437 eV
Step: 26240, Temperature: 326.30 K, Total Energy: -30033.425781 eV
Step: 26260, Temperature: 317.80 K, Total Energy: -30033.225910 eV
Step: 26280, Temperature: 298.00 K, Total Energy: -30033.982920 eV
Step: 26300, Temperature: 312.41 K, Total Energy: -30033.551272 eV
Step: 26320, Temperature: 323.71 K, Total Energy: -30033.664878 eV
Step: 26340, Temperature: 305.61 K, Total Energy: -30033.853432 eV
Step: 26360, Temperature: 317.91 K, Total Energy: -30033.459569 eV
Step: 26380, Temperature: 301.20 K, Total Energy: -30033.749837 eV
Step: 26400, Temperature: 298.99 K, Total Energy: -30033.016554 eV
Step: 26420, Temperature: 317.49 K, Total Energy: -30033.714161 eV
Step: 26440, Temperature: 286.61 K, Total Energy: -30034.279701 eV
Step: 26460, Temperature: 306.94 K, Total Energy: -30033.909961 eV
Step: 26480, Temperature: 289.58 K, Total Energy: -30033.964484 eV
Step: 26500, Temperature: 291.22 K, Total Energy: -30033.681026 eV
Step: 26520, Temperature: 310.98 K, Total Energy: -30033.507355 eV
Step: 26540, Temperature: 303.52 K, Total Energy: -30033.709065 eV
Step: 26560, Temperature: 296.79 K, Total Energy: -30034.062119 eV
Step: 26580, Temperature: 279.86 K, Total Energy: -30033.758554 eV
Step: 26600, Temperature: 304.10 K, Total Energy: -30033.708009 eV
Step: 26620, Temperature: 296.89 K, Total Energy: -30033.686693 eV
Step: 26640, Temperature: 284.32 K, Total Energy: -30034.325829 eV
Step: 26660, Temperature: 279.58 K, Total Energy: -30034.470547 eV
Step: 26680, Temperature: 274.86 K, Total Energy: -30034.591563 eV
Step: 26700, Temperature: 282.00 K, Total Energy: -30034.866625 eV
Step: 26720, Temperature: 292.54 K, Total Energy: -30034.807905 eV
Step: 26740, Temperature: 287.93 K, Total Energy: -30034.931924 eV
Step: 26760, Temperature: 302.69 K, Total Energy: -30034.733785 eV
Step: 26780, Temperature: 287.43 K, Total Energy: -30035.282371 eV
Step: 26800, Temperature: 310.61 K, Total Energy: -30035.077130 eV
Step: 26820, Temperature: 252.78 K, Total Energy: -30035.624605 eV
Step: 26840, Temperature: 271.65 K, Total Energy: -30035.484832 eV
Step: 26860, Temperature: 291.19 K, Total Energy: -30035.240423 eV
Step: 26880, Temperature: 294.34 K, Total Energy: -30035.079010 eV
Step: 26900, Temperature: 292.79 K, Total Energy: -30035.159199 eV
Step: 26920, Temperature: 295.25 K, Total Energy: -30034.876350 eV
Step: 26940, Temperature: 295.92 K, Total Energy: -30035.091851 eV
Step: 26960, Temperature: 278.84 K, Total Energy: -30035.153299 eV
Step: 26980, Temperature: 298.91 K, Total Energy: -30035.188375 eV
Step: 27000, Temperature: 279.72 K, Total Energy: -30035.463069 eV
Step: 27020, Temperature: 301.17 K, Total Energy: -30035.045563 eV
Step: 27040, Temperature: 284.79 K, Total Energy: -30034.940799 eV
Step: 27060, Temperature: 301.13 K, Total Energy: -30034.968388 eV
Step: 27080, Temperature: 257.72 K, Total Energy: -30035.039236 eV
Step: 27100, Temperature: 288.21 K, Total Energy: -30034.958133 eV
Step: 27120, Temperature: 283.18 K, Total Energy: -30034.871961 eV
Step: 27140, Temperature: 281.14 K, Total Energy: -30034.915629 eV
Step: 27160, Temperature: 300.12 K, Total Energy: -30034.527145 eV
Step: 27180, Temperature: 299.25 K, Total Energy: -30034.478744 eV
Step: 27200, Temperature: 307.36 K, Total Energy: -30034.266504 eV
Step: 27220, Temperature: 287.18 K, Total Energy: -30034.638289 eV
Step: 27240, Temperature: 308.80 K, Total Energy: -30034.423417 eV
Step: 27260, Temperature: 292.85 K, Total Energy: -30034.454422 eV
Step: 27280, Temperature: 315.17 K, Total Energy: -30034.048206 eV
Step: 27300, Temperature: 292.22 K, Total Energy: -30034.312066 eV
Step: 27320, Temperature: 274.91 K, Total Energy: -30034.258210 eV
Step: 27340, Temperature: 317.58 K, Total Energy: -30033.395447 eV
Step: 27360, Temperature: 309.04 K, Total Energy: -30033.396021 eV
Step: 27380, Temperature: 282.17 K, Total Energy: -30033.532203 eV
Step: 27400, Temperature: 303.11 K, Total Energy: -30033.443965 eV
Step: 27420, Temperature: 291.65 K, Total Energy: -30033.314714 eV
Step: 27440, Temperature: 301.86 K, Total Energy: -30033.149222 eV
Step: 27460, Temperature: 324.89 K, Total Energy: -30032.554998 eV
Step: 27480, Temperature: 289.69 K, Total Energy: -30033.452064 eV
Step: 27500, Temperature: 293.34 K, Total Energy: -30033.754630 eV
Step: 27520, Temperature: 285.17 K, Total Energy: -30034.114785 eV
Step: 27540, Temperature: 310.52 K, Total Energy: -30033.624293 eV
Step: 27560, Temperature: 292.35 K, Total Energy: -30033.570526 eV
Step: 27580, Temperature: 309.52 K, Total Energy: -30033.254953 eV
Step: 27600, Temperature: 331.22 K, Total Energy: -30033.096719 eV
Step: 27620, Temperature: 303.13 K, Total Energy: -30033.699305 eV
Step: 27640, Temperature: 278.51 K, Total Energy: -30034.157807 eV
Step: 27660, Temperature: 294.69 K, Total Energy: -30034.158145 eV
Step: 27680, Temperature: 303.75 K, Total Energy: -30033.798767 eV
Step: 27700, Temperature: 314.70 K, Total Energy: -30033.749526 eV
Step: 27720, Temperature: 292.62 K, Total Energy: -30033.409362 eV
Step: 27740, Temperature: 335.38 K, Total Energy: -30032.236019 eV
Step: 27760, Temperature: 308.41 K, Total Energy: -30032.663706 eV
Step: 27780, Temperature: 342.84 K, Total Energy: -30032.487439 eV
Step: 27800, Temperature: 327.36 K, Total Energy: -30032.404968 eV
Step: 27820, Temperature: 301.50 K, Total Energy: -30032.629054 eV
Step: 27840, Temperature: 345.87 K, Total Energy: -30032.219709 eV
Step: 27860, Temperature: 329.15 K, Total Energy: -30032.688033 eV
Step: 27880, Temperature: 322.70 K, Total Energy: -30033.346718 eV
Step: 27900, Temperature: 302.14 K, Total Energy: -30033.581534 eV
Step: 27920, Temperature: 306.35 K, Total Energy: -30033.202003 eV
Step: 27940, Temperature: 338.75 K, Total Energy: -30033.080803 eV
Step: 27960, Temperature: 312.44 K, Total Energy: -30033.331877 eV
Step: 27980, Temperature: 328.65 K, Total Energy: -30032.686839 eV
Step: 28000, Temperature: 323.54 K, Total Energy: -30033.050055 eV
Step: 28020, Temperature: 273.62 K, Total Energy: -30034.140277 eV
Step: 28040, Temperature: 322.25 K, Total Energy: -30033.484872 eV
Step: 28060, Temperature: 286.75 K, Total Energy: -30033.510470 eV
Step: 28080, Temperature: 282.38 K, Total Energy: -30034.081710 eV
Step: 28100, Temperature: 294.59 K, Total Energy: -30034.311010 eV
Step: 28120, Temperature: 289.36 K, Total Energy: -30034.472139 eV
Step: 28140, Temperature: 302.31 K, Total Energy: -30033.624311 eV
Step: 28160, Temperature: 305.31 K, Total Energy: -30033.275183 eV
Step: 28180, Temperature: 321.78 K, Total Energy: -30032.889285 eV
Step: 28200, Temperature: 339.85 K, Total Energy: -30032.410340 eV
Step: 28220, Temperature: 303.22 K, Total Energy: -30032.810254 eV
Step: 28240, Temperature: 298.75 K, Total Energy: -30033.133879 eV
Step: 28260, Temperature: 314.26 K, Total Energy: -30033.280126 eV
Step: 28280, Temperature: 299.50 K, Total Energy: -30033.495935 eV
Step: 28300, Temperature: 325.17 K, Total Energy: -30033.538241 eV
Step: 28320, Temperature: 291.57 K, Total Energy: -30033.521913 eV
Step: 28340, Temperature: 287.31 K, Total Energy: -30033.797258 eV
Step: 28360, Temperature: 283.36 K, Total Energy: -30034.076494 eV
Step: 28380, Temperature: 282.76 K, Total Energy: -30034.460802 eV
Step: 28400, Temperature: 273.55 K, Total Energy: -30035.009312 eV
Step: 28420, Temperature: 268.15 K, Total Energy: -30034.952145 eV
Step: 28440, Temperature: 292.38 K, Total Energy: -30034.862762 eV
Step: 28460, Temperature: 304.03 K, Total Energy: -30034.311240 eV
Step: 28480, Temperature: 301.70 K, Total Energy: -30033.956036 eV
Step: 28500, Temperature: 285.58 K, Total Energy: -30034.120042 eV
Step: 28520, Temperature: 293.25 K, Total Energy: -30033.954021 eV
Step: 28540, Temperature: 287.64 K, Total Energy: -30034.085716 eV
Step: 28560, Temperature: 288.86 K, Total Energy: -30034.365479 eV
Step: 28580, Temperature: 266.17 K, Total Energy: -30034.947130 eV
Step: 28600, Temperature: 284.79 K, Total Energy: -30034.755354 eV
Step: 28620, Temperature: 289.62 K, Total Energy: -30034.690048 eV
Step: 28640, Temperature: 284.08 K, Total Energy: -30034.603332 eV
Step: 28660, Temperature: 303.35 K, Total Energy: -30034.557029 eV
Step: 28680, Temperature: 295.73 K, Total Energy: -30034.381947 eV
Step: 28700, Temperature: 302.70 K, Total Energy: -30034.250997 eV
Step: 28720, Temperature: 285.60 K, Total Energy: -30034.607987 eV
Step: 28740, Temperature: 289.09 K, Total Energy: -30034.328449 eV
Step: 28760, Temperature: 298.30 K, Total Energy: -30033.992978 eV
Step: 28780, Temperature: 293.98 K, Total Energy: -30033.881052 eV
Step: 28800, Temperature: 292.04 K, Total Energy: -30034.076444 eV
Step: 28820, Temperature: 265.45 K, Total Energy: -30034.930182 eV
Step: 28840, Temperature: 290.93 K, Total Energy: -30034.987274 eV
Step: 28860, Temperature: 284.91 K, Total Energy: -30035.168320 eV
Step: 28880, Temperature: 271.71 K, Total Energy: -30035.018639 eV
Step: 28900, Temperature: 273.04 K, Total Energy: -30035.139257 eV
Step: 28920, Temperature: 284.39 K, Total Energy: -30034.884533 eV
Step: 28940, Temperature: 293.46 K, Total Energy: -30035.021057 eV
Step: 28960, Temperature: 296.15 K, Total Energy: -30035.359467 eV
Step: 28980, Temperature: 290.73 K, Total Energy: -30035.031335 eV
Step: 29000, Temperature: 301.66 K, Total Energy: -30035.095649 eV
Step: 29020, Temperature: 310.42 K, Total Energy: -30034.531116 eV
Step: 29040, Temperature: 301.56 K, Total Energy: -30034.842280 eV
Step: 29060, Temperature: 296.58 K, Total Energy: -30034.471805 eV
Step: 29080, Temperature: 309.63 K, Total Energy: -30034.480617 eV
Step: 29100, Temperature: 287.06 K, Total Energy: -30034.680450 eV
Step: 29120, Temperature: 296.66 K, Total Energy: -30034.866299 eV
Step: 29140, Temperature: 310.66 K, Total Energy: -30034.689037 eV
Step: 29160, Temperature: 281.45 K, Total Energy: -30035.095252 eV
Step: 29180, Temperature: 263.69 K, Total Energy: -30035.669917 eV
Step: 29200, Temperature: 294.77 K, Total Energy: -30035.382601 eV
Step: 29220, Temperature: 277.11 K, Total Energy: -30034.954579 eV
Step: 29240, Temperature: 288.31 K, Total Energy: -30034.953581 eV
Step: 29260, Temperature: 270.45 K, Total Energy: -30035.589413 eV
Step: 29280, Temperature: 263.21 K, Total Energy: -30035.496406 eV
Step: 29300, Temperature: 265.39 K, Total Energy: -30035.380917 eV
Step: 29320, Temperature: 293.31 K, Total Energy: -30035.044336 eV
Step: 29340, Temperature: 283.11 K, Total Energy: -30034.520360 eV
Step: 29360, Temperature: 277.42 K, Total Energy: -30034.417686 eV
Step: 29380, Temperature: 292.52 K, Total Energy: -30034.699057 eV
Step: 29400, Temperature: 284.71 K, Total Energy: -30034.395894 eV
Step: 29420, Temperature: 344.76 K, Total Energy: -30034.148076 eV
Step: 29440, Temperature: 294.62 K, Total Energy: -30034.825892 eV
Step: 29460, Temperature: 294.82 K, Total Energy: -30035.260214 eV
Step: 29480, Temperature: 273.53 K, Total Energy: -30035.339904 eV
Step: 29500, Temperature: 286.45 K, Total Energy: -30034.877562 eV
Step: 29520, Temperature: 281.58 K, Total Energy: -30035.252260 eV
Step: 29540, Temperature: 292.11 K, Total Energy: -30035.453667 eV
Step: 29560, Temperature: 283.38 K, Total Energy: -30035.320134 eV
Step: 29580, Temperature: 289.44 K, Total Energy: -30035.866692 eV
Step: 29600, Temperature: 280.38 K, Total Energy: -30035.604720 eV
Step: 29620, Temperature: 251.82 K, Total Energy: -30036.082277 eV
Step: 29640, Temperature: 278.90 K, Total Energy: -30035.657577 eV
Step: 29660, Temperature: 293.37 K, Total Energy: -30035.648313 eV
Step: 29680, Temperature: 291.25 K, Total Energy: -30035.442057 eV
Step: 29700, Temperature: 284.15 K, Total Energy: -30035.332007 eV
Step: 29720, Temperature: 273.68 K, Total Energy: -30035.091897 eV
Step: 29740, Temperature: 284.04 K, Total Energy: -30034.834650 eV
Step: 29760, Temperature: 299.72 K, Total Energy: -30034.464925 eV
Step: 29780, Temperature: 289.16 K, Total Energy: -30034.744717 eV
Step: 29800, Temperature: 276.03 K, Total Energy: -30034.913598 eV
Step: 29820, Temperature: 278.50 K, Total Energy: -30035.251618 eV
Step: 29840, Temperature: 303.12 K, Total Energy: -30034.853780 eV
Step: 29860, Temperature: 283.88 K, Total Energy: -30035.016364 eV
Step: 29880, Temperature: 288.31 K, Total Energy: -30034.330712 eV
Step: 29900, Temperature: 298.36 K, Total Energy: -30034.676977 eV
Step: 29920, Temperature: 302.58 K, Total Energy: -30035.306975 eV
Step: 29940, Temperature: 273.45 K, Total Energy: -30035.672021 eV
Step: 29960, Temperature: 294.29 K, Total Energy: -30035.330347 eV
Step: 29980, Temperature: 299.02 K, Total Energy: -30035.009926 eV
Step: 30000, Temperature: 309.82 K, Total Energy: -30034.376329 eV
Step: 30020, Temperature: 296.80 K, Total Energy: -30034.052120 eV
Step: 30040, Temperature: 318.30 K, Total Energy: -30033.912535 eV
Step: 30060, Temperature: 281.30 K, Total Energy: -30033.860918 eV
Step: 30080, Temperature: 323.99 K, Total Energy: -30033.903866 eV
Step: 30100, Temperature: 296.61 K, Total Energy: -30033.832288 eV
Step: 30120, Temperature: 301.49 K, Total Energy: -30034.404586 eV
Step: 30140, Temperature: 283.38 K, Total Energy: -30034.837653 eV
Step: 30160, Temperature: 279.23 K, Total Energy: -30034.910993 eV
Step: 30180, Temperature: 313.41 K, Total Energy: -30034.447893 eV
Step: 30200, Temperature: 295.59 K, Total Energy: -30033.858151 eV
Step: 30220, Temperature: 289.21 K, Total Energy: -30034.169228 eV
Step: 30240, Temperature: 289.67 K, Total Energy: -30034.011279 eV
Step: 30260, Temperature: 295.32 K, Total Energy: -30034.198712 eV
Step: 30280, Temperature: 297.47 K, Total Energy: -30034.549049 eV
Step: 30300, Temperature: 271.48 K, Total Energy: -30035.284198 eV
Step: 30320, Temperature: 281.24 K, Total Energy: -30035.247193 eV
Step: 30340, Temperature: 287.69 K, Total Energy: -30035.234970 eV
Step: 30360, Temperature: 307.24 K, Total Energy: -30035.025281 eV
Step: 30380, Temperature: 306.76 K, Total Energy: -30035.064886 eV
Step: 30400, Temperature: 301.26 K, Total Energy: -30034.890950 eV
Step: 30420, Temperature: 288.40 K, Total Energy: -30034.896631 eV
Step: 30440, Temperature: 280.65 K, Total Energy: -30035.037307 eV
Step: 30460, Temperature: 290.50 K, Total Energy: -30034.603601 eV
Step: 30480, Temperature: 298.68 K, Total Energy: -30034.459944 eV
Step: 30500, Temperature: 321.43 K, Total Energy: -30033.831818 eV
Step: 30520, Temperature: 303.09 K, Total Energy: -30034.374184 eV
Step: 30540, Temperature: 289.48 K, Total Energy: -30034.674082 eV
Step: 30560, Temperature: 302.08 K, Total Energy: -30034.458109 eV
Step: 30580, Temperature: 299.74 K, Total Energy: -30034.286549 eV
Step: 30600, Temperature: 307.94 K, Total Energy: -30034.605310 eV
Step: 30620, Temperature: 301.83 K, Total Energy: -30034.339317 eV
Step: 30640, Temperature: 294.26 K, Total Energy: -30034.909238 eV
Step: 30660, Temperature: 263.51 K, Total Energy: -30035.193983 eV
Step: 30680, Temperature: 293.21 K, Total Energy: -30034.972826 eV
Step: 30700, Temperature: 281.26 K, Total Energy: -30034.932104 eV
Step: 30720, Temperature: 278.58 K, Total Energy: -30034.990013 eV
Step: 30740, Temperature: 261.79 K, Total Energy: -30035.010814 eV
Step: 30760, Temperature: 295.73 K, Total Energy: -30034.606381 eV
Step: 30780, Temperature: 285.37 K, Total Energy: -30034.727067 eV
Step: 30800, Temperature: 280.70 K, Total Energy: -30034.844717 eV
Step: 30820, Temperature: 293.62 K, Total Energy: -30034.591197 eV
Step: 30840, Temperature: 320.70 K, Total Energy: -30034.111792 eV
Step: 30860, Temperature: 300.51 K, Total Energy: -30033.683140 eV
Step: 30880, Temperature: 297.50 K, Total Energy: -30033.870513 eV
Step: 30900, Temperature: 257.03 K, Total Energy: -30034.427638 eV
Step: 30920, Temperature: 298.49 K, Total Energy: -30034.798697 eV
Step: 30940, Temperature: 303.74 K, Total Energy: -30034.435804 eV
Step: 30960, Temperature: 299.48 K, Total Energy: -30034.508007 eV
Step: 30980, Temperature: 282.23 K, Total Energy: -30034.825650 eV
Step: 31000, Temperature: 294.73 K, Total Energy: -30034.784069 eV
Step: 31020, Temperature: 280.74 K, Total Energy: -30034.064307 eV
Step: 31040, Temperature: 310.18 K, Total Energy: -30034.088069 eV
Step: 31060, Temperature: 291.00 K, Total Energy: -30034.001160 eV
Step: 31080, Temperature: 289.61 K, Total Energy: -30034.450236 eV
Step: 31100, Temperature: 304.49 K, Total Energy: -30034.309540 eV
Step: 31120, Temperature: 293.18 K, Total Energy: -30034.581017 eV
Step: 31140, Temperature: 295.85 K, Total Energy: -30034.873046 eV
Step: 31160, Temperature: 296.97 K, Total Energy: -30034.426866 eV
Step: 31180, Temperature: 321.58 K, Total Energy: -30033.991997 eV
Step: 31200, Temperature: 328.38 K, Total Energy: -30033.996507 eV
Step: 31220, Temperature: 319.10 K, Total Energy: -30033.986174 eV
Step: 31240, Temperature: 300.27 K, Total Energy: -30034.556364 eV
Step: 31260, Temperature: 319.13 K, Total Energy: -30034.282167 eV
Step: 31280, Temperature: 301.93 K, Total Energy: -30034.518547 eV
Step: 31300, Temperature: 280.08 K, Total Energy: -30034.452015 eV
Step: 31320, Temperature: 263.54 K, Total Energy: -30034.572055 eV
Step: 31340, Temperature: 295.39 K, Total Energy: -30034.542711 eV
Step: 31360, Temperature: 317.03 K, Total Energy: -30033.983570 eV
Step: 31380, Temperature: 302.67 K, Total Energy: -30034.087875 eV
Step: 31400, Temperature: 310.96 K, Total Energy: -30033.659970 eV
Step: 31420, Temperature: 297.21 K, Total Energy: -30033.352322 eV
Step: 31440, Temperature: 305.10 K, Total Energy: -30033.860587 eV
Step: 31460, Temperature: 298.85 K, Total Energy: -30033.385304 eV
Step: 31480, Temperature: 301.49 K, Total Energy: -30033.849902 eV
Step: 31500, Temperature: 316.51 K, Total Energy: -30033.984968 eV
Step: 31520, Temperature: 295.15 K, Total Energy: -30033.798778 eV
Step: 31540, Temperature: 296.56 K, Total Energy: -30033.679173 eV
Step: 31560, Temperature: 315.83 K, Total Energy: -30033.508062 eV
Step: 31580, Temperature: 317.17 K, Total Energy: -30034.052507 eV
Step: 31600, Temperature: 295.10 K, Total Energy: -30033.971978 eV
Step: 31620, Temperature: 306.23 K, Total Energy: -30033.843804 eV
Step: 31640, Temperature: 290.88 K, Total Energy: -30034.158318 eV
Step: 31660, Temperature: 294.26 K, Total Energy: -30034.532205 eV
Step: 31680, Temperature: 306.42 K, Total Energy: -30034.087049 eV
Step: 31700, Temperature: 295.54 K, Total Energy: -30034.425756 eV
Step: 31720, Temperature: 294.24 K, Total Energy: -30034.433004 eV
Step: 31740, Temperature: 257.94 K, Total Energy: -30035.535666 eV
Step: 31760, Temperature: 278.67 K, Total Energy: -30035.409456 eV
Step: 31780, Temperature: 283.97 K, Total Energy: -30034.777937 eV
Step: 31800, Temperature: 326.50 K, Total Energy: -30035.129832 eV
Step: 31820, Temperature: 298.01 K, Total Energy: -30034.613477 eV
Step: 31840, Temperature: 263.74 K, Total Energy: -30034.865881 eV
Step: 31860, Temperature: 286.54 K, Total Energy: -30034.812804 eV
Step: 31880, Temperature: 279.14 K, Total Energy: -30035.315605 eV
Step: 31900, Temperature: 264.29 K, Total Energy: -30035.586510 eV
Step: 31920, Temperature: 276.42 K, Total Energy: -30035.141924 eV
Step: 31940, Temperature: 291.86 K, Total Energy: -30035.077061 eV
Step: 31960, Temperature: 290.80 K, Total Energy: -30035.818685 eV
Step: 31980, Temperature: 286.21 K, Total Energy: -30035.733100 eV
Step: 32000, Temperature: 263.02 K, Total Energy: -30035.317557 eV
Step: 32020, Temperature: 282.93 K, Total Energy: -30035.503393 eV
Step: 32040, Temperature: 274.13 K, Total Energy: -30035.008360 eV
Step: 32060, Temperature: 302.74 K, Total Energy: -30035.115369 eV
Step: 32080, Temperature: 297.45 K, Total Energy: -30034.596204 eV
Step: 32100, Temperature: 276.37 K, Total Energy: -30035.098286 eV
Step: 32120, Temperature: 304.58 K, Total Energy: -30034.359846 eV
Step: 32140, Temperature: 319.62 K, Total Energy: -30033.816875 eV
Step: 32160, Temperature: 299.91 K, Total Energy: -30033.694506 eV
Step: 32180, Temperature: 316.61 K, Total Energy: -30033.679819 eV
Step: 32200, Temperature: 302.58 K, Total Energy: -30033.254097 eV
Step: 32220, Temperature: 314.74 K, Total Energy: -30033.590191 eV
Step: 32240, Temperature: 297.41 K, Total Energy: -30033.638299 eV
Step: 32260, Temperature: 326.32 K, Total Energy: -30033.181254 eV
Step: 32280, Temperature: 313.81 K, Total Energy: -30033.680098 eV
Step: 32300, Temperature: 306.76 K, Total Energy: -30034.266001 eV
Step: 32320, Temperature: 317.48 K, Total Energy: -30033.411820 eV
Step: 32340, Temperature: 339.24 K, Total Energy: -30033.042930 eV
Step: 32360, Temperature: 316.38 K, Total Energy: -30033.189562 eV
Step: 32380, Temperature: 316.86 K, Total Energy: -30033.107172 eV
Step: 32400, Temperature: 308.77 K, Total Energy: -30033.029834 eV
Step: 32420, Temperature: 310.81 K, Total Energy: -30033.202846 eV
Step: 32440, Temperature: 304.63 K, Total Energy: -30033.696619 eV
Step: 32460, Temperature: 297.33 K, Total Energy: -30033.816084 eV
Step: 32480, Temperature: 283.44 K, Total Energy: -30034.314771 eV
Step: 32500, Temperature: 272.97 K, Total Energy: -30034.506325 eV
Step: 32520, Temperature: 306.87 K, Total Energy: -30034.114633 eV
Step: 32540, Temperature: 293.41 K, Total Energy: -30033.557399 eV
Step: 32560, Temperature: 313.88 K, Total Energy: -30033.076752 eV
Step: 32580, Temperature: 314.27 K, Total Energy: -30033.105892 eV
Step: 32600, Temperature: 316.50 K, Total Energy: -30032.950202 eV
Step: 32620, Temperature: 315.31 K, Total Energy: -30033.196907 eV
Step: 32640, Temperature: 330.87 K, Total Energy: -30033.017506 eV
Step: 32660, Temperature: 287.57 K, Total Energy: -30033.362939 eV
Step: 32680, Temperature: 308.21 K, Total Energy: -30033.457821 eV
Step: 32700, Temperature: 295.80 K, Total Energy: -30034.096851 eV
Step: 32720, Temperature: 308.11 K, Total Energy: -30034.204649 eV
Step: 32740, Temperature: 289.08 K, Total Energy: -30034.490976 eV
Step: 32760, Temperature: 310.07 K, Total Energy: -30034.661146 eV
Step: 32780, Temperature: 289.18 K, Total Energy: -30034.988397 eV
Step: 32800, Temperature: 287.54 K, Total Energy: -30034.707320 eV
Step: 32820, Temperature: 296.60 K, Total Energy: -30034.299362 eV
Step: 32840, Temperature: 320.53 K, Total Energy: -30034.303692 eV
Step: 32860, Temperature: 281.48 K, Total Energy: -30034.348553 eV
Step: 32880, Temperature: 270.39 K, Total Energy: -30034.711992 eV
Step: 32900, Temperature: 294.42 K, Total Energy: -30034.514447 eV
Step: 32920, Temperature: 276.33 K, Total Energy: -30034.792628 eV
Step: 32940, Temperature: 290.23 K, Total Energy: -30034.809472 eV
Step: 32960, Temperature: 281.84 K, Total Energy: -30034.851176 eV
Step: 32980, Temperature: 273.21 K, Total Energy: -30034.666253 eV
Step: 33000, Temperature: 282.76 K, Total Energy: -30034.689347 eV
Step: 33020, Temperature: 279.36 K, Total Energy: -30034.230096 eV
Step: 33040, Temperature: 291.57 K, Total Energy: -30034.611648 eV
Step: 33060, Temperature: 295.46 K, Total Energy: -30034.578039 eV
Step: 33080, Temperature: 280.45 K, Total Energy: -30034.727864 eV
Step: 33100, Temperature: 282.82 K, Total Energy: -30034.463096 eV
Step: 33120, Temperature: 307.02 K, Total Energy: -30034.128508 eV
Step: 33140, Temperature: 291.20 K, Total Energy: -30034.806622 eV
Step: 33160, Temperature: 268.66 K, Total Energy: -30035.404035 eV
Step: 33180, Temperature: 260.39 K, Total Energy: -30035.338939 eV
Step: 33200, Temperature: 276.47 K, Total Energy: -30034.900566 eV
Step: 33220, Temperature: 330.25 K, Total Energy: -30034.126910 eV
Step: 33240, Temperature: 286.36 K, Total Energy: -30034.035884 eV
Step: 33260, Temperature: 298.24 K, Total Energy: -30033.945521 eV
Step: 33280, Temperature: 289.13 K, Total Energy: -30033.770951 eV
Step: 33300, Temperature: 295.33 K, Total Energy: -30033.897868 eV
Step: 33320, Temperature: 287.29 K, Total Energy: -30034.465632 eV
Step: 33340, Temperature: 273.51 K, Total Energy: -30034.397092 eV
Step: 33360, Temperature: 306.96 K, Total Energy: -30034.532518 eV
Step: 33380, Temperature: 280.08 K, Total Energy: -30034.366290 eV
Step: 33400, Temperature: 312.80 K, Total Energy: -30035.338289 eV
Step: 33420, Temperature: 287.34 K, Total Energy: -30035.653920 eV
Step: 33440, Temperature: 300.24 K, Total Energy: -30035.498728 eV
Step: 33460, Temperature: 278.64 K, Total Energy: -30035.324437 eV
Step: 33480, Temperature: 280.37 K, Total Energy: -30035.138242 eV
Step: 33500, Temperature: 295.03 K, Total Energy: -30034.815541 eV
Step: 33520, Temperature: 291.40 K, Total Energy: -30035.213596 eV
Step: 33540, Temperature: 302.37 K, Total Energy: -30035.253568 eV
Step: 33560, Temperature: 304.76 K, Total Energy: -30035.154322 eV
Step: 33580, Temperature: 286.90 K, Total Energy: -30035.006856 eV
Step: 33600, Temperature: 297.71 K, Total Energy: -30034.982424 eV
Step: 33620, Temperature: 305.20 K, Total Energy: -30035.344229 eV
Step: 33640, Temperature: 272.89 K, Total Energy: -30035.553173 eV
Step: 33660, Temperature: 278.47 K, Total Energy: -30035.426201 eV
Step: 33680, Temperature: 292.86 K, Total Energy: -30035.337011 eV
Step: 33700, Temperature: 297.35 K, Total Energy: -30035.053853 eV
Step: 33720, Temperature: 288.47 K, Total Energy: -30035.457360 eV
Step: 33740, Temperature: 282.21 K, Total Energy: -30035.347580 eV
Step: 33760, Temperature: 281.41 K, Total Energy: -30035.264287 eV
Step: 33780, Temperature: 278.59 K, Total Energy: -30034.938906 eV
Step: 33800, Temperature: 297.64 K, Total Energy: -30035.093545 eV
Step: 33820, Temperature: 299.79 K, Total Energy: -30034.449451 eV
Step: 33840, Temperature: 315.23 K, Total Energy: -30034.296556 eV
Step: 33860, Temperature: 301.94 K, Total Energy: -30034.543633 eV
Step: 33880, Temperature: 319.35 K, Total Energy: -30034.333368 eV
Step: 33900, Temperature: 321.86 K, Total Energy: -30033.920455 eV
Step: 33920, Temperature: 308.47 K, Total Energy: -30034.513790 eV
Step: 33940, Temperature: 308.32 K, Total Energy: -30034.386817 eV
Step: 33960, Temperature: 320.79 K, Total Energy: -30033.783344 eV
Step: 33980, Temperature: 281.90 K, Total Energy: -30034.509815 eV
Step: 34000, Temperature: 285.08 K, Total Energy: -30034.720717 eV
Step: 34020, Temperature: 308.62 K, Total Energy: -30034.510039 eV
Step: 34040, Temperature: 263.53 K, Total Energy: -30034.845815 eV
Step: 34060, Temperature: 274.90 K, Total Energy: -30035.141361 eV
Step: 34080, Temperature: 287.09 K, Total Energy: -30034.625108 eV
Step: 34100, Temperature: 277.34 K, Total Energy: -30034.974333 eV
Step: 34120, Temperature: 262.09 K, Total Energy: -30035.003137 eV
Step: 34140, Temperature: 294.59 K, Total Energy: -30034.660538 eV
Step: 34160, Temperature: 296.27 K, Total Energy: -30034.596830 eV
Step: 34180, Temperature: 316.18 K, Total Energy: -30034.257027 eV
Step: 34200, Temperature: 310.33 K, Total Energy: -30034.562607 eV
Step: 34220, Temperature: 309.56 K, Total Energy: -30034.232603 eV
Step: 34240, Temperature: 308.06 K, Total Energy: -30034.516415 eV
Step: 34260, Temperature: 289.94 K, Total Energy: -30035.139006 eV
Step: 34280, Temperature: 271.38 K, Total Energy: -30035.302288 eV
Step: 34300, Temperature: 294.79 K, Total Energy: -30035.321501 eV
Step: 34320, Temperature: 300.40 K, Total Energy: -30035.412685 eV
Step: 34340, Temperature: 306.99 K, Total Energy: -30035.391098 eV
Step: 34360, Temperature: 336.66 K, Total Energy: -30034.816872 eV
Step: 34380, Temperature: 306.99 K, Total Energy: -30035.340158 eV
Step: 34400, Temperature: 281.97 K, Total Energy: -30035.175832 eV
Step: 34420, Temperature: 334.97 K, Total Energy: -30034.732511 eV
Step: 34440, Temperature: 306.10 K, Total Energy: -30034.626271 eV
Step: 34460, Temperature: 278.08 K, Total Energy: -30035.543593 eV
Step: 34480, Temperature: 301.66 K, Total Energy: -30034.999908 eV
Step: 34500, Temperature: 289.38 K, Total Energy: -30034.768474 eV
Step: 34520, Temperature: 299.94 K, Total Energy: -30035.254343 eV
Step: 34540, Temperature: 288.81 K, Total Energy: -30035.071897 eV
Step: 34560, Temperature: 306.24 K, Total Energy: -30034.773174 eV
Step: 34580, Temperature: 321.49 K, Total Energy: -30034.185588 eV
Step: 34600, Temperature: 292.20 K, Total Energy: -30035.031386 eV
Step: 34620, Temperature: 295.77 K, Total Energy: -30034.789167 eV
Step: 34640, Temperature: 285.70 K, Total Energy: -30035.619098 eV
Step: 34660, Temperature: 275.19 K, Total Energy: -30035.768651 eV
Step: 34680, Temperature: 266.22 K, Total Energy: -30035.352217 eV
Step: 34700, Temperature: 314.07 K, Total Energy: -30035.177423 eV
Step: 34720, Temperature: 313.84 K, Total Energy: -30035.107033 eV
Step: 34740, Temperature: 308.19 K, Total Energy: -30034.792410 eV
Step: 34760, Temperature: 304.44 K, Total Energy: -30035.035414 eV
Step: 34780, Temperature: 284.54 K, Total Energy: -30035.802621 eV
Step: 34800, Temperature: 284.10 K, Total Energy: -30035.532378 eV
Step: 34820, Temperature: 280.53 K, Total Energy: -30035.954554 eV
Step: 34840, Temperature: 280.31 K, Total Energy: -30035.791970 eV
Step: 34860, Temperature: 314.90 K, Total Energy: -30035.814717 eV
Step: 34880, Temperature: 288.90 K, Total Energy: -30036.118364 eV
Step: 34900, Temperature: 289.33 K, Total Energy: -30036.310745 eV
Step: 34920, Temperature: 271.74 K, Total Energy: -30036.605599 eV
Step: 34940, Temperature: 259.23 K, Total Energy: -30036.850571 eV
Step: 34960, Temperature: 264.93 K, Total Energy: -30036.806701 eV
Step: 34980, Temperature: 271.99 K, Total Energy: -30036.361208 eV
Step: 35000, Temperature: 294.23 K, Total Energy: -30036.314140 eV
Step: 35020, Temperature: 308.54 K, Total Energy: -30036.172293 eV
Step: 35040, Temperature: 282.13 K, Total Energy: -30036.144570 eV
Step: 35060, Temperature: 281.53 K, Total Energy: -30035.972282 eV
Step: 35080, Temperature: 271.79 K, Total Energy: -30035.891452 eV
Step: 35100, Temperature: 261.88 K, Total Energy: -30035.865882 eV
Step: 35120, Temperature: 282.53 K, Total Energy: -30035.595406 eV
Step: 35140, Temperature: 307.51 K, Total Energy: -30035.330925 eV
Step: 35160, Temperature: 306.42 K, Total Energy: -30035.122089 eV
Step: 35180, Temperature: 275.84 K, Total Energy: -30034.969076 eV
Step: 35200, Temperature: 283.95 K, Total Energy: -30034.631856 eV
Step: 35220, Temperature: 307.78 K, Total Energy: -30034.310563 eV
Step: 35240, Temperature: 306.69 K, Total Energy: -30034.836192 eV
Step: 35260, Temperature: 298.94 K, Total Energy: -30034.513768 eV
Step: 35280, Temperature: 307.87 K, Total Energy: -30034.316182 eV
Step: 35300, Temperature: 313.24 K, Total Energy: -30033.946349 eV
Step: 35320, Temperature: 291.74 K, Total Energy: -30033.873071 eV
Step: 35340, Temperature: 308.71 K, Total Energy: -30033.908121 eV
Step: 35360, Temperature: 291.23 K, Total Energy: -30033.581158 eV
Step: 35380, Temperature: 323.51 K, Total Energy: -30033.502052 eV
Step: 35400, Temperature: 304.53 K, Total Energy: -30033.468762 eV
Step: 35420, Temperature: 294.06 K, Total Energy: -30033.381019 eV
Step: 35440, Temperature: 290.94 K, Total Energy: -30034.219485 eV
Step: 35460, Temperature: 304.90 K, Total Energy: -30034.564668 eV
Step: 35480, Temperature: 301.28 K, Total Energy: -30034.486069 eV
Step: 35500, Temperature: 323.03 K, Total Energy: -30034.219213 eV
Step: 35520, Temperature: 307.93 K, Total Energy: -30034.382817 eV
Step: 35540, Temperature: 285.95 K, Total Energy: -30034.917414 eV
Step: 35560, Temperature: 311.15 K, Total Energy: -30034.401326 eV
Step: 35580, Temperature: 295.71 K, Total Energy: -30034.780879 eV
Step: 35600, Temperature: 267.49 K, Total Energy: -30035.583919 eV
Step: 35620, Temperature: 295.86 K, Total Energy: -30035.374710 eV
Step: 35640, Temperature: 278.10 K, Total Energy: -30035.576149 eV
Step: 35660, Temperature: 302.00 K, Total Energy: -30035.188566 eV
Step: 35680, Temperature: 296.69 K, Total Energy: -30035.201300 eV
Step: 35700, Temperature: 293.63 K, Total Energy: -30035.358720 eV
Step: 35720, Temperature: 285.91 K, Total Energy: -30035.521957 eV
Step: 35740, Temperature: 292.60 K, Total Energy: -30035.704850 eV
Step: 35760, Temperature: 301.82 K, Total Energy: -30035.503734 eV
Step: 35780, Temperature: 269.63 K, Total Energy: -30035.655067 eV
Step: 35800, Temperature: 314.84 K, Total Energy: -30035.003812 eV
Step: 35820, Temperature: 300.51 K, Total Energy: -30034.554385 eV
Step: 35840, Temperature: 292.29 K, Total Energy: -30034.810451 eV
Step: 35860, Temperature: 322.81 K, Total Energy: -30034.720829 eV
Step: 35880, Temperature: 301.05 K, Total Energy: -30034.743746 eV
Step: 35900, Temperature: 325.77 K, Total Energy: -30034.491835 eV
Step: 35920, Temperature: 295.96 K, Total Energy: -30034.966026 eV
Step: 35940, Temperature: 286.84 K, Total Energy: -30034.865684 eV
Step: 35960, Temperature: 278.77 K, Total Energy: -30035.295551 eV
Step: 35980, Temperature: 293.30 K, Total Energy: -30035.343381 eV
Step: 36000, Temperature: 310.86 K, Total Energy: -30035.174370 eV
Step: 36020, Temperature: 278.64 K, Total Energy: -30035.150599 eV
Step: 36040, Temperature: 299.63 K, Total Energy: -30035.015876 eV
Step: 36060, Temperature: 297.77 K, Total Energy: -30034.529775 eV
Step: 36080, Temperature: 290.40 K, Total Energy: -30034.785818 eV
Step: 36100, Temperature: 314.05 K, Total Energy: -30035.273615 eV
Step: 36120, Temperature: 286.68 K, Total Energy: -30035.371662 eV
Step: 36140, Temperature: 321.26 K, Total Energy: -30034.968798 eV
Step: 36160, Temperature: 303.43 K, Total Energy: -30035.345988 eV
Step: 36180, Temperature: 312.43 K, Total Energy: -30034.966803 eV
Step: 36200, Temperature: 282.90 K, Total Energy: -30035.013912 eV
Step: 36220, Temperature: 273.48 K, Total Energy: -30034.657488 eV
Step: 36240, Temperature: 292.77 K, Total Energy: -30034.622364 eV
Step: 36260, Temperature: 275.54 K, Total Energy: -30034.800946 eV
Step: 36280, Temperature: 269.78 K, Total Energy: -30034.725284 eV
Step: 36300, Temperature: 279.85 K, Total Energy: -30034.401228 eV
Step: 36320, Temperature: 290.27 K, Total Energy: -30034.585942 eV
Step: 36340, Temperature: 299.07 K, Total Energy: -30034.338641 eV
Step: 36360, Temperature: 295.81 K, Total Energy: -30034.174750 eV
Step: 36380, Temperature: 251.28 K, Total Energy: -30035.353830 eV
Step: 36400, Temperature: 253.82 K, Total Energy: -30035.358233 eV
Step: 36420, Temperature: 287.21 K, Total Energy: -30035.010592 eV
Step: 36440, Temperature: 285.21 K, Total Energy: -30034.928169 eV
Step: 36460, Temperature: 297.85 K, Total Energy: -30035.006281 eV
Step: 36480, Temperature: 306.61 K, Total Energy: -30034.947438 eV
Step: 36500, Temperature: 305.89 K, Total Energy: -30035.520210 eV
Step: 36520, Temperature: 307.66 K, Total Energy: -30034.872235 eV
Step: 36540, Temperature: 306.43 K, Total Energy: -30034.840717 eV
Step: 36560, Temperature: 324.30 K, Total Energy: -30034.431225 eV
Step: 36580, Temperature: 293.94 K, Total Energy: -30034.878140 eV
Step: 36600, Temperature: 294.89 K, Total Energy: -30034.889279 eV
Step: 36620, Temperature: 289.86 K, Total Energy: -30035.172469 eV
Step: 36640, Temperature: 318.74 K, Total Energy: -30034.737349 eV
Step: 36660, Temperature: 314.81 K, Total Energy: -30034.592324 eV
Step: 36680, Temperature: 292.94 K, Total Energy: -30035.084973 eV
Step: 36700, Temperature: 286.12 K, Total Energy: -30034.938480 eV
Step: 36720, Temperature: 263.87 K, Total Energy: -30034.907621 eV
Step: 36740, Temperature: 294.95 K, Total Energy: -30034.563597 eV
Step: 36760, Temperature: 273.34 K, Total Energy: -30034.846522 eV
Step: 36780, Temperature: 290.32 K, Total Energy: -30034.797527 eV
Step: 36800, Temperature: 277.79 K, Total Energy: -30034.650486 eV
Step: 36820, Temperature: 296.76 K, Total Energy: -30034.449741 eV
Step: 36840, Temperature: 313.69 K, Total Energy: -30034.532746 eV
Step: 36860, Temperature: 311.96 K, Total Energy: -30034.265646 eV
Step: 36880, Temperature: 291.68 K, Total Energy: -30034.212388 eV
Step: 36900, Temperature: 307.44 K, Total Energy: -30034.545570 eV
Step: 36920, Temperature: 326.11 K, Total Energy: -30034.358229 eV
Step: 36940, Temperature: 291.14 K, Total Energy: -30034.487769 eV
Step: 36960, Temperature: 294.38 K, Total Energy: -30034.202915 eV
Step: 36980, Temperature: 301.12 K, Total Energy: -30034.732251 eV
Step: 37000, Temperature: 288.46 K, Total Energy: -30034.389427 eV
Step: 37020, Temperature: 302.74 K, Total Energy: -30034.308739 eV
Step: 37040, Temperature: 288.61 K, Total Energy: -30034.461656 eV
Step: 37060, Temperature: 319.82 K, Total Energy: -30034.044231 eV
Step: 37080, Temperature: 324.11 K, Total Energy: -30033.793431 eV
Step: 37100, Temperature: 289.09 K, Total Energy: -30034.135243 eV
Step: 37120, Temperature: 304.44 K, Total Energy: -30033.986652 eV
Step: 37140, Temperature: 327.49 K, Total Energy: -30033.419091 eV
Step: 37160, Temperature: 318.82 K, Total Energy: -30033.094773 eV
Step: 37180, Temperature: 288.43 K, Total Energy: -30033.686836 eV
Step: 37200, Temperature: 308.03 K, Total Energy: -30033.522896 eV
Step: 37220, Temperature: 308.01 K, Total Energy: -30033.542921 eV
Step: 37240, Temperature: 307.48 K, Total Energy: -30033.466651 eV
Step: 37260, Temperature: 270.79 K, Total Energy: -30033.875827 eV
Step: 37280, Temperature: 309.27 K, Total Energy: -30033.519072 eV
Step: 37300, Temperature: 319.06 K, Total Energy: -30033.954049 eV
Step: 37320, Temperature: 290.42 K, Total Energy: -30034.453092 eV
Step: 37340, Temperature: 281.05 K, Total Energy: -30034.742084 eV
Step: 37360, Temperature: 271.52 K, Total Energy: -30034.640425 eV
Step: 37380, Temperature: 303.59 K, Total Energy: -30034.550861 eV
Step: 37400, Temperature: 307.74 K, Total Energy: -30034.253048 eV
Step: 37420, Temperature: 308.49 K, Total Energy: -30033.860920 eV
Step: 37440, Temperature: 330.10 K, Total Energy: -30034.173669 eV
Step: 37460, Temperature: 308.79 K, Total Energy: -30034.566393 eV
Step: 37480, Temperature: 315.04 K, Total Energy: -30033.936111 eV
Step: 37500, Temperature: 314.04 K, Total Energy: -30034.555023 eV
Step: 37520, Temperature: 303.82 K, Total Energy: -30034.695599 eV
Step: 37540, Temperature: 281.58 K, Total Energy: -30035.144872 eV
Step: 37560, Temperature: 276.06 K, Total Energy: -30034.957670 eV
Step: 37580, Temperature: 305.28 K, Total Energy: -30034.531694 eV
Step: 37600, Temperature: 311.82 K, Total Energy: -30034.208681 eV
Step: 37620, Temperature: 315.16 K, Total Energy: -30033.815870 eV
Step: 37640, Temperature: 298.56 K, Total Energy: -30034.400446 eV
Step: 37660, Temperature: 308.58 K, Total Energy: -30034.007260 eV
Step: 37680, Temperature: 306.39 K, Total Energy: -30034.034987 eV
Step: 37700, Temperature: 298.56 K, Total Energy: -30033.880751 eV
Step: 37720, Temperature: 289.65 K, Total Energy: -30034.142545 eV
Step: 37740, Temperature: 308.83 K, Total Energy: -30033.961926 eV
Step: 37760, Temperature: 275.16 K, Total Energy: -30034.310457 eV
Step: 37780, Temperature: 283.29 K, Total Energy: -30034.418015 eV
Step: 37800, Temperature: 274.67 K, Total Energy: -30034.473156 eV
Step: 37820, Temperature: 266.26 K, Total Energy: -30034.687089 eV
Step: 37840, Temperature: 312.49 K, Total Energy: -30034.178196 eV
Step: 37860, Temperature: 284.67 K, Total Energy: -30034.121688 eV
Step: 37880, Temperature: 294.89 K, Total Energy: -30034.350324 eV
Step: 37900, Temperature: 299.48 K, Total Energy: -30034.017765 eV
Step: 37920, Temperature: 286.88 K, Total Energy: -30034.056098 eV
Step: 37940, Temperature: 283.55 K, Total Energy: -30035.032532 eV
Step: 37960, Temperature: 298.44 K, Total Energy: -30034.606405 eV
Step: 37980, Temperature: 296.31 K, Total Energy: -30034.335883 eV
Step: 38000, Temperature: 278.41 K, Total Energy: -30034.345688 eV
Step: 38020, Temperature: 297.78 K, Total Energy: -30034.359378 eV
Step: 38040, Temperature: 302.06 K, Total Energy: -30033.794685 eV
Step: 38060, Temperature: 319.83 K, Total Energy: -30033.596555 eV
Step: 38080, Temperature: 277.14 K, Total Energy: -30034.059334 eV
Step: 38100, Temperature: 286.88 K, Total Energy: -30034.325548 eV
Step: 38120, Temperature: 332.70 K, Total Energy: -30033.422541 eV
Step: 38140, Temperature: 303.85 K, Total Energy: -30033.866564 eV
Step: 38160, Temperature: 318.43 K, Total Energy: -30033.772656 eV
Step: 38180, Temperature: 284.00 K, Total Energy: -30033.990137 eV
Step: 38200, Temperature: 305.31 K, Total Energy: -30033.964627 eV
Step: 38220, Temperature: 291.88 K, Total Energy: -30034.369576 eV
Step: 38240, Temperature: 313.73 K, Total Energy: -30034.652726 eV
Step: 38260, Temperature: 303.62 K, Total Energy: -30034.563855 eV
Step: 38280, Temperature: 288.75 K, Total Energy: -30034.809720 eV
Step: 38300, Temperature: 297.06 K, Total Energy: -30034.563133 eV
Step: 38320, Temperature: 304.80 K, Total Energy: -30034.323047 eV
Step: 38340, Temperature: 265.24 K, Total Energy: -30034.876834 eV
Step: 38360, Temperature: 294.43 K, Total Energy: -30034.897169 eV
Step: 38380, Temperature: 256.74 K, Total Energy: -30034.981905 eV
Step: 38400, Temperature: 301.07 K, Total Energy: -30034.233472 eV
Step: 38420, Temperature: 328.00 K, Total Energy: -30033.593921 eV
Step: 38440, Temperature: 302.16 K, Total Energy: -30033.868189 eV
Step: 38460, Temperature: 291.61 K, Total Energy: -30033.921190 eV
Step: 38480, Temperature: 293.65 K, Total Energy: -30033.932289 eV
Step: 38500, Temperature: 298.41 K, Total Energy: -30033.519417 eV
Step: 38520, Temperature: 324.60 K, Total Energy: -30033.242036 eV
Step: 38540, Temperature: 287.28 K, Total Energy: -30033.239318 eV
Step: 38560, Temperature: 290.24 K, Total Energy: -30033.567226 eV
Step: 38580, Temperature: 313.00 K, Total Energy: -30033.780572 eV
Step: 38600, Temperature: 300.52 K, Total Energy: -30033.620513 eV
Step: 38620, Temperature: 283.99 K, Total Energy: -30033.685462 eV
Step: 38640, Temperature: 303.98 K, Total Energy: -30033.574208 eV
Step: 38660, Temperature: 351.45 K, Total Energy: -30032.885511 eV
Step: 38680, Temperature: 288.11 K, Total Energy: -30033.068042 eV
Step: 38700, Temperature: 312.58 K, Total Energy: -30033.496098 eV
Step: 38720, Temperature: 305.79 K, Total Energy: -30033.532602 eV
Step: 38740, Temperature: 309.69 K, Total Energy: -30033.813181 eV
Step: 38760, Temperature: 311.78 K, Total Energy: -30034.121875 eV
Step: 38780, Temperature: 315.67 K, Total Energy: -30034.383191 eV
Step: 38800, Temperature: 271.00 K, Total Energy: -30034.833320 eV
Step: 38820, Temperature: 293.87 K, Total Energy: -30034.374156 eV
Step: 38840, Temperature: 318.47 K, Total Energy: -30033.929830 eV
Step: 38860, Temperature: 302.99 K, Total Energy: -30034.169461 eV
Step: 38880, Temperature: 294.73 K, Total Energy: -30034.473446 eV
Step: 38900, Temperature: 298.51 K, Total Energy: -30034.919196 eV
Step: 38920, Temperature: 297.41 K, Total Energy: -30034.843480 eV
Step: 38940, Temperature: 285.66 K, Total Energy: -30034.793876 eV
Step: 38960, Temperature: 337.84 K, Total Energy: -30033.687672 eV
Step: 38980, Temperature: 325.68 K, Total Energy: -30033.630950 eV
Step: 39000, Temperature: 320.28 K, Total Energy: -30033.880171 eV
Step: 39020, Temperature: 312.15 K, Total Energy: -30033.659424 eV
Step: 39040, Temperature: 323.92 K, Total Energy: -30033.407710 eV
Step: 39060, Temperature: 323.81 K, Total Energy: -30033.426078 eV
Step: 39080, Temperature: 299.87 K, Total Energy: -30033.859445 eV
Step: 39100, Temperature: 290.26 K, Total Energy: -30033.974783 eV
Step: 39120, Temperature: 284.22 K, Total Energy: -30033.851704 eV
Step: 39140, Temperature: 324.23 K, Total Energy: -30033.685027 eV
Step: 39160, Temperature: 329.48 K, Total Energy: -30033.451147 eV
Step: 39180, Temperature: 336.99 K, Total Energy: -30033.564621 eV
Step: 39200, Temperature: 309.60 K, Total Energy: -30033.631768 eV
Step: 39220, Temperature: 322.81 K, Total Energy: -30033.640768 eV
Step: 39240, Temperature: 295.42 K, Total Energy: -30033.518556 eV
Step: 39260, Temperature: 332.80 K, Total Energy: -30033.166292 eV
Step: 39280, Temperature: 301.59 K, Total Energy: -30034.152118 eV
Step: 39300, Temperature: 304.03 K, Total Energy: -30033.764396 eV
Step: 39320, Temperature: 289.99 K, Total Energy: -30034.266833 eV
Step: 39340, Temperature: 295.29 K, Total Energy: -30034.059088 eV
Step: 39360, Temperature: 289.63 K, Total Energy: -30034.313067 eV
Step: 39380, Temperature: 301.13 K, Total Energy: -30034.005557 eV
Step: 39400, Temperature: 301.92 K, Total Energy: -30033.917361 eV
Step: 39420, Temperature: 308.94 K, Total Energy: -30034.183701 eV
Step: 39440, Temperature: 299.53 K, Total Energy: -30034.080913 eV
Step: 39460, Temperature: 277.82 K, Total Energy: -30034.597074 eV
Step: 39480, Temperature: 274.57 K, Total Energy: -30034.864438 eV
Step: 39500, Temperature: 298.06 K, Total Energy: -30035.016509 eV
Step: 39520, Temperature: 292.66 K, Total Energy: -30035.164221 eV
Step: 39540, Temperature: 278.22 K, Total Energy: -30035.145561 eV
Step: 39560, Temperature: 273.63 K, Total Energy: -30035.192729 eV
Step: 39580, Temperature: 298.52 K, Total Energy: -30035.469648 eV
Step: 39600, Temperature: 273.21 K, Total Energy: -30035.510142 eV
Step: 39620, Temperature: 278.18 K, Total Energy: -30035.603612 eV
Step: 39640, Temperature: 293.62 K, Total Energy: -30034.827616 eV
Step: 39660, Temperature: 301.17 K, Total Energy: -30034.156974 eV
Step: 39680, Temperature: 310.18 K, Total Energy: -30034.029394 eV
Step: 39700, Temperature: 304.09 K, Total Energy: -30034.194581 eV
Step: 39720, Temperature: 307.18 K, Total Energy: -30033.974058 eV
Step: 39740, Temperature: 304.72 K, Total Energy: -30034.041965 eV
Step: 39760, Temperature: 307.75 K, Total Energy: -30033.803436 eV
Step: 39780, Temperature: 288.63 K, Total Energy: -30034.287376 eV
Step: 39800, Temperature: 293.96 K, Total Energy: -30033.947959 eV
Step: 39820, Temperature: 321.55 K, Total Energy: -30034.121752 eV
Step: 39840, Temperature: 284.32 K, Total Energy: -30033.810112 eV
Step: 39860, Temperature: 311.23 K, Total Energy: -30033.358474 eV
Step: 39880, Temperature: 283.09 K, Total Energy: -30033.958290 eV
Step: 39900, Temperature: 332.00 K, Total Energy: -30033.664880 eV
Step: 39920, Temperature: 277.73 K, Total Energy: -30033.550310 eV
Step: 39940, Temperature: 297.91 K, Total Energy: -30033.965573 eV
Step: 39960, Temperature: 310.59 K, Total Energy: -30033.755368 eV
Step: 39980, Temperature: 312.38 K, Total Energy: -30033.665285 eV
Step: 40000, Temperature: 273.28 K, Total Energy: -30034.268063 eV
Step: 40020, Temperature: 293.12 K, Total Energy: -30034.439855 eV
Step: 40040, Temperature: 267.59 K, Total Energy: -30034.468162 eV
Step: 40060, Temperature: 297.62 K, Total Energy: -30034.637010 eV
Step: 40080, Temperature: 289.25 K, Total Energy: -30034.721011 eV
Step: 40100, Temperature: 269.07 K, Total Energy: -30034.616337 eV
Step: 40120, Temperature: 272.81 K, Total Energy: -30034.707593 eV
Step: 40140, Temperature: 310.10 K, Total Energy: -30034.267627 eV
Step: 40160, Temperature: 292.09 K, Total Energy: -30034.044000 eV
Step: 40180, Temperature: 302.14 K, Total Energy: -30033.534685 eV
Step: 40200, Temperature: 318.72 K, Total Energy: -30033.650097 eV
Step: 40220, Temperature: 307.08 K, Total Energy: -30033.746162 eV
Step: 40240, Temperature: 301.71 K, Total Energy: -30034.037747 eV
Step: 40260, Temperature: 279.08 K, Total Energy: -30034.078827 eV
Step: 40280, Temperature: 310.75 K, Total Energy: -30034.274858 eV
Step: 40300, Temperature: 303.90 K, Total Energy: -30034.025612 eV
Step: 40320, Temperature: 298.49 K, Total Energy: -30033.935371 eV
Step: 40340, Temperature: 311.71 K, Total Energy: -30033.434126 eV
Step: 40360, Temperature: 309.40 K, Total Energy: -30033.715040 eV
Step: 40380, Temperature: 291.78 K, Total Energy: -30033.862300 eV
Step: 40400, Temperature: 286.53 K, Total Energy: -30033.617627 eV
Step: 40420, Temperature: 291.80 K, Total Energy: -30033.473012 eV
Step: 40440, Temperature: 295.84 K, Total Energy: -30033.113575 eV
Step: 40460, Temperature: 296.29 K, Total Energy: -30033.713551 eV
Step: 40480, Temperature: 278.13 K, Total Energy: -30033.317740 eV
Step: 40500, Temperature: 274.79 K, Total Energy: -30033.591222 eV
Step: 40520, Temperature: 283.79 K, Total Energy: -30033.717975 eV
Step: 40540, Temperature: 265.85 K, Total Energy: -30034.052939 eV
Step: 40560, Temperature: 288.45 K, Total Energy: -30034.188327 eV
Step: 40580, Temperature: 277.34 K, Total Energy: -30034.208581 eV
Step: 40600, Temperature: 275.92 K, Total Energy: -30034.049109 eV
Step: 40620, Temperature: 304.73 K, Total Energy: -30033.951824 eV
Step: 40640, Temperature: 314.50 K, Total Energy: -30034.088413 eV
Step: 40660, Temperature: 301.12 K, Total Energy: -30033.919743 eV
Step: 40680, Temperature: 275.43 K, Total Energy: -30033.715694 eV
Step: 40700, Temperature: 322.35 K, Total Energy: -30033.414086 eV
Step: 40720, Temperature: 301.45 K, Total Energy: -30033.432966 eV
Step: 40740, Temperature: 273.11 K, Total Energy: -30033.955923 eV
Step: 40760, Temperature: 292.64 K, Total Energy: -30033.092437 eV
Step: 40780, Temperature: 293.68 K, Total Energy: -30033.386649 eV
Step: 40800, Temperature: 321.93 K, Total Energy: -30032.580755 eV
Step: 40820, Temperature: 293.75 K, Total Energy: -30032.709124 eV
Step: 40840, Temperature: 303.45 K, Total Energy: -30032.906072 eV
Step: 40860, Temperature: 313.49 K, Total Energy: -30032.508431 eV
Step: 40880, Temperature: 292.76 K, Total Energy: -30032.927489 eV
Step: 40900, Temperature: 282.15 K, Total Energy: -30032.841373 eV
Step: 40920, Temperature: 289.80 K, Total Energy: -30032.572272 eV
Step: 40940, Temperature: 311.87 K, Total Energy: -30032.291558 eV
Step: 40960, Temperature: 326.46 K, Total Energy: -30031.695217 eV
Step: 40980, Temperature: 323.92 K, Total Energy: -30031.661547 eV
Step: 41000, Temperature: 329.72 K, Total Energy: -30031.142272 eV
Step: 41020, Temperature: 329.64 K, Total Energy: -30031.945050 eV
Step: 41040, Temperature: 304.80 K, Total Energy: -30032.006650 eV
Step: 41060, Temperature: 292.92 K, Total Energy: -30032.423380 eV
Step: 41080, Temperature: 293.78 K, Total Energy: -30033.309829 eV
Step: 41100, Temperature: 299.54 K, Total Energy: -30033.112013 eV
Step: 41120, Temperature: 316.42 K, Total Energy: -30032.338799 eV
Step: 41140, Temperature: 283.09 K, Total Energy: -30032.530559 eV
Step: 41160, Temperature: 297.65 K, Total Energy: -30032.876375 eV
Step: 41180, Temperature: 293.37 K, Total Energy: -30033.033129 eV
Step: 41200, Temperature: 298.63 K, Total Energy: -30032.797151 eV
Step: 41220, Temperature: 301.60 K, Total Energy: -30033.210375 eV
Step: 41240, Temperature: 268.15 K, Total Energy: -30033.241009 eV
Step: 41260, Temperature: 308.81 K, Total Energy: -30032.940833 eV
Step: 41280, Temperature: 311.97 K, Total Energy: -30032.995931 eV
Step: 41300, Temperature: 333.70 K, Total Energy: -30033.231468 eV
Step: 41320, Temperature: 302.22 K, Total Energy: -30033.357050 eV
Step: 41340, Temperature: 287.18 K, Total Energy: -30033.357183 eV
Step: 41360, Temperature: 307.39 K, Total Energy: -30033.566577 eV
Step: 41380, Temperature: 279.81 K, Total Energy: -30033.851526 eV
Step: 41400, Temperature: 274.41 K, Total Energy: -30033.567576 eV
Step: 41420, Temperature: 283.21 K, Total Energy: -30033.453198 eV
Step: 41440, Temperature: 299.95 K, Total Energy: -30033.474622 eV
Step: 41460, Temperature: 303.19 K, Total Energy: -30033.631232 eV
Step: 41480, Temperature: 300.11 K, Total Energy: -30033.687429 eV
Step: 41500, Temperature: 288.14 K, Total Energy: -30034.217725 eV
Step: 41520, Temperature: 292.96 K, Total Energy: -30033.742746 eV
Step: 41540, Temperature: 277.09 K, Total Energy: -30033.728654 eV
Step: 41560, Temperature: 282.60 K, Total Energy: -30033.460741 eV
Step: 41580, Temperature: 289.65 K, Total Energy: -30033.746057 eV
Step: 41600, Temperature: 270.38 K, Total Energy: -30033.790469 eV
Step: 41620, Temperature: 299.26 K, Total Energy: -30033.482315 eV
Step: 41640, Temperature: 292.02 K, Total Energy: -30032.658906 eV
Step: 41660, Temperature: 327.00 K, Total Energy: -30032.917895 eV
Step: 41680, Temperature: 296.13 K, Total Energy: -30033.010410 eV
Step: 41700, Temperature: 286.28 K, Total Energy: -30033.231258 eV
Step: 41720, Temperature: 313.93 K, Total Energy: -30032.841143 eV
Step: 41740, Temperature: 312.82 K, Total Energy: -30033.556669 eV
Step: 41760, Temperature: 299.23 K, Total Energy: -30033.610042 eV
Step: 41780, Temperature: 294.72 K, Total Energy: -30033.839018 eV
Step: 41800, Temperature: 313.76 K, Total Energy: -30033.640401 eV
Step: 41820, Temperature: 311.38 K, Total Energy: -30033.337020 eV
Step: 41840, Temperature: 297.43 K, Total Energy: -30033.426911 eV
Step: 41860, Temperature: 301.31 K, Total Energy: -30033.360237 eV
Step: 41880, Temperature: 317.80 K, Total Energy: -30032.923323 eV
Step: 41900, Temperature: 321.47 K, Total Energy: -30032.371831 eV
Step: 41920, Temperature: 304.89 K, Total Energy: -30033.076760 eV
Step: 41940, Temperature: 320.21 K, Total Energy: -30032.339057 eV
Step: 41960, Temperature: 304.62 K, Total Energy: -30032.696959 eV
Step: 41980, Temperature: 299.56 K, Total Energy: -30032.636855 eV
Step: 42000, Temperature: 308.23 K, Total Energy: -30032.387154 eV
Step: 42020, Temperature: 313.40 K, Total Energy: -30032.172806 eV
Step: 42040, Temperature: 309.67 K, Total Energy: -30032.167307 eV
Step: 42060, Temperature: 307.76 K, Total Energy: -30031.838378 eV
Step: 42080, Temperature: 311.26 K, Total Energy: -30031.867323 eV
Step: 42100, Temperature: 336.53 K, Total Energy: -30031.466678 eV
Step: 42120, Temperature: 321.10 K, Total Energy: -30031.822346 eV
Step: 42140, Temperature: 329.79 K, Total Energy: -30031.929586 eV
Step: 42160, Temperature: 332.43 K, Total Energy: -30032.150228 eV
Step: 42180, Temperature: 316.91 K, Total Energy: -30032.224881 eV
Step: 42200, Temperature: 309.66 K, Total Energy: -30032.530789 eV
Step: 42220, Temperature: 349.97 K, Total Energy: -30031.959892 eV
Step: 42240, Temperature: 335.56 K, Total Energy: -30032.538114 eV
Step: 42260, Temperature: 309.74 K, Total Energy: -30032.606887 eV
Step: 42280, Temperature: 279.69 K, Total Energy: -30033.462028 eV
Step: 42300, Temperature: 295.48 K, Total Energy: -30033.237667 eV
Step: 42320, Temperature: 306.01 K, Total Energy: -30032.837671 eV
Step: 42340, Temperature: 331.80 K, Total Energy: -30032.660311 eV
Step: 42360, Temperature: 286.08 K, Total Energy: -30033.148617 eV
Step: 42380, Temperature: 308.56 K, Total Energy: -30033.003810 eV
Step: 42400, Temperature: 300.43 K, Total Energy: -30033.450897 eV
Step: 42420, Temperature: 312.86 K, Total Energy: -30033.311317 eV
Step: 42440, Temperature: 287.75 K, Total Energy: -30033.963761 eV
Step: 42460, Temperature: 296.20 K, Total Energy: -30034.084785 eV
Step: 42480, Temperature: 304.58 K, Total Energy: -30033.578802 eV
Step: 42500, Temperature: 300.54 K, Total Energy: -30033.285954 eV
Step: 42520, Temperature: 311.72 K, Total Energy: -30033.471049 eV
Step: 42540, Temperature: 313.11 K, Total Energy: -30033.228885 eV
Step: 42560, Temperature: 298.18 K, Total Energy: -30033.220517 eV
Step: 42580, Temperature: 298.55 K, Total Energy: -30033.443631 eV
Step: 42600, Temperature: 293.33 K, Total Energy: -30033.506713 eV
Step: 42620, Temperature: 298.29 K, Total Energy: -30033.803694 eV
Step: 42640, Temperature: 299.11 K, Total Energy: -30033.980170 eV
Step: 42660, Temperature: 293.01 K, Total Energy: -30033.917231 eV
Step: 42680, Temperature: 293.59 K, Total Energy: -30033.830262 eV
Step: 42700, Temperature: 279.68 K, Total Energy: -30034.130036 eV
Step: 42720, Temperature: 304.11 K, Total Energy: -30034.336640 eV
Step: 42740, Temperature: 331.04 K, Total Energy: -30033.683231 eV
Step: 42760, Temperature: 313.78 K, Total Energy: -30033.911263 eV
Step: 42780, Temperature: 328.96 K, Total Energy: -30033.808009 eV
Step: 42800, Temperature: 310.95 K, Total Energy: -30034.037248 eV
Step: 42820, Temperature: 308.45 K, Total Energy: -30033.930401 eV
Step: 42840, Temperature: 302.56 K, Total Energy: -30033.723457 eV
Step: 42860, Temperature: 284.91 K, Total Energy: -30034.420174 eV
Step: 42880, Temperature: 307.47 K, Total Energy: -30034.007728 eV
Step: 42900, Temperature: 308.32 K, Total Energy: -30033.255993 eV
Step: 42920, Temperature: 335.75 K, Total Energy: -30033.080191 eV
Step: 42940, Temperature: 317.29 K, Total Energy: -30032.848314 eV
Step: 42960, Temperature: 314.77 K, Total Energy: -30033.194884 eV
Step: 42980, Temperature: 295.86 K, Total Energy: -30033.677406 eV
Step: 43000, Temperature: 303.86 K, Total Energy: -30033.501087 eV
Step: 43020, Temperature: 290.81 K, Total Energy: -30033.621221 eV
Step: 43040, Temperature: 310.76 K, Total Energy: -30033.245281 eV
Step: 43060, Temperature: 307.47 K, Total Energy: -30032.935522 eV
Step: 43080, Temperature: 311.85 K, Total Energy: -30032.538085 eV
Step: 43100, Temperature: 310.12 K, Total Energy: -30032.974288 eV
Step: 43120, Temperature: 321.33 K, Total Energy: -30032.920244 eV
Step: 43140, Temperature: 280.66 K, Total Energy: -30033.140551 eV
Step: 43160, Temperature: 317.22 K, Total Energy: -30033.441787 eV
Step: 43180, Temperature: 310.64 K, Total Energy: -30033.091905 eV
Step: 43200, Temperature: 297.72 K, Total Energy: -30033.876701 eV
Step: 43220, Temperature: 308.87 K, Total Energy: -30033.390408 eV
Step: 43240, Temperature: 347.47 K, Total Energy: -30032.609038 eV
Step: 43260, Temperature: 289.16 K, Total Energy: -30033.104218 eV
Step: 43280, Temperature: 279.96 K, Total Energy: -30033.340018 eV
Step: 43300, Temperature: 312.66 K, Total Energy: -30033.615337 eV
Step: 43320, Temperature: 301.85 K, Total Energy: -30033.924856 eV
Step: 43340, Temperature: 303.17 K, Total Energy: -30034.092869 eV
Step: 43360, Temperature: 277.64 K, Total Energy: -30034.855340 eV
Step: 43380, Temperature: 273.54 K, Total Energy: -30034.888391 eV
Step: 43400, Temperature: 254.70 K, Total Energy: -30034.978487 eV
Step: 43420, Temperature: 304.02 K, Total Energy: -30034.282159 eV
Step: 43440, Temperature: 290.86 K, Total Energy: -30034.469424 eV
Step: 43460, Temperature: 279.73 K, Total Energy: -30034.382781 eV
Step: 43480, Temperature: 289.43 K, Total Energy: -30034.110882 eV
Step: 43500, Temperature: 320.46 K, Total Energy: -30034.186235 eV
Step: 43520, Temperature: 286.41 K, Total Energy: -30034.251519 eV
Step: 43540, Temperature: 304.22 K, Total Energy: -30033.826085 eV
Step: 43560, Temperature: 296.32 K, Total Energy: -30034.505632 eV
Step: 43580, Temperature: 301.66 K, Total Energy: -30035.226494 eV
Step: 43600, Temperature: 303.70 K, Total Energy: -30034.866479 eV
Step: 43620, Temperature: 305.08 K, Total Energy: -30034.708772 eV
Step: 43640, Temperature: 284.89 K, Total Energy: -30034.823133 eV
Step: 43660, Temperature: 296.80 K, Total Energy: -30034.878204 eV
Step: 43680, Temperature: 269.54 K, Total Energy: -30034.665038 eV
Step: 43700, Temperature: 292.58 K, Total Energy: -30034.867587 eV
Step: 43720, Temperature: 278.05 K, Total Energy: -30034.343084 eV
Step: 43740, Temperature: 316.58 K, Total Energy: -30034.000968 eV
Step: 43760, Temperature: 319.43 K, Total Energy: -30034.099045 eV
Step: 43780, Temperature: 321.89 K, Total Energy: -30033.876868 eV
Step: 43800, Temperature: 330.17 K, Total Energy: -30034.259759 eV
Step: 43820, Temperature: 294.29 K, Total Energy: -30034.275542 eV
Step: 43840, Temperature: 282.57 K, Total Energy: -30034.084600 eV
Step: 43860, Temperature: 327.43 K, Total Energy: -30034.166913 eV
Step: 43880, Temperature: 307.77 K, Total Energy: -30034.238510 eV
Step: 43900, Temperature: 288.88 K, Total Energy: -30034.183331 eV
Step: 43920, Temperature: 304.80 K, Total Energy: -30033.873894 eV
Step: 43940, Temperature: 280.32 K, Total Energy: -30034.721573 eV
Step: 43960, Temperature: 268.55 K, Total Energy: -30034.322772 eV
Step: 43980, Temperature: 288.02 K, Total Energy: -30034.404389 eV
Step: 44000, Temperature: 297.08 K, Total Energy: -30034.539217 eV
Step: 44020, Temperature: 295.00 K, Total Energy: -30034.572018 eV
Step: 44040, Temperature: 305.45 K, Total Energy: -30034.314678 eV
Step: 44060, Temperature: 280.75 K, Total Energy: -30034.628678 eV
Step: 44080, Temperature: 289.57 K, Total Energy: -30034.345755 eV
Step: 44100, Temperature: 289.27 K, Total Energy: -30034.195067 eV
Step: 44120, Temperature: 276.15 K, Total Energy: -30034.720998 eV
Step: 44140, Temperature: 269.00 K, Total Energy: -30035.250871 eV
Step: 44160, Temperature: 271.19 K, Total Energy: -30035.150906 eV
Step: 44180, Temperature: 286.93 K, Total Energy: -30034.574399 eV
Step: 44200, Temperature: 321.91 K, Total Energy: -30034.417369 eV
Step: 44220, Temperature: 273.71 K, Total Energy: -30034.390138 eV
Step: 44240, Temperature: 299.81 K, Total Energy: -30034.540631 eV
Step: 44260, Temperature: 291.23 K, Total Energy: -30034.280495 eV
Step: 44280, Temperature: 308.78 K, Total Energy: -30034.730634 eV
Step: 44300, Temperature: 274.81 K, Total Energy: -30035.004774 eV
Step: 44320, Temperature: 284.73 K, Total Energy: -30034.319309 eV
Step: 44340, Temperature: 314.60 K, Total Energy: -30034.535163 eV
Step: 44360, Temperature: 304.86 K, Total Energy: -30034.292234 eV
Step: 44380, Temperature: 317.94 K, Total Energy: -30034.206893 eV
Step: 44400, Temperature: 325.39 K, Total Energy: -30033.845129 eV
Step: 44420, Temperature: 294.14 K, Total Energy: -30034.271504 eV
Step: 44440, Temperature: 283.35 K, Total Energy: -30034.322751 eV
Step: 44460, Temperature: 296.94 K, Total Energy: -30033.999702 eV
Step: 44480, Temperature: 305.53 K, Total Energy: -30033.853593 eV
Step: 44500, Temperature: 286.76 K, Total Energy: -30033.951656 eV
Step: 44520, Temperature: 294.62 K, Total Energy: -30033.855221 eV
Step: 44540, Temperature: 300.51 K, Total Energy: -30033.503485 eV
Step: 44560, Temperature: 346.71 K, Total Energy: -30033.368251 eV
Step: 44580, Temperature: 318.37 K, Total Energy: -30034.176343 eV
Step: 44600, Temperature: 314.40 K, Total Energy: -30034.020758 eV
Step: 44620, Temperature: 308.91 K, Total Energy: -30034.008752 eV
Step: 44640, Temperature: 316.53 K, Total Energy: -30034.113330 eV
Step: 44660, Temperature: 326.88 K, Total Energy: -30033.624144 eV
Step: 44680, Temperature: 295.51 K, Total Energy: -30033.725258 eV
Step: 44700, Temperature: 287.11 K, Total Energy: -30034.614748 eV
Step: 44720, Temperature: 274.60 K, Total Energy: -30034.330407 eV
Step: 44740, Temperature: 247.79 K, Total Energy: -30035.086247 eV
Step: 44760, Temperature: 274.63 K, Total Energy: -30035.273008 eV
Step: 44780, Temperature: 272.61 K, Total Energy: -30035.704842 eV
Step: 44800, Temperature: 264.54 K, Total Energy: -30035.298970 eV
Step: 44820, Temperature: 284.01 K, Total Energy: -30035.060005 eV
Step: 44840, Temperature: 302.26 K, Total Energy: -30034.939889 eV
Step: 44860, Temperature: 292.64 K, Total Energy: -30034.891414 eV
Step: 44880, Temperature: 283.17 K, Total Energy: -30035.223936 eV
Step: 44900, Temperature: 267.40 K, Total Energy: -30035.435699 eV
Step: 44920, Temperature: 286.06 K, Total Energy: -30035.359988 eV
Step: 44940, Temperature: 311.94 K, Total Energy: -30034.447988 eV
Step: 44960, Temperature: 293.99 K, Total Energy: -30034.384722 eV
Step: 44980, Temperature: 279.42 K, Total Energy: -30033.619036 eV
Step: 45000, Temperature: 343.88 K, Total Energy: -30032.955363 eV
Step: 45020, Temperature: 297.47 K, Total Energy: -30033.336064 eV
Step: 45040, Temperature: 327.41 K, Total Energy: -30033.026667 eV
Step: 45060, Temperature: 307.24 K, Total Energy: -30033.790854 eV
Step: 45080, Temperature: 318.34 K, Total Energy: -30034.114742 eV
Step: 45100, Temperature: 300.60 K, Total Energy: -30034.483725 eV
Step: 45120, Temperature: 298.84 K, Total Energy: -30034.766447 eV
Step: 45140, Temperature: 286.77 K, Total Energy: -30034.271827 eV
Step: 45160, Temperature: 268.82 K, Total Energy: -30034.718445 eV
Step: 45180, Temperature: 277.27 K, Total Energy: -30034.872574 eV
Step: 45200, Temperature: 267.68 K, Total Energy: -30034.862229 eV
Step: 45220, Temperature: 293.52 K, Total Energy: -30034.488250 eV
Step: 45240, Temperature: 299.54 K, Total Energy: -30034.430361 eV
Step: 45260, Temperature: 265.78 K, Total Energy: -30034.982388 eV
Step: 45280, Temperature: 292.26 K, Total Energy: -30034.535749 eV
Step: 45300, Temperature: 289.23 K, Total Energy: -30034.340595 eV
Step: 45320, Temperature: 278.34 K, Total Energy: -30034.351516 eV
Step: 45340, Temperature: 286.69 K, Total Energy: -30034.435990 eV
Step: 45360, Temperature: 276.82 K, Total Energy: -30034.559586 eV
Step: 45380, Temperature: 268.54 K, Total Energy: -30034.858275 eV
Step: 45400, Temperature: 258.90 K, Total Energy: -30035.243893 eV
Step: 45420, Temperature: 285.97 K, Total Energy: -30034.454132 eV
Step: 45440, Temperature: 296.97 K, Total Energy: -30033.942413 eV
Step: 45460, Temperature: 293.18 K, Total Energy: -30034.125808 eV
Step: 45480, Temperature: 311.88 K, Total Energy: -30033.961143 eV
Step: 45500, Temperature: 292.12 K, Total Energy: -30034.037383 eV
Step: 45520, Temperature: 315.70 K, Total Energy: -30034.025009 eV
Step: 45540, Temperature: 294.81 K, Total Energy: -30034.061271 eV
Step: 45560, Temperature: 272.10 K, Total Energy: -30034.516531 eV
Step: 45580, Temperature: 299.95 K, Total Energy: -30034.484449 eV
Step: 45600, Temperature: 293.54 K, Total Energy: -30034.384328 eV
Step: 45620, Temperature: 311.65 K, Total Energy: -30033.791103 eV
Step: 45640, Temperature: 318.17 K, Total Energy: -30032.923645 eV
Step: 45660, Temperature: 307.32 K, Total Energy: -30032.962734 eV
Step: 45680, Temperature: 321.88 K, Total Energy: -30033.691538 eV
Step: 45700, Temperature: 310.67 K, Total Energy: -30033.202514 eV
Step: 45720, Temperature: 303.41 K, Total Energy: -30033.313254 eV
Step: 45740, Temperature: 308.85 K, Total Energy: -30033.486754 eV
Step: 45760, Temperature: 331.02 K, Total Energy: -30033.129087 eV
Step: 45780, Temperature: 307.39 K, Total Energy: -30033.154315 eV
Step: 45800, Temperature: 326.99 K, Total Energy: -30033.123237 eV
Step: 45820, Temperature: 295.14 K, Total Energy: -30033.469118 eV
Step: 45840, Temperature: 309.07 K, Total Energy: -30033.350354 eV
Step: 45860, Temperature: 299.83 K, Total Energy: -30033.329330 eV
Step: 45880, Temperature: 293.43 K, Total Energy: -30034.229007 eV
Step: 45900, Temperature: 296.12 K, Total Energy: -30033.678666 eV
Step: 45920, Temperature: 303.06 K, Total Energy: -30033.450966 eV
Step: 45940, Temperature: 286.69 K, Total Energy: -30033.355840 eV
Step: 45960, Temperature: 299.66 K, Total Energy: -30032.997554 eV
Step: 45980, Temperature: 291.93 K, Total Energy: -30032.870237 eV
Step: 46000, Temperature: 307.74 K, Total Energy: -30033.036122 eV
Step: 46020, Temperature: 305.07 K, Total Energy: -30033.015484 eV
Step: 46040, Temperature: 305.47 K, Total Energy: -30033.116719 eV
Step: 46060, Temperature: 297.01 K, Total Energy: -30033.267680 eV
Step: 46080, Temperature: 305.30 K, Total Energy: -30032.955091 eV
Step: 46100, Temperature: 316.84 K, Total Energy: -30033.627012 eV
Step: 46120, Temperature: 305.23 K, Total Energy: -30033.921804 eV
Step: 46140, Temperature: 276.52 K, Total Energy: -30033.893489 eV
Step: 46160, Temperature: 317.19 K, Total Energy: -30033.882069 eV
Step: 46180, Temperature: 290.62 K, Total Energy: -30034.334775 eV
Step: 46200, Temperature: 291.53 K, Total Energy: -30034.190910 eV
Step: 46220, Temperature: 292.28 K, Total Energy: -30033.517719 eV
Step: 46240, Temperature: 283.41 K, Total Energy: -30034.260627 eV
Step: 46260, Temperature: 292.26 K, Total Energy: -30034.400964 eV
Step: 46280, Temperature: 261.99 K, Total Energy: -30034.953001 eV
Step: 46300, Temperature: 281.67 K, Total Energy: -30034.015664 eV
Step: 46320, Temperature: 301.59 K, Total Energy: -30034.007474 eV
Step: 46340, Temperature: 270.94 K, Total Energy: -30033.528092 eV
Step: 46360, Temperature: 336.45 K, Total Energy: -30033.800730 eV
Step: 46380, Temperature: 320.35 K, Total Energy: -30033.720237 eV
Step: 46400, Temperature: 301.81 K, Total Energy: -30033.865283 eV
Step: 46420, Temperature: 299.24 K, Total Energy: -30034.793419 eV
Step: 46440, Temperature: 294.17 K, Total Energy: -30034.965984 eV
Step: 46460, Temperature: 276.93 K, Total Energy: -30034.713154 eV
Step: 46480, Temperature: 283.20 K, Total Energy: -30034.844281 eV
Step: 46500, Temperature: 259.43 K, Total Energy: -30035.679660 eV
Step: 46520, Temperature: 260.88 K, Total Energy: -30035.566864 eV
Step: 46540, Temperature: 259.80 K, Total Energy: -30036.056929 eV
Step: 46560, Temperature: 286.76 K, Total Energy: -30035.738700 eV
Step: 46580, Temperature: 270.91 K, Total Energy: -30035.820029 eV
Step: 46600, Temperature: 276.02 K, Total Energy: -30035.759640 eV
Step: 46620, Temperature: 301.14 K, Total Energy: -30035.358760 eV
Step: 46640, Temperature: 276.80 K, Total Energy: -30035.062180 eV
Step: 46660, Temperature: 292.21 K, Total Energy: -30035.058402 eV
Step: 46680, Temperature: 279.26 K, Total Energy: -30035.453202 eV
Step: 46700, Temperature: 301.60 K, Total Energy: -30035.059954 eV
Step: 46720, Temperature: 294.60 K, Total Energy: -30034.888939 eV
Step: 46740, Temperature: 280.87 K, Total Energy: -30035.002393 eV
Step: 46760, Temperature: 276.60 K, Total Energy: -30034.660901 eV
Step: 46780, Temperature: 299.07 K, Total Energy: -30034.703799 eV
Step: 46800, Temperature: 275.43 K, Total Energy: -30035.151350 eV
Step: 46820, Temperature: 297.04 K, Total Energy: -30035.052008 eV
Step: 46840, Temperature: 308.37 K, Total Energy: -30034.715542 eV
Step: 46860, Temperature: 267.13 K, Total Energy: -30035.372281 eV
Step: 46880, Temperature: 285.47 K, Total Energy: -30035.208825 eV
Step: 46900, Temperature: 269.20 K, Total Energy: -30035.114980 eV
Step: 46920, Temperature: 300.80 K, Total Energy: -30035.060757 eV
Step: 46940, Temperature: 302.21 K, Total Energy: -30034.913854 eV
Step: 46960, Temperature: 285.78 K, Total Energy: -30035.001824 eV
Step: 46980, Temperature: 283.05 K, Total Energy: -30035.369335 eV
Step: 47000, Temperature: 271.40 K, Total Energy: -30035.776244 eV
Step: 47020, Temperature: 265.02 K, Total Energy: -30035.644330 eV
Step: 47040, Temperature: 306.35 K, Total Energy: -30035.198229 eV
Step: 47060, Temperature: 276.72 K, Total Energy: -30035.470385 eV
Step: 47080, Temperature: 287.15 K, Total Energy: -30035.412646 eV
Step: 47100, Temperature: 284.82 K, Total Energy: -30035.305315 eV
Step: 47120, Temperature: 298.78 K, Total Energy: -30034.736722 eV
Step: 47140, Temperature: 305.32 K, Total Energy: -30034.700752 eV
Step: 47160, Temperature: 328.71 K, Total Energy: -30034.144221 eV
Step: 47180, Temperature: 320.52 K, Total Energy: -30033.848773 eV
Step: 47200, Temperature: 311.39 K, Total Energy: -30033.752776 eV
Step: 47220, Temperature: 286.56 K, Total Energy: -30034.355249 eV
Step: 47240, Temperature: 312.78 K, Total Energy: -30033.627945 eV
Step: 47260, Temperature: 327.93 K, Total Energy: -30034.109353 eV
Step: 47280, Temperature: 335.30 K, Total Energy: -30033.450857 eV
Step: 47300, Temperature: 325.89 K, Total Energy: -30033.291481 eV
Step: 47320, Temperature: 296.38 K, Total Energy: -30034.070450 eV
Step: 47340, Temperature: 302.32 K, Total Energy: -30034.422777 eV
Step: 47360, Temperature: 273.56 K, Total Energy: -30034.438749 eV
Step: 47380, Temperature: 273.38 K, Total Energy: -30035.109253 eV
Step: 47400, Temperature: 294.01 K, Total Energy: -30034.604813 eV
Step: 47420, Temperature: 277.52 K, Total Energy: -30034.831098 eV
Step: 47440, Temperature: 307.76 K, Total Energy: -30034.686043 eV
Step: 47460, Temperature: 265.86 K, Total Energy: -30034.906292 eV
Step: 47480, Temperature: 282.67 K, Total Energy: -30034.763862 eV
Step: 47500, Temperature: 272.06 K, Total Energy: -30035.019428 eV
Step: 47520, Temperature: 283.21 K, Total Energy: -30034.812724 eV
Step: 47540, Temperature: 289.69 K, Total Energy: -30034.534217 eV
Step: 47560, Temperature: 262.66 K, Total Energy: -30035.205545 eV
Step: 47580, Temperature: 284.66 K, Total Energy: -30034.584670 eV
Step: 47600, Temperature: 285.57 K, Total Energy: -30034.739538 eV
Step: 47620, Temperature: 294.12 K, Total Energy: -30034.938055 eV
Step: 47640, Temperature: 263.26 K, Total Energy: -30034.969844 eV
Step: 47660, Temperature: 269.37 K, Total Energy: -30034.792448 eV
Step: 47680, Temperature: 306.46 K, Total Energy: -30034.400344 eV
Step: 47700, Temperature: 284.25 K, Total Energy: -30034.220076 eV
Step: 47720, Temperature: 294.45 K, Total Energy: -30033.843745 eV
Step: 47740, Temperature: 290.99 K, Total Energy: -30033.505265 eV
Step: 47760, Temperature: 324.91 K, Total Energy: -30033.279234 eV
Step: 47780, Temperature: 328.95 K, Total Energy: -30033.306201 eV
Step: 47800, Temperature: 311.65 K, Total Energy: -30033.707061 eV
Step: 47820, Temperature: 302.66 K, Total Energy: -30033.925915 eV
Step: 47840, Temperature: 297.31 K, Total Energy: -30034.055024 eV
Step: 47860, Temperature: 286.24 K, Total Energy: -30034.726503 eV
Step: 47880, Temperature: 276.59 K, Total Energy: -30034.680669 eV
Step: 47900, Temperature: 277.48 K, Total Energy: -30034.791075 eV
Step: 47920, Temperature: 287.26 K, Total Energy: -30035.025013 eV
Step: 47940, Temperature: 274.68 K, Total Energy: -30035.045183 eV
Step: 47960, Temperature: 299.38 K, Total Energy: -30034.600435 eV
Step: 47980, Temperature: 280.10 K, Total Energy: -30034.705502 eV
Step: 48000, Temperature: 284.16 K, Total Energy: -30034.780823 eV
Step: 48020, Temperature: 292.80 K, Total Energy: -30035.016265 eV
Step: 48040, Temperature: 289.12 K, Total Energy: -30035.072018 eV
Step: 48060, Temperature: 278.32 K, Total Energy: -30035.076674 eV
Step: 48080, Temperature: 288.69 K, Total Energy: -30034.840613 eV
Step: 48100, Temperature: 274.60 K, Total Energy: -30034.332400 eV
Step: 48120, Temperature: 283.87 K, Total Energy: -30034.876095 eV
Step: 48140, Temperature: 273.95 K, Total Energy: -30035.007052 eV
Step: 48160, Temperature: 289.24 K, Total Energy: -30034.762354 eV
Step: 48180, Temperature: 277.61 K, Total Energy: -30035.137488 eV
Step: 48200, Temperature: 298.74 K, Total Energy: -30035.204392 eV
Step: 48220, Temperature: 273.70 K, Total Energy: -30035.140262 eV
Step: 48240, Temperature: 287.16 K, Total Energy: -30035.080254 eV
Step: 48260, Temperature: 286.77 K, Total Energy: -30034.988597 eV
Step: 48280, Temperature: 308.88 K, Total Energy: -30034.903948 eV
Step: 48300, Temperature: 270.03 K, Total Energy: -30035.047175 eV
Step: 48320, Temperature: 288.90 K, Total Energy: -30035.233680 eV
Step: 48340, Temperature: 286.69 K, Total Energy: -30034.803041 eV
Step: 48360, Temperature: 279.12 K, Total Energy: -30034.712564 eV
Step: 48380, Temperature: 298.68 K, Total Energy: -30034.725375 eV
Step: 48400, Temperature: 321.63 K, Total Energy: -30034.447829 eV
Step: 48420, Temperature: 310.94 K, Total Energy: -30034.853982 eV
Step: 48440, Temperature: 292.18 K, Total Energy: -30034.602099 eV
Step: 48460, Temperature: 300.02 K, Total Energy: -30034.758148 eV
Step: 48480, Temperature: 319.01 K, Total Energy: -30034.861465 eV
Step: 48500, Temperature: 295.19 K, Total Energy: -30035.104492 eV
Step: 48520, Temperature: 316.83 K, Total Energy: -30034.797394 eV
Step: 48540, Temperature: 324.28 K, Total Energy: -30034.455237 eV
Step: 48560, Temperature: 306.40 K, Total Energy: -30034.646027 eV
Step: 48580, Temperature: 302.40 K, Total Energy: -30035.385532 eV
Step: 48600, Temperature: 279.14 K, Total Energy: -30035.766760 eV
Step: 48620, Temperature: 287.63 K, Total Energy: -30035.494295 eV
Step: 48640, Temperature: 275.62 K, Total Energy: -30035.031273 eV
Step: 48660, Temperature: 304.95 K, Total Energy: -30034.647499 eV
Step: 48680, Temperature: 290.52 K, Total Energy: -30034.587373 eV
Step: 48700, Temperature: 299.74 K, Total Energy: -30034.534641 eV
Step: 48720, Temperature: 305.04 K, Total Energy: -30034.504513 eV
Step: 48740, Temperature: 324.11 K, Total Energy: -30034.438049 eV
Step: 48760, Temperature: 300.10 K, Total Energy: -30034.541115 eV
Step: 48780, Temperature: 265.64 K, Total Energy: -30035.083591 eV
Step: 48800, Temperature: 271.89 K, Total Energy: -30035.264065 eV
Step: 48820, Temperature: 281.79 K, Total Energy: -30035.043768 eV
Step: 48840, Temperature: 287.18 K, Total Energy: -30034.689173 eV
Step: 48860, Temperature: 300.84 K, Total Energy: -30034.518731 eV
Step: 48880, Temperature: 313.83 K, Total Energy: -30034.708827 eV
Step: 48900, Temperature: 331.46 K, Total Energy: -30033.899291 eV
Step: 48920, Temperature: 324.68 K, Total Energy: -30034.437188 eV
Step: 48940, Temperature: 302.61 K, Total Energy: -30034.636126 eV
Step: 48960, Temperature: 285.16 K, Total Energy: -30034.564412 eV
Step: 48980, Temperature: 288.60 K, Total Energy: -30034.522553 eV
Step: 49000, Temperature: 325.52 K, Total Energy: -30034.070320 eV
Step: 49020, Temperature: 346.81 K, Total Energy: -30033.688108 eV
Step: 49040, Temperature: 314.20 K, Total Energy: -30034.473007 eV
Step: 49060, Temperature: 284.68 K, Total Energy: -30035.810836 eV
Step: 49080, Temperature: 318.25 K, Total Energy: -30035.286971 eV
Step: 49100, Temperature: 295.80 K, Total Energy: -30035.489356 eV
Step: 49120, Temperature: 279.79 K, Total Energy: -30035.789552 eV
Step: 49140, Temperature: 283.83 K, Total Energy: -30035.611510 eV
Step: 49160, Temperature: 288.76 K, Total Energy: -30035.282092 eV
Step: 49180, Temperature: 291.92 K, Total Energy: -30035.495453 eV
Step: 49200, Temperature: 283.26 K, Total Energy: -30035.346451 eV
Step: 49220, Temperature: 290.18 K, Total Energy: -30035.221067 eV
Step: 49240, Temperature: 301.14 K, Total Energy: -30035.446549 eV
Step: 49260, Temperature: 305.34 K, Total Energy: -30034.698233 eV
Step: 49280, Temperature: 291.41 K, Total Energy: -30034.809064 eV
Step: 49300, Temperature: 308.02 K, Total Energy: -30034.206942 eV
Step: 49320, Temperature: 330.30 K, Total Energy: -30033.922543 eV
Step: 49340, Temperature: 307.27 K, Total Energy: -30034.051874 eV
Step: 49360, Temperature: 310.41 K, Total Energy: -30034.027395 eV
Step: 49380, Temperature: 321.66 K, Total Energy: -30033.771230 eV
Step: 49400, Temperature: 281.33 K, Total Energy: -30034.315021 eV
Step: 49420, Temperature: 302.64 K, Total Energy: -30034.602313 eV
Step: 49440, Temperature: 300.81 K, Total Energy: -30034.283000 eV
Step: 49460, Temperature: 306.63 K, Total Energy: -30034.417755 eV
Step: 49480, Temperature: 334.11 K, Total Energy: -30034.154793 eV
Step: 49500, Temperature: 300.68 K, Total Energy: -30034.138000 eV
Step: 49520, Temperature: 297.81 K, Total Energy: -30034.641932 eV
Step: 49540, Temperature: 302.40 K, Total Energy: -30034.969512 eV
Step: 49560, Temperature: 273.39 K, Total Energy: -30035.108904 eV
Step: 49580, Temperature: 319.13 K, Total Energy: -30034.758838 eV
Step: 49600, Temperature: 297.16 K, Total Energy: -30035.277410 eV
Step: 49620, Temperature: 304.34 K, Total Energy: -30034.559364 eV
Step: 49640, Temperature: 321.28 K, Total Energy: -30034.230164 eV
Step: 49660, Temperature: 296.31 K, Total Energy: -30034.572200 eV
Step: 49680, Temperature: 295.34 K, Total Energy: -30034.477549 eV
Step: 49700, Temperature: 322.89 K, Total Energy: -30034.226581 eV
Step: 49720, Temperature: 283.78 K, Total Energy: -30034.739663 eV
Step: 49740, Temperature: 337.41 K, Total Energy: -30034.063617 eV
Step: 49760, Temperature: 320.94 K, Total Energy: -30033.678180 eV
Step: 49780, Temperature: 314.57 K, Total Energy: -30033.750793 eV
Step: 49800, Temperature: 310.08 K, Total Energy: -30034.151133 eV
Step: 49820, Temperature: 313.48 K, Total Energy: -30034.373990 eV
Step: 49840, Temperature: 286.58 K, Total Energy: -30034.323440 eV
Step: 49860, Temperature: 277.19 K, Total Energy: -30034.151992 eV
Step: 49880, Temperature: 295.78 K, Total Energy: -30034.954904 eV
Step: 49900, Temperature: 306.87 K, Total Energy: -30034.911524 eV
Step: 49920, Temperature: 299.30 K, Total Energy: -30035.020305 eV
Step: 49940, Temperature: 295.02 K, Total Energy: -30035.348968 eV
Step: 49960, Temperature: 299.60 K, Total Energy: -30035.266742 eV
Step: 49980, Temperature: 288.28 K, Total Energy: -30035.327389 eV
Step: 50000, Temperature: 296.47 K, Total Energy: -30035.578079 eV
Step: 50020, Temperature: 282.79 K, Total Energy: -30036.126090 eV
Step: 50040, Temperature: 303.49 K, Total Energy: -30035.451929 eV
Step: 50060, Temperature: 318.84 K, Total Energy: -30035.301211 eV
Step: 50080, Temperature: 296.51 K, Total Energy: -30035.590683 eV
Step: 50100, Temperature: 294.25 K, Total Energy: -30035.309895 eV
Step: 50120, Temperature: 279.87 K, Total Energy: -30035.021941 eV
Step: 50140, Temperature: 322.17 K, Total Energy: -30034.697909 eV
Step: 50160, Temperature: 308.57 K, Total Energy: -30035.163724 eV
Step: 50180, Temperature: 303.67 K, Total Energy: -30035.220735 eV
Step: 50200, Temperature: 283.06 K, Total Energy: -30035.472682 eV
Step: 50220, Temperature: 277.30 K, Total Energy: -30036.090516 eV
Step: 50240, Temperature: 273.21 K, Total Energy: -30035.818547 eV
Step: 50260, Temperature: 288.06 K, Total Energy: -30035.823331 eV
Step: 50280, Temperature: 280.33 K, Total Energy: -30035.641159 eV
Step: 50300, Temperature: 287.54 K, Total Energy: -30035.822658 eV
Step: 50320, Temperature: 305.53 K, Total Energy: -30035.629065 eV
Step: 50340, Temperature: 297.62 K, Total Energy: -30035.199558 eV
Step: 50360, Temperature: 286.12 K, Total Energy: -30035.559622 eV
Step: 50380, Temperature: 290.02 K, Total Energy: -30035.668416 eV
Step: 50400, Temperature: 281.15 K, Total Energy: -30035.489705 eV
Step: 50420, Temperature: 280.01 K, Total Energy: -30035.565098 eV
Step: 50440, Temperature: 292.12 K, Total Energy: -30035.762003 eV
Step: 50460, Temperature: 270.05 K, Total Energy: -30035.884702 eV
Step: 50480, Temperature: 255.72 K, Total Energy: -30035.952860 eV
Step: 50500, Temperature: 272.14 K, Total Energy: -30035.296648 eV
Step: 50520, Temperature: 274.25 K, Total Energy: -30035.278792 eV
Step: 50540, Temperature: 298.50 K, Total Energy: -30034.942805 eV
Step: 50560, Temperature: 276.67 K, Total Energy: -30035.165131 eV
Step: 50580, Temperature: 280.64 K, Total Energy: -30035.195852 eV
Step: 50600, Temperature: 282.57 K, Total Energy: -30035.131558 eV
Step: 50620, Temperature: 294.83 K, Total Energy: -30035.222856 eV
Step: 50640, Temperature: 274.04 K, Total Energy: -30034.994874 eV
Step: 50660, Temperature: 246.20 K, Total Energy: -30035.458384 eV
Step: 50680, Temperature: 285.16 K, Total Energy: -30035.410008 eV
Step: 50700, Temperature: 288.77 K, Total Energy: -30035.449773 eV
Step: 50720, Temperature: 281.93 K, Total Energy: -30035.262873 eV
Step: 50740, Temperature: 273.99 K, Total Energy: -30035.754008 eV
Step: 50760, Temperature: 311.43 K, Total Energy: -30035.367084 eV
Step: 50780, Temperature: 287.59 K, Total Energy: -30035.731651 eV
Step: 50800, Temperature: 289.09 K, Total Energy: -30035.599934 eV
Step: 50820, Temperature: 312.13 K, Total Energy: -30034.769341 eV
Step: 50840, Temperature: 305.16 K, Total Energy: -30035.237873 eV
Step: 50860, Temperature: 306.12 K, Total Energy: -30034.520364 eV
Step: 50880, Temperature: 303.07 K, Total Energy: -30034.528783 eV
Step: 50900, Temperature: 314.14 K, Total Energy: -30034.456995 eV
Step: 50920, Temperature: 297.43 K, Total Energy: -30034.797873 eV
Step: 50940, Temperature: 295.73 K, Total Energy: -30034.803803 eV
Step: 50960, Temperature: 279.01 K, Total Energy: -30034.381389 eV
Step: 50980, Temperature: 306.59 K, Total Energy: -30034.582821 eV
Step: 51000, Temperature: 312.86 K, Total Energy: -30033.864210 eV
Step: 51020, Temperature: 299.60 K, Total Energy: -30034.003106 eV
Step: 51040, Temperature: 307.70 K, Total Energy: -30034.103710 eV
Step: 51060, Temperature: 307.46 K, Total Energy: -30034.654598 eV
Step: 51080, Temperature: 299.42 K, Total Energy: -30034.386455 eV
Step: 51100, Temperature: 304.94 K, Total Energy: -30034.786516 eV
Step: 51120, Temperature: 301.29 K, Total Energy: -30034.798269 eV
Step: 51140, Temperature: 283.95 K, Total Energy: -30035.184525 eV
Step: 51160, Temperature: 281.85 K, Total Energy: -30035.007072 eV
Step: 51180, Temperature: 278.17 K, Total Energy: -30035.109673 eV
Step: 51200, Temperature: 290.56 K, Total Energy: -30035.205561 eV
Step: 51220, Temperature: 292.12 K, Total Energy: -30035.041094 eV
Step: 51240, Temperature: 304.31 K, Total Energy: -30034.976235 eV
Step: 51260, Temperature: 317.67 K, Total Energy: -30034.686371 eV
Step: 51280, Temperature: 305.51 K, Total Energy: -30034.234952 eV
Step: 51300, Temperature: 327.59 K, Total Energy: -30033.739054 eV
Step: 51320, Temperature: 320.37 K, Total Energy: -30033.934593 eV
Step: 51340, Temperature: 340.64 K, Total Energy: -30033.921730 eV
Step: 51360, Temperature: 316.38 K, Total Energy: -30034.162238 eV
Step: 51380, Temperature: 286.27 K, Total Energy: -30034.647723 eV
Step: 51400, Temperature: 302.65 K, Total Energy: -30034.830527 eV
Step: 51420, Temperature: 333.97 K, Total Energy: -30034.072225 eV
Step: 51440, Temperature: 309.20 K, Total Energy: -30034.374289 eV
Step: 51460, Temperature: 288.54 K, Total Energy: -30034.678375 eV
Step: 51480, Temperature: 300.46 K, Total Energy: -30034.336964 eV
Step: 51500, Temperature: 285.05 K, Total Energy: -30034.647170 eV
Step: 51520, Temperature: 311.68 K, Total Energy: -30034.577433 eV
Step: 51540, Temperature: 315.97 K, Total Energy: -30034.156911 eV
Step: 51560, Temperature: 295.21 K, Total Energy: -30033.939810 eV
Step: 51580, Temperature: 287.39 K, Total Energy: -30034.201453 eV
Step: 51600, Temperature: 305.02 K, Total Energy: -30034.356745 eV
Step: 51620, Temperature: 315.64 K, Total Energy: -30034.106491 eV
Step: 51640, Temperature: 318.10 K, Total Energy: -30033.987966 eV
Step: 51660, Temperature: 296.00 K, Total Energy: -30034.220737 eV
Step: 51680, Temperature: 288.89 K, Total Energy: -30034.581699 eV
Step: 51700, Temperature: 287.84 K, Total Energy: -30034.778051 eV
Step: 51720, Temperature: 291.96 K, Total Energy: -30035.582298 eV
Step: 51740, Temperature: 290.25 K, Total Energy: -30035.225056 eV
Step: 51760, Temperature: 293.07 K, Total Energy: -30035.316137 eV
Step: 51780, Temperature: 271.57 K, Total Energy: -30035.494835 eV
Step: 51800, Temperature: 270.02 K, Total Energy: -30035.764386 eV
Step: 51820, Temperature: 282.24 K, Total Energy: -30035.809704 eV
Step: 51840, Temperature: 234.67 K, Total Energy: -30036.024446 eV
Step: 51860, Temperature: 281.67 K, Total Energy: -30035.796886 eV
Step: 51880, Temperature: 276.93 K, Total Energy: -30035.519817 eV
Step: 51900, Temperature: 284.89 K, Total Energy: -30035.426475 eV
Step: 51920, Temperature: 295.33 K, Total Energy: -30035.362700 eV
Step: 51940, Temperature: 297.05 K, Total Energy: -30034.959837 eV
Step: 51960, Temperature: 323.02 K, Total Energy: -30034.651106 eV
Step: 51980, Temperature: 307.20 K, Total Energy: -30034.637705 eV
Step: 52000, Temperature: 269.20 K, Total Energy: -30035.359210 eV
Step: 52020, Temperature: 250.62 K, Total Energy: -30035.296212 eV
Step: 52040, Temperature: 245.30 K, Total Energy: -30035.002610 eV
Step: 52060, Temperature: 267.22 K, Total Energy: -30035.535899 eV
Step: 52080, Temperature: 289.22 K, Total Energy: -30034.876103 eV
Step: 52100, Temperature: 293.95 K, Total Energy: -30034.385641 eV
Step: 52120, Temperature: 319.36 K, Total Energy: -30034.333197 eV
Step: 52140, Temperature: 304.88 K, Total Energy: -30034.457897 eV
Step: 52160, Temperature: 282.92 K, Total Energy: -30035.140337 eV
Step: 52180, Temperature: 291.70 K, Total Energy: -30035.168896 eV
Step: 52200, Temperature: 274.94 K, Total Energy: -30034.987818 eV
Step: 52220, Temperature: 280.86 K, Total Energy: -30034.690179 eV
Step: 52240, Temperature: 315.42 K, Total Energy: -30035.090655 eV
Step: 52260, Temperature: 293.57 K, Total Energy: -30034.963715 eV
Step: 52280, Temperature: 292.20 K, Total Energy: -30034.771633 eV
Step: 52300, Temperature: 271.39 K, Total Energy: -30035.198499 eV
Step: 52320, Temperature: 279.47 K, Total Energy: -30035.285899 eV
Step: 52340, Temperature: 262.98 K, Total Energy: -30034.982678 eV
Step: 52360, Temperature: 290.93 K, Total Energy: -30034.625778 eV
Step: 52380, Temperature: 285.47 K, Total Energy: -30034.816254 eV
Step: 52400, Temperature: 293.84 K, Total Energy: -30035.200998 eV
Step: 52420, Temperature: 314.31 K, Total Energy: -30034.739706 eV
Step: 52440, Temperature: 307.16 K, Total Energy: -30034.915915 eV
Step: 52460, Temperature: 296.42 K, Total Energy: -30035.466018 eV
Step: 52480, Temperature: 280.25 K, Total Energy: -30035.604182 eV
Step: 52500, Temperature: 280.82 K, Total Energy: -30035.605253 eV
Step: 52520, Temperature: 286.67 K, Total Energy: -30035.866097 eV
Step: 52540, Temperature: 294.86 K, Total Energy: -30035.618548 eV
Step: 52560, Temperature: 276.68 K, Total Energy: -30035.532047 eV
Step: 52580, Temperature: 296.96 K, Total Energy: -30034.751301 eV
Step: 52600, Temperature: 301.95 K, Total Energy: -30034.148930 eV
Step: 52620, Temperature: 302.58 K, Total Energy: -30034.346017 eV
Step: 52640, Temperature: 311.02 K, Total Energy: -30034.205415 eV
Step: 52660, Temperature: 297.05 K, Total Energy: -30034.391448 eV
Step: 52680, Temperature: 291.08 K, Total Energy: -30034.303788 eV
Step: 52700, Temperature: 301.40 K, Total Energy: -30034.867916 eV
Step: 52720, Temperature: 277.81 K, Total Energy: -30034.394204 eV
Step: 52740, Temperature: 295.99 K, Total Energy: -30034.320645 eV
Step: 52760, Temperature: 293.11 K, Total Energy: -30034.186104 eV
Step: 52780, Temperature: 308.25 K, Total Energy: -30034.290948 eV
Step: 52800, Temperature: 278.29 K, Total Energy: -30034.286383 eV
Step: 52820, Temperature: 313.76 K, Total Energy: -30034.150099 eV
Step: 52840, Temperature: 321.45 K, Total Energy: -30034.003132 eV
Step: 52860, Temperature: 296.49 K, Total Energy: -30033.479793 eV
Step: 52880, Temperature: 309.75 K, Total Energy: -30033.497277 eV
Step: 52900, Temperature: 305.50 K, Total Energy: -30033.893470 eV
Step: 52920, Temperature: 306.49 K, Total Energy: -30033.620469 eV
Step: 52940, Temperature: 280.95 K, Total Energy: -30033.861808 eV
Step: 52960, Temperature: 276.25 K, Total Energy: -30033.968502 eV
Step: 52980, Temperature: 290.17 K, Total Energy: -30034.189924 eV
Step: 53000, Temperature: 312.93 K, Total Energy: -30033.506861 eV
Step: 53020, Temperature: 280.26 K, Total Energy: -30033.777538 eV
Step: 53040, Temperature: 311.30 K, Total Energy: -30033.540286 eV
Step: 53060, Temperature: 290.47 K, Total Energy: -30033.489109 eV
Step: 53080, Temperature: 312.54 K, Total Energy: -30033.702337 eV
Step: 53100, Temperature: 299.90 K, Total Energy: -30033.569725 eV
Step: 53120, Temperature: 285.24 K, Total Energy: -30034.011429 eV
Step: 53140, Temperature: 311.48 K, Total Energy: -30033.998529 eV
Step: 53160, Temperature: 289.83 K, Total Energy: -30033.866586 eV
Step: 53180, Temperature: 298.38 K, Total Energy: -30034.510358 eV
Step: 53200, Temperature: 296.57 K, Total Energy: -30034.169386 eV
Step: 53220, Temperature: 301.03 K, Total Energy: -30033.836119 eV
Step: 53240, Temperature: 306.78 K, Total Energy: -30033.753752 eV
Step: 53260, Temperature: 282.24 K, Total Energy: -30033.915250 eV
Step: 53280, Temperature: 293.85 K, Total Energy: -30034.362935 eV
Step: 53300, Temperature: 288.42 K, Total Energy: -30034.458641 eV
Step: 53320, Temperature: 300.42 K, Total Energy: -30033.929717 eV
Step: 53340, Temperature: 318.46 K, Total Energy: -30033.724912 eV
Step: 53360, Temperature: 309.58 K, Total Energy: -30033.427173 eV
Step: 53380, Temperature: 325.21 K, Total Energy: -30033.970836 eV
Step: 53400, Temperature: 308.76 K, Total Energy: -30034.149221 eV
Step: 53420, Temperature: 300.57 K, Total Energy: -30034.125193 eV
Step: 53440, Temperature: 320.19 K, Total Energy: -30033.474391 eV
Step: 53460, Temperature: 292.70 K, Total Energy: -30033.530607 eV
Step: 53480, Temperature: 307.07 K, Total Energy: -30033.808916 eV
Step: 53500, Temperature: 288.87 K, Total Energy: -30033.708999 eV
Step: 53520, Temperature: 329.68 K, Total Energy: -30034.026015 eV
Step: 53540, Temperature: 310.61 K, Total Energy: -30033.963909 eV
Step: 53560, Temperature: 323.79 K, Total Energy: -30033.166714 eV
Step: 53580, Temperature: 330.55 K, Total Energy: -30033.404662 eV
Step: 53600, Temperature: 284.25 K, Total Energy: -30034.335291 eV
Step: 53620, Temperature: 298.70 K, Total Energy: -30034.246490 eV
Step: 53640, Temperature: 307.73 K, Total Energy: -30033.977778 eV
Step: 53660, Temperature: 287.08 K, Total Energy: -30033.992560 eV
Step: 53680, Temperature: 333.25 K, Total Energy: -30034.123627 eV
Step: 53700, Temperature: 329.29 K, Total Energy: -30034.039753 eV
Step: 53720, Temperature: 288.57 K, Total Energy: -30034.941233 eV
Step: 53740, Temperature: 315.61 K, Total Energy: -30034.847624 eV
Step: 53760, Temperature: 298.30 K, Total Energy: -30034.932432 eV
Step: 53780, Temperature: 310.61 K, Total Energy: -30034.167054 eV
Step: 53800, Temperature: 325.23 K, Total Energy: -30034.257385 eV
Step: 53820, Temperature: 308.30 K, Total Energy: -30034.703795 eV
Step: 53840, Temperature: 306.53 K, Total Energy: -30034.918157 eV
Step: 53860, Temperature: 282.18 K, Total Energy: -30034.733116 eV
Step: 53880, Temperature: 302.61 K, Total Energy: -30034.763110 eV
Step: 53900, Temperature: 331.91 K, Total Energy: -30034.100797 eV
Step: 53920, Temperature: 301.57 K, Total Energy: -30034.650797 eV
Step: 53940, Temperature: 324.02 K, Total Energy: -30034.504764 eV
Step: 53960, Temperature: 297.44 K, Total Energy: -30035.246851 eV
Step: 53980, Temperature: 271.86 K, Total Energy: -30035.344863 eV
Step: 54000, Temperature: 307.93 K, Total Energy: -30035.218806 eV
Step: 54020, Temperature: 268.51 K, Total Energy: -30035.495580 eV
Step: 54040, Temperature: 262.52 K, Total Energy: -30035.179999 eV
Step: 54060, Temperature: 280.42 K, Total Energy: -30035.050925 eV
Step: 54080, Temperature: 279.81 K, Total Energy: -30034.585846 eV
Step: 54100, Temperature: 295.77 K, Total Energy: -30034.451209 eV
Step: 54120, Temperature: 288.41 K, Total Energy: -30034.621117 eV
Step: 54140, Temperature: 283.10 K, Total Energy: -30034.710015 eV
Step: 54160, Temperature: 294.79 K, Total Energy: -30034.911481 eV
Step: 54180, Temperature: 306.53 K, Total Energy: -30034.131202 eV
Step: 54200, Temperature: 310.24 K, Total Energy: -30034.379283 eV
Step: 54220, Temperature: 298.70 K, Total Energy: -30034.461208 eV
Step: 54240, Temperature: 288.00 K, Total Energy: -30034.229120 eV
Step: 54260, Temperature: 304.31 K, Total Energy: -30034.280917 eV
Step: 54280, Temperature: 314.45 K, Total Energy: -30034.038837 eV
Step: 54300, Temperature: 326.81 K, Total Energy: -30033.920747 eV
Step: 54320, Temperature: 312.61 K, Total Energy: -30034.651720 eV
Step: 54340, Temperature: 290.17 K, Total Energy: -30034.383304 eV
Step: 54360, Temperature: 292.17 K, Total Energy: -30034.797729 eV
Step: 54380, Temperature: 321.76 K, Total Energy: -30034.167260 eV
Step: 54400, Temperature: 317.91 K, Total Energy: -30034.063069 eV
Step: 54420, Temperature: 308.95 K, Total Energy: -30034.038980 eV
Step: 54440, Temperature: 331.79 K, Total Energy: -30034.086148 eV
Step: 54460, Temperature: 297.84 K, Total Energy: -30034.395090 eV
Step: 54480, Temperature: 333.55 K, Total Energy: -30034.045748 eV
Step: 54500, Temperature: 325.19 K, Total Energy: -30033.381380 eV
Step: 54520, Temperature: 325.21 K, Total Energy: -30033.482488 eV
Step: 54540, Temperature: 357.91 K, Total Energy: -30033.726664 eV
Step: 54560, Temperature: 316.57 K, Total Energy: -30033.743181 eV
Step: 54580, Temperature: 313.08 K, Total Energy: -30034.030509 eV
Step: 54600, Temperature: 325.01 K, Total Energy: -30034.003286 eV
Step: 54620, Temperature: 288.02 K, Total Energy: -30033.837974 eV
Step: 54640, Temperature: 285.95 K, Total Energy: -30034.726139 eV
Step: 54660, Temperature: 296.71 K, Total Energy: -30034.876745 eV
Step: 54680, Temperature: 273.12 K, Total Energy: -30034.955684 eV
Step: 54700, Temperature: 305.41 K, Total Energy: -30034.645625 eV
Step: 54720, Temperature: 301.08 K, Total Energy: -30034.430714 eV
Step: 54740, Temperature: 276.94 K, Total Energy: -30034.837778 eV
Step: 54760, Temperature: 299.40 K, Total Energy: -30034.494503 eV
Step: 54780, Temperature: 285.51 K, Total Energy: -30034.422603 eV
Step: 54800, Temperature: 318.56 K, Total Energy: -30033.837698 eV
Step: 54820, Temperature: 304.24 K, Total Energy: -30034.491602 eV
Step: 54840, Temperature: 315.07 K, Total Energy: -30034.480406 eV
Step: 54860, Temperature: 317.63 K, Total Energy: -30034.708803 eV
Step: 54880, Temperature: 304.93 K, Total Energy: -30034.331607 eV
Step: 54900, Temperature: 324.87 K, Total Energy: -30034.231460 eV
Step: 54920, Temperature: 312.09 K, Total Energy: -30034.026129 eV
Step: 54940, Temperature: 303.26 K, Total Energy: -30033.981193 eV
Step: 54960, Temperature: 294.24 K, Total Energy: -30033.989828 eV
Step: 54980, Temperature: 322.09 K, Total Energy: -30034.111924 eV
Step: 55000, Temperature: 308.08 K, Total Energy: -30034.191665 eV
Step: 55020, Temperature: 325.19 K, Total Energy: -30034.451894 eV
Step: 55040, Temperature: 314.39 K, Total Energy: -30034.384149 eV
Step: 55060, Temperature: 338.46 K, Total Energy: -30034.343889 eV
Step: 55080, Temperature: 319.17 K, Total Energy: -30034.218647 eV
Step: 55100, Temperature: 301.59 K, Total Energy: -30034.470369 eV
Step: 55120, Temperature: 317.51 K, Total Energy: -30034.016494 eV
Step: 55140, Temperature: 305.78 K, Total Energy: -30035.011293 eV
Step: 55160, Temperature: 297.07 K, Total Energy: -30034.545360 eV
Step: 55180, Temperature: 305.34 K, Total Energy: -30034.637696 eV
Step: 55200, Temperature: 322.55 K, Total Energy: -30034.700064 eV
Step: 55220, Temperature: 299.32 K, Total Energy: -30034.388905 eV
Step: 55240, Temperature: 301.94 K, Total Energy: -30034.141294 eV
Step: 55260, Temperature: 300.86 K, Total Energy: -30034.303328 eV
Step: 55280, Temperature: 291.57 K, Total Energy: -30034.853813 eV
Step: 55300, Temperature: 307.11 K, Total Energy: -30034.440785 eV
Step: 55320, Temperature: 317.68 K, Total Energy: -30033.713274 eV
Step: 55340, Temperature: 342.66 K, Total Energy: -30033.191212 eV
Step: 55360, Temperature: 318.12 K, Total Energy: -30033.467981 eV
Step: 55380, Temperature: 303.92 K, Total Energy: -30033.954784 eV
Step: 55400, Temperature: 271.73 K, Total Energy: -30034.133376 eV
Step: 55420, Temperature: 300.68 K, Total Energy: -30033.823452 eV
Step: 55440, Temperature: 302.77 K, Total Energy: -30034.173242 eV
Step: 55460, Temperature: 317.84 K, Total Energy: -30033.392957 eV
Step: 55480, Temperature: 315.14 K, Total Energy: -30033.865301 eV
Step: 55500, Temperature: 289.10 K, Total Energy: -30033.914205 eV
Step: 55520, Temperature: 288.34 K, Total Energy: -30034.105233 eV
Step: 55540, Temperature: 308.93 K, Total Energy: -30034.207431 eV
Step: 55560, Temperature: 289.42 K, Total Energy: -30034.093616 eV
Step: 55580, Temperature: 339.31 K, Total Energy: -30033.597778 eV
Step: 55600, Temperature: 306.15 K, Total Energy: -30033.404406 eV
Step: 55620, Temperature: 331.23 K, Total Energy: -30033.320922 eV
Step: 55640, Temperature: 307.13 K, Total Energy: -30034.020170 eV
Step: 55660, Temperature: 301.62 K, Total Energy: -30034.291904 eV
Step: 55680, Temperature: 317.80 K, Total Energy: -30034.202462 eV
Step: 55700, Temperature: 282.02 K, Total Energy: -30034.508564 eV
Step: 55720, Temperature: 302.45 K, Total Energy: -30033.636192 eV
Step: 55740, Temperature: 314.20 K, Total Energy: -30033.156555 eV
Step: 55760, Temperature: 312.53 K, Total Energy: -30033.280662 eV
Step: 55780, Temperature: 314.61 K, Total Energy: -30033.767420 eV
Step: 55800, Temperature: 297.68 K, Total Energy: -30034.192175 eV
Step: 55820, Temperature: 267.08 K, Total Energy: -30034.732914 eV
Step: 55840, Temperature: 295.87 K, Total Energy: -30034.237692 eV
Step: 55860, Temperature: 289.68 K, Total Energy: -30034.071584 eV
Step: 55880, Temperature: 303.42 K, Total Energy: -30034.465276 eV
Step: 55900, Temperature: 294.38 K, Total Energy: -30034.162033 eV
Step: 55920, Temperature: 303.58 K, Total Energy: -30034.072630 eV
Step: 55940, Temperature: 289.86 K, Total Energy: -30034.279915 eV
Step: 55960, Temperature: 294.68 K, Total Energy: -30034.195522 eV
Step: 55980, Temperature: 287.67 K, Total Energy: -30034.028476 eV
Step: 56000, Temperature: 311.05 K, Total Energy: -30033.982082 eV
Step: 56020, Temperature: 297.95 K, Total Energy: -30033.921670 eV
Step: 56040, Temperature: 315.45 K, Total Energy: -30033.828263 eV
Step: 56060, Temperature: 312.33 K, Total Energy: -30033.662544 eV
Step: 56080, Temperature: 306.04 K, Total Energy: -30034.030260 eV
Step: 56100, Temperature: 298.92 K, Total Energy: -30034.026029 eV
Step: 56120, Temperature: 326.74 K, Total Energy: -30033.164737 eV
Step: 56140, Temperature: 318.80 K, Total Energy: -30033.524930 eV
Step: 56160, Temperature: 325.14 K, Total Energy: -30033.529208 eV
Step: 56180, Temperature: 293.05 K, Total Energy: -30033.781362 eV
Step: 56200, Temperature: 276.09 K, Total Energy: -30034.140660 eV
Step: 56220, Temperature: 320.34 K, Total Energy: -30034.019354 eV
Step: 56240, Temperature: 281.94 K, Total Energy: -30034.313537 eV
Step: 56260, Temperature: 315.68 K, Total Energy: -30034.335933 eV
Step: 56280, Temperature: 298.16 K, Total Energy: -30034.318558 eV
Step: 56300, Temperature: 299.27 K, Total Energy: -30034.542682 eV
Step: 56320, Temperature: 283.30 K, Total Energy: -30035.324021 eV
Step: 56340, Temperature: 271.66 K, Total Energy: -30034.572444 eV
Step: 56360, Temperature: 282.00 K, Total Energy: -30034.755185 eV
Step: 56380, Temperature: 278.00 K, Total Energy: -30035.313073 eV
Step: 56400, Temperature: 303.86 K, Total Energy: -30035.438607 eV
Step: 56420, Temperature: 267.27 K, Total Energy: -30036.085603 eV
Step: 56440, Temperature: 250.81 K, Total Energy: -30036.221241 eV
Step: 56460, Temperature: 238.71 K, Total Energy: -30035.994765 eV
Step: 56480, Temperature: 267.25 K, Total Energy: -30035.750179 eV
Step: 56500, Temperature: 266.73 K, Total Energy: -30035.548312 eV
Step: 56520, Temperature: 294.56 K, Total Energy: -30035.632023 eV
Step: 56540, Temperature: 275.59 K, Total Energy: -30036.057493 eV
Step: 56560, Temperature: 297.85 K, Total Energy: -30035.918166 eV
Step: 56580, Temperature: 274.07 K, Total Energy: -30035.736296 eV
Step: 56600, Temperature: 277.66 K, Total Energy: -30035.034688 eV
Step: 56620, Temperature: 281.56 K, Total Energy: -30035.172604 eV
Step: 56640, Temperature: 268.08 K, Total Energy: -30035.313139 eV
Step: 56660, Temperature: 303.94 K, Total Energy: -30034.630085 eV
Step: 56680, Temperature: 301.94 K, Total Energy: -30034.488945 eV
Step: 56700, Temperature: 288.95 K, Total Energy: -30034.773460 eV
Step: 56720, Temperature: 279.87 K, Total Energy: -30034.578489 eV
Step: 56740, Temperature: 298.11 K, Total Energy: -30034.685079 eV
Step: 56760, Temperature: 287.72 K, Total Energy: -30035.277083 eV
Step: 56780, Temperature: 303.35 K, Total Energy: -30035.019822 eV
Step: 56800, Temperature: 299.62 K, Total Energy: -30034.420444 eV
Step: 56820, Temperature: 316.19 K, Total Energy: -30034.868015 eV
Step: 56840, Temperature: 296.11 K, Total Energy: -30034.919258 eV
Step: 56860, Temperature: 304.55 K, Total Energy: -30033.976013 eV
Step: 56880, Temperature: 325.48 K, Total Energy: -30033.434616 eV
Step: 56900, Temperature: 304.27 K, Total Energy: -30033.443885 eV
Step: 56920, Temperature: 293.00 K, Total Energy: -30033.870643 eV
Step: 56940, Temperature: 288.01 K, Total Energy: -30034.240587 eV
Step: 56960, Temperature: 296.02 K, Total Energy: -30034.552183 eV
Step: 56980, Temperature: 259.93 K, Total Energy: -30034.883809 eV
Step: 57000, Temperature: 282.05 K, Total Energy: -30035.222803 eV
Step: 57020, Temperature: 255.45 K, Total Energy: -30035.555321 eV
Step: 57040, Temperature: 285.28 K, Total Energy: -30035.350285 eV
Step: 57060, Temperature: 292.79 K, Total Energy: -30035.252876 eV
Step: 57080, Temperature: 290.51 K, Total Energy: -30035.224373 eV
Step: 57100, Temperature: 297.61 K, Total Energy: -30034.375436 eV
Step: 57120, Temperature: 298.30 K, Total Energy: -30034.602169 eV
Step: 57140, Temperature: 298.88 K, Total Energy: -30034.616815 eV
Step: 57160, Temperature: 302.21 K, Total Energy: -30034.915846 eV
Step: 57180, Temperature: 265.83 K, Total Energy: -30035.461611 eV
Step: 57200, Temperature: 253.42 K, Total Energy: -30035.438499 eV
Step: 57220, Temperature: 288.94 K, Total Energy: -30034.820635 eV
Step: 57240, Temperature: 296.53 K, Total Energy: -30034.238543 eV
Step: 57260, Temperature: 280.72 K, Total Energy: -30034.629218 eV
Step: 57280, Temperature: 303.52 K, Total Energy: -30034.169850 eV
Step: 57300, Temperature: 275.11 K, Total Energy: -30033.688735 eV
Step: 57320, Temperature: 279.91 K, Total Energy: -30033.595166 eV
Step: 57340, Temperature: 313.65 K, Total Energy: -30033.525863 eV
Step: 57360, Temperature: 317.50 K, Total Energy: -30033.305885 eV
Step: 57380, Temperature: 318.65 K, Total Energy: -30033.263007 eV
Step: 57400, Temperature: 288.13 K, Total Energy: -30034.321509 eV
Step: 57420, Temperature: 318.87 K, Total Energy: -30033.716484 eV
Step: 57440, Temperature: 292.02 K, Total Energy: -30034.012364 eV
Step: 57460, Temperature: 296.05 K, Total Energy: -30033.639328 eV
Step: 57480, Temperature: 300.30 K, Total Energy: -30033.612266 eV
Step: 57500, Temperature: 294.88 K, Total Energy: -30033.008788 eV
Step: 57520, Temperature: 315.37 K, Total Energy: -30032.878891 eV
Step: 57540, Temperature: 325.47 K, Total Energy: -30032.718073 eV
Step: 57560, Temperature: 311.91 K, Total Energy: -30033.280782 eV
Step: 57580, Temperature: 320.51 K, Total Energy: -30032.638200 eV
Step: 57600, Temperature: 296.25 K, Total Energy: -30033.026927 eV
Step: 57620, Temperature: 292.59 K, Total Energy: -30033.281415 eV
Step: 57640, Temperature: 260.00 K, Total Energy: -30033.932935 eV
Step: 57660, Temperature: 302.09 K, Total Energy: -30033.911051 eV
Step: 57680, Temperature: 287.89 K, Total Energy: -30034.114739 eV
Step: 57700, Temperature: 297.57 K, Total Energy: -30034.011359 eV
Step: 57720, Temperature: 298.99 K, Total Energy: -30033.497048 eV
Step: 57740, Temperature: 290.08 K, Total Energy: -30033.500938 eV
Step: 57760, Temperature: 299.56 K, Total Energy: -30033.525660 eV
Step: 57780, Temperature: 310.13 K, Total Energy: -30033.253262 eV
Step: 57800, Temperature: 317.96 K, Total Energy: -30033.210227 eV
Step: 57820, Temperature: 295.08 K, Total Energy: -30032.769390 eV
Step: 57840, Temperature: 305.01 K, Total Energy: -30032.442887 eV
Step: 57860, Temperature: 304.60 K, Total Energy: -30032.683783 eV
Step: 57880, Temperature: 292.54 K, Total Energy: -30032.927059 eV
Step: 57900, Temperature: 311.41 K, Total Energy: -30032.635117 eV
Step: 57920, Temperature: 290.33 K, Total Energy: -30033.107740 eV
Step: 57940, Temperature: 312.25 K, Total Energy: -30033.080609 eV
Step: 57960, Temperature: 294.31 K, Total Energy: -30033.239902 eV
Step: 57980, Temperature: 310.08 K, Total Energy: -30032.629490 eV
Step: 58000, Temperature: 295.55 K, Total Energy: -30032.657818 eV
Step: 58020, Temperature: 300.85 K, Total Energy: -30033.010648 eV
Step: 58040, Temperature: 316.69 K, Total Energy: -30032.611321 eV
Step: 58060, Temperature: 317.48 K, Total Energy: -30033.454760 eV
Step: 58080, Temperature: 291.54 K, Total Energy: -30034.180840 eV
Step: 58100, Temperature: 287.63 K, Total Energy: -30034.718821 eV
Step: 58120, Temperature: 291.58 K, Total Energy: -30034.824286 eV
Step: 58140, Temperature: 291.85 K, Total Energy: -30034.327314 eV
Step: 58160, Temperature: 304.62 K, Total Energy: -30034.140277 eV
Step: 58180, Temperature: 286.81 K, Total Energy: -30034.200483 eV
Step: 58200, Temperature: 316.18 K, Total Energy: -30034.167212 eV
Step: 58220, Temperature: 298.80 K, Total Energy: -30034.267312 eV
Step: 58240, Temperature: 295.22 K, Total Energy: -30034.023698 eV
Step: 58260, Temperature: 300.29 K, Total Energy: -30033.616531 eV
Step: 58280, Temperature: 312.95 K, Total Energy: -30034.088554 eV
Step: 58300, Temperature: 308.10 K, Total Energy: -30033.874855 eV
Step: 58320, Temperature: 295.36 K, Total Energy: -30034.301251 eV
Step: 58340, Temperature: 308.60 K, Total Energy: -30034.045730 eV
Step: 58360, Temperature: 295.52 K, Total Energy: -30034.043314 eV
Step: 58380, Temperature: 322.40 K, Total Energy: -30033.611971 eV
Step: 58400, Temperature: 312.78 K, Total Energy: -30033.315396 eV
Step: 58420, Temperature: 319.64 K, Total Energy: -30033.582002 eV
Step: 58440, Temperature: 307.94 K, Total Energy: -30033.302652 eV
Step: 58460, Temperature: 307.64 K, Total Energy: -30033.733878 eV
Step: 58480, Temperature: 302.28 K, Total Energy: -30034.042935 eV
Step: 58500, Temperature: 298.27 K, Total Energy: -30034.105036 eV
Step: 58520, Temperature: 310.50 K, Total Energy: -30034.220495 eV
Step: 58540, Temperature: 279.55 K, Total Energy: -30034.733046 eV
Step: 58560, Temperature: 295.02 K, Total Energy: -30034.296187 eV
Step: 58580, Temperature: 294.45 K, Total Energy: -30034.187632 eV
Step: 58600, Temperature: 302.01 K, Total Energy: -30033.889608 eV
Step: 58620, Temperature: 316.77 K, Total Energy: -30033.337873 eV
Step: 58640, Temperature: 291.93 K, Total Energy: -30033.161198 eV
Step: 58660, Temperature: 289.12 K, Total Energy: -30033.280970 eV
Step: 58680, Temperature: 268.93 K, Total Energy: -30033.737105 eV
Step: 58700, Temperature: 299.31 K, Total Energy: -30033.539661 eV
Step: 58720, Temperature: 293.70 K, Total Energy: -30033.761030 eV
Step: 58740, Temperature: 318.64 K, Total Energy: -30033.827780 eV
Step: 58760, Temperature: 262.32 K, Total Energy: -30034.512999 eV
Step: 58780, Temperature: 320.35 K, Total Energy: -30034.392145 eV
Step: 58800, Temperature: 302.30 K, Total Energy: -30034.391955 eV
Step: 58820, Temperature: 299.92 K, Total Energy: -30034.393344 eV
Step: 58840, Temperature: 322.71 K, Total Energy: -30034.002540 eV
Step: 58860, Temperature: 266.01 K, Total Energy: -30034.212943 eV
Step: 58880, Temperature: 281.23 K, Total Energy: -30034.331219 eV
Step: 58900, Temperature: 281.00 K, Total Energy: -30035.151515 eV
Step: 58920, Temperature: 294.71 K, Total Energy: -30034.661592 eV
Step: 58940, Temperature: 287.12 K, Total Energy: -30034.559703 eV
Step: 58960, Temperature: 288.01 K, Total Energy: -30034.662346 eV
Step: 58980, Temperature: 299.77 K, Total Energy: -30034.596352 eV
Step: 59000, Temperature: 291.16 K, Total Energy: -30034.623904 eV
Step: 59020, Temperature: 298.37 K, Total Energy: -30034.498795 eV
Step: 59040, Temperature: 290.95 K, Total Energy: -30033.910524 eV
Step: 59060, Temperature: 318.17 K, Total Energy: -30033.576091 eV
Step: 59080, Temperature: 287.65 K, Total Energy: -30034.116652 eV
Step: 59100, Temperature: 277.76 K, Total Energy: -30033.631623 eV
Step: 59120, Temperature: 306.96 K, Total Energy: -30033.831184 eV
Step: 59140, Temperature: 286.20 K, Total Energy: -30033.612321 eV
Step: 59160, Temperature: 271.70 K, Total Energy: -30034.147740 eV
Step: 59180, Temperature: 309.70 K, Total Energy: -30034.029654 eV
Step: 59200, Temperature: 285.38 K, Total Energy: -30033.859593 eV
Step: 59220, Temperature: 304.75 K, Total Energy: -30033.382949 eV
Step: 59240, Temperature: 309.65 K, Total Energy: -30033.278965 eV
Step: 59260, Temperature: 289.46 K, Total Energy: -30033.684458 eV
Step: 59280, Temperature: 293.24 K, Total Energy: -30033.489640 eV
Step: 59300, Temperature: 299.38 K, Total Energy: -30033.362143 eV
Step: 59320, Temperature: 293.53 K, Total Energy: -30033.923627 eV
Step: 59340, Temperature: 302.16 K, Total Energy: -30033.272468 eV
Step: 59360, Temperature: 302.67 K, Total Energy: -30033.062408 eV
Step: 59380, Temperature: 282.47 K, Total Energy: -30033.415189 eV
Step: 59400, Temperature: 306.35 K, Total Energy: -30032.557465 eV
Step: 59420, Temperature: 304.03 K, Total Energy: -30032.362052 eV
Step: 59440, Temperature: 301.40 K, Total Energy: -30032.262488 eV
Step: 59460, Temperature: 339.34 K, Total Energy: -30031.811950 eV
Step: 59480, Temperature: 295.48 K, Total Energy: -30032.103042 eV
Step: 59500, Temperature: 298.96 K, Total Energy: -30032.294590 eV
Step: 59520, Temperature: 293.49 K, Total Energy: -30032.373860 eV
Step: 59540, Temperature: 315.61 K, Total Energy: -30031.960969 eV
Step: 59560, Temperature: 299.09 K, Total Energy: -30032.074525 eV
Step: 59580, Temperature: 318.79 K, Total Energy: -30031.724333 eV
Step: 59600, Temperature: 303.13 K, Total Energy: -30032.218887 eV
Step: 59620, Temperature: 329.38 K, Total Energy: -30031.908641 eV
Step: 59640, Temperature: 319.61 K, Total Energy: -30031.965445 eV
Step: 59660, Temperature: 322.58 K, Total Energy: -30032.048743 eV
Step: 59680, Temperature: 314.06 K, Total Energy: -30032.677685 eV
Step: 59700, Temperature: 288.06 K, Total Energy: -30033.483493 eV
Step: 59720, Temperature: 289.62 K, Total Energy: -30032.569146 eV
Step: 59740, Temperature: 319.33 K, Total Energy: -30032.425551 eV
Step: 59760, Temperature: 329.06 K, Total Energy: -30032.227413 eV
Step: 59780, Temperature: 314.56 K, Total Energy: -30032.114149 eV
Step: 59800, Temperature: 295.21 K, Total Energy: -30032.795342 eV
Step: 59820, Temperature: 287.86 K, Total Energy: -30033.701378 eV
Step: 59840, Temperature: 258.69 K, Total Energy: -30033.606497 eV
Step: 59860, Temperature: 288.27 K, Total Energy: -30033.249685 eV
Step: 59880, Temperature: 300.41 K, Total Energy: -30032.654509 eV
Step: 59900, Temperature: 307.43 K, Total Energy: -30032.296039 eV
Step: 59920, Temperature: 322.86 K, Total Energy: -30032.696059 eV
Step: 59940, Temperature: 301.49 K, Total Energy: -30032.379138 eV
Step: 59960, Temperature: 326.72 K, Total Energy: -30032.579198 eV
Step: 59980, Temperature: 306.52 K, Total Energy: -30032.818824 eV
Step: 60000, Temperature: 312.32 K, Total Energy: -30032.914831 eV
Step: 60020, Temperature: 309.97 K, Total Energy: -30032.380306 eV
Step: 60040, Temperature: 328.56 K, Total Energy: -30032.220492 eV
Step: 60060, Temperature: 307.13 K, Total Energy: -30032.680515 eV
Step: 60080, Temperature: 323.57 K, Total Energy: -30032.602067 eV
Step: 60100, Temperature: 310.54 K, Total Energy: -30032.145302 eV
Step: 60120, Temperature: 316.21 K, Total Energy: -30031.978990 eV
Step: 60140, Temperature: 315.02 K, Total Energy: -30032.067608 eV
Step: 60160, Temperature: 281.40 K, Total Energy: -30033.004732 eV
Step: 60180, Temperature: 275.22 K, Total Energy: -30033.258107 eV
Step: 60200, Temperature: 284.98 K, Total Energy: -30033.125378 eV
Step: 60220, Temperature: 300.02 K, Total Energy: -30033.179863 eV
Step: 60240, Temperature: 309.22 K, Total Energy: -30033.065386 eV
Step: 60260, Temperature: 291.35 K, Total Energy: -30033.867341 eV
Step: 60280, Temperature: 281.71 K, Total Energy: -30033.588826 eV
Step: 60300, Temperature: 259.39 K, Total Energy: -30034.053631 eV
Step: 60320, Temperature: 264.38 K, Total Energy: -30034.142812 eV
Step: 60340, Temperature: 306.46 K, Total Energy: -30033.460897 eV
Step: 60360, Temperature: 287.26 K, Total Energy: -30033.788684 eV
Step: 60380, Temperature: 298.21 K, Total Energy: -30033.151315 eV
Step: 60400, Temperature: 299.19 K, Total Energy: -30033.989958 eV
Step: 60420, Temperature: 275.59 K, Total Energy: -30033.990938 eV
Step: 60440, Temperature: 299.88 K, Total Energy: -30033.724558 eV
Step: 60460, Temperature: 290.97 K, Total Energy: -30033.185343 eV
Step: 60480, Temperature: 314.70 K, Total Energy: -30032.870401 eV
Step: 60500, Temperature: 299.03 K, Total Energy: -30033.333888 eV
Step: 60520, Temperature: 291.01 K, Total Energy: -30033.530087 eV
Step: 60540, Temperature: 293.91 K, Total Energy: -30033.566513 eV
Step: 60560, Temperature: 290.55 K, Total Energy: -30033.547679 eV
Step: 60580, Temperature: 301.79 K, Total Energy: -30034.035872 eV
Step: 60600, Temperature: 318.31 K, Total Energy: -30033.252270 eV
Step: 60620, Temperature: 304.67 K, Total Energy: -30032.982765 eV
Step: 60640, Temperature: 314.52 K, Total Energy: -30032.757870 eV
Step: 60660, Temperature: 303.86 K, Total Energy: -30033.239334 eV
Step: 60680, Temperature: 319.66 K, Total Energy: -30032.852905 eV
Step: 60700, Temperature: 303.70 K, Total Energy: -30033.350950 eV
Step: 60720, Temperature: 293.60 K, Total Energy: -30032.962985 eV
Step: 60740, Temperature: 307.75 K, Total Energy: -30032.426491 eV
Step: 60760, Temperature: 344.85 K, Total Energy: -30032.583091 eV
Step: 60780, Temperature: 332.93 K, Total Energy: -30032.748802 eV
Step: 60800, Temperature: 318.22 K, Total Energy: -30032.379313 eV
Step: 60820, Temperature: 330.14 K, Total Energy: -30032.977433 eV
Step: 60840, Temperature: 308.82 K, Total Energy: -30033.407359 eV
Step: 60860, Temperature: 310.08 K, Total Energy: -30033.428262 eV
Step: 60880, Temperature: 286.55 K, Total Energy: -30033.918003 eV
Step: 60900, Temperature: 300.97 K, Total Energy: -30033.421731 eV
Step: 60920, Temperature: 311.33 K, Total Energy: -30033.541418 eV
Step: 60940, Temperature: 301.60 K, Total Energy: -30033.268967 eV
Step: 60960, Temperature: 329.43 K, Total Energy: -30032.817664 eV
Step: 60980, Temperature: 299.18 K, Total Energy: -30032.546948 eV
Step: 61000, Temperature: 282.41 K, Total Energy: -30033.153025 eV
Step: 61020, Temperature: 297.21 K, Total Energy: -30033.133528 eV
Step: 61040, Temperature: 298.68 K, Total Energy: -30032.848499 eV
Step: 61060, Temperature: 344.48 K, Total Energy: -30032.299446 eV
Step: 61080, Temperature: 317.16 K, Total Energy: -30032.507629 eV
Step: 61100, Temperature: 332.89 K, Total Energy: -30032.486310 eV
Step: 61120, Temperature: 336.67 K, Total Energy: -30032.093961 eV
Step: 61140, Temperature: 298.61 K, Total Energy: -30032.664830 eV
Step: 61160, Temperature: 312.26 K, Total Energy: -30032.805044 eV
Step: 61180, Temperature: 317.37 K, Total Energy: -30032.633364 eV
Step: 61200, Temperature: 325.56 K, Total Energy: -30032.567596 eV
Step: 61220, Temperature: 325.06 K, Total Energy: -30032.849622 eV
Step: 61240, Temperature: 286.49 K, Total Energy: -30033.206478 eV
Step: 61260, Temperature: 260.70 K, Total Energy: -30033.219879 eV
Step: 61280, Temperature: 309.11 K, Total Energy: -30033.366827 eV
Step: 61300, Temperature: 282.91 K, Total Energy: -30033.714715 eV
Step: 61320, Temperature: 267.05 K, Total Energy: -30034.327393 eV
Step: 61340, Temperature: 264.44 K, Total Energy: -30034.129566 eV
Step: 61360, Temperature: 276.11 K, Total Energy: -30033.942781 eV
Step: 61380, Temperature: 293.92 K, Total Energy: -30033.327874 eV
Step: 61400, Temperature: 270.23 K, Total Energy: -30033.538295 eV
Step: 61420, Temperature: 297.75 K, Total Energy: -30032.721609 eV
Step: 61440, Temperature: 280.25 K, Total Energy: -30032.641212 eV
Step: 61460, Temperature: 293.76 K, Total Energy: -30032.970673 eV
Step: 61480, Temperature: 317.93 K, Total Energy: -30033.027392 eV
Step: 61500, Temperature: 311.75 K, Total Energy: -30032.911693 eV
Step: 61520, Temperature: 292.46 K, Total Energy: -30032.985644 eV
Step: 61540, Temperature: 285.85 K, Total Energy: -30033.296839 eV
Step: 61560, Temperature: 283.60 K, Total Energy: -30033.660286 eV
Step: 61580, Temperature: 281.37 K, Total Energy: -30033.628651 eV
Step: 61600, Temperature: 293.47 K, Total Energy: -30033.733861 eV
Step: 61620, Temperature: 281.41 K, Total Energy: -30033.684136 eV
Step: 61640, Temperature: 267.73 K, Total Energy: -30034.271122 eV
Step: 61660, Temperature: 304.40 K, Total Energy: -30033.403547 eV
Step: 61680, Temperature: 281.59 K, Total Energy: -30034.076246 eV
Step: 61700, Temperature: 292.89 K, Total Energy: -30033.504201 eV
Step: 61720, Temperature: 313.31 K, Total Energy: -30033.071667 eV
Step: 61740, Temperature: 281.36 K, Total Energy: -30033.466738 eV
Step: 61760, Temperature: 300.46 K, Total Energy: -30033.456002 eV
Step: 61780, Temperature: 300.12 K, Total Energy: -30032.798633 eV
Step: 61800, Temperature: 293.93 K, Total Energy: -30032.950677 eV
Step: 61820, Temperature: 279.68 K, Total Energy: -30033.153565 eV
Step: 61840, Temperature: 262.00 K, Total Energy: -30033.331595 eV
Step: 61860, Temperature: 286.62 K, Total Energy: -30033.439651 eV
Step: 61880, Temperature: 275.13 K, Total Energy: -30033.762340 eV
Step: 61900, Temperature: 311.33 K, Total Energy: -30032.961216 eV
Step: 61920, Temperature: 309.78 K, Total Energy: -30033.035554 eV
Step: 61940, Temperature: 271.86 K, Total Energy: -30033.880010 eV
Step: 61960, Temperature: 303.15 K, Total Energy: -30033.888083 eV
Step: 61980, Temperature: 305.94 K, Total Energy: -30033.724076 eV
Step: 62000, Temperature: 289.14 K, Total Energy: -30033.629945 eV
Step: 62020, Temperature: 272.62 K, Total Energy: -30033.800302 eV
Step: 62040, Temperature: 269.94 K, Total Energy: -30033.774075 eV
Step: 62060, Temperature: 270.01 K, Total Energy: -30033.684553 eV
Step: 62080, Temperature: 246.80 K, Total Energy: -30034.064479 eV
Step: 62100, Temperature: 282.30 K, Total Energy: -30033.407903 eV
Step: 62120, Temperature: 291.04 K, Total Energy: -30033.345679 eV
Step: 62140, Temperature: 316.08 K, Total Energy: -30033.589581 eV
Step: 62160, Temperature: 288.95 K, Total Energy: -30033.671880 eV
Step: 62180, Temperature: 310.67 K, Total Energy: -30033.749480 eV
Step: 62200, Temperature: 316.04 K, Total Energy: -30032.834835 eV
Step: 62220, Temperature: 289.18 K, Total Energy: -30033.519578 eV
Step: 62240, Temperature: 297.34 K, Total Energy: -30032.823756 eV
Step: 62260, Temperature: 293.37 K, Total Energy: -30033.263591 eV
Step: 62280, Temperature: 287.52 K, Total Energy: -30033.451960 eV
Step: 62300, Temperature: 268.22 K, Total Energy: -30033.528327 eV
Step: 62320, Temperature: 269.59 K, Total Energy: -30034.167675 eV
Step: 62340, Temperature: 283.75 K, Total Energy: -30033.808868 eV
Step: 62360, Temperature: 271.20 K, Total Energy: -30034.285387 eV
Step: 62380, Temperature: 265.94 K, Total Energy: -30034.201053 eV
Step: 62400, Temperature: 300.78 K, Total Energy: -30034.010387 eV
Step: 62420, Temperature: 282.47 K, Total Energy: -30034.012973 eV
Step: 62440, Temperature: 294.42 K, Total Energy: -30034.194141 eV
Step: 62460, Temperature: 272.88 K, Total Energy: -30034.440297 eV
Step: 62480, Temperature: 270.90 K, Total Energy: -30033.757646 eV
Step: 62500, Temperature: 278.21 K, Total Energy: -30034.153592 eV
Step: 62520, Temperature: 286.84 K, Total Energy: -30033.703664 eV
Step: 62540, Temperature: 274.86 K, Total Energy: -30033.812267 eV
Step: 62560, Temperature: 304.20 K, Total Energy: -30033.521767 eV
Step: 62580, Temperature: 307.49 K, Total Energy: -30033.686911 eV
Step: 62600, Temperature: 302.15 K, Total Energy: -30033.593149 eV
Step: 62620, Temperature: 258.05 K, Total Energy: -30034.270969 eV
Step: 62640, Temperature: 295.95 K, Total Energy: -30033.265023 eV
Step: 62660, Temperature: 290.27 K, Total Energy: -30033.597647 eV
Step: 62680, Temperature: 288.84 K, Total Energy: -30033.737060 eV
Step: 62700, Temperature: 281.55 K, Total Energy: -30034.043965 eV
Step: 62720, Temperature: 281.75 K, Total Energy: -30034.202871 eV
Step: 62740, Temperature: 288.77 K, Total Energy: -30033.768339 eV
Step: 62760, Temperature: 279.78 K, Total Energy: -30034.024074 eV
Step: 62780, Temperature: 278.36 K, Total Energy: -30034.075621 eV
Step: 62800, Temperature: 294.45 K, Total Energy: -30034.076196 eV
Step: 62820, Temperature: 254.53 K, Total Energy: -30033.998336 eV
Step: 62840, Temperature: 280.96 K, Total Energy: -30034.185665 eV
Step: 62860, Temperature: 279.43 K, Total Energy: -30034.058407 eV
Step: 62880, Temperature: 283.89 K, Total Energy: -30034.529975 eV
Step: 62900, Temperature: 284.96 K, Total Energy: -30034.522537 eV
Step: 62920, Temperature: 278.66 K, Total Energy: -30034.597153 eV
Step: 62940, Temperature: 287.55 K, Total Energy: -30034.664130 eV
Step: 62960, Temperature: 262.16 K, Total Energy: -30035.106844 eV
Step: 62980, Temperature: 269.82 K, Total Energy: -30034.624820 eV
Step: 63000, Temperature: 278.21 K, Total Energy: -30034.468086 eV
Step: 63020, Temperature: 283.35 K, Total Energy: -30034.570982 eV
Step: 63040, Temperature: 294.99 K, Total Energy: -30034.503934 eV
Step: 63060, Temperature: 292.09 K, Total Energy: -30033.780123 eV
Step: 63080, Temperature: 284.92 K, Total Energy: -30033.578244 eV
Step: 63100, Temperature: 296.11 K, Total Energy: -30033.307718 eV
Step: 63120, Temperature: 286.37 K, Total Energy: -30032.996584 eV
Step: 63140, Temperature: 325.12 K, Total Energy: -30032.531666 eV
Step: 63160, Temperature: 292.03 K, Total Energy: -30032.875565 eV
Step: 63180, Temperature: 307.05 K, Total Energy: -30033.199948 eV
Step: 63200, Temperature: 309.77 K, Total Energy: -30033.139301 eV
Step: 63220, Temperature: 299.05 K, Total Energy: -30032.637994 eV
Step: 63240, Temperature: 340.93 K, Total Energy: -30032.074468 eV
Step: 63260, Temperature: 286.29 K, Total Energy: -30032.951937 eV
Step: 63280, Temperature: 319.08 K, Total Energy: -30032.828530 eV
Step: 63300, Temperature: 294.94 K, Total Energy: -30033.380204 eV
Step: 63320, Temperature: 306.62 K, Total Energy: -30033.212883 eV
Step: 63340, Temperature: 289.90 K, Total Energy: -30034.503306 eV
Step: 63360, Temperature: 278.34 K, Total Energy: -30033.636508 eV
Step: 63380, Temperature: 297.43 K, Total Energy: -30033.317501 eV
Step: 63400, Temperature: 285.19 K, Total Energy: -30033.432647 eV
Step: 63420, Temperature: 269.27 K, Total Energy: -30034.302778 eV
Step: 63440, Temperature: 298.16 K, Total Energy: -30033.613610 eV
Step: 63460, Temperature: 294.80 K, Total Energy: -30033.590910 eV
Step: 63480, Temperature: 249.92 K, Total Energy: -30034.835296 eV
Step: 63500, Temperature: 264.11 K, Total Energy: -30034.780424 eV
Step: 63520, Temperature: 263.32 K, Total Energy: -30034.403889 eV
Step: 63540, Temperature: 271.75 K, Total Energy: -30034.564402 eV
Step: 63560, Temperature: 269.28 K, Total Energy: -30034.415741 eV
Step: 63580, Temperature: 298.47 K, Total Energy: -30034.158549 eV
Step: 63600, Temperature: 297.81 K, Total Energy: -30033.671305 eV
Step: 63620, Temperature: 280.61 K, Total Energy: -30033.628260 eV
Step: 63640, Temperature: 306.00 K, Total Energy: -30033.199229 eV
Step: 63660, Temperature: 309.99 K, Total Energy: -30033.194423 eV
Step: 63680, Temperature: 286.54 K, Total Energy: -30033.685834 eV
Step: 63700, Temperature: 293.87 K, Total Energy: -30033.870053 eV
Step: 63720, Temperature: 284.35 K, Total Energy: -30033.434278 eV
Step: 63740, Temperature: 278.19 K, Total Energy: -30033.488079 eV
Step: 63760, Temperature: 301.08 K, Total Energy: -30032.994964 eV
Step: 63780, Temperature: 317.29 K, Total Energy: -30032.527835 eV
Step: 63800, Temperature: 328.29 K, Total Energy: -30031.510403 eV
Step: 63820, Temperature: 324.71 K, Total Energy: -30031.940412 eV
Step: 63840, Temperature: 346.11 K, Total Energy: -30031.631482 eV
Step: 63860, Temperature: 331.89 K, Total Energy: -30031.792656 eV
Step: 63880, Temperature: 319.71 K, Total Energy: -30031.513736 eV
Step: 63900, Temperature: 333.91 K, Total Energy: -30031.663737 eV
Step: 63920, Temperature: 326.53 K, Total Energy: -30031.886654 eV
Step: 63940, Temperature: 318.49 K, Total Energy: -30032.478106 eV
Step: 63960, Temperature: 319.45 K, Total Energy: -30032.202048 eV
Step: 63980, Temperature: 320.80 K, Total Energy: -30032.232451 eV
Step: 64000, Temperature: 329.37 K, Total Energy: -30032.141274 eV
Step: 64020, Temperature: 287.71 K, Total Energy: -30032.138607 eV
Step: 64040, Temperature: 334.28 K, Total Energy: -30031.997989 eV
Step: 64060, Temperature: 312.32 K, Total Energy: -30032.409028 eV
Step: 64080, Temperature: 284.21 K, Total Energy: -30033.453390 eV
Step: 64100, Temperature: 283.61 K, Total Energy: -30033.673708 eV
Step: 64120, Temperature: 299.50 K, Total Energy: -30033.046511 eV
Step: 64140, Temperature: 281.36 K, Total Energy: -30033.449232 eV
Step: 64160, Temperature: 291.43 K, Total Energy: -30033.191381 eV
Step: 64180, Temperature: 305.45 K, Total Energy: -30033.205244 eV
Step: 64200, Temperature: 278.62 K, Total Energy: -30033.364033 eV
Step: 64220, Temperature: 286.73 K, Total Energy: -30033.190820 eV
Step: 64240, Temperature: 290.20 K, Total Energy: -30033.109065 eV
Step: 64260, Temperature: 310.06 K, Total Energy: -30032.846795 eV
Step: 64280, Temperature: 291.49 K, Total Energy: -30033.515962 eV
Step: 64300, Temperature: 285.95 K, Total Energy: -30034.134220 eV
Step: 64320, Temperature: 296.41 K, Total Energy: -30034.206474 eV
Step: 64340, Temperature: 290.88 K, Total Energy: -30034.496327 eV
Step: 64360, Temperature: 301.73 K, Total Energy: -30034.304740 eV
Step: 64380, Temperature: 291.01 K, Total Energy: -30034.364033 eV
Step: 64400, Temperature: 281.50 K, Total Energy: -30034.017990 eV
Step: 64420, Temperature: 287.11 K, Total Energy: -30033.890052 eV
Step: 64440, Temperature: 289.99 K, Total Energy: -30034.530484 eV
Step: 64460, Temperature: 266.63 K, Total Energy: -30034.755856 eV
Step: 64480, Temperature: 288.65 K, Total Energy: -30033.909896 eV
Step: 64500, Temperature: 290.97 K, Total Energy: -30034.562453 eV
Step: 64520, Temperature: 300.87 K, Total Energy: -30033.933855 eV
Step: 64540, Temperature: 321.37 K, Total Energy: -30033.911412 eV
Step: 64560, Temperature: 289.91 K, Total Energy: -30033.319523 eV
Step: 64580, Temperature: 310.02 K, Total Energy: -30033.383032 eV
Step: 64600, Temperature: 292.92 K, Total Energy: -30033.743725 eV
Step: 64620, Temperature: 290.12 K, Total Energy: -30033.638532 eV
Step: 64640, Temperature: 277.05 K, Total Energy: -30033.973677 eV
Step: 64660, Temperature: 298.66 K, Total Energy: -30033.966276 eV
Step: 64680, Temperature: 313.32 K, Total Energy: -30033.491216 eV
Step: 64700, Temperature: 303.00 K, Total Energy: -30033.739561 eV
Step: 64720, Temperature: 268.62 K, Total Energy: -30033.826851 eV
Step: 64740, Temperature: 306.24 K, Total Energy: -30032.896221 eV
Step: 64760, Temperature: 320.70 K, Total Energy: -30032.537655 eV
Step: 64780, Temperature: 307.80 K, Total Energy: -30032.440805 eV
Step: 64800, Temperature: 306.84 K, Total Energy: -30032.800938 eV
Step: 64820, Temperature: 336.95 K, Total Energy: -30033.174941 eV
Step: 64840, Temperature: 291.02 K, Total Energy: -30032.924290 eV
Step: 64860, Temperature: 292.64 K, Total Energy: -30032.803611 eV
Step: 64880, Temperature: 319.48 K, Total Energy: -30032.632754 eV
Step: 64900, Temperature: 324.92 K, Total Energy: -30032.222206 eV
Step: 64920, Temperature: 309.55 K, Total Energy: -30032.640870 eV
Step: 64940, Temperature: 323.37 K, Total Energy: -30032.239905 eV
Step: 64960, Temperature: 332.82 K, Total Energy: -30032.366801 eV
Step: 64980, Temperature: 288.34 K, Total Energy: -30033.562185 eV
Step: 65000, Temperature: 293.45 K, Total Energy: -30033.324087 eV
Step: 65020, Temperature: 293.73 K, Total Energy: -30033.068938 eV
Step: 65040, Temperature: 296.99 K, Total Energy: -30033.106007 eV
Step: 65060, Temperature: 299.28 K, Total Energy: -30032.815786 eV
Step: 65080, Temperature: 311.67 K, Total Energy: -30033.294606 eV
Step: 65100, Temperature: 292.67 K, Total Energy: -30032.943303 eV
Step: 65120, Temperature: 288.05 K, Total Energy: -30033.091126 eV
Step: 65140, Temperature: 285.85 K, Total Energy: -30033.355526 eV
Step: 65160, Temperature: 281.36 K, Total Energy: -30033.169907 eV
Step: 65180, Temperature: 322.74 K, Total Energy: -30033.281239 eV
Step: 65200, Temperature: 289.51 K, Total Energy: -30033.786700 eV
Step: 65220, Temperature: 309.65 K, Total Energy: -30034.095466 eV
Step: 65240, Temperature: 283.30 K, Total Energy: -30034.140558 eV
Step: 65260, Temperature: 289.63 K, Total Energy: -30034.295471 eV
Step: 65280, Temperature: 296.20 K, Total Energy: -30034.403128 eV
Step: 65300, Temperature: 275.25 K, Total Energy: -30034.909807 eV
Step: 65320, Temperature: 237.12 K, Total Energy: -30034.788818 eV
Step: 65340, Temperature: 271.56 K, Total Energy: -30033.856417 eV
Step: 65360, Temperature: 308.01 K, Total Energy: -30033.513784 eV
Step: 65380, Temperature: 303.23 K, Total Energy: -30033.136204 eV
Step: 65400, Temperature: 306.68 K, Total Energy: -30032.822528 eV
Step: 65420, Temperature: 324.25 K, Total Energy: -30032.998978 eV
Step: 65440, Temperature: 297.65 K, Total Energy: -30032.862730 eV
Step: 65460, Temperature: 301.78 K, Total Energy: -30033.192318 eV
Step: 65480, Temperature: 315.26 K, Total Energy: -30033.006848 eV
Step: 65500, Temperature: 304.64 K, Total Energy: -30032.922928 eV
Step: 65520, Temperature: 318.30 K, Total Energy: -30033.260193 eV
Step: 65540, Temperature: 325.47 K, Total Energy: -30033.778664 eV
Step: 65560, Temperature: 288.08 K, Total Energy: -30033.863663 eV
Step: 65580, Temperature: 302.21 K, Total Energy: -30033.456750 eV
Step: 65600, Temperature: 309.83 K, Total Energy: -30033.100666 eV
Step: 65620, Temperature: 323.17 K, Total Energy: -30033.500840 eV
Step: 65640, Temperature: 299.63 K, Total Energy: -30033.908489 eV
Step: 65660, Temperature: 294.63 K, Total Energy: -30033.858788 eV
Step: 65680, Temperature: 292.17 K, Total Energy: -30033.998991 eV
Step: 65700, Temperature: 278.10 K, Total Energy: -30034.322399 eV
Step: 65720, Temperature: 292.15 K, Total Energy: -30033.983723 eV
Step: 65740, Temperature: 288.87 K, Total Energy: -30034.123221 eV
Step: 65760, Temperature: 304.79 K, Total Energy: -30034.094798 eV
Step: 65780, Temperature: 272.44 K, Total Energy: -30034.474681 eV
Step: 65800, Temperature: 297.34 K, Total Energy: -30034.448611 eV
Step: 65820, Temperature: 285.11 K, Total Energy: -30034.079352 eV
Step: 65840, Temperature: 286.74 K, Total Energy: -30034.651490 eV
Step: 65860, Temperature: 297.86 K, Total Energy: -30034.677838 eV
Step: 65880, Temperature: 281.77 K, Total Energy: -30034.184859 eV
Step: 65900, Temperature: 292.59 K, Total Energy: -30034.548872 eV
Step: 65920, Temperature: 265.52 K, Total Energy: -30035.295674 eV
Step: 65940, Temperature: 268.47 K, Total Energy: -30034.895209 eV
Step: 65960, Temperature: 273.37 K, Total Energy: -30034.984569 eV
Step: 65980, Temperature: 282.80 K, Total Energy: -30034.924507 eV
Step: 66000, Temperature: 280.01 K, Total Energy: -30034.602385 eV
Step: 66020, Temperature: 278.55 K, Total Energy: -30034.980853 eV
Step: 66040, Temperature: 297.71 K, Total Energy: -30035.001965 eV
Step: 66060, Temperature: 285.15 K, Total Energy: -30035.119210 eV
Step: 66080, Temperature: 314.46 K, Total Energy: -30034.146207 eV
Step: 66100, Temperature: 311.04 K, Total Energy: -30033.775283 eV
Step: 66120, Temperature: 318.13 K, Total Energy: -30034.151168 eV
Step: 66140, Temperature: 279.45 K, Total Energy: -30034.012786 eV
Step: 66160, Temperature: 275.35 K, Total Energy: -30033.866326 eV
Step: 66180, Temperature: 258.86 K, Total Energy: -30034.248579 eV
Step: 66200, Temperature: 292.34 K, Total Energy: -30033.779788 eV
Step: 66220, Temperature: 313.30 K, Total Energy: -30033.390179 eV
Step: 66240, Temperature: 310.60 K, Total Energy: -30033.395776 eV
Step: 66260, Temperature: 301.43 K, Total Energy: -30033.255707 eV
Step: 66280, Temperature: 326.62 K, Total Energy: -30033.101314 eV
Step: 66300, Temperature: 270.03 K, Total Energy: -30034.010082 eV
Step: 66320, Temperature: 308.56 K, Total Energy: -30033.310353 eV
Step: 66340, Temperature: 306.84 K, Total Energy: -30033.168259 eV
Step: 66360, Temperature: 293.92 K, Total Energy: -30033.581675 eV
Step: 66380, Temperature: 296.23 K, Total Energy: -30033.796939 eV
Step: 66400, Temperature: 293.75 K, Total Energy: -30033.976609 eV
Step: 66420, Temperature: 279.21 K, Total Energy: -30033.798341 eV
Step: 66440, Temperature: 287.98 K, Total Energy: -30033.506834 eV
Step: 66460, Temperature: 288.35 K, Total Energy: -30033.737916 eV
Step: 66480, Temperature: 277.57 K, Total Energy: -30033.823843 eV
Step: 66500, Temperature: 292.93 K, Total Energy: -30033.393736 eV
Step: 66520, Temperature: 297.49 K, Total Energy: -30033.144075 eV
Step: 66540, Temperature: 292.43 K, Total Energy: -30033.515870 eV
Step: 66560, Temperature: 296.29 K, Total Energy: -30033.002427 eV
Step: 66580, Temperature: 296.48 K, Total Energy: -30032.806368 eV
Step: 66600, Temperature: 293.03 K, Total Energy: -30033.201741 eV
Step: 66620, Temperature: 314.16 K, Total Energy: -30032.874416 eV
Step: 66640, Temperature: 304.12 K, Total Energy: -30033.025928 eV
Step: 66660, Temperature: 303.18 K, Total Energy: -30033.471361 eV
Step: 66680, Temperature: 304.31 K, Total Energy: -30033.843305 eV
Step: 66700, Temperature: 297.82 K, Total Energy: -30034.223643 eV
Step: 66720, Temperature: 294.99 K, Total Energy: -30034.195447 eV
Step: 66740, Temperature: 304.29 K, Total Energy: -30033.744278 eV
Step: 66760, Temperature: 299.84 K, Total Energy: -30033.913072 eV
Step: 66780, Temperature: 284.73 K, Total Energy: -30034.043853 eV
Step: 66800, Temperature: 288.54 K, Total Energy: -30034.438158 eV
Step: 66820, Temperature: 284.90 K, Total Energy: -30034.438159 eV
Step: 66840, Temperature: 284.36 K, Total Energy: -30034.539416 eV
Step: 66860, Temperature: 298.62 K, Total Energy: -30034.475102 eV
Step: 66880, Temperature: 286.87 K, Total Energy: -30034.736113 eV
Step: 66900, Temperature: 292.95 K, Total Energy: -30034.287759 eV
Step: 66920, Temperature: 285.95 K, Total Energy: -30035.202489 eV
Step: 66940, Temperature: 262.50 K, Total Energy: -30035.721300 eV
Step: 66960, Temperature: 266.63 K, Total Energy: -30035.595904 eV
Step: 66980, Temperature: 274.33 K, Total Energy: -30035.507113 eV
Step: 67000, Temperature: 268.85 K, Total Energy: -30035.584827 eV
Step: 67020, Temperature: 266.49 K, Total Energy: -30035.601352 eV
Step: 67040, Temperature: 260.73 K, Total Energy: -30035.750300 eV
Step: 67060, Temperature: 263.90 K, Total Energy: -30035.611873 eV
Step: 67080, Temperature: 271.99 K, Total Energy: -30035.361093 eV
Step: 67100, Temperature: 274.06 K, Total Energy: -30035.220983 eV
Step: 67120, Temperature: 275.28 K, Total Energy: -30034.873874 eV
Step: 67140, Temperature: 306.39 K, Total Energy: -30034.742167 eV
Step: 67160, Temperature: 272.84 K, Total Energy: -30035.261461 eV
Step: 67180, Temperature: 265.48 K, Total Energy: -30035.093640 eV
Step: 67200, Temperature: 278.91 K, Total Energy: -30035.008889 eV
Step: 67220, Temperature: 277.35 K, Total Energy: -30034.765091 eV
Step: 67240, Temperature: 251.28 K, Total Energy: -30034.801107 eV
Step: 67260, Temperature: 293.31 K, Total Energy: -30034.218226 eV
Step: 67280, Temperature: 291.33 K, Total Energy: -30034.484968 eV
Step: 67300, Temperature: 298.37 K, Total Energy: -30034.063339 eV
Step: 67320, Temperature: 306.24 K, Total Energy: -30033.823852 eV
Step: 67340, Temperature: 312.30 K, Total Energy: -30033.083230 eV
Step: 67360, Temperature: 340.37 K, Total Energy: -30033.139605 eV
Step: 67380, Temperature: 313.95 K, Total Energy: -30033.715600 eV
Step: 67400, Temperature: 299.50 K, Total Energy: -30033.739955 eV
Step: 67420, Temperature: 301.88 K, Total Energy: -30033.930023 eV
Step: 67440, Temperature: 280.96 K, Total Energy: -30034.189655 eV
Step: 67460, Temperature: 269.73 K, Total Energy: -30034.351745 eV
Step: 67480, Temperature: 275.76 K, Total Energy: -30034.713368 eV
Step: 67500, Temperature: 294.48 K, Total Energy: -30034.542357 eV
Step: 67520, Temperature: 271.65 K, Total Energy: -30034.621628 eV
Step: 67540, Temperature: 269.18 K, Total Energy: -30034.314656 eV
Step: 67560, Temperature: 307.70 K, Total Energy: -30034.158276 eV
Step: 67580, Temperature: 290.15 K, Total Energy: -30034.555795 eV
Step: 67600, Temperature: 250.95 K, Total Energy: -30034.660977 eV
Step: 67620, Temperature: 275.78 K, Total Energy: -30034.380853 eV
Step: 67640, Temperature: 324.02 K, Total Energy: -30033.354314 eV
Step: 67660, Temperature: 299.09 K, Total Energy: -30033.131147 eV
Step: 67680, Temperature: 301.41 K, Total Energy: -30033.711265 eV
Step: 67700, Temperature: 301.03 K, Total Energy: -30033.863551 eV
Step: 67720, Temperature: 302.61 K, Total Energy: -30033.366527 eV
Step: 67740, Temperature: 272.91 K, Total Energy: -30033.685583 eV
Step: 67760, Temperature: 290.35 K, Total Energy: -30033.683465 eV
Step: 67780, Temperature: 291.93 K, Total Energy: -30033.807689 eV
Step: 67800, Temperature: 274.82 K, Total Energy: -30033.871885 eV
Step: 67820, Temperature: 292.17 K, Total Energy: -30033.137574 eV
Step: 67840, Temperature: 292.14 K, Total Energy: -30033.181306 eV
Step: 67860, Temperature: 275.27 K, Total Energy: -30033.288108 eV
Step: 67880, Temperature: 305.25 K, Total Energy: -30033.468082 eV
Step: 67900, Temperature: 280.45 K, Total Energy: -30033.718281 eV
Step: 67920, Temperature: 282.94 K, Total Energy: -30033.520606 eV
Step: 67940, Temperature: 285.13 K, Total Energy: -30033.969391 eV
Step: 67960, Temperature: 282.30 K, Total Energy: -30033.583534 eV
Step: 67980, Temperature: 327.36 K, Total Energy: -30033.344465 eV
Step: 68000, Temperature: 299.32 K, Total Energy: -30033.625459 eV
Step: 68020, Temperature: 313.49 K, Total Energy: -30032.721193 eV
Step: 68040, Temperature: 322.20 K, Total Energy: -30032.634610 eV
Step: 68060, Temperature: 323.72 K, Total Energy: -30032.076776 eV
Step: 68080, Temperature: 322.07 K, Total Energy: -30032.690631 eV
Step: 68100, Temperature: 290.35 K, Total Energy: -30032.980376 eV
Step: 68120, Temperature: 296.39 K, Total Energy: -30032.954955 eV
Step: 68140, Temperature: 292.65 K, Total Energy: -30033.627430 eV
Step: 68160, Temperature: 300.82 K, Total Energy: -30033.110963 eV
Step: 68180, Temperature: 321.32 K, Total Energy: -30033.152917 eV
Step: 68200, Temperature: 315.27 K, Total Energy: -30032.816965 eV
Step: 68220, Temperature: 303.91 K, Total Energy: -30033.003859 eV
Step: 68240, Temperature: 322.68 K, Total Energy: -30032.659515 eV
Step: 68260, Temperature: 326.08 K, Total Energy: -30031.784925 eV
Step: 68280, Temperature: 314.47 K, Total Energy: -30032.415288 eV
Step: 68300, Temperature: 329.59 K, Total Energy: -30032.673025 eV
Step: 68320, Temperature: 329.34 K, Total Energy: -30032.452655 eV
Step: 68340, Temperature: 276.50 K, Total Energy: -30032.479754 eV
Step: 68360, Temperature: 320.54 K, Total Energy: -30031.992879 eV
Step: 68380, Temperature: 320.43 K, Total Energy: -30031.757385 eV
Step: 68400, Temperature: 318.89 K, Total Energy: -30032.854777 eV
Step: 68420, Temperature: 305.66 K, Total Energy: -30032.701891 eV
Step: 68440, Temperature: 320.00 K, Total Energy: -30032.469306 eV
Step: 68460, Temperature: 289.07 K, Total Energy: -30032.676723 eV
Step: 68480, Temperature: 296.13 K, Total Energy: -30033.188184 eV
Step: 68500, Temperature: 328.38 K, Total Energy: -30032.260171 eV
Step: 68520, Temperature: 319.88 K, Total Energy: -30032.351366 eV
Step: 68540, Temperature: 310.20 K, Total Energy: -30032.644083 eV
Step: 68560, Temperature: 324.50 K, Total Energy: -30032.041423 eV
Step: 68580, Temperature: 301.19 K, Total Energy: -30031.699255 eV
Step: 68600, Temperature: 311.89 K, Total Energy: -30031.441296 eV
Step: 68620, Temperature: 325.07 K, Total Energy: -30031.431316 eV
Step: 68640, Temperature: 317.34 K, Total Energy: -30031.911271 eV
Step: 68660, Temperature: 290.12 K, Total Energy: -30033.304510 eV
Step: 68680, Temperature: 292.56 K, Total Energy: -30033.803612 eV
Step: 68700, Temperature: 276.31 K, Total Energy: -30033.988458 eV
Step: 68720, Temperature: 299.03 K, Total Energy: -30033.367022 eV
Step: 68740, Temperature: 277.51 K, Total Energy: -30033.368446 eV
Step: 68760, Temperature: 285.09 K, Total Energy: -30033.478242 eV
Step: 68780, Temperature: 301.56 K, Total Energy: -30033.094353 eV
Step: 68800, Temperature: 324.91 K, Total Energy: -30032.775286 eV
Step: 68820, Temperature: 326.39 K, Total Energy: -30033.032837 eV
Step: 68840, Temperature: 294.49 K, Total Energy: -30032.944288 eV
Step: 68860, Temperature: 303.83 K, Total Energy: -30033.286944 eV
Step: 68880, Temperature: 301.08 K, Total Energy: -30033.475599 eV
Step: 68900, Temperature: 326.59 K, Total Energy: -30033.586500 eV
Step: 68920, Temperature: 298.95 K, Total Energy: -30033.599509 eV
Step: 68940, Temperature: 307.42 K, Total Energy: -30033.723958 eV
Step: 68960, Temperature: 307.39 K, Total Energy: -30033.349637 eV
Step: 68980, Temperature: 289.08 K, Total Energy: -30033.336595 eV
Step: 69000, Temperature: 300.58 K, Total Energy: -30033.423692 eV
Step: 69020, Temperature: 318.41 K, Total Energy: -30032.997670 eV
Step: 69040, Temperature: 309.54 K, Total Energy: -30032.979009 eV
Step: 69060, Temperature: 306.37 K, Total Energy: -30033.291379 eV
Step: 69080, Temperature: 289.81 K, Total Energy: -30033.462683 eV
Step: 69100, Temperature: 271.14 K, Total Energy: -30034.013422 eV
Step: 69120, Temperature: 285.69 K, Total Energy: -30034.119192 eV
Step: 69140, Temperature: 273.06 K, Total Energy: -30034.152413 eV
Step: 69160, Temperature: 278.87 K, Total Energy: -30034.238581 eV
Step: 69180, Temperature: 290.67 K, Total Energy: -30034.015228 eV
Step: 69200, Temperature: 297.71 K, Total Energy: -30033.644333 eV
Step: 69220, Temperature: 323.43 K, Total Energy: -30032.962981 eV
Step: 69240, Temperature: 323.93 K, Total Energy: -30033.036251 eV
Step: 69260, Temperature: 328.22 K, Total Energy: -30032.430090 eV
Step: 69280, Temperature: 352.84 K, Total Energy: -30032.190378 eV
Step: 69300, Temperature: 293.60 K, Total Energy: -30032.910109 eV
Step: 69320, Temperature: 301.73 K, Total Energy: -30032.898535 eV
Step: 69340, Temperature: 322.37 K, Total Energy: -30032.737689 eV
Step: 69360, Temperature: 299.79 K, Total Energy: -30032.656378 eV
Step: 69380, Temperature: 293.85 K, Total Energy: -30032.743788 eV
Step: 69400, Temperature: 321.49 K, Total Energy: -30032.834129 eV
Step: 69420, Temperature: 301.38 K, Total Energy: -30032.940574 eV
Step: 69440, Temperature: 306.05 K, Total Energy: -30032.012469 eV
Step: 69460, Temperature: 313.28 K, Total Energy: -30032.127085 eV
Step: 69480, Temperature: 309.02 K, Total Energy: -30032.752056 eV
Step: 69500, Temperature: 321.54 K, Total Energy: -30032.688236 eV
Step: 69520, Temperature: 313.91 K, Total Energy: -30033.263464 eV
Step: 69540, Temperature: 309.35 K, Total Energy: -30033.388094 eV
Step: 69560, Temperature: 292.89 K, Total Energy: -30033.707405 eV
Step: 69580, Temperature: 276.22 K, Total Energy: -30033.445916 eV
Step: 69600, Temperature: 324.94 K, Total Energy: -30033.430756 eV
Step: 69620, Temperature: 306.32 K, Total Energy: -30032.644346 eV
Step: 69640, Temperature: 293.79 K, Total Energy: -30033.432746 eV
Step: 69660, Temperature: 315.55 K, Total Energy: -30033.481778 eV
Step: 69680, Temperature: 292.03 K, Total Energy: -30034.115795 eV
Step: 69700, Temperature: 301.73 K, Total Energy: -30033.836192 eV
Step: 69720, Temperature: 301.34 K, Total Energy: -30033.109509 eV
Step: 69740, Temperature: 317.10 K, Total Energy: -30033.024902 eV
Step: 69760, Temperature: 311.33 K, Total Energy: -30033.162460 eV
Step: 69780, Temperature: 289.97 K, Total Energy: -30033.038801 eV
Step: 69800, Temperature: 329.08 K, Total Energy: -30032.937730 eV
Step: 69820, Temperature: 336.40 K, Total Energy: -30032.637948 eV
Step: 69840, Temperature: 314.08 K, Total Energy: -30033.157662 eV
Step: 69860, Temperature: 327.73 K, Total Energy: -30033.213950 eV
Step: 69880, Temperature: 305.66 K, Total Energy: -30032.906935 eV
Step: 69900, Temperature: 322.84 K, Total Energy: -30032.921298 eV
Step: 69920, Temperature: 330.44 K, Total Energy: -30033.141725 eV
Step: 69940, Temperature: 295.95 K, Total Energy: -30033.600802 eV
Step: 69960, Temperature: 307.23 K, Total Energy: -30033.701322 eV
Step: 69980, Temperature: 304.01 K, Total Energy: -30033.362516 eV
Step: 70000, Temperature: 324.46 K, Total Energy: -30032.981824 eV
Step: 70020, Temperature: 331.11 K, Total Energy: -30032.771443 eV
Step: 70040, Temperature: 324.38 K, Total Energy: -30033.329557 eV
Step: 70060, Temperature: 328.05 K, Total Energy: -30033.016408 eV
Step: 70080, Temperature: 321.24 K, Total Energy: -30033.154923 eV
Step: 70100, Temperature: 336.27 K, Total Energy: -30033.090611 eV
Step: 70120, Temperature: 318.29 K, Total Energy: -30034.094490 eV
Step: 70140, Temperature: 305.93 K, Total Energy: -30033.802602 eV
Step: 70160, Temperature: 312.22 K, Total Energy: -30034.298185 eV
Step: 70180, Temperature: 289.54 K, Total Energy: -30034.487135 eV
Step: 70200, Temperature: 279.27 K, Total Energy: -30034.659978 eV
Step: 70220, Temperature: 292.37 K, Total Energy: -30034.480330 eV
Step: 70240, Temperature: 302.69 K, Total Energy: -30034.468057 eV
Step: 70260, Temperature: 321.90 K, Total Energy: -30034.454623 eV
Step: 70280, Temperature: 303.18 K, Total Energy: -30033.809392 eV
Step: 70300, Temperature: 303.89 K, Total Energy: -30034.176248 eV
Step: 70320, Temperature: 316.78 K, Total Energy: -30034.187102 eV
Step: 70340, Temperature: 308.44 K, Total Energy: -30034.391692 eV
Step: 70360, Temperature: 305.17 K, Total Energy: -30034.050164 eV
Step: 70380, Temperature: 301.31 K, Total Energy: -30034.444391 eV
Step: 70400, Temperature: 288.44 K, Total Energy: -30034.731522 eV
Step: 70420, Temperature: 301.41 K, Total Energy: -30035.068690 eV
Step: 70440, Temperature: 295.26 K, Total Energy: -30034.663259 eV
Step: 70460, Temperature: 266.84 K, Total Energy: -30035.500751 eV
Step: 70480, Temperature: 276.55 K, Total Energy: -30035.410124 eV
Step: 70500, Temperature: 293.29 K, Total Energy: -30035.613244 eV
Step: 70520, Temperature: 264.11 K, Total Energy: -30035.399549 eV
Step: 70540, Temperature: 297.33 K, Total Energy: -30034.798580 eV
Step: 70560, Temperature: 280.38 K, Total Energy: -30035.216126 eV
Step: 70580, Temperature: 309.73 K, Total Energy: -30035.380479 eV
Step: 70600, Temperature: 285.22 K, Total Energy: -30035.113554 eV
Step: 70620, Temperature: 271.86 K, Total Energy: -30035.344831 eV
Step: 70640, Temperature: 279.32 K, Total Energy: -30035.215413 eV
Step: 70660, Temperature: 291.11 K, Total Energy: -30034.966960 eV
Step: 70680, Temperature: 297.93 K, Total Energy: -30034.765963 eV
Step: 70700, Temperature: 298.70 K, Total Energy: -30035.086213 eV
Step: 70720, Temperature: 292.79 K, Total Energy: -30035.303552 eV
Step: 70740, Temperature: 297.79 K, Total Energy: -30034.568236 eV
Step: 70760, Temperature: 281.60 K, Total Energy: -30035.613112 eV
Step: 70780, Temperature: 263.05 K, Total Energy: -30035.805274 eV
Step: 70800, Temperature: 283.38 K, Total Energy: -30035.851327 eV
Step: 70820, Temperature: 314.55 K, Total Energy: -30035.026716 eV
Step: 70840, Temperature: 318.61 K, Total Energy: -30034.711367 eV
Step: 70860, Temperature: 292.82 K, Total Energy: -30034.695396 eV
Step: 70880, Temperature: 291.95 K, Total Energy: -30034.610034 eV
Step: 70900, Temperature: 287.96 K, Total Energy: -30034.659861 eV
Step: 70920, Temperature: 304.67 K, Total Energy: -30034.449374 eV
Step: 70940, Temperature: 309.97 K, Total Energy: -30034.251346 eV
Step: 70960, Temperature: 318.13 K, Total Energy: -30033.875935 eV
Step: 70980, Temperature: 298.12 K, Total Energy: -30034.239617 eV
Step: 71000, Temperature: 283.21 K, Total Energy: -30034.736385 eV
Step: 71020, Temperature: 294.97 K, Total Energy: -30034.235110 eV
Step: 71040, Temperature: 294.60 K, Total Energy: -30034.066494 eV
Step: 71060, Temperature: 289.82 K, Total Energy: -30034.058239 eV
Step: 71080, Temperature: 289.35 K, Total Energy: -30033.988081 eV
Step: 71100, Temperature: 282.05 K, Total Energy: -30033.976637 eV
Step: 71120, Temperature: 313.47 K, Total Energy: -30033.423094 eV
Step: 71140, Temperature: 293.98 K, Total Energy: -30033.148547 eV
Step: 71160, Temperature: 317.24 K, Total Energy: -30033.333752 eV
Step: 71180, Temperature: 281.39 K, Total Energy: -30033.710151 eV
Step: 71200, Temperature: 287.43 K, Total Energy: -30034.163262 eV
Step: 71220, Temperature: 300.63 K, Total Energy: -30033.658660 eV
Step: 71240, Temperature: 309.08 K, Total Energy: -30033.369646 eV
Step: 71260, Temperature: 280.60 K, Total Energy: -30034.058045 eV
Step: 71280, Temperature: 285.33 K, Total Energy: -30034.097213 eV
Step: 71300, Temperature: 293.13 K, Total Energy: -30033.523488 eV
Step: 71320, Temperature: 289.56 K, Total Energy: -30033.394830 eV
Step: 71340, Temperature: 306.22 K, Total Energy: -30033.039366 eV
Step: 71360, Temperature: 309.88 K, Total Energy: -30032.312356 eV
Step: 71380, Temperature: 317.81 K, Total Energy: -30032.643592 eV
Step: 71400, Temperature: 310.33 K, Total Energy: -30032.470981 eV
Step: 71420, Temperature: 294.16 K, Total Energy: -30033.093411 eV
Step: 71440, Temperature: 275.79 K, Total Energy: -30033.195111 eV
Step: 71460, Temperature: 293.70 K, Total Energy: -30032.936831 eV
Step: 71480, Temperature: 285.25 K, Total Energy: -30032.677276 eV
Step: 71500, Temperature: 320.78 K, Total Energy: -30032.533752 eV
Step: 71520, Temperature: 324.95 K, Total Energy: -30032.399367 eV
Step: 71540, Temperature: 299.95 K, Total Energy: -30032.632882 eV
Step: 71560, Temperature: 304.90 K, Total Energy: -30033.054945 eV
Step: 71580, Temperature: 334.04 K, Total Energy: -30032.949551 eV
Step: 71600, Temperature: 293.21 K, Total Energy: -30032.880841 eV
Step: 71620, Temperature: 307.15 K, Total Energy: -30033.189681 eV
Step: 71640, Temperature: 279.68 K, Total Energy: -30033.593095 eV
Step: 71660, Temperature: 305.91 K, Total Energy: -30033.375254 eV
Step: 71680, Temperature: 308.30 K, Total Energy: -30032.770031 eV
Step: 71700, Temperature: 315.48 K, Total Energy: -30032.309861 eV
Step: 71720, Temperature: 271.96 K, Total Energy: -30033.059129 eV
Step: 71740, Temperature: 294.72 K, Total Energy: -30032.971660 eV
Step: 71760, Temperature: 312.45 K, Total Energy: -30032.253512 eV
Step: 71780, Temperature: 309.64 K, Total Energy: -30032.925660 eV
Step: 71800, Temperature: 321.57 K, Total Energy: -30032.162232 eV
Step: 71820, Temperature: 341.23 K, Total Energy: -30032.070944 eV
Step: 71840, Temperature: 314.72 K, Total Energy: -30032.166795 eV
Step: 71860, Temperature: 349.44 K, Total Energy: -30031.391446 eV
Step: 71880, Temperature: 323.86 K, Total Energy: -30032.161228 eV
Step: 71900, Temperature: 336.74 K, Total Energy: -30032.152826 eV
Step: 71920, Temperature: 318.98 K, Total Energy: -30032.026180 eV
Step: 71940, Temperature: 340.45 K, Total Energy: -30031.655161 eV
Step: 71960, Temperature: 307.17 K, Total Energy: -30031.751654 eV
Step: 71980, Temperature: 324.40 K, Total Energy: -30031.643632 eV
Step: 72000, Temperature: 310.16 K, Total Energy: -30032.133459 eV
Step: 72020, Temperature: 323.27 K, Total Energy: -30031.687691 eV
Step: 72040, Temperature: 322.37 K, Total Energy: -30032.341321 eV
Step: 72060, Temperature: 288.02 K, Total Energy: -30032.771503 eV
Step: 72080, Temperature: 303.32 K, Total Energy: -30032.920905 eV
Step: 72100, Temperature: 288.37 K, Total Energy: -30033.631898 eV
Step: 72120, Temperature: 296.59 K, Total Energy: -30033.733229 eV
Step: 72140, Temperature: 273.14 K, Total Energy: -30033.140645 eV
Step: 72160, Temperature: 317.10 K, Total Energy: -30033.126425 eV
Step: 72180, Temperature: 299.88 K, Total Energy: -30032.749872 eV
Step: 72200, Temperature: 296.59 K, Total Energy: -30033.551592 eV
Step: 72220, Temperature: 290.22 K, Total Energy: -30033.423168 eV
Step: 72240, Temperature: 296.75 K, Total Energy: -30033.729298 eV
Step: 72260, Temperature: 306.77 K, Total Energy: -30033.574371 eV
Step: 72280, Temperature: 311.00 K, Total Energy: -30033.514456 eV
Step: 72300, Temperature: 299.61 K, Total Energy: -30033.906990 eV
Step: 72320, Temperature: 276.27 K, Total Energy: -30033.972075 eV
Step: 72340, Temperature: 284.81 K, Total Energy: -30034.000970 eV
Step: 72360, Temperature: 261.49 K, Total Energy: -30034.613969 eV
Step: 72380, Temperature: 298.24 K, Total Energy: -30034.591949 eV
Step: 72400, Temperature: 253.68 K, Total Energy: -30035.004357 eV
Step: 72420, Temperature: 291.41 K, Total Energy: -30034.719167 eV
Step: 72440, Temperature: 284.16 K, Total Energy: -30034.177273 eV
Step: 72460, Temperature: 275.05 K, Total Energy: -30034.219459 eV
Step: 72480, Temperature: 293.24 K, Total Energy: -30034.077417 eV
Step: 72500, Temperature: 290.38 K, Total Energy: -30034.280344 eV
Step: 72520, Temperature: 301.80 K, Total Energy: -30033.613657 eV
Step: 72540, Temperature: 298.14 K, Total Energy: -30033.733242 eV
Step: 72560, Temperature: 294.96 K, Total Energy: -30034.082949 eV
Step: 72580, Temperature: 292.95 K, Total Energy: -30033.561241 eV
Step: 72600, Temperature: 283.60 K, Total Energy: -30033.904323 eV
Step: 72620, Temperature: 336.41 K, Total Energy: -30033.266753 eV
Step: 72640, Temperature: 296.06 K, Total Energy: -30033.830696 eV
Step: 72660, Temperature: 296.28 K, Total Energy: -30033.618105 eV
Step: 72680, Temperature: 304.15 K, Total Energy: -30033.874614 eV
Step: 72700, Temperature: 312.90 K, Total Energy: -30033.556439 eV
Step: 72720, Temperature: 279.32 K, Total Energy: -30034.066986 eV
Step: 72740, Temperature: 284.28 K, Total Energy: -30033.604064 eV
Step: 72760, Temperature: 296.64 K, Total Energy: -30033.417616 eV
Step: 72780, Temperature: 303.34 K, Total Energy: -30033.451853 eV
Step: 72800, Temperature: 268.09 K, Total Energy: -30034.105794 eV
Step: 72820, Temperature: 275.49 K, Total Energy: -30034.323621 eV
Step: 72840, Temperature: 303.82 K, Total Energy: -30034.422208 eV
Step: 72860, Temperature: 276.23 K, Total Energy: -30034.232662 eV
Step: 72880, Temperature: 275.57 K, Total Energy: -30034.161491 eV
Step: 72900, Temperature: 278.69 K, Total Energy: -30034.407181 eV
Step: 72920, Temperature: 286.99 K, Total Energy: -30033.697765 eV
Step: 72940, Temperature: 306.05 K, Total Energy: -30033.340593 eV
Step: 72960, Temperature: 304.71 K, Total Energy: -30033.034526 eV
Step: 72980, Temperature: 332.41 K, Total Energy: -30032.861718 eV
Step: 73000, Temperature: 316.31 K, Total Energy: -30032.685390 eV
Step: 73020, Temperature: 312.81 K, Total Energy: -30032.957227 eV
Step: 73040, Temperature: 312.03 K, Total Energy: -30033.082430 eV
Step: 73060, Temperature: 318.78 K, Total Energy: -30032.843916 eV
Step: 73080, Temperature: 303.39 K, Total Energy: -30032.985717 eV
Step: 73100, Temperature: 307.16 K, Total Energy: -30032.855549 eV
Step: 73120, Temperature: 317.67 K, Total Energy: -30032.993013 eV
Step: 73140, Temperature: 287.81 K, Total Energy: -30033.395875 eV
Step: 73160, Temperature: 324.00 K, Total Energy: -30033.229776 eV
Step: 73180, Temperature: 322.09 K, Total Energy: -30033.209577 eV
Step: 73200, Temperature: 319.25 K, Total Energy: -30033.466776 eV
Step: 73220, Temperature: 325.23 K, Total Energy: -30033.708698 eV
Step: 73240, Temperature: 304.89 K, Total Energy: -30033.430232 eV
Step: 73260, Temperature: 303.73 K, Total Energy: -30033.867759 eV
Step: 73280, Temperature: 296.40 K, Total Energy: -30033.970539 eV
Step: 73300, Temperature: 298.57 K, Total Energy: -30034.021101 eV
Step: 73320, Temperature: 289.60 K, Total Energy: -30033.487538 eV
Step: 73340, Temperature: 300.58 K, Total Energy: -30033.970656 eV
Step: 73360, Temperature: 296.09 K, Total Energy: -30033.253766 eV
Step: 73380, Temperature: 280.18 K, Total Energy: -30033.734645 eV
Step: 73400, Temperature: 276.35 K, Total Energy: -30034.102823 eV
Step: 73420, Temperature: 300.05 K, Total Energy: -30034.425229 eV
Step: 73440, Temperature: 291.78 K, Total Energy: -30034.614214 eV
Step: 73460, Temperature: 289.15 K, Total Energy: -30035.158932 eV
Step: 73480, Temperature: 277.44 K, Total Energy: -30035.149554 eV
Step: 73500, Temperature: 282.04 K, Total Energy: -30034.727034 eV
Step: 73520, Temperature: 308.55 K, Total Energy: -30034.259901 eV
Step: 73540, Temperature: 290.79 K, Total Energy: -30034.154805 eV
Step: 73560, Temperature: 321.57 K, Total Energy: -30033.572378 eV
Step: 73580, Temperature: 306.89 K, Total Energy: -30033.633884 eV
Step: 73600, Temperature: 290.50 K, Total Energy: -30033.394494 eV
Step: 73620, Temperature: 340.70 K, Total Energy: -30033.219110 eV
Step: 73640, Temperature: 305.81 K, Total Energy: -30033.119915 eV
Step: 73660, Temperature: 300.59 K, Total Energy: -30033.368728 eV
Step: 73680, Temperature: 289.98 K, Total Energy: -30033.511187 eV
Step: 73700, Temperature: 311.44 K, Total Energy: -30032.726228 eV
Step: 73720, Temperature: 332.10 K, Total Energy: -30032.851852 eV
Step: 73740, Temperature: 275.51 K, Total Energy: -30033.856315 eV
Step: 73760, Temperature: 265.79 K, Total Energy: -30034.369031 eV
Step: 73780, Temperature: 305.87 K, Total Energy: -30034.280448 eV
Step: 73800, Temperature: 280.69 K, Total Energy: -30033.846836 eV
Step: 73820, Temperature: 288.86 K, Total Energy: -30033.918228 eV
Step: 73840, Temperature: 289.00 K, Total Energy: -30034.328794 eV
Step: 73860, Temperature: 269.24 K, Total Energy: -30034.936386 eV
Step: 73880, Temperature: 268.95 K, Total Energy: -30034.912291 eV
Step: 73900, Temperature: 286.42 K, Total Energy: -30034.514945 eV
Step: 73920, Temperature: 278.11 K, Total Energy: -30034.204793 eV
Step: 73940, Temperature: 310.11 K, Total Energy: -30034.203043 eV
Step: 73960, Temperature: 278.99 K, Total Energy: -30033.852569 eV
Step: 73980, Temperature: 333.36 K, Total Energy: -30033.318161 eV
Step: 74000, Temperature: 295.73 K, Total Energy: -30033.432574 eV
Step: 74020, Temperature: 292.27 K, Total Energy: -30033.549156 eV
Step: 74040, Temperature: 337.38 K, Total Energy: -30032.232339 eV
Step: 74060, Temperature: 313.85 K, Total Energy: -30032.901742 eV
Step: 74080, Temperature: 312.27 K, Total Energy: -30033.066597 eV
Step: 74100, Temperature: 325.54 K, Total Energy: -30032.400016 eV
Step: 74120, Temperature: 335.77 K, Total Energy: -30032.070012 eV
Step: 74140, Temperature: 338.34 K, Total Energy: -30032.005224 eV
Step: 74160, Temperature: 344.66 K, Total Energy: -30031.632808 eV
Step: 74180, Temperature: 319.10 K, Total Energy: -30031.900272 eV
Step: 74200, Temperature: 328.87 K, Total Energy: -30032.261412 eV
Step: 74220, Temperature: 348.55 K, Total Energy: -30032.007504 eV
Step: 74240, Temperature: 334.46 K, Total Energy: -30032.151743 eV
Step: 74260, Temperature: 323.96 K, Total Energy: -30032.312947 eV
Step: 74280, Temperature: 308.02 K, Total Energy: -30032.851266 eV
Step: 74300, Temperature: 310.52 K, Total Energy: -30033.009178 eV
Step: 74320, Temperature: 286.48 K, Total Energy: -30033.751686 eV
Step: 74340, Temperature: 288.98 K, Total Energy: -30033.780478 eV
Step: 74360, Temperature: 290.39 K, Total Energy: -30033.975515 eV
Step: 74380, Temperature: 270.12 K, Total Energy: -30034.394565 eV
Step: 74400, Temperature: 296.34 K, Total Energy: -30033.772844 eV
Step: 74420, Temperature: 297.73 K, Total Energy: -30033.448525 eV
Step: 74440, Temperature: 315.55 K, Total Energy: -30033.374471 eV
Step: 74460, Temperature: 315.84 K, Total Energy: -30033.496136 eV
Step: 74480, Temperature: 289.97 K, Total Energy: -30034.173485 eV
Step: 74500, Temperature: 295.11 K, Total Energy: -30033.823149 eV
Step: 74520, Temperature: 285.26 K, Total Energy: -30033.719956 eV
Step: 74540, Temperature: 304.98 K, Total Energy: -30033.625315 eV
Step: 74560, Temperature: 294.50 K, Total Energy: -30034.201982 eV
Step: 74580, Temperature: 319.23 K, Total Energy: -30033.863660 eV
Step: 74600, Temperature: 304.97 K, Total Energy: -30033.303222 eV
Step: 74620, Temperature: 307.48 K, Total Energy: -30033.329726 eV
Step: 74640, Temperature: 275.96 K, Total Energy: -30033.884180 eV
Step: 74660, Temperature: 286.80 K, Total Energy: -30033.982015 eV
Step: 74680, Temperature: 312.01 K, Total Energy: -30033.932552 eV
Step: 74700, Temperature: 311.25 K, Total Energy: -30034.313012 eV
Step: 74720, Temperature: 284.94 K, Total Energy: -30034.757404 eV
Step: 74740, Temperature: 286.83 K, Total Energy: -30034.494932 eV
Step: 74760, Temperature: 282.10 K, Total Energy: -30033.987069 eV
Step: 74780, Temperature: 288.12 K, Total Energy: -30034.157763 eV
Step: 74800, Temperature: 289.30 K, Total Energy: -30033.971763 eV
Step: 74820, Temperature: 270.07 K, Total Energy: -30033.891914 eV
Step: 74840, Temperature: 291.15 K, Total Energy: -30033.682842 eV
Step: 74860, Temperature: 283.74 K, Total Energy: -30034.191933 eV
Step: 74880, Temperature: 277.21 K, Total Energy: -30034.309729 eV
Step: 74900, Temperature: 262.67 K, Total Energy: -30034.603856 eV
Step: 74920, Temperature: 279.39 K, Total Energy: -30034.266422 eV
Step: 74940, Temperature: 291.30 K, Total Energy: -30033.360763 eV
Step: 74960, Temperature: 321.22 K, Total Energy: -30032.837053 eV
Step: 74980, Temperature: 284.01 K, Total Energy: -30032.683242 eV
Step: 75000, Temperature: 309.87 K, Total Energy: -30032.070257 eV
Step: 75020, Temperature: 301.07 K, Total Energy: -30031.854785 eV
Step: 75040, Temperature: 304.31 K, Total Energy: -30031.893992 eV
Step: 75060, Temperature: 312.73 K, Total Energy: -30032.271721 eV
Step: 75080, Temperature: 333.36 K, Total Energy: -30032.212717 eV
Step: 75100, Temperature: 309.48 K, Total Energy: -30032.627179 eV
Step: 75120, Temperature: 278.86 K, Total Energy: -30033.242532 eV
Step: 75140, Temperature: 330.92 K, Total Energy: -30032.563246 eV
Step: 75160, Temperature: 318.64 K, Total Energy: -30032.185380 eV
Step: 75180, Temperature: 336.38 K, Total Energy: -30032.081903 eV
Step: 75200, Temperature: 329.83 K, Total Energy: -30031.768531 eV
Step: 75220, Temperature: 319.50 K, Total Energy: -30032.192938 eV
Step: 75240, Temperature: 300.75 K, Total Energy: -30032.272938 eV
Step: 75260, Temperature: 330.23 K, Total Energy: -30032.395157 eV
Step: 75280, Temperature: 289.16 K, Total Energy: -30032.715548 eV
Step: 75300, Temperature: 299.46 K, Total Energy: -30032.904986 eV
Step: 75320, Temperature: 302.94 K, Total Energy: -30033.377972 eV
Step: 75340, Temperature: 297.00 K, Total Energy: -30033.521678 eV
Step: 75360, Temperature: 300.05 K, Total Energy: -30033.925239 eV
Step: 75380, Temperature: 281.97 K, Total Energy: -30034.343882 eV
Step: 75400, Temperature: 286.32 K, Total Energy: -30033.521368 eV
Step: 75420, Temperature: 311.62 K, Total Energy: -30033.225504 eV
Step: 75440, Temperature: 303.15 K, Total Energy: -30033.286684 eV
Step: 75460, Temperature: 281.12 K, Total Energy: -30032.541074 eV
Step: 75480, Temperature: 320.86 K, Total Energy: -30032.404639 eV
Step: 75500, Temperature: 335.69 K, Total Energy: -30031.874556 eV
Step: 75520, Temperature: 311.55 K, Total Energy: -30032.324947 eV
Step: 75540, Temperature: 303.91 K, Total Energy: -30032.550712 eV
Step: 75560, Temperature: 283.24 K, Total Energy: -30033.034622 eV
Step: 75580, Temperature: 296.50 K, Total Energy: -30032.930885 eV
Step: 75600, Temperature: 308.72 K, Total Energy: -30032.796695 eV
Step: 75620, Temperature: 282.60 K, Total Energy: -30032.984288 eV
Step: 75640, Temperature: 303.66 K, Total Energy: -30032.597928 eV
Step: 75660, Temperature: 290.81 K, Total Energy: -30033.134692 eV
Step: 75680, Temperature: 312.65 K, Total Energy: -30032.732811 eV
Step: 75700, Temperature: 308.51 K, Total Energy: -30032.503158 eV
Step: 75720, Temperature: 311.29 K, Total Energy: -30032.327487 eV
Step: 75740, Temperature: 311.88 K, Total Energy: -30032.367452 eV
Step: 75760, Temperature: 306.81 K, Total Energy: -30032.381752 eV
Step: 75780, Temperature: 304.53 K, Total Energy: -30032.388681 eV
Step: 75800, Temperature: 318.97 K, Total Energy: -30032.190563 eV
Step: 75820, Temperature: 325.99 K, Total Energy: -30032.011743 eV
Step: 75840, Temperature: 317.55 K, Total Energy: -30032.818171 eV
Step: 75860, Temperature: 294.53 K, Total Energy: -30033.068232 eV
Step: 75880, Temperature: 313.26 K, Total Energy: -30032.770118 eV
Step: 75900, Temperature: 328.76 K, Total Energy: -30032.615728 eV
Step: 75920, Temperature: 285.22 K, Total Energy: -30033.365614 eV
Step: 75940, Temperature: 299.58 K, Total Energy: -30033.435142 eV
Step: 75960, Temperature: 269.78 K, Total Energy: -30033.598441 eV
Step: 75980, Temperature: 279.45 K, Total Energy: -30033.378152 eV
Step: 76000, Temperature: 296.66 K, Total Energy: -30033.967727 eV
Step: 76020, Temperature: 272.73 K, Total Energy: -30034.297466 eV
Step: 76040, Temperature: 289.49 K, Total Energy: -30033.841871 eV
Step: 76060, Temperature: 302.67 K, Total Energy: -30033.482360 eV
Step: 76080, Temperature: 312.16 K, Total Energy: -30033.352475 eV
Step: 76100, Temperature: 305.36 K, Total Energy: -30033.633243 eV
Step: 76120, Temperature: 287.16 K, Total Energy: -30034.033516 eV
Step: 76140, Temperature: 267.12 K, Total Energy: -30034.409688 eV
Step: 76160, Temperature: 285.83 K, Total Energy: -30034.018133 eV
Step: 76180, Temperature: 303.78 K, Total Energy: -30033.708239 eV
Step: 76200, Temperature: 284.44 K, Total Energy: -30033.648879 eV
Step: 76220, Temperature: 311.31 K, Total Energy: -30032.858202 eV
Step: 76240, Temperature: 287.30 K, Total Energy: -30033.516094 eV
Step: 76260, Temperature: 298.41 K, Total Energy: -30033.177564 eV
Step: 76280, Temperature: 338.51 K, Total Energy: -30033.535932 eV
Step: 76300, Temperature: 312.52 K, Total Energy: -30033.372694 eV
Step: 76320, Temperature: 294.06 K, Total Energy: -30033.646567 eV
Step: 76340, Temperature: 311.82 K, Total Energy: -30033.335784 eV
Step: 76360, Temperature: 314.04 K, Total Energy: -30033.152866 eV
Step: 76380, Temperature: 275.55 K, Total Energy: -30033.406175 eV
Step: 76400, Temperature: 276.47 K, Total Energy: -30033.916146 eV
Step: 76420, Temperature: 289.31 K, Total Energy: -30033.461683 eV
Step: 76440, Temperature: 304.37 K, Total Energy: -30033.474692 eV
Step: 76460, Temperature: 306.35 K, Total Energy: -30033.237331 eV
Step: 76480, Temperature: 302.15 K, Total Energy: -30033.063683 eV
Step: 76500, Temperature: 317.65 K, Total Energy: -30032.964128 eV
Step: 76520, Temperature: 286.91 K, Total Energy: -30033.231200 eV
Step: 76540, Temperature: 295.99 K, Total Energy: -30033.699613 eV
Step: 76560, Temperature: 297.93 K, Total Energy: -30034.127191 eV
Step: 76580, Temperature: 289.20 K, Total Energy: -30034.206485 eV
Step: 76600, Temperature: 274.22 K, Total Energy: -30033.953258 eV
Step: 76620, Temperature: 277.48 K, Total Energy: -30033.730619 eV
Step: 76640, Temperature: 285.37 K, Total Energy: -30033.590367 eV
Step: 76660, Temperature: 297.15 K, Total Energy: -30033.404550 eV
Step: 76680, Temperature: 305.82 K, Total Energy: -30033.088574 eV
Step: 76700, Temperature: 285.00 K, Total Energy: -30033.197149 eV
Step: 76720, Temperature: 294.86 K, Total Energy: -30033.093134 eV
Step: 76740, Temperature: 274.14 K, Total Energy: -30033.801118 eV
Step: 76760, Temperature: 314.09 K, Total Energy: -30033.139669 eV
Step: 76780, Temperature: 310.46 K, Total Energy: -30033.116076 eV
Step: 76800, Temperature: 276.57 K, Total Energy: -30033.396045 eV
Step: 76820, Temperature: 304.51 K, Total Energy: -30033.871517 eV
Step: 76840, Temperature: 298.41 K, Total Energy: -30033.628879 eV
Step: 76860, Temperature: 289.59 K, Total Energy: -30033.806208 eV
Step: 76880, Temperature: 297.16 K, Total Energy: -30033.463083 eV
Step: 76900, Temperature: 326.04 K, Total Energy: -30033.199806 eV
Step: 76920, Temperature: 299.25 K, Total Energy: -30033.449307 eV
Step: 76940, Temperature: 281.96 K, Total Energy: -30033.191748 eV
Step: 76960, Temperature: 316.29 K, Total Energy: -30033.142804 eV
Step: 76980, Temperature: 325.08 K, Total Energy: -30033.339224 eV
Step: 77000, Temperature: 303.65 K, Total Energy: -30033.299458 eV
Step: 77020, Temperature: 323.86 K, Total Energy: -30033.104552 eV
Step: 77040, Temperature: 303.66 K, Total Energy: -30032.820638 eV
Step: 77060, Temperature: 321.14 K, Total Energy: -30032.323321 eV
Step: 77080, Temperature: 295.44 K, Total Energy: -30032.502523 eV
Step: 77100, Temperature: 288.14 K, Total Energy: -30033.311436 eV
Step: 77120, Temperature: 279.04 K, Total Energy: -30033.808421 eV
Step: 77140, Temperature: 281.48 K, Total Energy: -30034.016447 eV
Step: 77160, Temperature: 292.55 K, Total Energy: -30033.167213 eV
Step: 77180, Temperature: 320.18 K, Total Energy: -30032.994081 eV
Step: 77200, Temperature: 293.56 K, Total Energy: -30032.583082 eV
Step: 77220, Temperature: 295.89 K, Total Energy: -30032.569168 eV
Step: 77240, Temperature: 316.49 K, Total Energy: -30032.341028 eV
Step: 77260, Temperature: 308.75 K, Total Energy: -30032.110430 eV
Step: 77280, Temperature: 317.41 K, Total Energy: -30032.265036 eV
Step: 77300, Temperature: 308.72 K, Total Energy: -30031.980304 eV
Step: 77320, Temperature: 307.04 K, Total Energy: -30032.227516 eV
Step: 77340, Temperature: 317.57 K, Total Energy: -30032.216212 eV
Step: 77360, Temperature: 318.87 K, Total Energy: -30032.040880 eV
Step: 77380, Temperature: 311.53 K, Total Energy: -30032.415194 eV
Step: 77400, Temperature: 320.81 K, Total Energy: -30032.306395 eV
Step: 77420, Temperature: 290.70 K, Total Energy: -30032.498934 eV
Step: 77440, Temperature: 312.86 K, Total Energy: -30032.791841 eV
Step: 77460, Temperature: 286.16 K, Total Energy: -30033.365319 eV
Step: 77480, Temperature: 274.77 K, Total Energy: -30033.209020 eV
Step: 77500, Temperature: 314.60 K, Total Energy: -30032.834015 eV
Step: 77520, Temperature: 319.21 K, Total Energy: -30032.170973 eV
Step: 77540, Temperature: 310.44 K, Total Energy: -30032.432834 eV
Step: 77560, Temperature: 312.64 K, Total Energy: -30032.152796 eV
Step: 77580, Temperature: 319.95 K, Total Energy: -30031.841576 eV
Step: 77600, Temperature: 325.20 K, Total Energy: -30032.318828 eV
Step: 77620, Temperature: 307.05 K, Total Energy: -30032.801725 eV
Step: 77640, Temperature: 297.85 K, Total Energy: -30033.273757 eV
Step: 77660, Temperature: 315.66 K, Total Energy: -30033.270220 eV
Step: 77680, Temperature: 305.66 K, Total Energy: -30032.537738 eV
Step: 77700, Temperature: 315.08 K, Total Energy: -30032.085566 eV
Step: 77720, Temperature: 313.01 K, Total Energy: -30031.692314 eV
Step: 77740, Temperature: 324.02 K, Total Energy: -30032.024212 eV
Step: 77760, Temperature: 332.87 K, Total Energy: -30032.166503 eV
Step: 77780, Temperature: 303.29 K, Total Energy: -30032.654176 eV
Step: 77800, Temperature: 313.02 K, Total Energy: -30032.787920 eV
Step: 77820, Temperature: 295.32 K, Total Energy: -30033.003615 eV
Step: 77840, Temperature: 290.53 K, Total Energy: -30033.298192 eV
Step: 77860, Temperature: 287.53 K, Total Energy: -30033.074961 eV
Step: 77880, Temperature: 333.41 K, Total Energy: -30032.603947 eV
Step: 77900, Temperature: 275.13 K, Total Energy: -30032.698039 eV
Step: 77920, Temperature: 303.04 K, Total Energy: -30032.910426 eV
Step: 77940, Temperature: 287.97 K, Total Energy: -30033.075574 eV
Step: 77960, Temperature: 284.91 K, Total Energy: -30033.459226 eV
Step: 77980, Temperature: 292.01 K, Total Energy: -30033.934696 eV
Step: 78000, Temperature: 271.04 K, Total Energy: -30034.111504 eV
Step: 78020, Temperature: 286.85 K, Total Energy: -30033.875270 eV
Step: 78040, Temperature: 311.27 K, Total Energy: -30033.244178 eV
Step: 78060, Temperature: 288.75 K, Total Energy: -30033.626051 eV
Step: 78080, Temperature: 271.46 K, Total Energy: -30033.966238 eV
Step: 78100, Temperature: 274.86 K, Total Energy: -30033.609106 eV
Step: 78120, Temperature: 306.86 K, Total Energy: -30033.321991 eV
Step: 78140, Temperature: 306.75 K, Total Energy: -30032.826818 eV
Step: 78160, Temperature: 283.32 K, Total Energy: -30033.317614 eV
Step: 78180, Temperature: 296.28 K, Total Energy: -30033.281944 eV
Step: 78200, Temperature: 297.70 K, Total Energy: -30033.279349 eV
Step: 78220, Temperature: 292.53 K, Total Energy: -30033.179393 eV
Step: 78240, Temperature: 304.06 K, Total Energy: -30032.877080 eV
Step: 78260, Temperature: 322.65 K, Total Energy: -30032.996305 eV
Step: 78280, Temperature: 296.46 K, Total Energy: -30032.595761 eV
Step: 78300, Temperature: 299.32 K, Total Energy: -30032.807054 eV
Step: 78320, Temperature: 291.90 K, Total Energy: -30033.052550 eV
Step: 78340, Temperature: 314.32 K, Total Energy: -30032.606758 eV
Step: 78360, Temperature: 301.11 K, Total Energy: -30033.201302 eV
Step: 78380, Temperature: 294.65 K, Total Energy: -30033.602317 eV
Step: 78400, Temperature: 295.54 K, Total Energy: -30033.671693 eV
Step: 78420, Temperature: 292.71 K, Total Energy: -30033.721730 eV
Step: 78440, Temperature: 287.25 K, Total Energy: -30033.962746 eV
Step: 78460, Temperature: 275.97 K, Total Energy: -30034.032329 eV
Step: 78480, Temperature: 262.83 K, Total Energy: -30034.449320 eV
Step: 78500, Temperature: 296.27 K, Total Energy: -30033.821301 eV
Step: 78520, Temperature: 268.70 K, Total Energy: -30033.629618 eV
Step: 78540, Temperature: 298.83 K, Total Energy: -30033.614301 eV
Step: 78560, Temperature: 306.30 K, Total Energy: -30033.338067 eV
Step: 78580, Temperature: 291.27 K, Total Energy: -30034.070459 eV
Step: 78600, Temperature: 266.71 K, Total Energy: -30033.906403 eV
Step: 78620, Temperature: 288.78 K, Total Energy: -30033.752322 eV
Step: 78640, Temperature: 285.08 K, Total Energy: -30034.076032 eV
Step: 78660, Temperature: 300.28 K, Total Energy: -30033.372665 eV
Step: 78680, Temperature: 289.87 K, Total Energy: -30033.549130 eV
Step: 78700, Temperature: 288.90 K, Total Energy: -30033.294229 eV
Step: 78720, Temperature: 337.99 K, Total Energy: -30032.965024 eV
Step: 78740, Temperature: 316.51 K, Total Energy: -30033.092521 eV
Step: 78760, Temperature: 296.04 K, Total Energy: -30033.850638 eV
Step: 78780, Temperature: 315.10 K, Total Energy: -30033.528451 eV
Step: 78800, Temperature: 313.21 K, Total Energy: -30033.652295 eV
Step: 78820, Temperature: 316.41 K, Total Energy: -30033.251326 eV
Step: 78840, Temperature: 284.32 K, Total Energy: -30033.864877 eV
Step: 78860, Temperature: 294.02 K, Total Energy: -30033.989414 eV
Step: 78880, Temperature: 305.67 K, Total Energy: -30034.320657 eV
Step: 78900, Temperature: 281.77 K, Total Energy: -30034.280729 eV
Step: 78920, Temperature: 275.88 K, Total Energy: -30034.155725 eV
Step: 78940, Temperature: 300.66 K, Total Energy: -30034.112958 eV
Step: 78960, Temperature: 285.36 K, Total Energy: -30033.697805 eV
Step: 78980, Temperature: 289.29 K, Total Energy: -30034.077426 eV
Step: 79000, Temperature: 290.53 K, Total Energy: -30033.913345 eV
Step: 79020, Temperature: 300.64 K, Total Energy: -30034.082350 eV
Step: 79040, Temperature: 301.52 K, Total Energy: -30033.692906 eV
Step: 79060, Temperature: 294.52 K, Total Energy: -30033.775547 eV
Step: 79080, Temperature: 275.01 K, Total Energy: -30034.130672 eV
Step: 79100, Temperature: 276.56 K, Total Energy: -30033.716660 eV
Step: 79120, Temperature: 301.46 K, Total Energy: -30033.106449 eV
Step: 79140, Temperature: 305.25 K, Total Energy: -30032.997426 eV
Step: 79160, Temperature: 267.58 K, Total Energy: -30033.165498 eV
Step: 79180, Temperature: 295.35 K, Total Energy: -30033.149175 eV
Step: 79200, Temperature: 297.90 K, Total Energy: -30033.000946 eV
Step: 79220, Temperature: 274.78 K, Total Energy: -30033.898252 eV
Step: 79240, Temperature: 291.52 K, Total Energy: -30033.400171 eV
Step: 79260, Temperature: 295.78 K, Total Energy: -30033.714542 eV
Step: 79280, Temperature: 272.74 K, Total Energy: -30034.428085 eV
Step: 79300, Temperature: 264.43 K, Total Energy: -30034.233252 eV
Step: 79320, Temperature: 309.11 K, Total Energy: -30033.888254 eV
Step: 79340, Temperature: 277.63 K, Total Energy: -30033.931740 eV
Step: 79360, Temperature: 282.50 K, Total Energy: -30034.045433 eV
Step: 79380, Temperature: 281.15 K, Total Energy: -30033.913395 eV
Step: 79400, Temperature: 267.19 K, Total Energy: -30033.341562 eV
Step: 79420, Temperature: 294.28 K, Total Energy: -30032.947706 eV
Step: 79440, Temperature: 274.37 K, Total Energy: -30033.351928 eV
Step: 79460, Temperature: 281.86 K, Total Energy: -30032.946431 eV
Step: 79480, Temperature: 316.36 K, Total Energy: -30032.273891 eV
Step: 79500, Temperature: 289.86 K, Total Energy: -30032.603976 eV
Step: 79520, Temperature: 273.32 K, Total Energy: -30032.647977 eV
Step: 79540, Temperature: 291.42 K, Total Energy: -30032.922076 eV
Step: 79560, Temperature: 295.76 K, Total Energy: -30032.662380 eV
Step: 79580, Temperature: 275.69 K, Total Energy: -30033.043138 eV
Step: 79600, Temperature: 297.20 K, Total Energy: -30032.739304 eV
Step: 79620, Temperature: 319.45 K, Total Energy: -30032.545803 eV
Step: 79640, Temperature: 290.86 K, Total Energy: -30032.715613 eV
Step: 79660, Temperature: 306.08 K, Total Energy: -30033.191246 eV
Step: 79680, Temperature: 292.15 K, Total Energy: -30032.884266 eV
Step: 79700, Temperature: 303.57 K, Total Energy: -30032.192168 eV
Step: 79720, Temperature: 295.51 K, Total Energy: -30032.635556 eV
Step: 79740, Temperature: 308.36 K, Total Energy: -30032.713887 eV
Step: 79760, Temperature: 336.23 K, Total Energy: -30031.894241 eV
Step: 79780, Temperature: 289.40 K, Total Energy: -30032.959504 eV
Step: 79800, Temperature: 283.17 K, Total Energy: -30032.940725 eV
Step: 79820, Temperature: 297.76 K, Total Energy: -30032.965442 eV
Step: 79840, Temperature: 312.87 K, Total Energy: -30032.561162 eV
Step: 79860, Temperature: 305.40 K, Total Energy: -30032.454640 eV
Step: 79880, Temperature: 312.46 K, Total Energy: -30032.604706 eV
Step: 79900, Temperature: 297.57 K, Total Energy: -30032.507422 eV
Step: 79920, Temperature: 309.23 K, Total Energy: -30032.785602 eV
Step: 79940, Temperature: 316.05 K, Total Energy: -30032.953662 eV
Step: 79960, Temperature: 298.72 K, Total Energy: -30032.771239 eV
Step: 79980, Temperature: 289.28 K, Total Energy: -30032.876400 eV
Step: 80000, Temperature: 316.33 K, Total Energy: -30031.800245 eV
Step: 80020, Temperature: 339.47 K, Total Energy: -30031.568330 eV
Step: 80040, Temperature: 317.20 K, Total Energy: -30031.747018 eV
Step: 80060, Temperature: 325.83 K, Total Energy: -30032.060772 eV
Step: 80080, Temperature: 294.04 K, Total Energy: -30032.416765 eV
Step: 80100, Temperature: 288.89 K, Total Energy: -30032.853145 eV
Step: 80120, Temperature: 307.90 K, Total Energy: -30032.778230 eV
Step: 80140, Temperature: 314.78 K, Total Energy: -30032.450625 eV
Step: 80160, Temperature: 325.06 K, Total Energy: -30032.945347 eV
Step: 80180, Temperature: 302.51 K, Total Energy: -30032.738307 eV
Step: 80200, Temperature: 319.54 K, Total Energy: -30032.545473 eV
Step: 80220, Temperature: 287.55 K, Total Energy: -30033.127154 eV
Step: 80240, Temperature: 271.73 K, Total Energy: -30032.779680 eV
Step: 80260, Temperature: 298.29 K, Total Energy: -30032.202046 eV
Step: 80280, Temperature: 318.09 K, Total Energy: -30032.558380 eV
Step: 80300, Temperature: 288.89 K, Total Energy: -30033.003554 eV
Step: 80320, Temperature: 303.10 K, Total Energy: -30032.399180 eV
Step: 80340, Temperature: 290.88 K, Total Energy: -30032.316702 eV
Step: 80360, Temperature: 299.45 K, Total Energy: -30032.375914 eV
Step: 80380, Temperature: 321.20 K, Total Energy: -30032.491809 eV
Step: 80400, Temperature: 302.63 K, Total Energy: -30032.606471 eV
Step: 80420, Temperature: 310.83 K, Total Energy: -30032.055861 eV
Step: 80440, Temperature: 290.95 K, Total Energy: -30032.016068 eV
Step: 80460, Temperature: 283.43 K, Total Energy: -30033.063021 eV
Step: 80480, Temperature: 290.48 K, Total Energy: -30032.623474 eV
Step: 80500, Temperature: 288.58 K, Total Energy: -30032.579620 eV
Step: 80520, Temperature: 313.65 K, Total Energy: -30032.010210 eV
Step: 80540, Temperature: 331.66 K, Total Energy: -30032.042657 eV
Step: 80560, Temperature: 303.09 K, Total Energy: -30032.649374 eV
Step: 80580, Temperature: 280.52 K, Total Energy: -30033.021160 eV
Step: 80600, Temperature: 305.68 K, Total Energy: -30032.347890 eV
Step: 80620, Temperature: 289.10 K, Total Energy: -30031.816642 eV
Step: 80640, Temperature: 322.26 K, Total Energy: -30032.480731 eV
Step: 80660, Temperature: 301.58 K, Total Energy: -30032.609341 eV
Step: 80680, Temperature: 306.60 K, Total Energy: -30032.795290 eV
Step: 80700, Temperature: 299.99 K, Total Energy: -30033.182713 eV
Step: 80720, Temperature: 298.18 K, Total Energy: -30033.269303 eV
Step: 80740, Temperature: 290.44 K, Total Energy: -30033.229960 eV
Step: 80760, Temperature: 291.32 K, Total Energy: -30033.553686 eV
Step: 80780, Temperature: 308.75 K, Total Energy: -30033.487311 eV
Step: 80800, Temperature: 299.80 K, Total Energy: -30033.613156 eV
Step: 80820, Temperature: 313.08 K, Total Energy: -30033.313592 eV
Step: 80840, Temperature: 304.01 K, Total Energy: -30033.395842 eV
Step: 80860, Temperature: 281.84 K, Total Energy: -30033.726211 eV
Step: 80880, Temperature: 299.02 K, Total Energy: -30033.523500 eV
Step: 80900, Temperature: 283.94 K, Total Energy: -30034.161387 eV
Step: 80920, Temperature: 299.46 K, Total Energy: -30034.379535 eV
Step: 80940, Temperature: 306.28 K, Total Energy: -30033.512383 eV
Step: 80960, Temperature: 301.45 K, Total Energy: -30033.807986 eV
Step: 80980, Temperature: 280.74 K, Total Energy: -30034.427592 eV
Step: 81000, Temperature: 273.89 K, Total Energy: -30035.328781 eV
Step: 81020, Temperature: 276.92 K, Total Energy: -30034.897093 eV
Step: 81040, Temperature: 274.06 K, Total Energy: -30034.506157 eV
Step: 81060, Temperature: 287.17 K, Total Energy: -30035.042865 eV
Step: 81080, Temperature: 267.04 K, Total Energy: -30034.898004 eV
Step: 81100, Temperature: 264.37 K, Total Energy: -30034.973093 eV
Step: 81120, Temperature: 265.34 K, Total Energy: -30034.692676 eV
Step: 81140, Temperature: 278.50 K, Total Energy: -30034.370818 eV
Step: 81160, Temperature: 253.63 K, Total Energy: -30033.919597 eV
Step: 81180, Temperature: 276.72 K, Total Energy: -30033.523221 eV
Step: 81200, Temperature: 306.75 K, Total Energy: -30033.488857 eV
Step: 81220, Temperature: 299.76 K, Total Energy: -30033.840852 eV
Step: 81240, Temperature: 281.52 K, Total Energy: -30033.749902 eV
Step: 81260, Temperature: 295.45 K, Total Energy: -30033.017911 eV
Step: 81280, Temperature: 311.46 K, Total Energy: -30033.241190 eV
Step: 81300, Temperature: 288.85 K, Total Energy: -30033.516277 eV
Step: 81320, Temperature: 280.64 K, Total Energy: -30033.348128 eV
Step: 81340, Temperature: 295.93 K, Total Energy: -30032.915810 eV
Step: 81360, Temperature: 354.51 K, Total Energy: -30032.792802 eV
Step: 81380, Temperature: 308.46 K, Total Energy: -30033.105968 eV
Step: 81400, Temperature: 308.07 K, Total Energy: -30033.361837 eV
Step: 81420, Temperature: 287.64 K, Total Energy: -30033.566256 eV
Step: 81440, Temperature: 301.93 K, Total Energy: -30033.541885 eV
Step: 81460, Temperature: 309.20 K, Total Energy: -30033.309876 eV
Step: 81480, Temperature: 307.54 K, Total Energy: -30032.947562 eV
Step: 81500, Temperature: 330.90 K, Total Energy: -30032.819550 eV
Step: 81520, Temperature: 299.17 K, Total Energy: -30032.791281 eV
Step: 81540, Temperature: 310.68 K, Total Energy: -30032.696324 eV
Step: 81560, Temperature: 308.09 K, Total Energy: -30033.474530 eV
Step: 81580, Temperature: 327.24 K, Total Energy: -30033.214691 eV
Step: 81600, Temperature: 300.02 K, Total Energy: -30033.336346 eV
Step: 81620, Temperature: 296.29 K, Total Energy: -30033.244662 eV
Step: 81640, Temperature: 294.45 K, Total Energy: -30032.939409 eV
Step: 81660, Temperature: 306.56 K, Total Energy: -30033.212391 eV
Step: 81680, Temperature: 307.55 K, Total Energy: -30033.156235 eV
Step: 81700, Temperature: 326.93 K, Total Energy: -30032.224419 eV
Step: 81720, Temperature: 349.17 K, Total Energy: -30031.970438 eV
Step: 81740, Temperature: 332.97 K, Total Energy: -30032.288993 eV
Step: 81760, Temperature: 317.52 K, Total Energy: -30032.768230 eV
Step: 81780, Temperature: 299.31 K, Total Energy: -30032.547588 eV
Step: 81800, Temperature: 315.38 K, Total Energy: -30033.212625 eV
Step: 81820, Temperature: 297.67 K, Total Energy: -30033.090833 eV
Step: 81840, Temperature: 300.51 K, Total Energy: -30033.548382 eV
Step: 81860, Temperature: 317.65 K, Total Energy: -30033.208263 eV
Step: 81880, Temperature: 307.97 K, Total Energy: -30033.032206 eV
Step: 81900, Temperature: 301.75 K, Total Energy: -30033.757556 eV
Step: 81920, Temperature: 300.22 K, Total Energy: -30033.942403 eV
Step: 81940, Temperature: 281.36 K, Total Energy: -30033.857467 eV
Step: 81960, Temperature: 303.64 K, Total Energy: -30033.422738 eV
Step: 81980, Temperature: 296.63 K, Total Energy: -30033.984284 eV
Step: 82000, Temperature: 264.82 K, Total Energy: -30033.204003 eV
Step: 82020, Temperature: 321.26 K, Total Energy: -30033.336001 eV
Step: 82040, Temperature: 264.54 K, Total Energy: -30033.507881 eV
Step: 82060, Temperature: 293.41 K, Total Energy: -30033.391632 eV
Step: 82080, Temperature: 299.71 K, Total Energy: -30033.517916 eV
Step: 82100, Temperature: 286.77 K, Total Energy: -30034.226722 eV
Step: 82120, Temperature: 271.10 K, Total Energy: -30034.535944 eV
Step: 82140, Temperature: 283.87 K, Total Energy: -30034.257000 eV
Step: 82160, Temperature: 274.25 K, Total Energy: -30034.204586 eV
Step: 82180, Temperature: 278.85 K, Total Energy: -30034.014352 eV
Step: 82200, Temperature: 291.09 K, Total Energy: -30033.490934 eV
Step: 82220, Temperature: 296.55 K, Total Energy: -30033.187437 eV
Step: 82240, Temperature: 306.12 K, Total Energy: -30032.934487 eV
Step: 82260, Temperature: 294.77 K, Total Energy: -30033.218537 eV
Step: 82280, Temperature: 285.50 K, Total Energy: -30033.727625 eV
Step: 82300, Temperature: 301.97 K, Total Energy: -30033.249912 eV
Step: 82320, Temperature: 277.93 K, Total Energy: -30033.539443 eV
Step: 82340, Temperature: 272.25 K, Total Energy: -30033.883725 eV
Step: 82360, Temperature: 283.93 K, Total Energy: -30033.974235 eV
Step: 82380, Temperature: 296.40 K, Total Energy: -30033.447102 eV
Step: 82400, Temperature: 276.56 K, Total Energy: -30033.117129 eV
Step: 82420, Temperature: 289.57 K, Total Energy: -30032.914135 eV
Step: 82440, Temperature: 308.74 K, Total Energy: -30032.503227 eV
Step: 82460, Temperature: 332.85 K, Total Energy: -30032.371991 eV
Step: 82480, Temperature: 305.12 K, Total Energy: -30032.694092 eV
Step: 82500, Temperature: 306.51 K, Total Energy: -30032.957810 eV
Step: 82520, Temperature: 274.69 K, Total Energy: -30033.607485 eV
Step: 82540, Temperature: 279.97 K, Total Energy: -30033.560331 eV
Step: 82560, Temperature: 323.95 K, Total Energy: -30033.037861 eV
Step: 82580, Temperature: 301.12 K, Total Energy: -30032.695160 eV
Step: 82600, Temperature: 310.49 K, Total Energy: -30032.867210 eV
Step: 82620, Temperature: 269.32 K, Total Energy: -30033.291562 eV
Step: 82640, Temperature: 294.78 K, Total Energy: -30033.028826 eV
Step: 82660, Temperature: 300.90 K, Total Energy: -30032.642115 eV
Step: 82680, Temperature: 283.72 K, Total Energy: -30032.803778 eV
Step: 82700, Temperature: 278.45 K, Total Energy: -30033.036092 eV
Step: 82720, Temperature: 292.11 K, Total Energy: -30033.029704 eV
Step: 82740, Temperature: 294.65 K, Total Energy: -30033.028294 eV
Step: 82760, Temperature: 320.74 K, Total Energy: -30033.593186 eV
Step: 82780, Temperature: 300.53 K, Total Energy: -30033.780455 eV
Step: 82800, Temperature: 300.84 K, Total Energy: -30033.671029 eV
Step: 82820, Temperature: 302.54 K, Total Energy: -30033.557811 eV
Step: 82840, Temperature: 296.48 K, Total Energy: -30034.044621 eV
Step: 82860, Temperature: 311.82 K, Total Energy: -30033.413802 eV
Step: 82880, Temperature: 303.56 K, Total Energy: -30033.522439 eV
Step: 82900, Temperature: 266.51 K, Total Energy: -30033.948333 eV
Step: 82920, Temperature: 296.81 K, Total Energy: -30033.592837 eV
Step: 82940, Temperature: 286.40 K, Total Energy: -30033.628857 eV
Step: 82960, Temperature: 267.32 K, Total Energy: -30033.723047 eV
Step: 82980, Temperature: 280.41 K, Total Energy: -30033.363626 eV
Step: 83000, Temperature: 291.48 K, Total Energy: -30033.028077 eV
Step: 83020, Temperature: 297.62 K, Total Energy: -30032.937697 eV
Step: 83040, Temperature: 309.90 K, Total Energy: -30032.847036 eV
Step: 83060, Temperature: 301.70 K, Total Energy: -30032.965691 eV
Step: 83080, Temperature: 293.41 K, Total Energy: -30033.010751 eV
Step: 83100, Temperature: 308.45 K, Total Energy: -30032.461595 eV
Step: 83120, Temperature: 309.96 K, Total Energy: -30033.085631 eV
Step: 83140, Temperature: 304.65 K, Total Energy: -30033.223394 eV
Step: 83160, Temperature: 301.98 K, Total Energy: -30033.366964 eV
Step: 83180, Temperature: 313.63 K, Total Energy: -30033.532236 eV
Step: 83200, Temperature: 309.93 K, Total Energy: -30033.705656 eV
Step: 83220, Temperature: 261.34 K, Total Energy: -30034.277939 eV
Step: 83240, Temperature: 281.68 K, Total Energy: -30034.427447 eV
Step: 83260, Temperature: 267.71 K, Total Energy: -30033.978661 eV
Step: 83280, Temperature: 285.03 K, Total Energy: -30034.110526 eV
Step: 83300, Temperature: 257.27 K, Total Energy: -30034.277050 eV
Step: 83320, Temperature: 290.96 K, Total Energy: -30034.517730 eV
Step: 83340, Temperature: 270.15 K, Total Energy: -30033.981648 eV
Step: 83360, Temperature: 277.87 K, Total Energy: -30034.392519 eV
Step: 83380, Temperature: 284.17 K, Total Energy: -30033.696769 eV
Step: 83400, Temperature: 284.37 K, Total Energy: -30033.842009 eV
Step: 83420, Temperature: 300.19 K, Total Energy: -30033.441354 eV
Step: 83440, Temperature: 281.04 K, Total Energy: -30033.752204 eV
Step: 83460, Temperature: 284.15 K, Total Energy: -30033.912080 eV
Step: 83480, Temperature: 268.10 K, Total Energy: -30034.254080 eV
Step: 83500, Temperature: 274.02 K, Total Energy: -30034.821585 eV
Step: 83520, Temperature: 309.83 K, Total Energy: -30034.092960 eV
Step: 83540, Temperature: 280.14 K, Total Energy: -30034.603030 eV
Step: 83560, Temperature: 288.66 K, Total Energy: -30034.388104 eV
Step: 83580, Temperature: 288.15 K, Total Energy: -30034.289638 eV
Step: 83600, Temperature: 281.01 K, Total Energy: -30033.778212 eV
Step: 83620, Temperature: 306.93 K, Total Energy: -30033.857374 eV
Step: 83640, Temperature: 311.08 K, Total Energy: -30033.868058 eV
Step: 83660, Temperature: 331.54 K, Total Energy: -30033.186313 eV
Step: 83680, Temperature: 324.28 K, Total Energy: -30032.316544 eV
Step: 83700, Temperature: 328.19 K, Total Energy: -30032.225911 eV
Step: 83720, Temperature: 328.33 K, Total Energy: -30031.792458 eV
Step: 83740, Temperature: 358.96 K, Total Energy: -30031.993130 eV
Step: 83760, Temperature: 350.20 K, Total Energy: -30032.218009 eV
Step: 83780, Temperature: 320.29 K, Total Energy: -30032.856449 eV
Step: 83800, Temperature: 312.90 K, Total Energy: -30033.119092 eV
Step: 83820, Temperature: 316.87 K, Total Energy: -30033.241656 eV
Step: 83840, Temperature: 295.96 K, Total Energy: -30033.899433 eV
Step: 83860, Temperature: 301.62 K, Total Energy: -30033.409137 eV
Step: 83880, Temperature: 307.27 K, Total Energy: -30033.473791 eV
Step: 83900, Temperature: 273.92 K, Total Energy: -30033.701111 eV
Step: 83920, Temperature: 289.84 K, Total Energy: -30033.346752 eV
Step: 83940, Temperature: 278.81 K, Total Energy: -30033.116967 eV
Step: 83960, Temperature: 274.83 K, Total Energy: -30032.889020 eV
Step: 83980, Temperature: 301.32 K, Total Energy: -30032.717490 eV
Step: 84000, Temperature: 295.27 K, Total Energy: -30032.647236 eV
Step: 84020, Temperature: 301.92 K, Total Energy: -30032.624362 eV
Step: 84040, Temperature: 311.81 K, Total Energy: -30032.285230 eV
Step: 84060, Temperature: 327.21 K, Total Energy: -30032.199815 eV
Step: 84080, Temperature: 311.24 K, Total Energy: -30032.475376 eV
Step: 84100, Temperature: 313.26 K, Total Energy: -30032.635274 eV
Step: 84120, Temperature: 292.80 K, Total Energy: -30032.881389 eV
Step: 84140, Temperature: 288.10 K, Total Energy: -30032.658125 eV
Step: 84160, Temperature: 322.88 K, Total Energy: -30032.754159 eV
Step: 84180, Temperature: 306.15 K, Total Energy: -30033.162130 eV
Step: 84200, Temperature: 320.03 K, Total Energy: -30032.999853 eV
Step: 84220, Temperature: 286.26 K, Total Energy: -30033.302227 eV
Step: 84240, Temperature: 303.43 K, Total Energy: -30033.498226 eV
Step: 84260, Temperature: 302.10 K, Total Energy: -30033.436047 eV
Step: 84280, Temperature: 291.62 K, Total Energy: -30033.551960 eV
Step: 84300, Temperature: 276.57 K, Total Energy: -30033.603061 eV
Step: 84320, Temperature: 256.54 K, Total Energy: -30033.834511 eV
Step: 84340, Temperature: 304.82 K, Total Energy: -30033.547151 eV
Step: 84360, Temperature: 286.41 K, Total Energy: -30033.413770 eV
Step: 84380, Temperature: 278.27 K, Total Energy: -30033.400178 eV
Step: 84400, Temperature: 310.59 K, Total Energy: -30033.108779 eV
Step: 84420, Temperature: 323.84 K, Total Energy: -30032.753408 eV
Step: 84440, Temperature: 303.73 K, Total Energy: -30032.881426 eV
Step: 84460, Temperature: 293.53 K, Total Energy: -30033.515410 eV
Step: 84480, Temperature: 290.34 K, Total Energy: -30033.720756 eV
Step: 84500, Temperature: 282.61 K, Total Energy: -30034.025145 eV
Step: 84520, Temperature: 271.13 K, Total Energy: -30033.939427 eV
Step: 84540, Temperature: 278.66 K, Total Energy: -30033.534677 eV
Step: 84560, Temperature: 294.15 K, Total Energy: -30033.406169 eV
Step: 84580, Temperature: 301.42 K, Total Energy: -30033.699469 eV
Step: 84600, Temperature: 281.98 K, Total Energy: -30033.826127 eV
Step: 84620, Temperature: 296.81 K, Total Energy: -30033.282493 eV
Step: 84640, Temperature: 288.15 K, Total Energy: -30033.465621 eV
Step: 84660, Temperature: 307.76 K, Total Energy: -30033.100157 eV
Step: 84680, Temperature: 308.38 K, Total Energy: -30032.480982 eV
Step: 84700, Temperature: 309.89 K, Total Energy: -30033.136370 eV
Step: 84720, Temperature: 302.64 K, Total Energy: -30032.957596 eV
Step: 84740, Temperature: 288.87 K, Total Energy: -30033.064537 eV
Step: 84760, Temperature: 298.78 K, Total Energy: -30033.545185 eV
Step: 84780, Temperature: 282.68 K, Total Energy: -30033.089622 eV
Step: 84800, Temperature: 290.35 K, Total Energy: -30033.042796 eV
Step: 84820, Temperature: 291.79 K, Total Energy: -30033.533847 eV
Step: 84840, Temperature: 301.80 K, Total Energy: -30033.510195 eV
Step: 84860, Temperature: 310.53 K, Total Energy: -30033.330984 eV
Step: 84880, Temperature: 302.92 K, Total Energy: -30033.110702 eV
Step: 84900, Temperature: 292.75 K, Total Energy: -30033.167967 eV
Step: 84920, Temperature: 328.63 K, Total Energy: -30033.052670 eV
Step: 84940, Temperature: 285.59 K, Total Energy: -30033.039903 eV
Step: 84960, Temperature: 304.24 K, Total Energy: -30033.317794 eV
Step: 84980, Temperature: 309.88 K, Total Energy: -30033.829837 eV
Step: 85000, Temperature: 294.80 K, Total Energy: -30033.499021 eV
Step: 85020, Temperature: 300.06 K, Total Energy: -30033.507185 eV
Step: 85040, Temperature: 310.03 K, Total Energy: -30033.673870 eV
Step: 85060, Temperature: 279.88 K, Total Energy: -30033.939500 eV
Step: 85080, Temperature: 305.99 K, Total Energy: -30033.900514 eV
Step: 85100, Temperature: 285.58 K, Total Energy: -30033.979499 eV
Step: 85120, Temperature: 277.65 K, Total Energy: -30033.927439 eV
Step: 85140, Temperature: 295.33 K, Total Energy: -30034.005324 eV
Step: 85160, Temperature: 278.40 K, Total Energy: -30033.799046 eV
Step: 85180, Temperature: 292.08 K, Total Energy: -30033.630212 eV
Step: 85200, Temperature: 306.49 K, Total Energy: -30033.370419 eV
Step: 85220, Temperature: 297.22 K, Total Energy: -30033.812969 eV
Step: 85240, Temperature: 303.16 K, Total Energy: -30033.782420 eV
Step: 85260, Temperature: 291.94 K, Total Energy: -30033.784103 eV
Step: 85280, Temperature: 290.26 K, Total Energy: -30034.420016 eV
Step: 85300, Temperature: 290.13 K, Total Energy: -30034.704729 eV
Step: 85320, Temperature: 281.16 K, Total Energy: -30034.272481 eV
Step: 85340, Temperature: 302.10 K, Total Energy: -30033.945846 eV
Step: 85360, Temperature: 277.85 K, Total Energy: -30034.609979 eV
Step: 85380, Temperature: 309.37 K, Total Energy: -30033.844675 eV
Step: 85400, Temperature: 303.57 K, Total Energy: -30034.334752 eV
Step: 85420, Temperature: 273.87 K, Total Energy: -30034.467978 eV
Step: 85440, Temperature: 288.66 K, Total Energy: -30033.938947 eV
Step: 85460, Temperature: 273.28 K, Total Energy: -30033.697757 eV
Step: 85480, Temperature: 274.11 K, Total Energy: -30033.594700 eV
Step: 85500, Temperature: 279.14 K, Total Energy: -30033.339185 eV
Step: 85520, Temperature: 281.68 K, Total Energy: -30033.491866 eV
Step: 85540, Temperature: 297.35 K, Total Energy: -30033.883972 eV
Step: 85560, Temperature: 281.71 K, Total Energy: -30033.633601 eV
Step: 85580, Temperature: 302.45 K, Total Energy: -30033.487897 eV
Step: 85600, Temperature: 321.78 K, Total Energy: -30033.061122 eV
Step: 85620, Temperature: 322.42 K, Total Energy: -30032.757979 eV
Step: 85640, Temperature: 309.57 K, Total Energy: -30033.226270 eV
Step: 85660, Temperature: 283.94 K, Total Energy: -30033.518831 eV
Step: 85680, Temperature: 292.98 K, Total Energy: -30033.281220 eV
Step: 85700, Temperature: 295.83 K, Total Energy: -30033.883141 eV
Step: 85720, Temperature: 288.25 K, Total Energy: -30033.707152 eV
Step: 85740, Temperature: 315.83 K, Total Energy: -30033.726863 eV
Step: 85760, Temperature: 309.23 K, Total Energy: -30033.754349 eV
Step: 85780, Temperature: 327.82 K, Total Energy: -30033.586710 eV
Step: 85800, Temperature: 291.36 K, Total Energy: -30033.898366 eV
Step: 85820, Temperature: 295.30 K, Total Energy: -30034.087967 eV
Step: 85840, Temperature: 319.02 K, Total Energy: -30033.455016 eV
Step: 85860, Temperature: 325.48 K, Total Energy: -30033.356670 eV
Step: 85880, Temperature: 322.66 K, Total Energy: -30033.726416 eV
Step: 85900, Temperature: 283.43 K, Total Energy: -30034.387186 eV
Step: 85920, Temperature: 291.46 K, Total Energy: -30034.456275 eV
Step: 85940, Temperature: 325.40 K, Total Energy: -30034.219843 eV
Step: 85960, Temperature: 316.82 K, Total Energy: -30033.469356 eV
Step: 85980, Temperature: 295.78 K, Total Energy: -30033.620759 eV
Step: 86000, Temperature: 314.78 K, Total Energy: -30033.034451 eV
Step: 86020, Temperature: 314.03 K, Total Energy: -30033.125625 eV
Step: 86040, Temperature: 293.61 K, Total Energy: -30033.767316 eV
Step: 86060, Temperature: 301.38 K, Total Energy: -30033.809822 eV
Step: 86080, Temperature: 298.79 K, Total Energy: -30034.048899 eV
Step: 86100, Temperature: 308.98 K, Total Energy: -30033.965839 eV
Step: 86120, Temperature: 283.80 K, Total Energy: -30033.850523 eV
Step: 86140, Temperature: 311.67 K, Total Energy: -30033.612865 eV
Step: 86160, Temperature: 299.23 K, Total Energy: -30033.875748 eV
Step: 86180, Temperature: 310.36 K, Total Energy: -30033.231781 eV
Step: 86200, Temperature: 325.32 K, Total Energy: -30033.104712 eV
Step: 86220, Temperature: 293.65 K, Total Energy: -30033.303352 eV
Step: 86240, Temperature: 293.06 K, Total Energy: -30033.790906 eV
Step: 86260, Temperature: 327.83 K, Total Energy: -30033.314900 eV
Step: 86280, Temperature: 304.22 K, Total Energy: -30033.343744 eV
Step: 86300, Temperature: 298.26 K, Total Energy: -30033.583791 eV
Step: 86320, Temperature: 297.87 K, Total Energy: -30033.947046 eV
Step: 86340, Temperature: 282.76 K, Total Energy: -30034.036905 eV
Step: 86360, Temperature: 280.77 K, Total Energy: -30033.831142 eV
Step: 86380, Temperature: 307.45 K, Total Energy: -30034.324822 eV
Step: 86400, Temperature: 294.50 K, Total Energy: -30034.221375 eV
Step: 86420, Temperature: 304.43 K, Total Energy: -30033.937982 eV
Step: 86440, Temperature: 338.13 K, Total Energy: -30033.766138 eV
Step: 86460, Temperature: 276.44 K, Total Energy: -30033.453938 eV
Step: 86480, Temperature: 313.38 K, Total Energy: -30033.358757 eV
Step: 86500, Temperature: 315.33 K, Total Energy: -30033.516684 eV
Step: 86520, Temperature: 312.34 K, Total Energy: -30033.478762 eV
Step: 86540, Temperature: 329.61 K, Total Energy: -30032.795451 eV
Step: 86560, Temperature: 288.62 K, Total Energy: -30033.113781 eV
Step: 86580, Temperature: 304.71 K, Total Energy: -30033.528481 eV
Step: 86600, Temperature: 318.38 K, Total Energy: -30033.236754 eV
Step: 86620, Temperature: 288.13 K, Total Energy: -30033.354676 eV
Step: 86640, Temperature: 290.86 K, Total Energy: -30033.572906 eV
Step: 86660, Temperature: 301.04 K, Total Energy: -30033.521536 eV
Step: 86680, Temperature: 301.26 K, Total Energy: -30033.326483 eV
Step: 86700, Temperature: 305.06 K, Total Energy: -30033.568510 eV
Step: 86720, Temperature: 312.59 K, Total Energy: -30033.167867 eV
Step: 86740, Temperature: 323.40 K, Total Energy: -30032.955840 eV
Step: 86760, Temperature: 310.76 K, Total Energy: -30033.169151 eV
Step: 86780, Temperature: 288.42 K, Total Energy: -30033.474364 eV
Step: 86800, Temperature: 299.31 K, Total Energy: -30033.709568 eV
Step: 86820, Temperature: 288.45 K, Total Energy: -30034.118207 eV
Step: 86840, Temperature: 291.13 K, Total Energy: -30033.890374 eV
Step: 86860, Temperature: 281.88 K, Total Energy: -30034.059040 eV
Step: 86880, Temperature: 296.02 K, Total Energy: -30033.339322 eV
Step: 86900, Temperature: 284.50 K, Total Energy: -30033.157198 eV
Step: 86920, Temperature: 315.28 K, Total Energy: -30033.410652 eV
Step: 86940, Temperature: 277.99 K, Total Energy: -30033.705910 eV
Step: 86960, Temperature: 301.09 K, Total Energy: -30033.002541 eV
Step: 86980, Temperature: 273.86 K, Total Energy: -30032.767003 eV
Step: 87000, Temperature: 315.38 K, Total Energy: -30032.482270 eV
Step: 87020, Temperature: 300.26 K, Total Energy: -30032.544961 eV
Step: 87040, Temperature: 323.58 K, Total Energy: -30032.207311 eV
Step: 87060, Temperature: 294.65 K, Total Energy: -30033.160944 eV
Step: 87080, Temperature: 312.65 K, Total Energy: -30032.982604 eV
Step: 87100, Temperature: 289.24 K, Total Energy: -30032.895018 eV
Step: 87120, Temperature: 325.02 K, Total Energy: -30032.385705 eV
Step: 87140, Temperature: 298.44 K, Total Energy: -30032.663162 eV
Step: 87160, Temperature: 322.66 K, Total Energy: -30032.853440 eV
Step: 87180, Temperature: 310.63 K, Total Energy: -30032.971016 eV
Step: 87200, Temperature: 321.85 K, Total Energy: -30032.610222 eV
Step: 87220, Temperature: 330.68 K, Total Energy: -30031.914919 eV
Step: 87240, Temperature: 349.33 K, Total Energy: -30032.026834 eV
Step: 87260, Temperature: 317.12 K, Total Energy: -30032.153262 eV
Step: 87280, Temperature: 339.27 K, Total Energy: -30031.856726 eV
Step: 87300, Temperature: 342.00 K, Total Energy: -30031.967481 eV
Step: 87320, Temperature: 319.04 K, Total Energy: -30032.364724 eV
Step: 87340, Temperature: 329.81 K, Total Energy: -30032.538418 eV
Step: 87360, Temperature: 323.79 K, Total Energy: -30032.190253 eV
Step: 87380, Temperature: 283.38 K, Total Energy: -30032.870925 eV
Step: 87400, Temperature: 308.48 K, Total Energy: -30033.224477 eV
Step: 87420, Temperature: 296.93 K, Total Energy: -30032.693384 eV
Step: 87440, Temperature: 321.31 K, Total Energy: -30032.698121 eV
Step: 87460, Temperature: 331.82 K, Total Energy: -30032.690835 eV
Step: 87480, Temperature: 310.79 K, Total Energy: -30032.644719 eV
Step: 87500, Temperature: 342.75 K, Total Energy: -30032.681078 eV
Step: 87520, Temperature: 328.70 K, Total Energy: -30032.890555 eV
Step: 87540, Temperature: 310.80 K, Total Energy: -30032.777336 eV
Step: 87560, Temperature: 298.62 K, Total Energy: -30032.744440 eV
Step: 87580, Temperature: 282.47 K, Total Energy: -30033.192553 eV
Step: 87600, Temperature: 285.91 K, Total Energy: -30032.361801 eV
Step: 87620, Temperature: 307.58 K, Total Energy: -30032.057779 eV
Step: 87640, Temperature: 299.71 K, Total Energy: -30032.172189 eV
Step: 87660, Temperature: 316.61 K, Total Energy: -30032.398594 eV
Step: 87680, Temperature: 311.88 K, Total Energy: -30032.566541 eV
Step: 87700, Temperature: 312.53 K, Total Energy: -30032.347125 eV
Step: 87720, Temperature: 307.26 K, Total Energy: -30032.526761 eV
Step: 87740, Temperature: 307.16 K, Total Energy: -30032.388596 eV
Step: 87760, Temperature: 304.22 K, Total Energy: -30032.277140 eV
Step: 87780, Temperature: 296.02 K, Total Energy: -30032.233913 eV
Step: 87800, Temperature: 313.69 K, Total Energy: -30031.610748 eV
Step: 87820, Temperature: 337.05 K, Total Energy: -30031.719228 eV
Step: 87840, Temperature: 286.92 K, Total Energy: -30032.021889 eV
Step: 87860, Temperature: 308.37 K, Total Energy: -30032.539832 eV
Step: 87880, Temperature: 299.64 K, Total Energy: -30032.291037 eV
Step: 87900, Temperature: 306.51 K, Total Energy: -30032.404956 eV
Step: 87920, Temperature: 308.61 K, Total Energy: -30032.457564 eV
Step: 87940, Temperature: 298.21 K, Total Energy: -30033.303773 eV
Step: 87960, Temperature: 293.47 K, Total Energy: -30033.528639 eV
Step: 87980, Temperature: 292.98 K, Total Energy: -30033.689543 eV
Step: 88000, Temperature: 290.14 K, Total Energy: -30033.657509 eV
Step: 88020, Temperature: 298.58 K, Total Energy: -30033.700535 eV
Step: 88040, Temperature: 271.45 K, Total Energy: -30034.325941 eV
Step: 88060, Temperature: 303.31 K, Total Energy: -30033.815869 eV
Step: 88080, Temperature: 289.79 K, Total Energy: -30034.060774 eV
Step: 88100, Temperature: 280.60 K, Total Energy: -30034.105112 eV
Step: 88120, Temperature: 278.38 K, Total Energy: -30034.621910 eV
Step: 88140, Temperature: 312.36 K, Total Energy: -30034.015315 eV
Step: 88160, Temperature: 284.10 K, Total Energy: -30034.126252 eV
Step: 88180, Temperature: 285.81 K, Total Energy: -30034.307632 eV
Step: 88200, Temperature: 278.09 K, Total Energy: -30034.666239 eV
Step: 88220, Temperature: 264.70 K, Total Energy: -30034.165850 eV
Step: 88240, Temperature: 280.02 K, Total Energy: -30034.266206 eV
Step: 88260, Temperature: 283.90 K, Total Energy: -30034.338223 eV
Step: 88280, Temperature: 300.52 K, Total Energy: -30033.913441 eV
Step: 88300, Temperature: 286.97 K, Total Energy: -30034.030398 eV
Step: 88320, Temperature: 288.91 K, Total Energy: -30033.924761 eV
Step: 88340, Temperature: 294.04 K, Total Energy: -30033.891130 eV
Step: 88360, Temperature: 296.83 K, Total Energy: -30033.582604 eV
Step: 88380, Temperature: 268.10 K, Total Energy: -30033.861611 eV
Step: 88400, Temperature: 295.21 K, Total Energy: -30033.473025 eV
Step: 88420, Temperature: 268.53 K, Total Energy: -30033.680617 eV
Step: 88440, Temperature: 306.30 K, Total Energy: -30033.164220 eV
Step: 88460, Temperature: 299.88 K, Total Energy: -30033.009727 eV
Step: 88480, Temperature: 291.30 K, Total Energy: -30033.128375 eV
Step: 88500, Temperature: 318.36 K, Total Energy: -30032.844587 eV
Step: 88520, Temperature: 303.09 K, Total Energy: -30032.610440 eV
Step: 88540, Temperature: 302.52 K, Total Energy: -30032.081681 eV
Step: 88560, Temperature: 342.79 K, Total Energy: -30032.207456 eV
Step: 88580, Temperature: 303.45 K, Total Energy: -30032.048520 eV
Step: 88600, Temperature: 326.80 K, Total Energy: -30032.340811 eV
Step: 88620, Temperature: 319.60 K, Total Energy: -30032.389606 eV
Step: 88640, Temperature: 318.46 K, Total Energy: -30032.021749 eV
Step: 88660, Temperature: 320.23 K, Total Energy: -30032.188183 eV
Step: 88680, Temperature: 340.10 K, Total Energy: -30031.939237 eV
Step: 88700, Temperature: 292.56 K, Total Energy: -30032.604407 eV
Step: 88720, Temperature: 289.94 K, Total Energy: -30033.018032 eV
Step: 88740, Temperature: 266.34 K, Total Energy: -30033.591344 eV
Step: 88760, Temperature: 266.08 K, Total Energy: -30033.603840 eV
Step: 88780, Temperature: 283.41 K, Total Energy: -30033.676803 eV
Step: 88800, Temperature: 291.62 K, Total Energy: -30033.780288 eV
Step: 88820, Temperature: 274.46 K, Total Energy: -30034.113415 eV
Step: 88840, Temperature: 287.30 K, Total Energy: -30032.861985 eV
Step: 88860, Temperature: 287.96 K, Total Energy: -30033.212351 eV
Step: 88880, Temperature: 298.85 K, Total Energy: -30032.873450 eV
Step: 88900, Temperature: 264.93 K, Total Energy: -30033.211047 eV
Step: 88920, Temperature: 308.28 K, Total Energy: -30033.815483 eV
Step: 88940, Temperature: 275.72 K, Total Energy: -30033.849070 eV
Step: 88960, Temperature: 294.91 K, Total Energy: -30033.771784 eV
Step: 88980, Temperature: 284.72 K, Total Energy: -30033.768637 eV
Step: 89000, Temperature: 273.16 K, Total Energy: -30034.042586 eV
Step: 89020, Temperature: 278.90 K, Total Energy: -30034.352977 eV
Step: 89040, Temperature: 291.79 K, Total Energy: -30033.813197 eV
Step: 89060, Temperature: 284.41 K, Total Energy: -30033.919100 eV
Step: 89080, Temperature: 279.73 K, Total Energy: -30033.376966 eV
Step: 89100, Temperature: 268.22 K, Total Energy: -30033.948317 eV
Step: 89120, Temperature: 292.66 K, Total Energy: -30033.554983 eV
Step: 89140, Temperature: 287.51 K, Total Energy: -30033.702426 eV
Step: 89160, Temperature: 288.86 K, Total Energy: -30033.451501 eV
Step: 89180, Temperature: 305.96 K, Total Energy: -30033.454059 eV
Step: 89200, Temperature: 310.68 K, Total Energy: -30033.286270 eV
Step: 89220, Temperature: 306.75 K, Total Energy: -30033.643092 eV
Step: 89240, Temperature: 285.52 K, Total Energy: -30033.828642 eV
Step: 89260, Temperature: 319.14 K, Total Energy: -30033.153058 eV
Step: 89280, Temperature: 305.39 K, Total Energy: -30033.614876 eV
Step: 89300, Temperature: 291.90 K, Total Energy: -30033.138529 eV
Step: 89320, Temperature: 287.31 K, Total Energy: -30033.228798 eV
Step: 89340, Temperature: 292.67 K, Total Energy: -30032.847685 eV
Step: 89360, Temperature: 288.21 K, Total Energy: -30032.901535 eV
Step: 89380, Temperature: 307.05 K, Total Energy: -30032.664790 eV
Step: 89400, Temperature: 284.83 K, Total Energy: -30033.265955 eV
Step: 89420, Temperature: 320.10 K, Total Energy: -30032.671774 eV
Step: 89440, Temperature: 317.80 K, Total Energy: -30032.522723 eV
Step: 89460, Temperature: 309.13 K, Total Energy: -30032.811727 eV
Step: 89480, Temperature: 301.05 K, Total Energy: -30032.894288 eV
Step: 89500, Temperature: 306.70 K, Total Energy: -30033.074026 eV
Step: 89520, Temperature: 296.19 K, Total Energy: -30032.747314 eV
Step: 89540, Temperature: 340.18 K, Total Energy: -30032.980191 eV
Step: 89560, Temperature: 309.31 K, Total Energy: -30033.192022 eV
Step: 89580, Temperature: 307.61 K, Total Energy: -30033.765950 eV
Step: 89600, Temperature: 296.07 K, Total Energy: -30033.929809 eV
Step: 89620, Temperature: 276.36 K, Total Energy: -30034.307500 eV
Step: 89640, Temperature: 300.50 K, Total Energy: -30033.779133 eV
Step: 89660, Temperature: 304.94 K, Total Energy: -30033.432962 eV
Step: 89680, Temperature: 277.48 K, Total Energy: -30033.312518 eV
Step: 89700, Temperature: 286.04 K, Total Energy: -30033.210141 eV
Step: 89720, Temperature: 314.39 K, Total Energy: -30032.641943 eV
Step: 89740, Temperature: 303.83 K, Total Energy: -30032.982423 eV
Step: 89760, Temperature: 308.98 K, Total Energy: -30033.055812 eV
Step: 89780, Temperature: 316.28 K, Total Energy: -30033.006584 eV
Step: 89800, Temperature: 326.86 K, Total Energy: -30032.817934 eV
Step: 89820, Temperature: 281.17 K, Total Energy: -30032.865931 eV
Step: 89840, Temperature: 274.48 K, Total Energy: -30033.220219 eV
Step: 89860, Temperature: 277.76 K, Total Energy: -30033.463737 eV
Step: 89880, Temperature: 287.11 K, Total Energy: -30032.966217 eV
Step: 89900, Temperature: 312.72 K, Total Energy: -30032.975177 eV
Step: 89920, Temperature: 298.86 K, Total Energy: -30032.900671 eV
Step: 89940, Temperature: 305.16 K, Total Energy: -30032.528815 eV
Step: 89960, Temperature: 297.74 K, Total Energy: -30032.901624 eV
Step: 89980, Temperature: 274.29 K, Total Energy: -30032.127266 eV
Step: 90000, Temperature: 290.11 K, Total Energy: -30032.562653 eV
Step: 90020, Temperature: 273.28 K, Total Energy: -30033.326636 eV
Step: 90040, Temperature: 268.64 K, Total Energy: -30032.943483 eV
Step: 90060, Temperature: 299.66 K, Total Energy: -30032.665541 eV
Step: 90080, Temperature: 315.87 K, Total Energy: -30032.487461 eV
Step: 90100, Temperature: 308.65 K, Total Energy: -30032.394017 eV
Step: 90120, Temperature: 301.71 K, Total Energy: -30032.469308 eV
Step: 90140, Temperature: 302.11 K, Total Energy: -30032.805022 eV
Step: 90160, Temperature: 289.42 K, Total Energy: -30032.775308 eV
Step: 90180, Temperature: 280.57 K, Total Energy: -30032.974861 eV
Step: 90200, Temperature: 280.86 K, Total Energy: -30032.829029 eV
Step: 90220, Temperature: 305.36 K, Total Energy: -30032.930044 eV
Step: 90240, Temperature: 294.46 K, Total Energy: -30032.566144 eV
Step: 90260, Temperature: 306.98 K, Total Energy: -30032.977248 eV
Step: 90280, Temperature: 306.61 K, Total Energy: -30033.451409 eV
Step: 90300, Temperature: 280.96 K, Total Energy: -30033.586151 eV
Step: 90320, Temperature: 304.38 K, Total Energy: -30033.765292 eV
Step: 90340, Temperature: 274.75 K, Total Energy: -30034.256443 eV
Step: 90360, Temperature: 272.18 K, Total Energy: -30034.348378 eV
Step: 90380, Temperature: 275.02 K, Total Energy: -30034.144212 eV
Step: 90400, Temperature: 295.62 K, Total Energy: -30033.398337 eV
Step: 90420, Temperature: 289.20 K, Total Energy: -30034.040690 eV
Step: 90440, Temperature: 292.85 K, Total Energy: -30034.360800 eV
Step: 90460, Temperature: 293.72 K, Total Energy: -30033.901350 eV
Step: 90480, Temperature: 289.20 K, Total Energy: -30033.685241 eV
Step: 90500, Temperature: 320.22 K, Total Energy: -30033.248857 eV
Step: 90520, Temperature: 306.25 K, Total Energy: -30033.393996 eV
Step: 90540, Temperature: 310.98 K, Total Energy: -30033.640074 eV
Step: 90560, Temperature: 329.66 K, Total Energy: -30033.704487 eV
Step: 90580, Temperature: 309.40 K, Total Energy: -30033.720797 eV
Step: 90600, Temperature: 299.62 K, Total Energy: -30033.826737 eV
Step: 90620, Temperature: 287.03 K, Total Energy: -30033.874524 eV
Step: 90640, Temperature: 295.65 K, Total Energy: -30033.401493 eV
Step: 90660, Temperature: 327.79 K, Total Energy: -30033.323861 eV
Step: 90680, Temperature: 313.98 K, Total Energy: -30033.441404 eV
Step: 90700, Temperature: 330.41 K, Total Energy: -30033.117180 eV
Step: 90720, Temperature: 300.82 K, Total Energy: -30033.337610 eV
Step: 90740, Temperature: 320.02 K, Total Energy: -30033.539137 eV
Step: 90760, Temperature: 348.71 K, Total Energy: -30033.198773 eV
Step: 90780, Temperature: 320.88 K, Total Energy: -30033.353445 eV
Step: 90800, Temperature: 313.92 K, Total Energy: -30033.585590 eV
Step: 90820, Temperature: 307.76 K, Total Energy: -30033.244579 eV
Step: 90840, Temperature: 312.65 K, Total Energy: -30034.064688 eV
Step: 90860, Temperature: 289.97 K, Total Energy: -30034.288845 eV
Step: 90880, Temperature: 283.94 K, Total Energy: -30034.173163 eV
Step: 90900, Temperature: 305.07 K, Total Energy: -30033.947143 eV
Step: 90920, Temperature: 314.16 K, Total Energy: -30034.057921 eV
Step: 90940, Temperature: 313.37 K, Total Energy: -30033.452803 eV
Step: 90960, Temperature: 307.29 K, Total Energy: -30033.766172 eV
Step: 90980, Temperature: 293.97 K, Total Energy: -30033.582356 eV
Step: 91000, Temperature: 292.48 K, Total Energy: -30034.081058 eV
Step: 91020, Temperature: 316.42 K, Total Energy: -30033.891505 eV
Step: 91040, Temperature: 288.39 K, Total Energy: -30034.145116 eV
Step: 91060, Temperature: 278.21 K, Total Energy: -30034.309711 eV
Step: 91080, Temperature: 272.00 K, Total Energy: -30034.538533 eV
Step: 91100, Temperature: 285.09 K, Total Energy: -30034.769208 eV
Step: 91120, Temperature: 280.75 K, Total Energy: -30034.527111 eV
Step: 91140, Temperature: 281.51 K, Total Energy: -30034.320306 eV
Step: 91160, Temperature: 315.21 K, Total Energy: -30034.035450 eV
Step: 91180, Temperature: 306.23 K, Total Energy: -30034.027436 eV
Step: 91200, Temperature: 298.76 K, Total Energy: -30033.697945 eV
Step: 91220, Temperature: 314.17 K, Total Energy: -30033.835060 eV
Step: 91240, Temperature: 298.09 K, Total Energy: -30033.502126 eV
Step: 91260, Temperature: 258.48 K, Total Energy: -30033.849959 eV
Step: 91280, Temperature: 293.88 K, Total Energy: -30033.981103 eV
Step: 91300, Temperature: 282.69 K, Total Energy: -30034.126516 eV
Step: 91320, Temperature: 298.54 K, Total Energy: -30033.949792 eV
Step: 91340, Temperature: 277.86 K, Total Energy: -30033.845869 eV
Step: 91360, Temperature: 276.41 K, Total Energy: -30033.876752 eV
Step: 91380, Temperature: 303.91 K, Total Energy: -30033.863101 eV
Step: 91400, Temperature: 276.81 K, Total Energy: -30034.237702 eV
Step: 91420, Temperature: 307.88 K, Total Energy: -30033.632332 eV
Step: 91440, Temperature: 295.88 K, Total Energy: -30033.860433 eV
Step: 91460, Temperature: 322.20 K, Total Energy: -30033.720449 eV
Step: 91480, Temperature: 328.73 K, Total Energy: -30033.640019 eV
Step: 91500, Temperature: 308.23 K, Total Energy: -30033.830382 eV
Step: 91520, Temperature: 291.02 K, Total Energy: -30033.957499 eV
Step: 91540, Temperature: 284.05 K, Total Energy: -30034.441865 eV
Step: 91560, Temperature: 279.02 K, Total Energy: -30034.330475 eV
Step: 91580, Temperature: 293.63 K, Total Energy: -30034.046059 eV
Step: 91600, Temperature: 278.70 K, Total Energy: -30034.283787 eV
Step: 91620, Temperature: 305.23 K, Total Energy: -30033.679421 eV
Step: 91640, Temperature: 302.93 K, Total Energy: -30034.090992 eV
Step: 91660, Temperature: 280.39 K, Total Energy: -30034.430602 eV
Step: 91680, Temperature: 286.53 K, Total Energy: -30034.172445 eV
Step: 91700, Temperature: 302.57 K, Total Energy: -30034.240703 eV
Step: 91720, Temperature: 292.73 K, Total Energy: -30034.264018 eV
Step: 91740, Temperature: 305.27 K, Total Energy: -30034.377738 eV
Step: 91760, Temperature: 304.08 K, Total Energy: -30033.897950 eV
Step: 91780, Temperature: 297.72 K, Total Energy: -30034.024989 eV
Step: 91800, Temperature: 306.94 K, Total Energy: -30034.029106 eV
Step: 91820, Temperature: 314.59 K, Total Energy: -30033.992470 eV
Step: 91840, Temperature: 303.48 K, Total Energy: -30033.870047 eV
Step: 91860, Temperature: 303.47 K, Total Energy: -30033.928937 eV
Step: 91880, Temperature: 295.21 K, Total Energy: -30034.049156 eV
Step: 91900, Temperature: 280.58 K, Total Energy: -30034.628850 eV
Step: 91920, Temperature: 294.63 K, Total Energy: -30034.233898 eV
Step: 91940, Temperature: 299.53 K, Total Energy: -30034.100509 eV
Step: 91960, Temperature: 311.95 K, Total Energy: -30033.767909 eV
Step: 91980, Temperature: 300.45 K, Total Energy: -30034.133865 eV
Step: 92000, Temperature: 303.24 K, Total Energy: -30034.167066 eV
Step: 92020, Temperature: 284.70 K, Total Energy: -30035.077772 eV
Step: 92040, Temperature: 293.07 K, Total Energy: -30034.929372 eV
Step: 92060, Temperature: 271.51 K, Total Energy: -30034.918121 eV
Step: 92080, Temperature: 252.25 K, Total Energy: -30034.678913 eV
Step: 92100, Temperature: 284.00 K, Total Energy: -30034.382497 eV
Step: 92120, Temperature: 310.32 K, Total Energy: -30033.617517 eV
Step: 92140, Temperature: 304.49 K, Total Energy: -30034.002966 eV
Step: 92160, Temperature: 302.66 K, Total Energy: -30033.505954 eV
Step: 92180, Temperature: 309.95 K, Total Energy: -30034.269629 eV
Step: 92200, Temperature: 280.87 K, Total Energy: -30034.672348 eV
Step: 92220, Temperature: 280.30 K, Total Energy: -30034.241488 eV
Step: 92240, Temperature: 299.96 K, Total Energy: -30034.054514 eV
Step: 92260, Temperature: 284.13 K, Total Energy: -30034.217273 eV
Step: 92280, Temperature: 287.29 K, Total Energy: -30034.049581 eV
Step: 92300, Temperature: 293.43 K, Total Energy: -30033.250353 eV
Step: 92320, Temperature: 297.72 K, Total Energy: -30034.056338 eV
Step: 92340, Temperature: 290.40 K, Total Energy: -30034.117775 eV
Step: 92360, Temperature: 284.80 K, Total Energy: -30034.282417 eV
Step: 92380, Temperature: 294.78 K, Total Energy: -30033.819984 eV
Step: 92400, Temperature: 279.58 K, Total Energy: -30033.888568 eV
Step: 92420, Temperature: 310.89 K, Total Energy: -30033.849278 eV
Step: 92440, Temperature: 305.98 K, Total Energy: -30033.961399 eV
Step: 92460, Temperature: 277.15 K, Total Energy: -30034.149124 eV
Step: 92480, Temperature: 301.38 K, Total Energy: -30033.979582 eV
Step: 92500, Temperature: 297.27 K, Total Energy: -30033.749292 eV
Step: 92520, Temperature: 350.80 K, Total Energy: -30032.862856 eV
Step: 92540, Temperature: 308.71 K, Total Energy: -30032.494116 eV
Step: 92560, Temperature: 308.01 K, Total Energy: -30032.587905 eV
Step: 92580, Temperature: 309.46 K, Total Energy: -30032.873696 eV
Step: 92600, Temperature: 309.49 K, Total Energy: -30033.326090 eV
Step: 92620, Temperature: 270.48 K, Total Energy: -30033.848353 eV
Step: 92640, Temperature: 277.41 K, Total Energy: -30034.142578 eV
Step: 92660, Temperature: 294.82 K, Total Energy: -30033.979094 eV
Step: 92680, Temperature: 308.08 K, Total Energy: -30033.803078 eV
Step: 92700, Temperature: 308.10 K, Total Energy: -30033.714564 eV
Step: 92720, Temperature: 310.62 K, Total Energy: -30033.778113 eV
Step: 92740, Temperature: 312.15 K, Total Energy: -30033.569427 eV
Step: 92760, Temperature: 302.04 K, Total Energy: -30033.351742 eV
Step: 92780, Temperature: 295.29 K, Total Energy: -30033.554937 eV
Step: 92800, Temperature: 314.17 K, Total Energy: -30033.442444 eV
Step: 92820, Temperature: 310.83 K, Total Energy: -30033.411344 eV
Step: 92840, Temperature: 298.93 K, Total Energy: -30033.906606 eV
Step: 92860, Temperature: 266.40 K, Total Energy: -30034.353621 eV
Step: 92880, Temperature: 297.49 K, Total Energy: -30034.056271 eV
Step: 92900, Temperature: 271.96 K, Total Energy: -30034.123498 eV
Step: 92920, Temperature: 298.36 K, Total Energy: -30033.706155 eV
Step: 92940, Temperature: 279.91 K, Total Energy: -30033.561964 eV
Step: 92960, Temperature: 312.84 K, Total Energy: -30033.044365 eV
Step: 92980, Temperature: 340.19 K, Total Energy: -30033.136184 eV
Step: 93000, Temperature: 308.08 K, Total Energy: -30033.336115 eV
Step: 93020, Temperature: 308.43 K, Total Energy: -30033.483570 eV
Step: 93040, Temperature: 280.85 K, Total Energy: -30034.155402 eV
Step: 93060, Temperature: 310.27 K, Total Energy: -30033.937324 eV
Step: 93080, Temperature: 324.27 K, Total Energy: -30033.295222 eV
Step: 93100, Temperature: 310.87 K, Total Energy: -30033.740570 eV
Step: 93120, Temperature: 291.77 K, Total Energy: -30033.661379 eV
Step: 93140, Temperature: 331.61 K, Total Energy: -30033.243031 eV
Step: 93160, Temperature: 315.20 K, Total Energy: -30033.041479 eV
Step: 93180, Temperature: 317.13 K, Total Energy: -30033.254513 eV
Step: 93200, Temperature: 303.31 K, Total Energy: -30033.278705 eV
Step: 93220, Temperature: 291.39 K, Total Energy: -30033.463919 eV
Step: 93240, Temperature: 319.67 K, Total Energy: -30034.014796 eV
Step: 93260, Temperature: 304.75 K, Total Energy: -30033.855632 eV
Step: 93280, Temperature: 295.25 K, Total Energy: -30034.042470 eV
Step: 93300, Temperature: 302.06 K, Total Energy: -30034.060074 eV
Step: 93320, Temperature: 264.49 K, Total Energy: -30034.018837 eV
Step: 93340, Temperature: 311.33 K, Total Energy: -30033.935925 eV
Step: 93360, Temperature: 307.04 K, Total Energy: -30034.040226 eV
Step: 93380, Temperature: 290.76 K, Total Energy: -30033.884001 eV
Step: 93400, Temperature: 324.74 K, Total Energy: -30034.170072 eV
Step: 93420, Temperature: 293.17 K, Total Energy: -30033.891746 eV
Step: 93440, Temperature: 306.71 K, Total Energy: -30033.698834 eV
Step: 93460, Temperature: 328.96 K, Total Energy: -30033.331505 eV
Step: 93480, Temperature: 323.40 K, Total Energy: -30033.326978 eV
Step: 93500, Temperature: 293.76 K, Total Energy: -30033.449139 eV
Step: 93520, Temperature: 312.09 K, Total Energy: -30033.461726 eV
Step: 93540, Temperature: 307.57 K, Total Energy: -30033.692775 eV
Step: 93560, Temperature: 279.96 K, Total Energy: -30034.211009 eV
Step: 93580, Temperature: 273.84 K, Total Energy: -30034.599564 eV
Step: 93600, Temperature: 291.44 K, Total Energy: -30034.269204 eV
Step: 93620, Temperature: 287.47 K, Total Energy: -30034.435671 eV
Step: 93640, Temperature: 289.11 K, Total Energy: -30034.535008 eV
Step: 93660, Temperature: 301.32 K, Total Energy: -30034.451916 eV
Step: 93680, Temperature: 289.84 K, Total Energy: -30034.538177 eV
Step: 93700, Temperature: 279.08 K, Total Energy: -30034.580952 eV
Step: 93720, Temperature: 276.21 K, Total Energy: -30035.043838 eV
Step: 93740, Temperature: 273.24 K, Total Energy: -30034.870503 eV
Step: 93760, Temperature: 272.57 K, Total Energy: -30035.276289 eV
Step: 93780, Temperature: 279.13 K, Total Energy: -30035.206426 eV
Step: 93800, Temperature: 297.98 K, Total Energy: -30034.344652 eV
Step: 93820, Temperature: 308.32 K, Total Energy: -30034.175749 eV
Step: 93840, Temperature: 267.65 K, Total Energy: -30035.044785 eV
Step: 93860, Temperature: 281.12 K, Total Energy: -30034.578170 eV
Step: 93880, Temperature: 293.09 K, Total Energy: -30034.909381 eV
Step: 93900, Temperature: 280.77 K, Total Energy: -30035.094748 eV
Step: 93920, Temperature: 332.93 K, Total Energy: -30034.260616 eV
Step: 93940, Temperature: 308.25 K, Total Energy: -30034.374955 eV
Step: 93960, Temperature: 287.47 K, Total Energy: -30035.178034 eV
Step: 93980, Temperature: 302.56 K, Total Energy: -30034.867936 eV
Step: 94000, Temperature: 286.49 K, Total Energy: -30035.337526 eV
Step: 94020, Temperature: 271.78 K, Total Energy: -30035.778486 eV
Step: 94040, Temperature: 255.10 K, Total Energy: -30035.732188 eV
Step: 94060, Temperature: 267.13 K, Total Energy: -30035.151648 eV
Step: 94080, Temperature: 280.28 K, Total Energy: -30034.884587 eV
Step: 94100, Temperature: 291.98 K, Total Energy: -30034.982242 eV
Step: 94120, Temperature: 294.76 K, Total Energy: -30034.308706 eV
Step: 94140, Temperature: 283.06 K, Total Energy: -30034.568527 eV
Step: 94160, Temperature: 318.49 K, Total Energy: -30034.358903 eV
Step: 94180, Temperature: 258.37 K, Total Energy: -30034.565686 eV
Step: 94200, Temperature: 273.79 K, Total Energy: -30035.114543 eV
Step: 94220, Temperature: 266.88 K, Total Energy: -30035.022989 eV
Step: 94240, Temperature: 283.91 K, Total Energy: -30034.140647 eV
Step: 94260, Temperature: 312.29 K, Total Energy: -30033.601218 eV
Step: 94280, Temperature: 282.22 K, Total Energy: -30033.915865 eV
Step: 94300, Temperature: 296.89 K, Total Energy: -30033.977512 eV
Step: 94320, Temperature: 282.91 K, Total Energy: -30034.181566 eV
Step: 94340, Temperature: 281.66 K, Total Energy: -30034.597835 eV
Step: 94360, Temperature: 270.35 K, Total Energy: -30034.650421 eV
Step: 94380, Temperature: 300.16 K, Total Energy: -30034.014457 eV
Step: 94400, Temperature: 279.34 K, Total Energy: -30034.134842 eV
Step: 94420, Temperature: 303.98 K, Total Energy: -30034.123255 eV
Step: 94440, Temperature: 289.86 K, Total Energy: -30034.525926 eV
Step: 94460, Temperature: 301.28 K, Total Energy: -30034.816268 eV
Step: 94480, Temperature: 298.28 K, Total Energy: -30034.370288 eV
Step: 94500, Temperature: 303.52 K, Total Energy: -30034.617201 eV
Step: 94520, Temperature: 281.32 K, Total Energy: -30034.190463 eV
Step: 94540, Temperature: 282.58 K, Total Energy: -30033.785549 eV
Step: 94560, Temperature: 333.02 K, Total Energy: -30033.805188 eV
Step: 94580, Temperature: 318.65 K, Total Energy: -30034.442796 eV
Step: 94600, Temperature: 288.39 K, Total Energy: -30034.160741 eV
Step: 94620, Temperature: 330.86 K, Total Energy: -30034.228924 eV
Step: 94640, Temperature: 305.31 K, Total Energy: -30034.156003 eV
Step: 94660, Temperature: 281.75 K, Total Energy: -30034.376836 eV
Step: 94680, Temperature: 291.46 K, Total Energy: -30034.368366 eV
Step: 94700, Temperature: 302.05 K, Total Energy: -30033.939254 eV
Step: 94720, Temperature: 301.32 K, Total Energy: -30033.871875 eV
Step: 94740, Temperature: 300.73 K, Total Energy: -30033.605404 eV
Step: 94760, Temperature: 302.00 K, Total Energy: -30034.085031 eV
Step: 94780, Temperature: 276.66 K, Total Energy: -30034.665369 eV
Step: 94800, Temperature: 284.32 K, Total Energy: -30034.651893 eV
Step: 94820, Temperature: 276.53 K, Total Energy: -30035.172453 eV
Step: 94840, Temperature: 273.71 K, Total Energy: -30034.696528 eV
Step: 94860, Temperature: 262.36 K, Total Energy: -30034.424114 eV
Step: 94880, Temperature: 278.33 K, Total Energy: -30034.437747 eV
Step: 94900, Temperature: 319.89 K, Total Energy: -30033.901787 eV
Step: 94920, Temperature: 262.93 K, Total Energy: -30034.921456 eV
Step: 94940, Temperature: 283.03 K, Total Energy: -30034.623876 eV
Step: 94960, Temperature: 286.55 K, Total Energy: -30034.720644 eV
Step: 94980, Temperature: 263.15 K, Total Energy: -30035.158088 eV
Step: 95000, Temperature: 295.94 K, Total Energy: -30034.288609 eV
Step: 95020, Temperature: 292.14 K, Total Energy: -30034.068041 eV
Step: 95040, Temperature: 313.48 K, Total Energy: -30033.844674 eV
Step: 95060, Temperature: 303.49 K, Total Energy: -30033.639339 eV
Step: 95080, Temperature: 287.93 K, Total Energy: -30034.123368 eV
Step: 95100, Temperature: 285.39 K, Total Energy: -30034.615267 eV
Step: 95120, Temperature: 325.67 K, Total Energy: -30034.144827 eV
Step: 95140, Temperature: 314.71 K, Total Energy: -30034.170978 eV
Step: 95160, Temperature: 296.19 K, Total Energy: -30034.798120 eV
Step: 95180, Temperature: 285.52 K, Total Energy: -30034.615882 eV
Step: 95200, Temperature: 271.24 K, Total Energy: -30035.014732 eV
Step: 95220, Temperature: 298.74 K, Total Energy: -30034.366541 eV
Step: 95240, Temperature: 276.55 K, Total Energy: -30034.605505 eV
Step: 95260, Temperature: 264.71 K, Total Energy: -30034.868786 eV
Step: 95280, Temperature: 261.77 K, Total Energy: -30035.499525 eV
Step: 95300, Temperature: 284.35 K, Total Energy: -30034.905142 eV
Step: 95320, Temperature: 287.97 K, Total Energy: -30035.001294 eV
Step: 95340, Temperature: 309.52 K, Total Energy: -30034.438470 eV
Step: 95360, Temperature: 301.17 K, Total Energy: -30034.481106 eV
Step: 95380, Temperature: 294.55 K, Total Energy: -30035.380282 eV
Step: 95400, Temperature: 293.37 K, Total Energy: -30035.060493 eV
Step: 95420, Temperature: 275.67 K, Total Energy: -30034.627648 eV
Step: 95440, Temperature: 287.50 K, Total Energy: -30034.665593 eV
Step: 95460, Temperature: 285.99 K, Total Energy: -30034.654732 eV
Step: 95480, Temperature: 282.97 K, Total Energy: -30034.492652 eV
Step: 95500, Temperature: 280.94 K, Total Energy: -30034.883655 eV
Step: 95520, Temperature: 272.96 K, Total Energy: -30034.742801 eV
Step: 95540, Temperature: 291.90 K, Total Energy: -30034.148417 eV
Step: 95560, Temperature: 296.91 K, Total Energy: -30034.611917 eV
Step: 95580, Temperature: 305.10 K, Total Energy: -30034.723689 eV
Step: 95600, Temperature: 288.51 K, Total Energy: -30034.505347 eV
Step: 95620, Temperature: 294.67 K, Total Energy: -30035.121451 eV
Step: 95640, Temperature: 279.29 K, Total Energy: -30034.850860 eV
Step: 95660, Temperature: 282.67 K, Total Energy: -30034.798949 eV
Step: 95680, Temperature: 288.82 K, Total Energy: -30034.790290 eV
Step: 95700, Temperature: 283.79 K, Total Energy: -30034.237597 eV
Step: 95720, Temperature: 299.30 K, Total Energy: -30034.491070 eV
Step: 95740, Temperature: 281.08 K, Total Energy: -30034.678934 eV
Step: 95760, Temperature: 285.69 K, Total Energy: -30034.771612 eV
Step: 95780, Temperature: 291.09 K, Total Energy: -30034.082886 eV
Step: 95800, Temperature: 279.05 K, Total Energy: -30034.073749 eV
Step: 95820, Temperature: 276.52 K, Total Energy: -30034.668697 eV
Step: 95840, Temperature: 300.66 K, Total Energy: -30034.861216 eV
Step: 95860, Temperature: 265.03 K, Total Energy: -30034.972111 eV
Step: 95880, Temperature: 270.08 K, Total Energy: -30034.632016 eV
Step: 95900, Temperature: 296.97 K, Total Energy: -30034.723704 eV
Step: 95920, Temperature: 252.81 K, Total Energy: -30035.096472 eV
Step: 95940, Temperature: 282.17 K, Total Energy: -30034.735426 eV
Step: 95960, Temperature: 267.75 K, Total Energy: -30034.643756 eV
Step: 95980, Temperature: 281.15 K, Total Energy: -30034.624287 eV
Step: 96000, Temperature: 295.43 K, Total Energy: -30034.365969 eV
Step: 96020, Temperature: 289.87 K, Total Energy: -30035.142725 eV
Step: 96040, Temperature: 267.80 K, Total Energy: -30035.845617 eV
Step: 96060, Temperature: 279.35 K, Total Energy: -30035.720586 eV
Step: 96080, Temperature: 270.36 K, Total Energy: -30034.945190 eV
Step: 96100, Temperature: 278.17 K, Total Energy: -30033.996288 eV
Step: 96120, Temperature: 262.59 K, Total Energy: -30033.846120 eV
Step: 96140, Temperature: 301.97 K, Total Energy: -30034.044788 eV
Step: 96160, Temperature: 299.38 K, Total Energy: -30033.746944 eV
Step: 96180, Temperature: 298.11 K, Total Energy: -30033.464551 eV
Step: 96200, Temperature: 323.99 K, Total Energy: -30033.220372 eV
Step: 96220, Temperature: 312.02 K, Total Energy: -30033.275953 eV
Step: 96240, Temperature: 305.31 K, Total Energy: -30033.960754 eV
Step: 96260, Temperature: 294.59 K, Total Energy: -30033.584517 eV
Step: 96280, Temperature: 305.98 K, Total Energy: -30033.527694 eV
Step: 96300, Temperature: 320.63 K, Total Energy: -30032.859769 eV
Step: 96320, Temperature: 335.74 K, Total Energy: -30032.814906 eV
Step: 96340, Temperature: 311.88 K, Total Energy: -30032.693477 eV
Step: 96360, Temperature: 295.75 K, Total Energy: -30033.227125 eV
Step: 96380, Temperature: 312.11 K, Total Energy: -30033.113586 eV
Step: 96400, Temperature: 303.44 K, Total Energy: -30033.011672 eV
Step: 96420, Temperature: 302.18 K, Total Energy: -30032.801192 eV
Step: 96440, Temperature: 330.12 K, Total Energy: -30033.276692 eV
Step: 96460, Temperature: 322.05 K, Total Energy: -30033.556400 eV
Step: 96480, Temperature: 287.77 K, Total Energy: -30033.605899 eV
Step: 96500, Temperature: 344.56 K, Total Energy: -30033.223421 eV
Step: 96520, Temperature: 334.50 K, Total Energy: -30033.101829 eV
Step: 96540, Temperature: 330.81 K, Total Energy: -30033.413636 eV
Step: 96560, Temperature: 308.92 K, Total Energy: -30033.871609 eV
Step: 96580, Temperature: 308.38 K, Total Energy: -30034.014059 eV
Step: 96600, Temperature: 308.52 K, Total Energy: -30034.315355 eV
Step: 96620, Temperature: 289.60 K, Total Energy: -30034.136084 eV
Step: 96640, Temperature: 278.77 K, Total Energy: -30033.758577 eV
Step: 96660, Temperature: 328.56 K, Total Energy: -30033.622605 eV
Step: 96680, Temperature: 277.90 K, Total Energy: -30033.715955 eV
Step: 96700, Temperature: 286.60 K, Total Energy: -30034.424438 eV
Step: 96720, Temperature: 269.27 K, Total Energy: -30034.062500 eV
Step: 96740, Temperature: 253.71 K, Total Energy: -30034.206633 eV
Step: 96760, Temperature: 289.72 K, Total Energy: -30033.988442 eV
Step: 96780, Temperature: 296.43 K, Total Energy: -30033.688392 eV
Step: 96800, Temperature: 288.25 K, Total Energy: -30033.486538 eV
Step: 96820, Temperature: 294.59 K, Total Energy: -30033.586353 eV
Step: 96840, Temperature: 313.31 K, Total Energy: -30033.225898 eV
Step: 96860, Temperature: 312.21 K, Total Energy: -30032.962447 eV
Step: 96880, Temperature: 321.04 K, Total Energy: -30032.464721 eV
Step: 96900, Temperature: 322.46 K, Total Energy: -30032.307765 eV
Step: 96920, Temperature: 275.41 K, Total Energy: -30033.007259 eV
Step: 96940, Temperature: 285.27 K, Total Energy: -30032.840763 eV
Step: 96960, Temperature: 278.82 K, Total Energy: -30032.886261 eV
Step: 96980, Temperature: 320.92 K, Total Energy: -30032.735248 eV
Step: 97000, Temperature: 302.27 K, Total Energy: -30032.685825 eV
Step: 97020, Temperature: 300.77 K, Total Energy: -30033.375847 eV
Step: 97040, Temperature: 281.12 K, Total Energy: -30033.904467 eV
Step: 97060, Temperature: 289.49 K, Total Energy: -30034.070500 eV
Step: 97080, Temperature: 307.15 K, Total Energy: -30033.713034 eV
Step: 97100, Temperature: 267.42 K, Total Energy: -30034.138455 eV
Step: 97120, Temperature: 270.78 K, Total Energy: -30033.823296 eV
Step: 97140, Temperature: 290.91 K, Total Energy: -30033.843302 eV
Step: 97160, Temperature: 297.12 K, Total Energy: -30033.735579 eV
Step: 97180, Temperature: 303.42 K, Total Energy: -30033.631457 eV
Step: 97200, Temperature: 299.38 K, Total Energy: -30033.440193 eV
Step: 97220, Temperature: 290.16 K, Total Energy: -30033.145369 eV
Step: 97240, Temperature: 281.48 K, Total Energy: -30033.032097 eV
Step: 97260, Temperature: 318.46 K, Total Energy: -30033.010042 eV
Step: 97280, Temperature: 295.27 K, Total Energy: -30033.461732 eV
Step: 97300, Temperature: 266.07 K, Total Energy: -30033.377553 eV
Step: 97320, Temperature: 310.22 K, Total Energy: -30033.135807 eV
Step: 97340, Temperature: 308.51 K, Total Energy: -30033.081245 eV
Step: 97360, Temperature: 301.06 K, Total Energy: -30032.792466 eV
Step: 97380, Temperature: 291.88 K, Total Energy: -30032.887193 eV
Step: 97400, Temperature: 318.19 K, Total Energy: -30033.173194 eV
Step: 97420, Temperature: 311.90 K, Total Energy: -30033.788679 eV
Step: 97440, Temperature: 297.32 K, Total Energy: -30033.710810 eV
Step: 97460, Temperature: 270.63 K, Total Energy: -30033.469610 eV
Step: 97480, Temperature: 315.57 K, Total Energy: -30033.350560 eV
Step: 97500, Temperature: 328.64 K, Total Energy: -30032.929403 eV
Step: 97520, Temperature: 305.76 K, Total Energy: -30033.931818 eV
Step: 97540, Temperature: 330.64 K, Total Energy: -30033.353420 eV
Step: 97560, Temperature: 331.37 K, Total Energy: -30033.794168 eV
Step: 97580, Temperature: 312.17 K, Total Energy: -30033.266406 eV
Step: 97600, Temperature: 306.47 K, Total Energy: -30033.378708 eV
Step: 97620, Temperature: 278.75 K, Total Energy: -30034.288377 eV
Step: 97640, Temperature: 286.72 K, Total Energy: -30034.071738 eV
Step: 97660, Temperature: 293.77 K, Total Energy: -30034.343454 eV
Step: 97680, Temperature: 297.02 K, Total Energy: -30034.249622 eV
Step: 97700, Temperature: 289.33 K, Total Energy: -30033.767721 eV
Step: 97720, Temperature: 282.60 K, Total Energy: -30034.038916 eV
Step: 97740, Temperature: 297.39 K, Total Energy: -30033.791122 eV
Step: 97760, Temperature: 293.35 K, Total Energy: -30034.018133 eV
Step: 97780, Temperature: 309.14 K, Total Energy: -30033.432483 eV
Step: 97800, Temperature: 329.24 K, Total Energy: -30033.193379 eV
Step: 97820, Temperature: 326.86 K, Total Energy: -30033.060218 eV
Step: 97840, Temperature: 299.38 K, Total Energy: -30033.530168 eV
Step: 97860, Temperature: 321.36 K, Total Energy: -30033.036561 eV
Step: 97880, Temperature: 307.73 K, Total Energy: -30032.907494 eV
Step: 97900, Temperature: 308.10 K, Total Energy: -30033.603205 eV
Step: 97920, Temperature: 312.97 K, Total Energy: -30033.548839 eV
Step: 97940, Temperature: 303.09 K, Total Energy: -30033.757002 eV
Step: 97960, Temperature: 322.76 K, Total Energy: -30033.358729 eV
Step: 97980, Temperature: 318.69 K, Total Energy: -30032.762016 eV
Step: 98000, Temperature: 322.91 K, Total Energy: -30032.810095 eV
Step: 98020, Temperature: 276.91 K, Total Energy: -30033.442237 eV
Step: 98040, Temperature: 327.75 K, Total Energy: -30033.361887 eV
Step: 98060, Temperature: 296.78 K, Total Energy: -30034.343563 eV
Step: 98080, Temperature: 280.40 K, Total Energy: -30034.627614 eV
Step: 98100, Temperature: 280.83 K, Total Energy: -30034.552346 eV
Step: 98120, Temperature: 264.84 K, Total Energy: -30034.867593 eV
Step: 98140, Temperature: 249.88 K, Total Energy: -30035.457465 eV
Step: 98160, Temperature: 277.04 K, Total Energy: -30035.587292 eV
Step: 98180, Temperature: 280.51 K, Total Energy: -30034.734206 eV
Step: 98200, Temperature: 294.59 K, Total Energy: -30034.668362 eV
Step: 98220, Temperature: 272.45 K, Total Energy: -30034.236290 eV
Step: 98240, Temperature: 287.18 K, Total Energy: -30033.792573 eV
Step: 98260, Temperature: 285.71 K, Total Energy: -30034.263280 eV
Step: 98280, Temperature: 272.79 K, Total Energy: -30034.159303 eV
Step: 98300, Temperature: 271.20 K, Total Energy: -30033.755964 eV
Step: 98320, Temperature: 291.58 K, Total Energy: -30033.160165 eV
Step: 98340, Temperature: 306.60 K, Total Energy: -30033.387063 eV
Step: 98360, Temperature: 290.29 K, Total Energy: -30033.679074 eV
Step: 98380, Temperature: 311.51 K, Total Energy: -30034.009416 eV
Step: 98400, Temperature: 314.75 K, Total Energy: -30033.023617 eV
Step: 98420, Temperature: 305.52 K, Total Energy: -30033.281499 eV
Step: 98440, Temperature: 290.17 K, Total Energy: -30033.430136 eV
Step: 98460, Temperature: 305.48 K, Total Energy: -30033.518962 eV
Step: 98480, Temperature: 287.90 K, Total Energy: -30033.997069 eV
Step: 98500, Temperature: 264.18 K, Total Energy: -30034.179119 eV
Step: 98520, Temperature: 304.55 K, Total Energy: -30034.028625 eV
Step: 98540, Temperature: 307.10 K, Total Energy: -30034.138336 eV
Step: 98560, Temperature: 298.53 K, Total Energy: -30034.180417 eV
Step: 98580, Temperature: 303.99 K, Total Energy: -30034.185383 eV
Step: 98600, Temperature: 273.59 K, Total Energy: -30034.408756 eV
Step: 98620, Temperature: 329.25 K, Total Energy: -30033.464817 eV
Step: 98640, Temperature: 341.07 K, Total Energy: -30033.172722 eV
Step: 98660, Temperature: 316.87 K, Total Energy: -30033.337297 eV
Step: 98680, Temperature: 303.53 K, Total Energy: -30033.593547 eV
Step: 98700, Temperature: 307.53 K, Total Energy: -30033.623614 eV
Step: 98720, Temperature: 311.69 K, Total Energy: -30033.573299 eV
Step: 98740, Temperature: 278.66 K, Total Energy: -30033.278949 eV
Step: 98760, Temperature: 300.72 K, Total Energy: -30033.072422 eV
Step: 98780, Temperature: 318.06 K, Total Energy: -30033.065005 eV
Step: 98800, Temperature: 297.71 K, Total Energy: -30032.812429 eV
Step: 98820, Temperature: 332.66 K, Total Energy: -30032.562419 eV
Step: 98840, Temperature: 306.37 K, Total Energy: -30032.141055 eV
Step: 98860, Temperature: 325.26 K, Total Energy: -30032.309376 eV
Step: 98880, Temperature: 318.41 K, Total Energy: -30031.749541 eV
Step: 98900, Temperature: 292.24 K, Total Energy: -30032.055654 eV
Step: 98920, Temperature: 334.39 K, Total Energy: -30031.835178 eV
Step: 98940, Temperature: 323.55 K, Total Energy: -30032.213781 eV
Step: 98960, Temperature: 316.98 K, Total Energy: -30031.805329 eV
Step: 98980, Temperature: 323.91 K, Total Energy: -30032.911783 eV
Step: 99000, Temperature: 292.74 K, Total Energy: -30032.961071 eV
Step: 99020, Temperature: 331.77 K, Total Energy: -30033.098364 eV
Step: 99040, Temperature: 289.28 K, Total Energy: -30033.089472 eV
Step: 99060, Temperature: 305.43 K, Total Energy: -30032.785900 eV
Step: 99080, Temperature: 317.38 K, Total Energy: -30032.904452 eV
Step: 99100, Temperature: 291.43 K, Total Energy: -30033.173728 eV
Step: 99120, Temperature: 294.92 K, Total Energy: -30033.072218 eV
Step: 99140, Temperature: 326.14 K, Total Energy: -30033.005863 eV
Step: 99160, Temperature: 319.76 K, Total Energy: -30033.075086 eV
Step: 99180, Temperature: 307.15 K, Total Energy: -30032.912259 eV
Step: 99200, Temperature: 331.42 K, Total Energy: -30033.279035 eV
Step: 99220, Temperature: 309.95 K, Total Energy: -30033.552747 eV
Step: 99240, Temperature: 309.31 K, Total Energy: -30032.957541 eV
Step: 99260, Temperature: 308.45 K, Total Energy: -30032.694016 eV
Step: 99280, Temperature: 310.84 K, Total Energy: -30033.047898 eV
Step: 99300, Temperature: 279.88 K, Total Energy: -30032.746244 eV
Step: 99320, Temperature: 328.88 K, Total Energy: -30032.321655 eV
Step: 99340, Temperature: 322.69 K, Total Energy: -30031.581198 eV
Step: 99360, Temperature: 341.87 K, Total Energy: -30031.923977 eV
Step: 99380, Temperature: 316.41 K, Total Energy: -30031.960173 eV
Step: 99400, Temperature: 302.48 K, Total Energy: -30032.703909 eV
Step: 99420, Temperature: 289.15 K, Total Energy: -30033.256727 eV
Step: 99440, Temperature: 293.94 K, Total Energy: -30033.165348 eV
Step: 99460, Temperature: 309.36 K, Total Energy: -30032.790295 eV
Step: 99480, Temperature: 333.19 K, Total Energy: -30032.388790 eV
Step: 99500, Temperature: 291.82 K, Total Energy: -30032.636723 eV
Step: 99520, Temperature: 310.56 K, Total Energy: -30032.541275 eV
Step: 99540, Temperature: 324.51 K, Total Energy: -30032.517817 eV
Step: 99560, Temperature: 315.06 K, Total Energy: -30032.826272 eV
Step: 99580, Temperature: 309.52 K, Total Energy: -30032.682634 eV
Step: 99600, Temperature: 350.01 K, Total Energy: -30032.412141 eV
Step: 99620, Temperature: 313.53 K, Total Energy: -30032.855014 eV
Step: 99640, Temperature: 327.14 K, Total Energy: -30032.566606 eV
Step: 99660, Temperature: 283.41 K, Total Energy: -30033.407356 eV
Step: 99680, Temperature: 309.80 K, Total Energy: -30033.173707 eV
Step: 99700, Temperature: 300.28 K, Total Energy: -30033.980147 eV
Step: 99720, Temperature: 330.57 K, Total Energy: -30033.376792 eV
Step: 99740, Temperature: 315.74 K, Total Energy: -30033.691936 eV
Step: 99760, Temperature: 320.70 K, Total Energy: -30033.727046 eV
Step: 99780, Temperature: 302.70 K, Total Energy: -30033.760752 eV
Step: 99800, Temperature: 290.16 K, Total Energy: -30034.184362 eV
Step: 99820, Temperature: 272.37 K, Total Energy: -30034.101617 eV
Step: 99840, Temperature: 315.58 K, Total Energy: -30033.877663 eV
Step: 99860, Temperature: 310.24 K, Total Energy: -30033.516177 eV
Step: 99880, Temperature: 340.32 K, Total Energy: -30033.174053 eV
Step: 99900, Temperature: 321.96 K, Total Energy: -30032.707120 eV
Step: 99920, Temperature: 290.77 K, Total Energy: -30032.586989 eV
Step: 99940, Temperature: 287.87 K, Total Energy: -30033.294875 eV
Step: 99960, Temperature: 279.61 K, Total Energy: -30033.411105 eV
Step: 99980, Temperature: 309.89 K, Total Energy: -30033.481978 eV
Step: 100000, Temperature: 293.25 K, Total Energy: -30033.227512 eV
