,T,E
0,293.8259757550416,-30041.148600677898
1,201.0245317634588,-30039.987725221436
2,215.71373204452732,-30038.783489399644
3,220.3929615874893,-30038.39992118456
4,234.92750967491241,-30038.064817853206
5,236.79368235500633,-30037.32442030584
6,248.78638096781452,-30036.553386047515
7,240.0121008775355,-30035.94642284229
8,256.0410072440628,-30035.08927817756
9,277.75695312498505,-30034.06339712578
10,281.8853876434688,-30034.260118330018
11,311.08661159818223,-30033.65494067029
12,301.3506912145891,-30033.61323189838
13,297.3206157846609,-30033.73043773533
14,297.59825986674446,-30033.82109577432
15,284.03457222594926,-30034.00868102202
16,305.1400729712122,-30033.843889786847
17,308.6174939839754,-30033.4515514865
18,277.5589448574441,-30033.740263061034
19,264.6213810658159,-30033.746050799316
20,268.19946482859115,-30033.278909599772
21,313.35356217404296,-30032.41030061403
22,310.33738484028,-30032.691403573615
23,283.65322517388825,-30032.55930876307
24,289.40980511036344,-30032.623194561613
25,286.40955031075123,-30032.35116180772
26,295.6985134376276,-30032.22835519624
27,321.2934081263319,-30031.85665568349
28,267.0257219564183,-30032.7752914752
29,274.6559346126621,-30033.09468544092
30,277.57014944566737,-30033.140371266643
31,281.597767473467,-30032.316196120217
32,294.2504770348761,-30032.446494579708
33,312.28052897649803,-30032.44906590749
34,330.26204492749736,-30032.09934499347
35,320.5934683260585,-30031.850860649978
36,301.4111478842781,-30032.11756742123
37,295.6555626651798,-30032.52435967515
38,291.680520899407,-30032.68705335055
39,307.56485291608004,-30032.858943407242
40,288.4562740910331,-30032.83277584507
41,288.4493120519535,-30032.963810703077
42,313.0267419255324,-30032.7408039693
43,310.29620972576424,-30033.17486329584
44,293.4853312349813,-30033.07515560849
45,295.3242862015951,-30033.394037852406
46,278.0396571416484,-30033.431271375623
47,287.7294101148961,-30033.440940704022
48,287.64383517448556,-30032.63450392955
49,288.4445811237925,-30032.620179949394
50,289.167782947039,-30031.758201147535
51,300.82544562619444,-30031.548346076506
52,305.5306077675623,-30031.703186712355
53,299.43328152461487,-30032.101014660002
54,306.66434217835945,-30032.48320390285
55,309.17596667205777,-30032.73825604636
56,300.49362805959595,-30032.289131642636
57,307.76655273483647,-30032.627296923885
58,272.08984830387624,-30032.788271670106
59,257.28489052781595,-30033.085268989576
60,278.64638394830473,-30032.81050965707
61,306.7665541841124,-30032.129065078592
62,291.34540056256947,-30031.906437790287
63,301.2613006850194,-30031.98071942347
64,326.2762012498158,-30031.703717188524
65,304.40454096021034,-30031.64172625461
66,297.59691057715486,-30031.713707909097
67,308.04562809985117,-30031.911278261403
68,298.83764419936347,-30032.19805936051
69,298.0213398901392,-30031.816291124884
70,311.5646831536228,-30031.025703046274
71,346.55908411067435,-30030.66708248075
72,331.2258467112485,-30031.205911078294
73,299.15230211127135,-30031.649112565337
74,306.0494290430522,-30031.276046963478
75,316.91895610488655,-30031.50597927047
76,319.2652657366798,-30031.089417039348
77,312.1262951354446,-30030.908031603067
78,325.3781793893192,-30031.206821200263
79,318.61902223584445,-30031.25414355349
80,304.4104876802045,-30032.14352948842
81,296.99707919034495,-30032.013983323828
82,308.37106019042847,-30031.43237239561
83,329.69095819714073,-30031.68209900426
84,325.54982338425265,-30031.530619794725
85,322.9302152650662,-30031.317351953137
86,317.3797111385496,-30031.301006246358
87,317.4927685034928,-30031.966125307325
88,327.6720330582819,-30031.713456157944
89,304.7331979243443,-30031.37172347865
90,315.6564962090188,-30031.479206694803
91,306.30873484642694,-30031.48630785646
92,339.85928352619726,-30031.14259621063
93,320.56881639075027,-30031.47843514405
94,279.30305117197133,-30031.784192280786
95,315.41274822464516,-30032.30761615624
96,301.38539518057564,-30032.11040403593
97,297.4303490168154,-30031.93665620836
98,299.1822254828563,-30032.37687395107
99,289.3091683357037,-30032.35034055608
100,309.25190316165117,-30031.81251388965
101,323.58022622971146,-30031.904483602462
102,320.2748059292624,-30031.28076775596
103,322.20122915805626,-30031.589632801868
104,301.31741606349436,-30031.303523746566
105,314.5459206373359,-30032.110715144758
106,288.76760740487265,-30032.48117847369
107,298.9187726246852,-30032.24484258747
108,296.62538725139746,-30032.746008326074
109,322.517300640862,-30032.57775975166
110,337.3690351568692,-30031.892864642126
111,323.68550757311374,-30031.997533038426
112,329.9933425553389,-30031.735024072495
113,330.40229374509374,-30031.804794300075
114,320.4555087554211,-30031.95590051632
115,327.43758118524954,-30032.096318804462
116,309.3983819210176,-30032.47483741627
117,324.07218345007226,-30032.665520980663
118,301.1878690574856,-30032.3185078184
119,295.16573923149235,-30032.61092476338
120,299.26067775584943,-30032.251849632303
121,296.53682997887995,-30032.580271723342
122,296.4511431514161,-30032.21915026906
123,316.92343114302906,-30032.308600849043
124,315.6656105298269,-30032.410617587047
125,297.79958433187113,-30032.622661877016
126,296.6068885572158,-30032.81483397345
127,293.73528468702193,-30033.449714733953
128,282.964617688294,-30033.324712465736
129,273.0238848717149,-30033.251056757774
130,303.8891660376539,-30033.33440413578
131,305.4611597299395,-30032.75962469815
132,306.0402943451527,-30032.42862095985
133,314.825575858837,-30032.037259991594
134,317.30013571087693,-30032.275668250015
135,311.7972531389383,-30032.783512834034
136,293.75657676451544,-30033.466756177422
137,308.09405708623535,-30033.263573200325
138,298.7242519126791,-30033.583729991475
139,282.9244549427205,-30033.886271670497
140,295.4129443995774,-30033.81367816124
141,306.62577251428866,-30033.226363577895
142,315.8698196303803,-30033.175001605512
143,308.4179151679177,-30033.286660133515
144,294.13116563917697,-30033.324501905907
145,292.3278394967768,-30033.52034661285
146,307.4262797405787,-30033.579233114917
147,289.24660651399256,-30033.873401845045
148,295.40190289781674,-30033.390128344923
149,308.7312489001906,-30033.087356090207
150,315.05845778015066,-30033.05092129179
151,277.73921078553616,-30033.04235995871
152,293.95514637358383,-30032.561360468168
153,305.12830533490063,-30032.519967648255
154,309.80342369300536,-30031.937284308427
155,303.1725703669422,-30032.586841424996
156,292.7056701378791,-30032.27449500537
157,324.9368290128616,-30032.88005511658
158,273.6577481780595,-30033.123751669988
159,300.5648636188692,-30032.773664226122
160,319.78212993396454,-30032.47092036998
161,319.41104136461576,-30032.59746141388
162,298.2405394628747,-30032.322484798133
163,306.3046541901538,-30032.738363837223
164,300.71343114789613,-30032.85585697886
165,286.96292043870824,-30033.159479356138
166,307.6920414716389,-30032.61355003178
167,335.4060366521029,-30032.164999626337
168,331.3442059611133,-30032.661912126587
169,309.3981107164055,-30032.83421925217
170,308.8433801339716,-30032.73101411995
171,309.82845524162275,-30032.91712212094
172,299.35231400385607,-30033.374539877328
173,292.7531503497314,-30033.786970108813
174,286.0347943352037,-30033.95240466613
175,326.8082668947039,-30033.85632173116
176,276.47521550851917,-30034.783204208386
177,297.05011285353186,-30034.711865323687
178,297.84278015820666,-30033.863760596352
179,306.7756603561533,-30033.480398051233
180,299.1992237730155,-30033.87058612242
181,281.31681420266386,-30033.561558991612
182,306.43783853443307,-30033.358053708762
183,259.0950730833055,-30033.729095212
184,273.65158289205715,-30033.532110195283
185,261.0906264078301,-30033.975670911055
186,268.6117299245305,-30034.06734629806
187,278.26721992287247,-30033.669676123423
188,314.5804382128979,-30033.225079480406
189,343.12493674343125,-30032.261455038948
190,325.39978946193366,-30032.227760878446
191,316.3931086738959,-30032.964546118452
192,309.75433762991287,-30033.227584056578
193,313.8280446925395,-30032.59951282917
194,312.0184429355602,-30032.692000092316
195,310.2947326514248,-30032.56357240152
196,343.98458676567645,-30032.489786965918
197,337.1006721950643,-30032.403535166082
198,327.3218552718256,-30032.741813881104
199,312.46520215766054,-30033.003004842307
200,281.7836967021861,-30032.774400270486
201,318.1006171770446,-30033.04650718634
202,313.76901881197443,-30033.04240686729
203,317.1266173964229,-30032.916760649074
204,298.52003439914756,-30033.608408685068
205,297.0483615634608,-30033.192378216165
206,283.05497395174876,-30033.547044348656
207,296.4603087351959,-30033.970872369184
208,288.965361155417,-30033.876584578713
209,293.9814232781233,-30034.402495015627
210,286.78050008855524,-30034.84767113716
211,262.487863808577,-30034.49709320155
212,271.8023887611213,-30034.06700166158
213,288.5972788170785,-30034.04015922348
214,302.81855295327017,-30033.30474905362
215,305.2687995155181,-30033.170723270316
216,304.3861773859896,-30033.308204746194
217,313.59697479406833,-30033.361196480684
218,309.0359791099607,-30033.15975327963
219,321.54767402404076,-30033.31313736078
220,294.4297624925854,-30033.033772440816
221,299.92143076065855,-30033.27035114608
222,291.1437993502291,-30033.868550538198
223,282.2941858133625,-30033.214658039567
224,321.0911652664504,-30032.57269085457
225,323.0602496229238,-30032.23985559726
226,309.39189653832517,-30032.668360259824
227,304.80077909534907,-30033.270410673522
228,337.2137631868709,-30032.13505962946
229,325.8937686731705,-30032.41062229097
230,311.4871896000224,-30032.33625007486
231,338.4253589548483,-30032.92873927063
232,316.001156678038,-30032.62286303944
233,310.6046109501641,-30032.6827148298
234,320.7096790448664,-30032.45730647848
235,322.61341695098264,-30032.426899573627
236,307.83795507844786,-30032.74463780346
237,298.0139892585137,-30033.007882652633
238,290.0008958484381,-30032.920795710976
239,289.18457323591963,-30033.2519185617
240,297.8254786796209,-30032.38177481708
241,317.15528930144814,-30032.972678578888
242,286.7895360718172,-30033.281037128956
243,311.2629082869903,-30033.027450115387
244,293.6153841785541,-30033.17148690915
245,294.1029384159011,-30033.55568214258
246,276.9583339236765,-30033.940948749783
247,291.99024583229465,-30033.74760589452
248,309.57386465596795,-30033.745804877635
249,324.54464138352824,-30033.16923735187
250,309.4605728285512,-30033.016238601456
251,290.1663207018926,-30032.760376063197
252,299.4876340767775,-30032.757847791352
253,310.66777530641394,-30032.73190397854
254,296.6870271597881,-30032.578439024575
255,302.6858030181427,-30032.485829482495
256,302.1804056201282,-30032.56888087326
257,291.1801526524065,-30032.92232172809
258,283.2797810463757,-30032.93590918044
259,293.35696621590375,-30033.422141137526
260,289.0317412621218,-30033.43545829724
261,309.9188632571772,-30033.410937074415
262,305.8694093285997,-30033.497381359815
263,303.68280623839405,-30033.288824327163
264,305.2990807124912,-30032.652381886815
265,305.78586057617747,-30032.36472163887
266,293.41029257284373,-30032.73525013484
267,298.951608373796,-30032.949093064715
268,300.4848618584434,-30032.816696350797
269,298.9229506951392,-30033.207627901316
270,301.80513147554,-30033.59787116748
271,289.03112076600934,-30033.205005187272
272,287.9822799755954,-30032.913082569394
273,309.0038949956018,-30033.05118698191
274,283.0270041645745,-30033.069233721475
275,305.43902151242963,-30033.04338583222
276,326.9723390133621,-30032.451795555
277,337.28341982021516,-30032.04346013587
278,323.72951249110406,-30032.449548864053
279,345.9005464918602,-30032.03719700164
280,319.917228055692,-30031.899155753435
281,309.41196252480836,-30032.687385732763
282,318.61673900223553,-30033.019826103973
283,301.897047513379,-30033.65805436021
284,317.70323408767285,-30033.394414126793
285,290.56788630438507,-30033.16431682461
286,299.02421104448223,-30033.513669314216
287,297.3122531120099,-30034.039242272273
288,282.8070403405513,-30033.871653061706
289,289.0771558693767,-30033.34056359067
290,286.119160989263,-30033.333090646298
291,298.24367001764085,-30033.166155890336
292,295.1014575270462,-30033.044185653172
293,297.8430387649383,-30032.500472827993
294,310.38821363490644,-30032.69402864871
295,285.76974542119837,-30032.97275728222
296,305.9533453445837,-30032.651515694513
297,318.5795339977281,-30032.55787325683
298,296.4924422117073,-30032.397796797697
299,302.83637639912916,-30032.634377926344
300,328.1816519724446,-30032.226001485942
301,309.44765541810733,-30032.305626693716
302,324.4912389476922,-30032.71550527218
303,304.862637787631,-30032.718070232422
304,299.5921435530532,-30032.69857293276
305,278.39890323565754,-30033.1644038295
306,295.8485489721296,-30033.08590157188
307,308.4467524893049,-30033.151167643897
308,297.4098256122392,-30033.413736014958
309,294.1003360828587,-30033.520591486187
310,290.2472331763864,-30033.86575848335
311,271.8104727506241,-30033.64882914904
312,287.43610199994055,-30033.489349362808
313,297.4744962392104,-30033.244137197104
314,302.4159337679395,-30033.53755359849
315,301.76415944418886,-30034.27663827085
316,288.89031293751793,-30034.01324184592
317,310.0882769915826,-30033.463307509137
318,292.0001068168733,-30034.23954484159
319,279.74471743414483,-30033.82384102735
320,290.6060243024068,-30034.475855530007
321,270.4052358415434,-30034.838545991683
322,308.558601558482,-30034.021395285792
323,297.8686313208403,-30033.32795274993
324,318.28818825453396,-30033.717560577676
325,291.1067442040251,-30033.553078288773
326,278.462668975138,-30033.48310906996
327,296.84876502541897,-30033.322409184875
328,313.3797671212278,-30032.97214010022
329,315.6372171862258,-30033.0832082609
330,309.400641904027,-30033.154467951834
331,320.448793693833,-30033.01271039909
332,322.6775379495411,-30032.860830234535
333,309.1238618531178,-30032.73566313434
334,312.6979750073244,-30033.49127826673
335,298.73995552989004,-30033.20833417095
336,277.4159020474712,-30033.476290428935
337,294.7199597707339,-30033.555754692825
338,301.66293257028616,-30033.47645538918
339,275.0104984757259,-30033.714654663665
340,305.45924255345807,-30033.351469896905
341,297.6307036765069,-30033.37301238067
342,286.5437264780433,-30034.115357929677
343,294.67970812353667,-30034.123175513418
344,308.11484211935914,-30033.3157836742
345,297.57188924433694,-30033.02683858909
346,283.05366177490953,-30033.54903054798
347,314.9956526584133,-30033.382582463295
348,284.5617820534318,-30033.024689208894
349,311.8055678807876,-30033.27549075522
350,300.74401350792135,-30032.767195504337
351,323.32623491178555,-30032.490963754197
352,305.67008910094796,-30032.95357723893
353,263.89582951595884,-30034.22137007766
354,278.57589306269125,-30034.33181767857
355,297.4536140990364,-30034.25638229588
356,274.3544250430796,-30034.135488323034
357,276.27434133252916,-30034.15154863084
358,284.59540704755426,-30033.887122917673
359,287.34381595395445,-30033.92331612139
360,276.5843797099834,-30034.07732764923
361,279.29927292919473,-30034.639756264005
362,273.3905787809917,-30034.620720234318
363,274.6268750652634,-30034.925496031898
364,292.18480924367645,-30034.602076789248
365,301.05243794367317,-30034.653952703236
366,288.13178222398227,-30034.78822051188
367,290.4399288398721,-30034.30816708095
368,294.8271164948727,-30034.435866233525
369,307.00894504584875,-30034.546783574373
370,279.6431815888197,-30034.28147843352
371,284.8195684167315,-30034.543582150414
372,274.9877778106152,-30034.619524228732
373,286.63439846980594,-30034.36502560445
374,293.0971077525802,-30034.081034799718
375,310.92051800495335,-30033.762642799116
376,270.71149950580013,-30033.955826404326
377,302.6354123167956,-30033.537880864955
378,289.3673414703356,-30033.655514887014
379,299.9834321759349,-30033.49144460755
380,297.7598384327363,-30033.078741824876
381,333.6452107700578,-30032.541413709838
382,327.61606067866825,-30032.87697635546
383,312.4301155215763,-30032.957014225223
384,326.6767048572175,-30033.324481593256
385,300.0370738152691,-30033.884623782953
386,308.93533796852614,-30034.154477509164
387,294.2224246285456,-30034.00188916
388,277.8501259447344,-30034.053236140455
389,298.1077785827195,-30033.630518627888
390,284.91361503085955,-30033.8439460155
391,280.34804666356496,-30033.92191494708
392,306.3891785318189,-30033.601467717766
393,295.132018601448,-30033.85982159017
394,314.6944574211662,-30033.73587742245
395,326.70732342319417,-30033.485819206137
396,328.0678914462523,-30032.83238452364
397,317.7636925477475,-30033.226874604516
398,298.5193279135121,-30033.262723367527
399,319.36167925535256,-30033.047924369963
400,314.37719603552665,-30033.579811714975
401,306.5378042217417,-30033.377018379513
402,308.7468401259233,-30032.721728727585
403,287.3550925552653,-30033.296078761858
404,323.1418021493223,-30033.37451875946
405,293.0035870065586,-30034.265032679767
406,288.4923694393359,-30034.593584786868
407,291.18980746184286,-30034.463093996943
408,293.9561556336751,-30033.72149127907
409,335.6116217517261,-30033.181302086792
410,317.7255219802167,-30033.126274220056
411,325.736008578388,-30032.85795811821
412,275.10986700602325,-30033.48558751117
413,305.871089981043,-30033.243432747808
414,317.57480750872475,-30032.811713707488
415,317.38508526550083,-30032.47665203777
416,288.1158289114906,-30033.00737262615
417,292.5875480202224,-30033.69739423
418,299.4668084969426,-30033.37946646449
419,314.04026671156737,-30033.434007376483
420,293.36641268629455,-30033.40823115771
421,308.30733341305614,-30033.266009923085
422,305.0867340109155,-30033.099140482213
423,317.5904535806412,-30033.79374121243
424,289.38468898183,-30034.328905755992
425,294.7137808413623,-30033.82348856201
426,285.2712835424799,-30033.92868073343
427,308.97373408968787,-30033.73554095839
428,282.9192824281366,-30033.857105172305
429,313.09985067453806,-30033.422554962748
430,305.1176593826202,-30033.72336098684
431,305.83173306424595,-30033.4299716411
432,295.18069901782025,-30033.842969566624
433,309.722978371718,-30033.759624488357
434,273.45879218483026,-30034.167828993322
435,263.08957124364713,-30034.677239249726
436,282.91390956522264,-30035.021303099027
437,273.7240899839115,-30035.21192322891
438,295.5436401384552,-30034.6560870098
439,298.84725414451475,-30033.9634421352
440,334.19025537601607,-30034.15462860879
441,310.05703536457327,-30033.860579350938
442,273.609201852913,-30034.61130343867
443,281.6471231894441,-30034.322764575278
444,278.9404057849674,-30034.307004883438
445,294.9069476741573,-30033.97682278347
446,296.0820544336406,-30033.357359655318
447,322.509952750812,-30033.07403871031
448,312.2051610538848,-30033.208778108077
449,300.9037840102271,-30032.542465253387
450,328.96932400412265,-30032.38388204292
451,339.80524462925376,-30032.08341142338
452,318.74320296764,-30032.94241974231
453,313.2088132085252,-30032.92176161176
454,306.77890418907606,-30033.72836316318
455,262.30585758416555,-30033.548555794245
456,304.0008107705871,-30033.538621303112
457,276.774803383317,-30033.756121638915
458,284.8566935586242,-30033.63834951055
459,298.46555145229917,-30033.334391340402
460,309.98638425537314,-30033.247125785983
461,341.033794501595,-30032.56611684963
462,346.9700763574082,-30032.66258251208
463,341.3657424068435,-30032.485484248224
464,292.01792961881307,-30032.823079980546
465,290.0405471902602,-30033.347530646497
466,288.9419215672357,-30033.574441014734
467,322.1182365515801,-30033.65813093788
468,310.12571681774205,-30033.935020062436
469,307.6748996428823,-30034.028044603423
470,279.91690216801976,-30034.108563492115
471,267.5826944527488,-30034.36672134843
472,302.37098955379236,-30034.321889573475
473,274.948154127702,-30034.09513234605
474,292.8091734885917,-30033.75040175687
475,321.48839109716056,-30033.73455350293
476,283.16041617958626,-30033.99165222942
477,307.73182852320406,-30033.704344046644
478,312.0332056082588,-30033.031471738945
479,352.3729711429989,-30032.95413318933
480,318.5422767449762,-30033.01389047664
481,337.1435891576837,-30032.550890914372
482,298.8396874726105,-30033.262460983395
483,326.98288681288284,-30032.64488906542
484,321.49674088775663,-30032.244108665687
485,317.963711988019,-30031.95034860126
486,330.6521047425328,-30032.034825766208
487,317.579901340832,-30032.135804063928
488,304.9775616774084,-30032.53353287134
489,349.68972012761384,-30032.162391385933
490,302.4968179614991,-30032.45543673148
491,314.9581646936417,-30032.43821487336
492,297.0606354563964,-30032.803396969208
493,297.8533240207274,-30032.86935420601
494,310.6156112425327,-30033.035953184826
495,316.6750880749886,-30032.359782382733
496,312.86263475248103,-30032.565252904034
497,307.6281101015905,-30032.640552091154
498,311.2117638109612,-30032.956473622256
499,292.98973355756544,-30032.417725615524
500,347.6560367880862,-30032.13357365526
501,314.1739514311291,-30032.42868463572
502,296.52020277951516,-30032.779909573397
503,289.7270302596072,-30032.673792432448
504,279.31867211865597,-30033.418564169027
505,268.9983581552154,-30033.92088231625
506,295.1919414756271,-30033.707920567704
507,305.47759436885,-30033.380304201713
508,301.1087069388231,-30032.986518779322
509,313.5501955741529,-30032.805734958256
510,303.95790306681226,-30033.156890321447
511,279.1143484352739,-30032.962776788703
512,309.34688113328303,-30032.704651154225
513,317.52233918188546,-30032.178270582936
514,302.2916295572896,-30032.45865552204
515,292.1402443896359,-30032.8785907022
516,316.6834788084037,-30032.1427740135
517,346.86242304622147,-30031.7746709882
518,324.2659732779343,-30031.869620749098
519,314.1143643283606,-30031.986827194833
520,316.40918045964037,-30032.091094142983
521,323.00739549008205,-30031.915015947216
522,337.03062904380016,-30031.688503777124
523,342.58411749002755,-30031.870789887067
524,287.7771931412956,-30032.881142549813
525,268.4405257016981,-30033.093145993837
526,319.6807543781771,-30032.647303735936
527,314.7063206512795,-30032.544172151534
528,282.1737877123341,-30032.811442756927
529,319.6975177919839,-30032.123443702505
530,307.58843327802504,-30032.461864672918
531,323.9969607860802,-30032.696713894908
532,313.59719141379685,-30032.161972270635
533,304.41912395192037,-30032.494874305226
534,301.1212962534138,-30033.064326456944
535,312.430991667867,-30033.24410151635
536,286.7216058691546,-30033.55813998167
537,301.6072503079212,-30033.147780774092
538,327.5486038877811,-30032.911879775504
539,279.66440550625236,-30032.94305284501
540,303.5469426087518,-30033.69068636386
541,291.2414541367163,-30033.768432831803
542,290.987255087172,-30033.819761969557
543,294.37757692197994,-30033.609306564198
544,334.1243417302201,-30033.185586882795
545,312.70876543424725,-30033.55545941156
546,339.8823130385309,-30033.20646886085
547,305.70567159153376,-30033.55033660766
548,319.9022014168164,-30033.616331385256
549,280.57614623391544,-30033.50600928974
550,299.5612842046424,-30033.75794451397
551,304.299392859646,-30033.51156408517
552,311.5865378687404,-30033.626714683072
553,301.6675765925946,-30033.126728958385
554,303.4422525082915,-30033.16988765021
555,284.23113174363664,-30032.986148478507
556,327.42181468146094,-30032.06937246009
557,325.52272156408725,-30032.687552914835
558,286.94968750589413,-30033.446922276355
559,320.10383159893496,-30032.94328040714
560,331.99186665499013,-30032.91902489111
561,320.53443492651496,-30033.36602050262
562,299.95820720719047,-30033.218642920325
563,319.2362837995721,-30033.656553799105
564,300.04635479282774,-30033.878530474496
565,278.00522176295317,-30034.225108093146
566,294.1799025511371,-30034.190460958354
567,306.8660671389444,-30033.48788491078
568,305.53741202066124,-30033.01551520645
569,289.9391770265193,-30033.041492001546
570,301.9106483539486,-30033.128414666622
571,316.30154401203043,-30032.892635319047
572,335.9049556613428,-30032.593830277838
573,336.4426393304965,-30033.232621339288
574,304.5219503871539,-30033.250094993848
575,330.7240850391021,-30033.175589578077
576,313.4254427817906,-30033.394816938624
577,309.64148884572035,-30033.691365988187
578,314.5093692282021,-30033.88507394829
579,295.24651764619415,-30033.7944355626
580,287.31794972718393,-30033.46107747251
581,309.06088243009634,-30033.08685994923
582,303.83173645968355,-30033.36905481299
583,302.10476234767674,-30033.39891251423
584,298.11289793177235,-30032.896014591155
585,293.73317074131586,-30032.775939892417
586,314.89339586919084,-30032.791409916354
587,301.26300759158056,-30033.115442024708
588,266.7260015700647,-30033.386361759716
589,279.0831754457972,-30033.76239065045
590,285.1193758092131,-30033.40321279785
591,279.1147064817983,-30033.136595888893
592,294.4516266715857,-30033.570330714072
593,288.8236316437142,-30033.454375719026
594,301.91285641843854,-30033.22210901083
595,271.6472287917601,-30033.522084450862
596,277.2757273240376,-30034.011073629732
597,273.87576570464967,-30033.710053262526
598,287.13541707462707,-30033.508647084192
599,301.1067820854484,-30033.34203604658
600,290.4250990443965,-30032.955025251198
601,302.12453932521015,-30033.02341402184
602,309.61555382551734,-30032.5220978233
603,298.15272336449857,-30032.510245138594
604,302.79131068527363,-30032.457779463813
605,286.1554917598058,-30032.416159279113
606,299.5465213043635,-30032.396988498076
607,296.435152296243,-30032.362131454618
608,307.2629230404673,-30032.68491313346
609,287.7338436630088,-30033.20645395338
610,275.4374875989115,-30033.381626482664
611,287.7153468406453,-30033.19910767857
612,296.2832093595379,-30033.147211281364
613,296.5862028209233,-30033.16496474673
614,311.8444951903363,-30032.588962690475
615,267.33283173366567,-30033.16598806098
616,284.3230191866447,-30033.34320739199
617,303.63021764055986,-30033.854602984124
618,307.394026577097,-30032.300749203197
619,322.1573086817635,-30032.41300547283
620,296.6747608425139,-30032.731091955582
621,308.28766774321974,-30032.46963060989
622,324.94602574122604,-30032.272401431685
623,322.6262945427931,-30032.078918735024
624,332.99523302498284,-30032.145687473192
625,302.9967950156193,-30032.43502196423
626,311.8404707977921,-30032.72968912807
627,310.92128674120977,-30031.86027967259
628,322.11096641044253,-30032.117298561814
629,300.8489244059016,-30032.412988652635
630,312.09394555443146,-30032.24283137162
631,308.31320303815005,-30032.502190100127
632,285.6988321839801,-30032.99407594938
633,285.83885859905297,-30032.8714058618
634,281.84229901582955,-30033.31589190866
635,289.02848708189464,-30032.8730403211
636,301.1531383567265,-30032.51078947972
637,310.15036406673534,-30033.39143006149
638,309.71691846706875,-30033.22462098244
639,299.62426528906286,-30033.0590914072
640,299.3933319606957,-30033.603974741374
641,309.4387370671619,-30033.309757736915
642,294.97784977300176,-30033.459410647058
643,268.4894071039448,-30033.607538904304
644,286.8409662905439,-30033.25239704474
645,269.953869731272,-30033.621407361494
646,310.4094165152452,-30033.75599421546
647,301.638376140087,-30033.404808725976
648,310.0209086244086,-30033.564614950395
649,289.9876476304804,-30033.29612964147
650,297.5608189558131,-30033.273211373362
651,333.63993124196554,-30032.348187408996
652,328.4262531883735,-30032.12608614322
653,307.9171999643154,-30032.338343506333
654,310.07621812916597,-30032.7663458361
655,282.14400638269024,-30033.269224665928
656,288.6230594201043,-30033.475056280564
657,302.757868788629,-30032.800419264935
658,327.2736554596745,-30032.58091941569
659,301.62492498433363,-30032.942257146653
660,309.6541883583246,-30033.194952138194
661,289.40852530531873,-30032.916195569982
662,302.77207152746945,-30033.155530025084
663,316.0137087504135,-30032.81395290578
664,298.2238538267348,-30032.949858496126
665,300.18509291245357,-30033.35745535929
666,290.70668838644434,-30033.584646347186
667,305.4621600552232,-30033.052568234256
668,308.1286650381055,-30032.368169632977
669,295.79323032371,-30032.561905291655
670,301.36519080554183,-30032.864819551167
671,291.27504535341996,-30033.125008016967
672,296.3431850728938,-30033.698433927053
673,280.45154419226765,-30033.56188434533
674,274.8349855216416,-30033.74056296399
675,280.4741369495825,-30034.135533629265
676,255.7840477238298,-30034.502005019887
677,276.9718620306205,-30034.120295264496
678,291.48942435301615,-30034.082495071092
679,285.76919956824753,-30033.963005415822
680,287.38929045093107,-30033.826466780258
681,268.0860000724058,-30033.852082057383
682,295.3263026801512,-30033.53265890067
683,326.23339779781827,-30033.09932732912
684,312.542793140724,-30033.315502232945
685,301.3035753632217,-30032.887856985984
686,320.585147696751,-30033.005367252194
687,306.29778579599804,-30033.390880709845
688,321.7220857929358,-30033.306788066584
689,329.5095763290451,-30032.721827109624
690,330.39446381762747,-30032.54327290881
691,303.77404121197463,-30032.86855593659
692,293.0447429666559,-30033.359698440345
693,312.99561961681934,-30032.677135303606
694,311.01126585136205,-30032.68223043692
695,302.6629814186464,-30032.962967216685
696,305.8505187149659,-30033.48613876079
697,298.6942608218249,-30033.256360937652
698,291.7805077959409,-30033.897423736707
699,286.66097844904766,-30033.5831056377
700,313.62811547291494,-30033.774474058348
701,315.5240671036182,-30033.611450911947
702,302.3009661118991,-30033.48576393773
703,309.53758027887505,-30034.12367257544
704,271.95817902715436,-30034.686121735238
705,256.58784822116587,-30035.182916547736
706,291.12475296749426,-30034.52332749044
707,281.1576223979975,-30034.628071531086
708,271.19228014675423,-30034.773786120935
709,289.1335443640666,-30034.501251654685
710,290.12718210169567,-30034.71058132867
711,278.31237497392556,-30034.86385045915
712,312.3604550177923,-30034.208770066372
713,297.2693184642172,-30034.124308844748
714,310.0807843058983,-30034.168574492458
715,276.98183801424875,-30034.692309437934
716,257.74837051154606,-30034.65561790621
717,283.37521599342534,-30034.24600367663
718,305.47036055125744,-30034.044549035087
719,296.5393649543703,-30034.205207827534
720,281.7064810897375,-30033.42478404337
721,322.02822292412526,-30033.20532166858
722,297.49455331206013,-30033.386209769717
723,285.6028695858509,-30033.357822878
724,298.7294022272321,-30033.33750642424
725,308.42624646489185,-30033.139965762417
726,321.22305146025195,-30033.20999157189
727,314.1771469436229,-30033.10438534062
728,339.3107168115662,-30032.98454821386
729,285.8493010823073,-30033.38872077679
730,282.77002150281606,-30033.0737580221
731,302.04844425038766,-30033.3866601758
732,277.60552054952694,-30033.834792213518
733,277.5989740290263,-30034.131832223095
734,298.56647634132554,-30034.245909958812
735,277.92249896245505,-30033.985005678514
736,293.52805757752606,-30034.05845366149
737,267.30315330325516,-30033.84056425133
738,298.19578471408977,-30033.64001912251
739,281.63223559657393,-30034.118061702346
740,283.2407041080381,-30034.145878516683
741,256.6888231663272,-30033.932324529444
742,285.4388684004564,-30033.77015976624
743,297.6271101044405,-30033.724665459136
744,299.13272703496693,-30033.393746593665
745,272.7926291493471,-30033.430713843107
746,286.26421100884295,-30033.06771581029
747,271.09352256378065,-30032.95986912408
748,301.0491486800589,-30032.486066861402
749,307.61810823437565,-30032.242366695133
750,304.79675480471616,-30032.34082460855
751,303.28932193395536,-30032.927648621047
752,298.9301758963586,-30032.705492660127
753,281.78685329750266,-30033.018461331318
754,306.63746475732495,-30032.567865741825
755,291.06596884143903,-30033.09512168497
756,277.84729116700123,-30032.869713842985
757,284.14486245665984,-30032.89457295552
758,311.92299723121135,-30033.05964024227
759,320.89058297947383,-30033.052356044765
760,311.674188894284,-30033.120599128386
761,321.0829596938532,-30032.7701633067
762,276.6561241729488,-30033.44856615545
763,269.82043289174936,-30033.640395729268
764,271.2508020500423,-30034.19027978591
765,274.0429986881081,-30034.244900539583
766,281.01356597186583,-30033.973499447886
767,275.30641510066516,-30034.240399005583
768,280.25702108202637,-30034.006240559786
769,302.96591359522336,-30034.176034726777
770,273.15746450318994,-30034.052377290827
771,299.0905402094344,-30033.504184941765
772,294.36667859282323,-30033.291221889118
773,277.7945919647239,-30033.392526537806
774,270.6557940266396,-30032.787308624433
775,275.2213190246747,-30033.213247036
776,301.97125723444435,-30033.193293227894
777,303.9240273840406,-30032.931181681448
778,309.9705527173484,-30033.060024830844
779,305.0101202312953,-30033.085446585486
780,301.92537972113774,-30033.094840227328
781,307.41463413867615,-30033.421323525363
782,275.2343208965426,-30033.246122439832
783,283.7887926959934,-30033.319563564964
784,312.7654049533857,-30032.88020364833
785,312.49316881369367,-30032.79331554841
786,297.9907722473389,-30032.883467853448
787,302.5821446494745,-30032.75992663833
788,299.2727462427719,-30032.804279812746
789,310.86491631753313,-30032.139044278083
790,291.8540505574647,-30032.608460665568
791,313.9046757429369,-30032.249925040574
792,315.1017162914737,-30031.61037780611
793,291.7841200725255,-30032.139520186778
794,299.54892940003117,-30032.33052155036
795,305.22010509595356,-30032.73054439682
796,317.6189783415508,-30032.720756601113
797,290.888967845853,-30031.976536242415
798,305.99704121909093,-30032.70900805979
799,313.7189201905194,-30032.854216512675
800,295.3136122714149,-30033.060322521193
801,295.5365587135991,-30032.85743737701
802,303.2424242640731,-30032.899533834236
803,306.4411807885502,-30033.348203839938
804,302.625720649253,-30032.876015775135
805,318.6060942364503,-30032.62165691265
806,322.83636450208235,-30032.35682690149
807,318.7281731109252,-30032.561939205236
808,314.7323838398695,-30032.727108960848
809,305.1086418044442,-30032.456010156133
810,335.846399497663,-30032.01327497642
811,324.7486699403269,-30031.843782171065
812,299.634667360325,-30032.361563590806
813,306.85121575966707,-30032.11911862506
814,304.9072519622936,-30032.53335195131
815,315.9255065079165,-30032.939222979272
816,301.6012017280979,-30033.130355107725
817,291.7588099630722,-30033.938986270583
818,316.2386985924288,-30033.78875063129
819,278.19029461339085,-30033.269271329023
820,290.7272234367641,-30033.54701937205
821,322.14483591868236,-30033.202382357445
822,274.964268795766,-30033.4541011647
823,301.7321489020932,-30033.16416386869
824,302.20453745372043,-30033.122960113713
825,308.247875409864,-30033.023367978156
826,287.74055938695864,-30032.966050303916
827,290.67134422388347,-30032.991787221235
828,298.1755306087005,-30032.943264016238
829,286.11201157716573,-30033.10280210217
830,321.69722203076105,-30032.2605397749
831,306.0148370179127,-30033.011293879383
832,285.05238998615727,-30033.483026221824
833,304.4371186319621,-30033.410436361875
834,303.889455393096,-30033.434006217376
835,322.5073483922626,-30033.562385604968
836,294.407466943783,-30033.969881290537
837,275.24065268438363,-30034.195181592742
838,290.9192538886296,-30034.43280411177
839,307.1296342283428,-30034.631632145105
840,279.77045114934833,-30034.82319239127
841,276.9018020054709,-30035.055654925858
842,288.73311661809373,-30034.534782212813
843,286.51495496787584,-30034.27038001048
844,300.7080067808763,-30033.64310307878
845,317.2100341961224,-30033.47715807098
846,285.2613238913913,-30033.966041148316
847,295.0089244935839,-30033.556283637245
848,294.6882932051843,-30034.0331153705
849,291.7740113330784,-30033.696415609546
850,265.2653231574268,-30033.72005416878
851,277.43767636578934,-30034.340975967192
852,274.66570904336464,-30033.74482969464
853,302.887966704074,-30033.70924943205
854,308.0717431030491,-30033.781713764696
855,295.54820158261083,-30033.72042516045
856,304.42300051735947,-30033.442042218714
857,307.64347179065453,-30033.651883639162
858,297.48054503190116,-30034.2635159831
859,306.59397331871565,-30033.4205244736
860,322.11281629060386,-30033.457095684305
861,300.8778688414316,-30033.330227838127
862,315.4026274174358,-30033.54224625818
863,306.48286881190757,-30033.843246814493
864,293.7036331288358,-30034.145825033356
865,290.6600017498634,-30034.572151241133
866,292.3158100616478,-30034.71400919808
867,287.99919903064415,-30033.803281112916
868,295.0410070413836,-30034.12774059945
869,305.9552646215501,-30033.92490481781
870,321.8379149900928,-30033.819493511604
871,309.3132195169658,-30034.103937118532
872,283.449656340096,-30034.08397110624
873,316.21741157867257,-30033.818584060187
874,314.04021587110185,-30033.320727407954
875,324.0329847752847,-30033.52783713536
876,319.3488134594888,-30033.68496741124
877,304.1865262773155,-30033.65112771539
878,298.7809102878348,-30033.586208127967
879,295.0289991897484,-30033.27257451565
880,293.08816374788455,-30033.397666489538
881,289.2801009006651,-30034.312010720874
882,287.2807010712884,-30034.192485100633
883,286.34705630677627,-30034.02656513729
884,286.9597043451658,-30034.307997919997
885,299.1607390890298,-30034.34030615548
886,285.2110734395854,-30034.28762024569
887,285.47079488782333,-30034.80255816206
888,276.3164661350886,-30035.252049346076
889,271.0580279893822,-30035.181466914364
890,275.30545397515425,-30034.568548231415
891,264.008056056733,-30034.511510080123
892,281.4172067640785,-30033.939887902707
893,307.2664669082285,-30033.593026932824
894,305.1217595893497,-30033.869742013296
895,276.7033964006648,-30033.820421501274
896,291.49816860526846,-30033.910399666172
897,302.828619633455,-30033.609182815984
898,292.5499890505965,-30034.24912217979
899,291.1860246139672,-30033.424126846236
900,315.46879579567604,-30033.649953438467
901,296.5384816663186,-30034.20327696642
902,267.07142867858386,-30034.211639405676
903,289.7866741354815,-30034.05705469233
904,281.173975332661,-30033.906956219063
905,289.45512812775365,-30034.40916153863
906,303.80022579413327,-30033.940161561095
907,319.1359811559328,-30034.15908199657
908,291.51043080232387,-30033.71282496402
909,292.9625607875517,-30033.949660523976
910,297.21520495542063,-30034.05731343814
911,292.6704834950399,-30034.11522565903
912,302.8437608729363,-30033.42911367058
913,310.00452449258705,-30033.840418548763
914,318.46438055845346,-30033.539291403864
915,305.8302644260901,-30033.949539909143
916,286.8776130964522,-30034.313973336666
917,290.7821959821602,-30034.145243126044
918,296.01501866932136,-30034.226236838094
919,278.64994673705166,-30034.26745110452
920,297.4895013174468,-30034.171493358732
921,298.5436821829774,-30034.24257825133
922,306.4672402507072,-30033.73621886818
923,298.6540068093374,-30034.05229744286
924,282.01415463043134,-30034.059607044102
925,300.05095932581384,-30034.04833628906
926,291.5625957699435,-30033.79940073495
927,332.9421174022437,-30033.822807539178
928,302.8192163792736,-30033.687544831508
929,296.6669056228261,-30034.065274326826
930,270.9493573402082,-30034.85998728319
931,311.6965562215724,-30034.471597844444
932,304.8464738413341,-30034.44504015586
933,277.2745380284416,-30034.41540048175
934,279.1263517396693,-30034.51520861212
935,318.92189419344487,-30033.937915706443
936,298.1254101500216,-30034.130074212044
937,324.5698483779151,-30034.256492617154
938,299.7575850602166,-30034.385809115214
939,281.6972903865929,-30034.333218826396
940,289.51646954602404,-30034.833396635782
941,299.2258609793614,-30034.54764908822
942,292.07900937738276,-30034.90747792301
943,272.3479876992642,-30035.73879633821
944,264.9762312599649,-30035.492965929887
945,260.93563419427124,-30035.276452596936
946,280.2249879737537,-30034.84103235142
947,260.20524929287853,-30035.494081203244
948,297.2848291504422,-30034.85633976218
949,282.60072599791255,-30035.220603357324
950,278.77161992482894,-30035.365946747715
951,247.60400886076775,-30035.32146980377
952,251.24716737228948,-30035.124172725205
953,275.73826461321744,-30034.83302956511
954,283.1713423198634,-30034.8195018285
955,282.00366827801327,-30034.907527609863
956,273.32559988520575,-30034.7532174473
957,280.5841660287384,-30035.07026027027
958,276.79693217078113,-30035.111032617533
959,267.4764041274238,-30034.627212969554
960,274.086314795477,-30033.886386852155
961,279.36456462395455,-30034.37443866671
962,268.9197361679605,-30034.807629662788
963,286.9552272428152,-30034.96240764346
964,277.92533216473726,-30034.967356140693
965,283.0319205700612,-30034.848406675075
966,285.74020999593864,-30034.27037674303
967,278.1648376123674,-30033.98670986533
968,306.3346199517611,-30034.32354602949
969,289.35440583770657,-30034.542559688573
970,276.4851074905282,-30035.097407999143
971,267.6884266351377,-30034.383587545686
972,283.72621836878267,-30034.762547044138
973,269.753388825758,-30034.778804371297
974,249.80039084071535,-30035.297358477746
975,284.46687862220574,-30034.83567506548
976,294.71802753251364,-30034.321428396226
977,268.20804214558143,-30034.542365277568
978,286.24918049393506,-30034.18723528981
979,299.8707194012447,-30033.42006686095
980,317.28777985321665,-30033.02597968795
981,305.460872544106,-30033.115100686864
982,331.11906143132506,-30032.997665175088
983,327.19113754842414,-30033.424796211682
984,317.64802538296397,-30033.16533695036
985,320.2982983122609,-30033.13759748921
986,301.75501874413646,-30033.360853043512
987,322.5824772068265,-30033.478460681265
988,311.5977117928156,-30034.075651786596
989,274.8670621405255,-30034.575691950642
990,269.57424367136804,-30034.800897973742
991,291.2702055678773,-30034.486458132105
992,291.569197277309,-30034.869546839396
993,289.92507392305214,-30034.336769355017
994,296.7981913753213,-30033.952590178684
995,312.8005018332337,-30034.246506507214
996,299.3817662927147,-30034.09059438703
997,301.13178201260916,-30033.331640281136
998,304.91073860838594,-30033.962951567988
999,291.74570570087883,-30034.01158219757
1000,319.79699809927683,-30033.708826857594
1001,320.4940177400645,-30034.474461120742
1002,286.71108898675993,-30034.22637381696
1003,286.3873274334356,-30034.187659450705
1004,308.4302837025378,-30033.903535876052
1005,290.2175351689002,-30034.485647667156
1006,310.1236846214244,-30034.47804003535
1007,282.74115089555966,-30034.601829475712
1008,285.70771995052786,-30034.859086302084
1009,286.556791244054,-30034.95877862322
1010,300.9056524057147,-30034.788511909184
1011,276.9703466260434,-30034.651583461316
1012,296.0167549609227,-30034.685177448664
1013,322.4868142462198,-30034.129309432312
1014,287.39417019779376,-30033.679859407865
1015,282.5300809256927,-30033.978243390204
1016,266.8216582943564,-30033.52848191586
1017,272.9129072904035,-30033.44526027442
1018,294.002988442443,-30033.638279575753
1019,280.2352320577859,-30033.4970241422
1020,299.1583167865964,-30033.102085961287
1021,300.37104942586757,-30033.42112757183
1022,309.7537027877274,-30033.301818808213
1023,317.0196217176761,-30033.126488799116
1024,310.966813489408,-30032.63256963943
1025,308.96062821238513,-30032.665558801087
1026,305.41085975762905,-30032.801908168716
1027,300.30410227240685,-30032.82320564611
1028,289.726227041295,-30032.40623455312
1029,294.1530390824013,-30032.69895057065
1030,317.30799129238983,-30032.322345244655
1031,305.63044635597515,-30032.38817021172
1032,311.9908800702604,-30032.86456983339
1033,298.5807414895074,-30032.80414414589
1034,263.9436899118447,-30033.011179348297
1035,300.63773348837356,-30033.20151499069
1036,305.82074953129376,-30033.305248488643
1037,278.02741765481596,-30033.50579863035
1038,288.25777275784066,-30033.648326083385
1039,300.88306773467525,-30033.42775304643
1040,296.5628826604462,-30033.438990047496
1041,314.2635906405636,-30032.951815842483
1042,310.2068610156718,-30033.220084141838
1043,298.5424307618831,-30033.387141044263
1044,316.3853946805885,-30033.081928054988
1045,300.35010260641496,-30033.966577425894
1046,322.4613456925104,-30033.448310759813
1047,284.48940367024034,-30033.846826056073
1048,264.39505445501896,-30034.945114892987
1049,271.12470436301044,-30034.435645665275
1050,285.3264264071096,-30034.339400194407
1051,290.25651986290217,-30034.303024405996
1052,293.8668761507988,-30034.04014788015
1053,295.4004041269745,-30033.95852549748
1054,302.87245556651266,-30033.514327900994
1055,296.65880003238857,-30033.608447383835
1056,286.377190789201,-30033.81682120183
1057,286.3702736604027,-30034.102151802843
1058,303.35158939241535,-30033.707329126715
1059,332.10804419622025,-30033.60750280588
1060,300.1126401307616,-30033.242094081736
1061,327.09265705597187,-30032.409700355565
1062,283.2377460448523,-30032.74360932671
1063,331.3949259229528,-30032.69969619489
1064,306.0093459572658,-30033.189166660362
1065,301.882148761627,-30033.242414268545
1066,287.59322540946226,-30032.92484208366
1067,309.9749841132073,-30033.606788134446
1068,304.3073826507587,-30033.64026894696
1069,311.64492948767963,-30033.808836631957
1070,280.81042589558723,-30034.058697858924
1071,275.90995468653585,-30033.920498873133
1072,297.9670984333306,-30033.208283318294
1073,330.8791238931683,-30032.74004109159
1074,312.03508875236935,-30032.377127398
1075,311.4417996900939,-30032.765128533916
1076,298.8506395140395,-30033.29929430462
1077,314.26926786151654,-30032.648938369206
1078,304.57951037314723,-30032.824816029613
1079,326.11344513216716,-30033.057428943972
1080,318.76785756827854,-30033.00429830606
1081,311.1165169935736,-30033.076061884127
1082,323.652707037945,-30033.21710979859
1083,299.56857633589254,-30033.361276335763
1084,283.48017386104755,-30033.50117064103
1085,311.92975605557143,-30033.74501675643
1086,294.8625819422552,-30033.622472302406
1087,287.4334045581478,-30033.628089228692
1088,295.22459380365365,-30033.341863168203
1089,319.6071067901283,-30033.194081949303
1090,308.97313541537375,-30033.68477479839
1091,299.2294901579619,-30034.028026362266
1092,284.2613466264123,-30034.1201525165
1093,298.3650929634205,-30034.250985966057
1094,283.0473438964541,-30034.070674169474
1095,297.048485252742,-30034.28612509849
1096,277.3914008643277,-30034.463236123192
1097,298.50228877346905,-30033.86471535083
1098,294.8408903568006,-30034.39255030381
1099,288.27458055003603,-30034.349074306363
1100,269.1102633516016,-30034.810639793424
1101,276.13515573484096,-30034.916775650043
1102,279.1562724025027,-30033.99297006613
1103,318.3464231679401,-30033.80788960143
1104,283.10981233237345,-30034.186287109365
1105,294.82926620223566,-30034.170187048665
1106,291.3144821086225,-30034.13768586129
1107,293.96959255624023,-30034.15084009215
1108,300.6020700779807,-30033.784445161604
1109,302.1612348272689,-30033.680692211346
1110,297.44836550600104,-30034.090498965295
1111,290.8940112788772,-30034.509612244197
1112,276.94812535199117,-30034.25565918889
1113,286.5753044042711,-30034.030577611218
1114,324.8319097594563,-30033.435434053885
1115,314.3245409423528,-30034.098717047997
1116,300.3760526768378,-30033.96006396143
1117,295.4693526036069,-30033.902100103467
1118,284.10947151019246,-30034.157183758787
1119,295.5995878349616,-30033.525770559438
1120,280.615548114023,-30034.083141138115
1121,267.5248477630469,-30033.729507539232
1122,287.6956896450488,-30033.293353151774
1123,280.3945776424831,-30033.741054601593
1124,269.68580755840145,-30033.450429678855
1125,269.74291009841335,-30034.167740369863
1126,281.6806054547279,-30033.956686256635
1127,285.9622286449775,-30033.784311859512
1128,301.3036742211824,-30033.9249638692
1129,284.51320162088774,-30034.691929337274
1130,290.57430835269105,-30034.048920577443
1131,322.62928814656357,-30033.67259327917
1132,304.171862191824,-30033.366341083805
1133,292.01985044582983,-30034.008578439774
1134,279.35442516946495,-30033.646178613668
1135,309.0114549134974,-30033.677949553952
1136,267.009004758825,-30034.111650343722
1137,273.01376048863136,-30033.915374449847
1138,275.2750401865786,-30034.07908045698
1139,262.94804049657813,-30034.518697255036
1140,285.4970988313459,-30033.99916077798
1141,292.7523276135447,-30033.425662721445
1142,280.82322845419645,-30033.839625161585
1143,271.9543633711169,-30033.832702286487
1144,305.9271869130439,-30033.273268785862
1145,276.94238296172307,-30033.785100804806
1146,316.8276171087008,-30033.654765908006
1147,274.4340008335629,-30034.21746693523
1148,285.5304360130423,-30033.94167986627
1149,300.7884336052271,-30033.881310240078
1150,270.86918939494495,-30033.988961096667
1151,291.986542416355,-30033.63832424168
1152,297.80421812649683,-30033.51902945402
1153,281.626233258409,-30033.59282237043
1154,282.41090042419273,-30033.405075542127
1155,271.82862853805983,-30033.923762144866
1156,286.96876850311634,-30033.503081951632
1157,291.4407681716716,-30033.323955858777
1158,277.8703405401599,-30032.939445367603
1159,300.7746032851575,-30033.186346342856
1160,332.8098878097149,-30032.64840610246
1161,306.18149176525793,-30033.042249481277
1162,286.7583842668527,-30034.090416081734
1163,295.42714043739863,-30033.680507840294
1164,286.96288403094593,-30034.272761523822
1165,282.3340833966229,-30034.805449268402
1166,261.8393940864689,-30034.73023520414
1167,273.01289121083556,-30035.022818235593
1168,276.958378772027,-30035.05422886935
1169,283.46553618581936,-30034.52302396875
1170,273.01112332889124,-30034.22403467128
1171,315.8371670232776,-30033.724652762045
1172,310.6778979752323,-30033.966023829675
1173,271.3777172653157,-30034.14215892518
1174,304.874165368739,-30034.405279671773
1175,262.5060640629019,-30034.93999382656
1176,288.34745939011384,-30034.501534219824
1177,268.13650163994055,-30034.280496630465
1178,282.04633880940196,-30034.086139569623
1179,284.5883444900474,-30034.211519684315
1180,294.2467008591085,-30033.940730385828
1181,285.811566523772,-30033.70607815242
1182,287.63352815860384,-30033.74804497501
1183,297.10286366095283,-30033.316004453125
1184,279.63725905156593,-30033.553112090165
1185,316.2913900294129,-30032.7366412572
1186,310.29282416589933,-30033.282370506215
1187,315.96365403958595,-30033.432402069368
1188,321.42787710521026,-30033.495844424928
1189,290.54731714549575,-30033.87577278448
1190,284.08696915348736,-30034.528844696244
1191,258.38200046803115,-30034.91894370017
1192,284.4965056164353,-30034.66305329661
1193,279.39046480260765,-30034.701910834803
1194,310.63681442924076,-30033.92213749385
1195,334.4374990663917,-30033.540974785672
1196,311.2437773834295,-30033.520119823035
1197,304.1105013166358,-30033.07296585208
1198,330.92486587751614,-30032.61584125826
1199,336.33506159744184,-30032.93650478541
1200,306.9646434190762,-30033.3506346025
1201,313.0729129296358,-30033.15565582223
1202,335.1214915585954,-30032.592093657106
1203,300.13818917970315,-30033.075434475297
1204,295.2246487986325,-30033.775455532017
1205,302.6663977057226,-30033.648427981807
1206,307.7898078423478,-30033.558351387826
1207,287.4941456077699,-30033.99374570855
1208,305.3203973497521,-30033.88817271124
1209,307.10778626943204,-30033.38413596301
1210,273.25116666515527,-30033.835171713064
1211,294.2732210894158,-30033.775999425092
1212,310.08276393374194,-30033.10211834457
1213,313.1056147199047,-30033.205612801
1214,310.71565310498073,-30033.459212810532
1215,304.4213230137415,-30033.487006376352
1216,294.5189336572331,-30034.097931069973
1217,302.2460558561657,-30033.582851113682
1218,310.15896830354865,-30033.678322560754
1219,299.78511299280524,-30033.176130879645
1220,309.29441395258175,-30033.21573925078
1221,325.4718448290227,-30033.10680404811
1222,300.1414004103639,-30033.217931659008
1223,306.47879644491263,-30033.532802586316
1224,310.3245618824001,-30033.324539285135
1225,277.25071007497303,-30033.716782331787
1226,281.2724897954542,-30033.912285593935
1227,287.29216377752226,-30033.701961800198
1228,294.30103193011763,-30034.107329683626
1229,293.12985299612956,-30033.69544380822
1230,284.2609903781253,-30033.274458370986
1231,291.27409198460884,-30033.390657047286
1232,295.18434080756487,-30033.085065272797
1233,287.91743017361523,-30033.58073277848
1234,273.7409729152923,-30033.621653932958
1235,284.99067982370366,-30033.894737919123
1236,302.32523057559496,-30033.77616796015
1237,300.2280353976624,-30033.815357339266
1238,284.07331815568466,-30034.02723565408
1239,282.6984576803553,-30033.944702462715
1240,283.44549480875276,-30034.326263500512
1241,278.29505292739674,-30034.440458948306
1242,302.18209089219374,-30034.209463394815
1243,290.09640012988467,-30034.014091584548
1244,295.90248862821016,-30034.008370110565
1245,292.8169547365972,-30033.46700250014
1246,292.14738847872815,-30033.718254380496
1247,301.5131689558583,-30033.745855284604
1248,295.9499352734579,-30033.046236685077
1249,319.16350900827103,-30033.119325638025
1250,291.071709895402,-30033.305914477736
1251,283.5911756402787,-30033.840169639454
1252,298.51738915271534,-30033.14558473533
1253,299.0730199127813,-30033.498767177953
1254,307.12076091215766,-30033.71193392817
1255,300.40532666918534,-30033.71323234022
1256,301.5001760775824,-30034.14852652908
1257,299.1568990923287,-30034.00251232025
1258,278.7400942362592,-30033.974163249488
1259,305.76175339087615,-30033.79501677714
1260,322.47824718809517,-30033.481087870936
1261,291.2954214396552,-30034.001447548628
1262,293.5174027870086,-30034.326300347853
1263,288.34178207612285,-30034.126677320448
1264,285.31106345369824,-30034.080021803267
1265,273.08320079188536,-30034.216358534002
1266,285.21061243448844,-30033.85208499064
1267,324.4975726067395,-30034.004408127927
1268,285.88931364956903,-30034.250993482376
1269,280.4805481139599,-30034.531856406433
1270,286.81193748668187,-30034.323441235807
1271,339.73783417096945,-30033.243313675575
1272,316.1111797758436,-30033.20016795621
1273,329.72004912678824,-30032.810271997274
1274,318.92308672781,-30032.682026272792
1275,320.7730526907403,-30032.762349726934
1276,313.9670112873364,-30033.115541330088
1277,302.5142945376117,-30033.4315587223
1278,302.62812070360917,-30033.549783405106
1279,285.9369409076348,-30033.900183629412
1280,291.95993271062196,-30033.777666832706
1281,291.5977764532584,-30033.25749835651
1282,302.6980926518964,-30033.86833221378
1283,309.83311116447015,-30033.424817265186
1284,275.30134912426286,-30033.86943294702
1285,294.9871319416049,-30033.82831730858
1286,317.54527737243114,-30033.380817409987
1287,303.80369231180055,-30033.818980435124
1288,291.7879157651495,-30034.190205763723
1289,293.4334684191885,-30033.929978471613
1290,288.76332511268504,-30034.883630161825
1291,271.50755394012015,-30034.601776927047
1292,289.27107446551776,-30034.404035113414
1293,273.0448466974696,-30034.619669025466
1294,285.7010871152418,-30033.89831598728
1295,320.2324059205115,-30033.36191460249
1296,306.4575092721163,-30033.451307894222
1297,308.22643779811085,-30033.371564577978
1298,282.15141412584694,-30033.22606919864
1299,311.09277565245253,-30033.38525405104
1300,317.53668519024797,-30033.466971481877
1301,303.22571965139116,-30033.878470510543
1302,284.4552163974358,-30033.968781519914
1303,281.79961904516443,-30033.875561436824
1304,292.42478017911714,-30034.090168780946
1305,291.11862482315917,-30034.209028829555
1306,283.1473666702612,-30033.84159052632
1307,310.55547530960627,-30033.701531452585
1308,304.2867466138626,-30033.386882842533
1309,316.29302836540614,-30033.19753746181
1310,319.2663449139485,-30032.632358587936
1311,332.3933141168013,-30032.803437380342
1312,326.2997176371116,-30033.425780691727
1313,317.8019615543525,-30033.22591000775
1314,297.99700248200844,-30033.982920191076
1315,312.4099616864616,-30033.55127221657
1316,323.71027114217725,-30033.66487760555
1317,305.61385664768494,-30033.853432116786
1318,317.9078587629268,-30033.45956892041
1319,301.2002101651772,-30033.74983737725
1320,298.9872432102801,-30033.01655423903
1321,317.4932131393299,-30033.71416097497
1322,286.61007675877556,-30034.27970114999
1323,306.9355955690074,-30033.90996052364
1324,289.5848928485713,-30033.964484479144
1325,291.22225001425556,-30033.681026259983
1326,310.9753154751063,-30033.507355341004
1327,303.51519755610457,-30033.70906464486
1328,296.792081803315,-30034.06211917467
1329,279.8553069524078,-30033.758553542102
1330,304.09948073100736,-30033.708009258557
1331,296.88649120854285,-30033.68669264535
1332,284.31509354445956,-30034.32582903828
1333,279.5809498712984,-30034.470547026976
1334,274.8573134683875,-30034.59156267266
1335,281.9991991925154,-30034.866624631253
1336,292.5424969651965,-30034.80790477298
1337,287.9321751237083,-30034.931923621818
1338,302.6894125125667,-30034.73378537769
1339,287.43398552458785,-30035.28237146003
1340,310.6092303251096,-30035.077129645262
1341,252.7797803293258,-30035.624604656223
1342,271.652898876063,-30035.48483215747
1343,291.19039841831284,-30035.240422851475
1344,294.33973757708054,-30035.07901033104
1345,292.7856087127328,-30035.159198848338
1346,295.251145359695,-30034.87635016788
1347,295.9224800708979,-30035.091850587436
1348,278.8394659045529,-30035.153299142898
1349,298.91190081413674,-30035.188375171205
1350,279.7226618157719,-30035.46306882946
1351,301.1683352747278,-30035.045562680898
1352,284.7905111039307,-30034.94079893507
1353,301.1306357510252,-30034.96838792345
1354,257.716425083491,-30035.039235612807
1355,288.20963323541474,-30034.958133223325
1356,283.18226938485344,-30034.871960779274
1357,281.139856404544,-30034.915628710234
1358,300.1168064564653,-30034.527145316617
1359,299.2475222051056,-30034.478743727053
1360,307.3578720403794,-30034.266504253286
1361,287.18371933617317,-30034.638288967304
1362,308.8038237903724,-30034.42341741493
1363,292.8511456865397,-30034.45442194361
1364,315.1661809191453,-30034.04820605561
1365,292.22242002063973,-30034.31206628362
1366,274.90972848015554,-30034.258210266056
1367,317.5847739653521,-30033.39544687106
1368,309.0383935641658,-30033.39602054664
1369,282.17151733825625,-30033.532203108276
1370,303.10690184653413,-30033.443965395447
1371,291.65247005062776,-30033.314713516582
1372,301.86003296682003,-30033.14922171244
1373,324.89261581623384,-30032.554997665764
1374,289.6902257905081,-30033.452063864534
1375,293.33880874092335,-30033.754630059233
1376,285.1716740282442,-30034.114785210088
1377,310.52029309384517,-30033.62429324465
1378,292.3517046894089,-30033.570526324176
1379,309.5208602665625,-30033.254953389907
1380,331.2185985971683,-30033.09671877202
1381,303.1275421036198,-30033.6993045185
1382,278.5056606062584,-30034.15780668618
1383,294.68713734300496,-30034.158144504807
1384,303.7532671754404,-30033.79876706054
1385,314.6953662369808,-30033.74952639012
1386,292.62417141639537,-30033.409361736984
1387,335.37798679142907,-30032.236019142463
1388,308.4142452477955,-30032.663705761388
1389,342.83795463211607,-30032.487438621436
1390,327.35789360343273,-30032.404968010047
1391,301.49784918459665,-30032.629053930028
1392,345.8659648550797,-30032.219709280696
1393,329.1455846966253,-30032.688033020324
1394,322.6950066252255,-30033.346718049488
1395,302.14332038798943,-30033.58153438217
1396,306.3524609444543,-30033.202002584934
1397,338.74640322255044,-30033.080803377943
1398,312.43555285012667,-30033.331877173598
1399,328.65055325037804,-30032.68683875511
1400,323.53895835882327,-30033.050055037675
1401,273.6220268923062,-30034.140277049686
1402,322.2506124982846,-30033.48487243564
1403,286.7531407061058,-30033.510470124304
1404,282.3770637727851,-30034.081709668313
1405,294.58896706642236,-30034.311009579484
1406,289.358688819826,-30034.47213923305
1407,302.3059233364536,-30033.62431086246
1408,305.3088472445484,-30033.275182589623
1409,321.7810876523374,-30032.889285258934
1410,339.8527254638729,-30032.41033963612
1411,303.2200469074447,-30032.810254120977
1412,298.74932934868696,-30033.133879147368
1413,314.2562326911708,-30033.280126304686
1414,299.49532138845905,-30033.495935277348
1415,325.1699704671116,-30033.53824112507
1416,291.56828907232097,-30033.52191348133
1417,287.3082893769536,-30033.79725846832
1418,283.3588479217769,-30034.076494370194
1419,282.7571349040088,-30034.46080158773
1420,273.5487391351501,-30035.009311818263
1421,268.14549516633133,-30034.952144942417
1422,292.3808009642411,-30034.862761682456
1423,304.0332887806396,-30034.31124017242
1424,301.6981816981239,-30033.956035660547
1425,285.5830006282747,-30034.12004243881
1426,293.25448550877184,-30033.95402110959
1427,287.6422416414433,-30034.08571597065
1428,288.86353143494597,-30034.365479392207
1429,266.17480600061884,-30034.94713002505
1430,284.78645817596725,-30034.75535421692
1431,289.62451563613644,-30034.690048259396
1432,284.0763159470775,-30034.603331967675
1433,303.34800092833143,-30034.557028951433
1434,295.7264679022259,-30034.38194745964
1435,302.70394976310536,-30034.250997081246
1436,285.5963671761663,-30034.607986775733
1437,289.092849499223,-30034.32844927188
1438,298.29535214654123,-30033.992978206552
1439,293.9797935211309,-30033.881051719778
1440,292.039459581006,-30034.076443552967
1441,265.452405978661,-30034.930182366952
1442,290.92789201398466,-30034.98727388185
1443,284.90744515201504,-30035.16832028156
1444,271.7064268086335,-30035.018639198926
1445,273.04259226033616,-30035.13925710011
1446,284.38819647953994,-30034.88453330327
1447,293.46197677110575,-30035.021056773894
1448,296.1534141078045,-30035.359467235405
1449,290.72956179178317,-30035.031335432195
1450,301.66083376117706,-30035.095648916114
1451,310.4200688305691,-30034.531116341488
1452,301.562026957106,-30034.842280034907
1453,296.57830190494514,-30034.47180451978
1454,309.6340059604009,-30034.480617099485
1455,287.0608025877351,-30034.68044966891
1456,296.6572508964833,-30034.866298930876
1457,310.6637470168702,-30034.68903676436
1458,281.4523641798257,-30035.09525173574
1459,263.6900222920426,-30035.669916966
1460,294.77070404706143,-30035.382600648267
1461,277.11496223734076,-30034.95457894987
1462,288.3127403827903,-30034.9535812114
1463,270.44831612950645,-30035.589413248246
1464,263.2125271321462,-30035.496405686565
1465,265.39227652119894,-30035.380916721493
1466,293.3132776774873,-30035.044336087336
1467,283.1063131642427,-30034.520359683316
1468,277.4163127842078,-30034.417686326033
1469,292.5215606510916,-30034.69905748725
1470,284.7123541132601,-30034.395893936045
1471,344.7560678157482,-30034.148075627774
1472,294.6184228645593,-30034.825892125733
1473,294.8220113217293,-30035.260213662943
1474,273.5283566165198,-30035.339903698736
1475,286.44699488770306,-30034.877561741276
1476,281.57726372741035,-30035.252259806308
1477,292.10620954479737,-30035.45366732399
1478,283.37871762332514,-30035.32013416563
1479,289.43532284895934,-30035.86669199437
1480,280.37934741555756,-30035.604719739993
1481,251.824503838439,-30036.0822768105
1482,278.9022266247074,-30035.657576590565
1483,293.37247551205553,-30035.648312714995
1484,291.24955268193787,-30035.44205682737
1485,284.1474788787315,-30035.332007006793
1486,273.68174376997246,-30035.091896844504
1487,284.04262464492786,-30034.834649930235
1488,299.7182926821686,-30034.464924506763
1489,289.1603454685815,-30034.74471673932
1490,276.02875237109686,-30034.913598245377
1491,278.5032316327304,-30035.251617910137
1492,303.1204569581522,-30034.853779979487
1493,283.88473342290274,-30035.016364062627
1494,288.30570502563666,-30034.330711667444
1495,298.356786531268,-30034.67697658542
1496,302.57527533123965,-30035.306974784246
1497,273.44747000905636,-30035.67202062659
1498,294.2866902784122,-30035.33034742487
1499,299.01773219556395,-30035.009926368082
1500,309.81963781354534,-30034.37632874531
1501,296.8013621102666,-30034.052119633117
1502,318.3015835823595,-30033.91253543918
1503,281.29573331419675,-30033.860918474977
1504,323.9921624802884,-30033.90386608952
1505,296.6117996672645,-30033.832288310525
1506,301.4922515032637,-30034.404585648455
1507,283.3810761911973,-30034.837652841295
1508,279.2316038159911,-30034.91099316078
1509,313.41186764088525,-30034.447893484434
1510,295.58572557343655,-30033.85815121732
1511,289.2107300123548,-30034.169228012066
1512,289.66556865486785,-30034.011279114682
1513,295.32480291194884,-30034.19871232836
1514,297.46558854867806,-30034.5490492216
1515,271.4766002161785,-30035.284197762056
1516,281.23585313707065,-30035.247193421234
1517,287.68735108463545,-30035.234969580953
1518,307.24214085324485,-30035.025280712856
1519,306.75566671064485,-30035.06488637989
1520,301.25836897242215,-30034.89094956931
1521,288.4025189000748,-30034.896630781815
1522,280.65173026970837,-30035.03730726687
1523,290.4970893078998,-30034.603601311843
1524,298.6760783872568,-30034.459944238482
1525,321.4264397857554,-30033.831818153558
1526,303.08582806973493,-30034.374184074557
1527,289.48309205241895,-30034.67408168858
1528,302.08085967094746,-30034.45810874772
1529,299.74371681854575,-30034.28654929883
1530,307.94145859231963,-30034.605310175848
1531,301.8345500324318,-30034.33931715242
1532,294.2563353921328,-30034.909237540764
1533,263.5100922704449,-30035.193983476565
1534,293.20580237471927,-30034.972826326633
1535,281.2610976218111,-30034.932103991545
1536,278.57619565339,-30034.99001317656
1537,261.7885170502311,-30035.010814470006
1538,295.7334616175511,-30034.606380553207
1539,285.36630798148525,-30034.72706682676
1540,280.6986938225295,-30034.84471726806
1541,293.62378921504734,-30034.591196929396
1542,320.70220374857837,-30034.111791773492
1543,300.51435601373845,-30033.683140430225
1544,297.4974056831941,-30033.87051287373
1545,257.0297342149083,-30034.427637880814
1546,298.4869027058427,-30034.7986969173
1547,303.7406518058532,-30034.43580378965
1548,299.48129997776556,-30034.508007446697
1549,282.2300392752713,-30034.8256498974
1550,294.7279600862562,-30034.784068664343
1551,280.7428581537549,-30034.064307200562
1552,310.1752143935741,-30034.088069316822
1553,290.99688289230494,-30034.001159919073
1554,289.60776624087214,-30034.45023606448
1555,304.4881669656678,-30034.309540278336
1556,293.17531141079075,-30034.581016747456
1557,295.84715945802617,-30034.873045970548
1558,296.96641048873346,-30034.42686572465
1559,321.5805306921633,-30033.99199668575
1560,328.37547592733887,-30033.996506644184
1561,319.09945884053104,-30033.986174441776
1562,300.2748950924879,-30034.556363708267
1563,319.13447855112196,-30034.282166745765
1564,301.93018308832825,-30034.51854728014
1565,280.0837002105031,-30034.45201548216
1566,263.5431991582578,-30034.572055244575
1567,295.3924235566017,-30034.542711028273
1568,317.0331257043196,-30033.983570296798
1569,302.66665359725454,-30034.087874656885
1570,310.96455364109465,-30033.65997035047
1571,297.2117714519505,-30033.35232185697
1572,305.09752151534616,-30033.860587325704
1573,298.84776557748654,-30033.385304244177
1574,301.49211755269573,-30033.84990152477
1575,316.5127476673633,-30033.984968034925
1576,295.15174203039527,-30033.79877757251
1577,296.5649154509647,-30033.679173184606
1578,315.8289957735436,-30033.508061849043
1579,317.1652066214235,-30034.052506730983
1580,295.0991749337179,-30033.971977562516
1581,306.2282997032802,-30033.843804029842
1582,290.88338565356105,-30034.15831757043
1583,294.2594850306188,-30034.532205026946
1584,306.41879138600507,-30034.087049430305
1585,295.53817970614637,-30034.42575589377
1586,294.243267186357,-30034.433004433922
1587,257.9355196745849,-30035.53566630719
1588,278.67268037524434,-30035.409456212452
1589,283.96801699908116,-30034.77793671752
1590,326.4954191186301,-30035.12983227561
1591,298.00899195445453,-30034.61347736314
1592,263.7416471265707,-30034.865881351358
1593,286.5365696826931,-30034.812803946654
1594,279.141640019027,-30035.31560451047
1595,264.287003504925,-30035.586510266872
1596,276.4237363127761,-30035.1419236521
1597,291.85997436047586,-30035.077061352018
1598,290.79751130737804,-30035.818685217684
1599,286.2117722836724,-30035.733100064605
1600,263.02426144613673,-30035.31755730332
1601,282.9270611839448,-30035.503393478386
1602,274.12889925179684,-30035.008360356496
1603,302.738172144726,-30035.11536885746
1604,297.454484213435,-30034.596204114045
1605,276.3727997742964,-30035.098285667762
1606,304.58452392799336,-30034.359845909497
1607,319.61717830411294,-30033.81687496483
1608,299.9084581620482,-30033.694506254393
1609,316.60856051090815,-30033.679818630975
1610,302.58095250275204,-30033.254097312212
1611,314.7403015319592,-30033.590190639945
1612,297.4116824811698,-30033.638298586295
1613,326.31501840913296,-30033.18125440019
1614,313.8079467135304,-30033.68009753762
1615,306.75793861322904,-30034.266000990014
1616,317.4776214998048,-30033.411819598023
1617,339.2416239906857,-30033.042930371168
1618,316.37698733664394,-30033.189561842904
1619,316.85613561041083,-30033.107172079457
1620,308.7662313226361,-30033.029833709068
1621,310.81327972140093,-30033.202845814183
1622,304.6288515021907,-30033.69661922735
1623,297.33216048829,-30033.81608424309
1624,283.43653630190045,-30034.31477055587
1625,272.9698557501429,-30034.506324849128
1626,306.8742138966484,-30034.11463269112
1627,293.41492831844346,-30033.557398912668
1628,313.87866903473383,-30033.07675243263
1629,314.2723397038725,-30033.105892191295
1630,316.4972558461775,-30032.950202266988
1631,315.3107142419581,-30033.196906743302
1632,330.8743209383682,-30033.017505903386
1633,287.569523963471,-30033.36293949499
1634,308.2137790952086,-30033.457821149335
1635,295.801591526603,-30034.096850791757
1636,308.1071598137873,-30034.20464918702
1637,289.0763065787662,-30034.49097562263
1638,310.0655490974206,-30034.66114600642
1639,289.1786108588346,-30034.988396972534
1640,287.54451816159246,-30034.707319783513
1641,296.60080828838215,-30034.299362230828
1642,320.5276303518608,-30034.30369201663
1643,281.47637300268576,-30034.348552826763
1644,270.3893823821564,-30034.711992464087
1645,294.42161617279385,-30034.514446524438
1646,276.33381511622304,-30034.792627678016
1647,290.2331845291152,-30034.809471964214
1648,281.83723930369274,-30034.8511756922
1649,273.21138372964884,-30034.666252594452
1650,282.7559511150742,-30034.68934705095
1651,279.35706663574103,-30034.230096408683
1652,291.5726215847582,-30034.61164802736
1653,295.4631111203795,-30034.578038674365
1654,280.4529564086085,-30034.72786437444
1655,282.8210859288817,-30034.463095907944
1656,307.0211289614713,-30034.128507720357
1657,291.1986235168511,-30034.80662178218
1658,268.6593959165587,-30035.40403546878
1659,260.39376172630193,-30035.338938992052
1660,276.46829159128663,-30034.900566230506
1661,330.25326979436215,-30034.126909926767
1662,286.3647612940283,-30034.03588449585
1663,298.24094692526234,-30033.945521402762
1664,289.1268671620348,-30033.77095120818
1665,295.3273048704348,-30033.89786801477
1666,287.2922209745168,-30034.465632233507
1667,273.5066195452416,-30034.397092221643
1668,306.9550301382046,-30034.53251753689
1669,280.0752784963547,-30034.366290257283
1670,312.8010705796336,-30035.338289046565
1671,287.3384678162981,-30035.653919674893
1672,300.23688657129503,-30035.498727989318
1673,278.6362290594274,-30035.324437493065
1674,280.3666753825017,-30035.138242272344
1675,295.0290755608591,-30034.815541340664
1676,291.402362840001,-30035.21359576671
1677,302.369496745768,-30035.253567825734
1678,304.7571873115557,-30035.154321934562
1679,286.8965272696938,-30035.006855966854
1680,297.7067484972072,-30034.982423743397
1681,305.2041041846998,-30035.34422896085
1682,272.8934395612866,-30035.55317284699
1683,278.4732959594332,-30035.426200584476
1684,292.8600257415215,-30035.337010615687
1685,297.35248518136194,-30035.053853195153
1686,288.47277894249163,-30035.45735982888
1687,282.212356200452,-30035.347579986526
1688,281.41005468883617,-30035.264286925707
1689,278.5891221224333,-30034.938906105974
1690,297.63745012862177,-30035.09354545668
1691,299.7897728165498,-30034.449450925567
1692,315.2316260117203,-30034.296556466812
1693,301.94227868660937,-30034.54363302722
1694,319.3502870935451,-30034.333367767278
1695,321.8617646062944,-30033.920454865543
1696,308.47289615853987,-30034.513789924644
1697,308.3187158933165,-30034.386816769802
1698,320.79251580822836,-30033.7833435206
1699,281.89742529489934,-30034.509814912693
1700,285.0758160147811,-30034.72071700258
1701,308.62171551202977,-30034.51003882997
1702,263.5304134069839,-30034.845815018274
1703,274.8962925150538,-30035.141361428847
1704,287.0867733184993,-30034.62510755869
1705,277.33859137917057,-30034.97433284777
1706,262.09309676750144,-30035.003137327698
1707,294.59217318076185,-30034.660538142158
1708,296.26734410802015,-30034.596829926
1709,316.18001928256786,-30034.25702655886
1710,310.33303451853095,-30034.562606976484
1711,309.5552017072603,-30034.23260341516
1712,308.0588187794616,-30034.51641453121
1713,289.94481151315733,-30035.139006230416
1714,271.37877675575163,-30035.302288469993
1715,294.7926325528934,-30035.32150105012
1716,300.39603015928054,-30035.412685415176
1717,306.98656010341585,-30035.39109780232
1718,336.6645371298486,-30034.816872001873
1719,306.99284608314696,-30035.340158109855
1720,281.97485122182866,-30035.175832088684
1721,334.97475634493185,-30034.732510969596
1722,306.10253688761543,-30034.626270843542
1723,278.0777169650167,-30035.543593301467
1724,301.6623490829382,-30034.99990759638
1725,289.38010333925916,-30034.768474465283
1726,299.93663988630954,-30035.254342789554
1727,288.8104073688015,-30035.071896546015
1728,306.24088906261017,-30034.77317420634
1729,321.49383799548417,-30034.185588085093
1730,292.1998274132163,-30035.031385745904
1731,295.76547136228595,-30034.789167475465
1732,285.69795303854175,-30035.61909810885
1733,275.1928777889387,-30035.768651417005
1734,266.2209361687663,-30035.352217282274
1735,314.06903605078685,-30035.177422850404
1736,313.83962670895266,-30035.107033396438
1737,308.1898030328094,-30034.79240985756
1738,304.4380148759029,-30035.035413771428
1739,284.5384616226525,-30035.80262076647
1740,284.1017469397864,-30035.532378461925
1741,280.52538249352983,-30035.954554449905
1742,280.31178383445535,-30035.791969601756
1743,314.8985558920125,-30035.81471735441
1744,288.9040715971894,-30036.118363799393
1745,289.3303345782302,-30036.310744546307
1746,271.74335008745226,-30036.605599147162
1747,259.234874233021,-30036.850571427385
1748,264.9272452565638,-30036.806700655965
1749,271.985756862696,-30036.36120786683
1750,294.23230748157357,-30036.314140055856
1751,308.5384648827148,-30036.172293469626
1752,282.1302943312806,-30036.144570287663
1753,281.5268067356942,-30035.972281609662
1754,271.7931841160065,-30035.891452421023
1755,261.881938009777,-30035.865881605147
1756,282.5310620122622,-30035.59540616124
1757,307.5141118581049,-30035.33092549568
1758,306.4234134219931,-30035.122089178694
1759,275.842433714911,-30034.969075785895
1760,283.9519861284413,-30034.631856411695
1761,307.7795526196292,-30034.310563002804
1762,306.6852785181636,-30034.836191812934
1763,298.9427919126285,-30034.513768414716
1764,307.8665812520196,-30034.316181885966
1765,313.24068628769385,-30033.946348853766
1766,291.73934133041155,-30033.873070740927
1767,308.71328655069124,-30033.90812134364
1768,291.2325124314228,-30033.581158213663
1769,323.5062191763942,-30033.502052126398
1770,304.52525928969595,-30033.46876159067
1771,294.0585775817686,-30033.381019038072
1772,290.93623465062785,-30034.21948547493
1773,304.9046359215712,-30034.564667890427
1774,301.28154466553565,-30034.48606853495
1775,323.0268462619649,-30034.219213177064
1776,307.93499376854095,-30034.3828168762
1777,285.9507364850705,-30034.917414027346
1778,311.1525506772565,-30034.401325505223
1779,295.706856800692,-30034.780879271006
1780,267.4892907915464,-30035.583919402274
1781,295.85861280084146,-30035.374710406126
1782,278.1033884187587,-30035.57614935973
1783,302.0038319865215,-30035.18856590875
1784,296.69439504921866,-30035.20130018683
1785,293.62596815459494,-30035.358720132717
1786,285.9099631789863,-30035.52195737171
1787,292.6016935648286,-30035.70485018177
1788,301.8205022066952,-30035.503733737576
1789,269.6258224954198,-30035.65506664383
1790,314.83527809889324,-30035.003812314924
1791,300.50836911269755,-30034.554385084204
1792,292.2865018332564,-30034.810451057234
1793,322.8077820326819,-30034.72082859239
1794,301.05445808003236,-30034.743745534306
1795,325.7712505698779,-30034.491835444453
1796,295.9552010895893,-30034.96602583154
1797,286.8407474346756,-30034.865683811156
1798,278.77490816191437,-30035.295551365427
1799,293.30467415748916,-30035.343381070004
1800,310.85817404796654,-30035.174370471646
1801,278.63665455401326,-30035.15059864318
1802,299.6340660818708,-30035.015875621444
1803,297.76535672103853,-30034.529774607603
1804,290.3967653210085,-30034.78581754728
1805,314.0496305738809,-30035.273615103863
1806,286.6810484683535,-30035.37166225899
1807,321.26109399513626,-30034.968798308502
1808,303.42959109738536,-30035.345988039826
1809,312.42919028989866,-30034.966803171326
1810,282.8971975032653,-30035.0139118381
1811,273.4816151191031,-30034.657488100485
1812,292.7747060487004,-30034.62236428252
1813,275.5388804332158,-30034.80094580619
1814,269.78457482553455,-30034.725283931613
1815,279.85149173851966,-30034.401227832204
1816,290.2678455753404,-30034.585942058584
1817,299.0718156130392,-30034.33864128316
1818,295.81053315977437,-30034.174750411712
1819,251.27934166737955,-30035.353830499855
1820,253.81672468602915,-30035.35823338194
1821,287.2132263869426,-30035.010592096693
1822,285.21409112980854,-30034.928169182724
1823,297.84505528935694,-30035.0062813751
1824,306.6110280426151,-30034.947438347495
1825,305.8935551342853,-30035.520210248094
1826,307.657414393708,-30034.872235331215
1827,306.4282489736253,-30034.840717295272
1828,324.30150667882543,-30034.431225105167
1829,293.94033200678433,-30034.878140124525
1830,294.8931682222929,-30034.889279479077
1831,289.8570089754033,-30035.17246935407
1832,318.7428987955408,-30034.737349284176
1833,314.81064992163635,-30034.592323710156
1834,292.94086378143163,-30035.084973037014
1835,286.1222937711795,-30034.938480432364
1836,263.8679154670882,-30034.907620545553
1837,294.9512473860095,-30034.563596803608
1838,273.3432849302179,-30034.846521683517
1839,290.31962972315864,-30034.797527428345
1840,277.7887573950669,-30034.650486102168
1841,296.7562720197571,-30034.449740535016
1842,313.68737365120484,-30034.532746040004
1843,311.9637014806337,-30034.265645513526
1844,291.68274460217106,-30034.212387925585
1845,307.44451958720384,-30034.545570241975
1846,326.11268097323887,-30034.358229455127
1847,291.1407031535188,-30034.487769204974
1848,294.38317422812406,-30034.202915480226
1849,301.12303634142864,-30034.732251346824
1850,288.45584615005146,-30034.389427256618
1851,302.73775999143595,-30034.30873862107
1852,288.6122943280136,-30034.46165574715
1853,319.81816778482806,-30034.044230761036
1854,324.11172680995253,-30033.793430512946
1855,289.0867619757982,-30034.135243337118
1856,304.43538521499414,-30033.986651928848
1857,327.49496019339267,-30033.4190912769
1858,318.8203015094034,-30033.09477329527
1859,288.43466508177704,-30033.686836140085
1860,308.0341235510942,-30033.522896366507
1861,308.01453842364305,-30033.542921273183
1862,307.47603160994794,-30033.466650959657
1863,270.78584604525673,-30033.875827448406
1864,309.2706807830045,-30033.519071836723
1865,319.0567223421466,-30033.954048519758
1866,290.4243290544036,-30034.453091534328
1867,281.051138612861,-30034.7420836535
1868,271.5239866706959,-30034.640425228714
1869,303.5927159440974,-30034.550860740306
1870,307.73676487609947,-30034.253047747457
1871,308.4937690700344,-30033.86092005848
1872,330.1028749472941,-30034.173669482843
1873,308.78804761459105,-30034.566393189347
1874,315.041627581152,-30033.93611113359
1875,314.04337905940184,-30034.555022677607
1876,303.81694969555184,-30034.6955993986
1877,281.57592696975524,-30035.14487162521
1878,276.062461845466,-30034.957670449774
1879,305.2829815274728,-30034.531693927904
1880,311.8215648203158,-30034.2086812913
1881,315.1627626212531,-30033.815870341172
1882,298.55699375081105,-30034.40044584906
1883,308.57697070860934,-30034.00726040367
1884,306.39214445985056,-30034.0349867095
1885,298.56348514164574,-30033.880750979068
1886,289.6494329249866,-30034.142545201907
1887,308.8258040462088,-30033.96192588739
1888,275.1615182611697,-30034.31045748058
1889,283.29231414499355,-30034.418015150026
1890,274.67321346582753,-30034.47315616548
1891,266.2632159033061,-30034.687089092342
1892,312.48861899110995,-30034.178195854834
1893,284.6653453243583,-30034.121688200063
1894,294.888905699264,-30034.350324418916
1895,299.4816242882503,-30034.017764897228
1896,286.88009321662093,-30034.056098323523
1897,283.553235778043,-30035.032532189907
1898,298.4445575675731,-30034.60640488078
1899,296.31419851843026,-30034.335883303196
1900,278.41306398870836,-30034.34568752293
1901,297.784203874381,-30034.359377677076
1902,302.05552356484327,-30033.794684861787
1903,319.834435416699,-30033.59655509913
1904,277.1432608923284,-30034.05933441271
1905,286.88334304384085,-30034.32554765938
1906,332.7047289922157,-30033.422541078144
1907,303.8530539967942,-30033.866564364733
1908,318.42698805578846,-30033.77265578274
1909,283.99539913571476,-30033.990137156838
1910,305.30919115052944,-30033.964627046236
1911,291.87797800278,-30034.36957630777
1912,313.731568626997,-30034.65272582509
1913,303.6196094523303,-30034.56385474584
1914,288.7511020344948,-30034.80971950296
1915,297.0618137288586,-30034.563132895037
1916,304.8046605012147,-30034.323047215003
1917,265.2443183388157,-30034.876833609753
1918,294.4251749066576,-30034.897169324093
1919,256.7364505362057,-30034.981905298664
1920,301.0745920188758,-30034.23347241946
1921,327.9976422992324,-30033.593920826952
1922,302.1613674152919,-30033.868188869375
1923,291.61247251701894,-30033.921190432065
1924,293.6517435903564,-30033.932289195043
1925,298.4087540822697,-30033.519416707375
1926,324.6009717424815,-30033.242036256237
1927,287.2823779512698,-30033.23931783371
1928,290.2354959125837,-30033.567226204195
1929,312.99874932779414,-30033.780572042077
1930,300.5194171048667,-30033.620512861922
1931,283.9949062502789,-30033.685462080357
1932,303.9837235983901,-30033.5742082471
1933,351.45354911678714,-30032.88551098204
1934,288.11097876181776,-30033.068041752525
1935,312.5842488932901,-30033.496097937044
1936,305.78936173462455,-30033.532602139752
1937,309.6903567713107,-30033.813181113343
1938,311.77855040486793,-30034.121874874374
1939,315.66890739852863,-30034.383190737193
1940,270.9999911186922,-30034.833320398804
1941,293.8659214603471,-30034.374156318783
1942,318.46781985797804,-30033.929829713943
1943,302.9942565811326,-30034.169460947225
1944,294.7309822684189,-30034.473445613152
1945,298.51048972850873,-30034.91919614009
1946,297.40759637500787,-30034.843479704425
1947,285.66027197097895,-30034.793876011205
1948,337.8385054434609,-30033.687671944037
1949,325.6761862772051,-30033.630950355662
1950,320.282975684214,-30033.88017120664
1951,312.1485342985566,-30033.659424174588
1952,323.91716781581846,-30033.40770950688
1953,323.8083040447482,-30033.426078493478
1954,299.873699592434,-30033.85944486817
1955,290.2611233823945,-30033.974783371104
1956,284.2183810883013,-30033.85170424259
1957,324.2281708740148,-30033.68502670982
1958,329.47767579942314,-30033.451146809526
1959,336.986319403213,-30033.564620632245
1960,309.6038296768393,-30033.63176833857
1961,322.80708081243665,-30033.64076814213
1962,295.4208753144026,-30033.51855638205
1963,332.79766326702475,-30033.16629235551
1964,301.59015572828525,-30034.15211790479
1965,304.0320675882222,-30033.764395953418
1966,289.98763278464895,-30034.266833140668
1967,295.2850927599413,-30034.059088250193
1968,289.62563647037246,-30034.313066882994
1969,301.12827853400455,-30034.005556713735
1970,301.915264292195,-30033.91736081871
1971,308.9382684800311,-30034.183700518595
1972,299.5333798635193,-30034.080913487178
1973,277.81563293259745,-30034.597074310666
1974,274.5696499330291,-30034.864438430912
1975,298.0591941517114,-30035.016508857054
1976,292.6638471588049,-30035.16422105747
1977,278.2166040200079,-30035.145561307243
1978,273.6332381393524,-30035.192728837454
1979,298.5235746173618,-30035.46964757642
1980,273.2058592792544,-30035.51014184204
1981,278.1761628997839,-30035.603611903633
1982,293.62016718612045,-30034.82761635014
1983,301.16503625725,-30034.15697395991
1984,310.1784333556006,-30034.02939443066
1985,304.0898328979846,-30034.194580563857
1986,307.18216519019666,-30033.974058065898
1987,304.7205144919194,-30034.04196504833
1988,307.75235732992076,-30033.80343597888
1989,288.63021223450147,-30034.287375988933
1990,293.9599005536526,-30033.947959385772
1991,321.54686466229,-30034.121751511302
1992,284.31876388312526,-30033.810111524857
1993,311.2253752152173,-30033.358474287405
1994,283.08925729366445,-30033.958289588325
1995,332.001345391077,-30033.664879723015
1996,277.7337604048013,-30033.550309839324
1997,297.91034098404657,-30033.965573304038
1998,310.58925500620956,-30033.75536751198
1999,312.380958876419,-30033.665284502444
2000,273.2790526645223,-30034.26806257717
2001,293.11911143015266,-30034.439855181816
2002,267.58751896069737,-30034.468162243375
2003,297.61779281081465,-30034.637009682963
2004,289.2484674705518,-30034.721011188347
2005,269.07022085979634,-30034.61633659211
2006,272.8110446056527,-30034.7075934188
2007,310.10287792789217,-30034.267626982444
2008,292.0868127109031,-30034.043999984595
2009,302.1423058169531,-30033.534684955135
2010,318.7175547037117,-30033.650097474532
2011,307.08011020110416,-30033.746161682444
2012,301.7108551412915,-30034.03774746765
2013,279.08198039962616,-30034.078827022415
2014,310.7458370870525,-30034.2748582524
2015,303.89704337012756,-30034.02561183217
2016,298.4886738105034,-30033.93537102538
2017,311.7109314739993,-30033.43412613127
2018,309.39966048792235,-30033.715039564107
2019,291.77922270517314,-30033.862299878307
2020,286.53119575792846,-30033.61762690014
2021,291.8036466149248,-30033.47301238178
2022,295.83546604318315,-30033.11357508615
2023,296.2858674515296,-30033.71355053232
2024,278.1270803902367,-30033.317739687212
2025,274.79335621330443,-30033.591221634484
2026,283.789811270164,-30033.7179753911
2027,265.85134273253794,-30034.052939390313
2028,288.45299373592144,-30034.188327278687
2029,277.34360471634506,-30034.20858148314
2030,275.9216965055873,-30034.049109162468
2031,304.73232504153043,-30033.951823605265
2032,314.5008703762564,-30034.08841316773
2033,301.123366376659,-30033.91974302806
2034,275.4342024307759,-30033.715693662598
2035,322.3469176406009,-30033.414085622957
2036,301.4511311851042,-30033.432965864497
2037,273.10976301402997,-30033.955923389833
2038,292.64475899122976,-30033.09243656293
2039,293.6802518639859,-30033.3866487493
2040,321.9335273357031,-30032.580755411345
2041,293.74940700000116,-30032.709124396293
2042,303.4479507012495,-30032.90607214832
2043,313.4897364992693,-30032.50843074603
2044,292.7573643070229,-30032.927488893107
2045,282.1486537754329,-30032.841373150182
2046,289.8028680315826,-30032.572271513985
2047,311.86550868603615,-30032.29155803079
2048,326.4584675582166,-30031.69521679023
2049,323.91988691190426,-30031.66154722018
2050,329.72126994298225,-30031.142272475758
2051,329.64207306767554,-30031.94504993774
2052,304.8043080688715,-30032.006649848303
2053,292.9203729513779,-30032.42338014755
2054,293.78345445101434,-30033.309828706755
2055,299.53934541852135,-30033.11201312124
2056,316.42275867895114,-30032.338798769582
2057,283.08910122762427,-30032.53055914708
2058,297.6522782487579,-30032.876374828662
2059,293.3704739743299,-30033.03312879014
2060,298.62572652315725,-30032.797150892024
2061,301.6035136754119,-30033.210374958497
2062,268.1533681158398,-30033.24100899928
2063,308.8102606166955,-30032.940833295277
2064,311.97095560872197,-30032.995931418216
2065,333.698864172632,-30033.23146758874
2066,302.2158376221594,-30033.357050285158
2067,287.1779989491147,-30033.357183153614
2068,307.38598808480856,-30033.56657681895
2069,279.80867088611757,-30033.85152591139
2070,274.41415877466574,-30033.56757644304
2071,283.2137831605053,-30033.453197702776
2072,299.9534391396432,-30033.474622477763
2073,303.19365433229007,-30033.631231864078
2074,300.11175952872196,-30033.687428777917
2075,288.13903032267984,-30034.217725318544
2076,292.95791944913884,-30033.74274626212
2077,277.08967877594887,-30033.72865373699
2078,282.6045770019843,-30033.460740665105
2079,289.6495768773869,-30033.746057198485
2080,270.37543830304435,-30033.79046893424
2081,299.26082550667974,-30033.48231465814
2082,292.0223667321624,-30032.658905640037
2083,327.00001204465025,-30032.917894912116
2084,296.1315220066915,-30033.010409665945
2085,286.28483448215866,-30033.23125848139
2086,313.9276589396904,-30032.841142608213
2087,312.8157561953539,-30033.55666888547
2088,299.23011798876684,-30033.610041787357
2089,294.7175811620935,-30033.8390177723
2090,313.7556080854673,-30033.640401143923
2091,311.37915330471776,-30033.33702007936
2092,297.4295419915281,-30033.42691092499
2093,301.31453785085864,-30033.360236918903
2094,317.7961204281824,-30032.923322862374
2095,321.4662361225056,-30032.37183068438
2096,304.88982141001213,-30033.07676005043
2097,320.2093961394905,-30032.339057079927
2098,304.6153866474849,-30032.69695861832
2099,299.56112127333483,-30032.636854870765
2100,308.2278690343321,-30032.38715350268
2101,313.3998315957714,-30032.17280623627
2102,309.666159614515,-30032.167306644405
2103,307.76084982011446,-30031.838378169796
2104,311.26177179427606,-30031.867322511473
2105,336.53274791607095,-30031.466678215103
2106,321.1048309396787,-30031.82234640183
2107,329.7906513806044,-30031.929586168662
2108,332.4276697363667,-30032.150227673203
2109,316.9129503902391,-30032.22488064866
2110,309.65820057624103,-30032.53078850747
2111,349.9748570724359,-30031.959891812145
2112,335.55833281357593,-30032.538114021314
2113,309.7385976737297,-30032.606887043054
2114,279.68645790205983,-30033.46202824913
2115,295.48405062849355,-30033.23766712959
2116,306.006686402271,-30032.83767119628
2117,331.7951810461897,-30032.66031061284
2118,286.07659767916573,-30033.14861660895
2119,308.5588808250829,-30033.003810121685
2120,300.42976978139285,-30033.45089748468
2121,312.86382834334006,-30033.311316568754
2122,287.7538881955727,-30033.96376121708
2123,296.20279695221325,-30034.084785006675
2124,304.5763639500158,-30033.578801587384
2125,300.5422240248035,-30033.28595362274
2126,311.71831686320945,-30033.47104935243
2127,313.11217905623965,-30033.228884842363
2128,298.1791461800855,-30033.220516633264
2129,298.5484088045917,-30033.443630988564
2130,293.3336780031163,-30033.506712508028
2131,298.28863732060375,-30033.803694333383
2132,299.11344377175095,-30033.980170141644
2133,293.0093569479152,-30033.917230994408
2134,293.59270258343014,-30033.830261739433
2135,279.6849014323514,-30034.130036231025
2136,304.1104218518206,-30034.336639730045
2137,331.04081696447565,-30033.683231130963
2138,313.780287157735,-30033.911263465845
2139,328.9574561402374,-30033.80800930563
2140,310.95169439033793,-30034.037247601773
2141,308.44929073855826,-30033.93040054057
2142,302.5567486053988,-30033.723457388176
2143,284.91138432369786,-30034.420174117015
2144,307.4736045088397,-30034.00772776142
2145,308.3173075908371,-30033.25599289204
2146,335.74868120979875,-30033.08019115841
2147,317.2850718903366,-30032.848313569026
2148,314.771053022484,-30033.19488427737
2149,295.86014072479605,-30033.677406268744
2150,303.8626978059339,-30033.501086910856
2151,290.8053949179298,-30033.621220880832
2152,310.75696486035844,-30033.24528089418
2153,307.47123169327705,-30032.935521944877
2154,311.8483100600127,-30032.538085284046
2155,310.11756532474817,-30032.974288026453
2156,321.3277030527047,-30032.920244381166
2157,280.6625058638159,-30033.140551285574
2158,317.21854735980077,-30033.4417872408
2159,310.6429523392586,-30033.091904658584
2160,297.7168188406184,-30033.876701163434
2161,308.8736232272603,-30033.39040807188
2162,347.467123217832,-30032.609038477385
2163,289.15535343988967,-30033.10421756685
2164,279.95527119945,-30033.340018249157
2165,312.6578463897111,-30033.615336611274
2166,301.85038250474844,-30033.92485558401
2167,303.1658852513423,-30034.092869302956
2168,277.6426948956778,-30034.855339583428
2169,273.54188559577096,-30034.88839081646
2170,254.7023982165293,-30034.978487493394
2171,304.02473512562415,-30034.282158898208
2172,290.86120128437216,-30034.46942361779
2173,279.73099148858705,-30034.382780749296
2174,289.43334758584405,-30034.110882407243
2175,320.46085258848217,-30034.186234571313
2176,286.41088276098367,-30034.25151884739
2177,304.2192210512048,-30033.826084871016
2178,296.3210603368939,-30034.505632221317
2179,301.6613890445789,-30035.22649429481
2180,303.70144745506747,-30034.866479462413
2181,305.0765494439116,-30034.70877219126
2182,284.886983528288,-30034.823132905927
2183,296.8048488979399,-30034.878203621225
2184,269.54018697361164,-30034.66503764635
2185,292.57680826926276,-30034.867586807846
2186,278.0514471248981,-30034.343083575946
2187,316.5753435611856,-30034.00096838715
2188,319.42571110079166,-30034.09904477804
2189,321.88629314232344,-30033.876867856838
2190,330.17434221898344,-30034.25975872586
2191,294.291387840964,-30034.27554151956
2192,282.5723431640003,-30034.084600016275
2193,327.42640798178036,-30034.166912932782
2194,307.7711050436969,-30034.238510304796
2195,288.8836776674398,-30034.18333096749
2196,304.80205006470464,-30033.87389426286
2197,280.31512855904094,-30034.72157279566
2198,268.5514622898439,-30034.32277163545
2199,288.01721556668923,-30034.40438949367
2200,297.0807739261631,-30034.539217490157
2201,295.00457815742436,-30034.57201818965
2202,305.44665292857337,-30034.314677852104
2203,280.7461222012154,-30034.62867805299
2204,289.56859314292154,-30034.34575469949
2205,289.2704320153671,-30034.19506693181
2206,276.15362010629246,-30034.7209977428
2207,269.00189094703506,-30035.250871394794
2208,271.1856587122811,-30035.15090614377
2209,286.9289292484342,-30034.574398627585
2210,321.9066935368196,-30034.417369275794
2211,273.7050273667923,-30034.39013809035
2212,299.8142606686976,-30034.540630567328
2213,291.2278425073907,-30034.280494672326
2214,308.78097291966156,-30034.730634011925
2215,274.8135833039834,-30035.00477429668
2216,284.72875123676204,-30034.319308760212
2217,314.59880458647706,-30034.535163418266
2218,304.8648064816815,-30034.29223431899
2219,317.93653982349,-30034.206892869453
2220,325.39261116245933,-30033.845129312445
2221,294.14161868451595,-30034.271504054675
2222,283.3523753066224,-30034.322751266933
2223,296.9437816148671,-30033.999701726058
2224,305.52998083782103,-30033.85359313955
2225,286.7618849293385,-30033.951655970115
2226,294.6171352224285,-30033.85522145664
2227,300.5130945474213,-30033.503484726356
2228,346.71417745143134,-30033.36825137089
2229,318.37370063946537,-30034.176342678904
2230,314.3954303396785,-30034.020758356735
2231,308.9052228806006,-30034.008752205773
2232,316.5343464030321,-30034.11332987386
2233,326.87608090654857,-30033.62414368212
2234,295.5114208344793,-30033.72525849463
2235,287.11033044445924,-30034.61474816005
2236,274.6025045068663,-30034.33040718367
2237,247.79260016040195,-30035.086247479703
2238,274.6325862397835,-30035.273008327797
2239,272.6102636678498,-30035.704841741124
2240,264.5365587181132,-30035.29897005522
2241,284.01304298156026,-30035.060004931507
2242,302.2613040631928,-30034.939888647084
2243,292.63883635498536,-30034.89141397207
2244,283.1658998318094,-30035.223935885173
2245,267.40320080711626,-30035.43569873484
2246,286.05938597399506,-30035.359987941876
2247,311.93584377312675,-30034.4479883113
2248,293.98915917644354,-30034.384721901963
2249,279.4239453738486,-30033.61903568386
2250,343.878048470654,-30032.955362962286
2251,297.4693224890582,-30033.336064480052
2252,327.4113865440291,-30033.026666558504
2253,307.2441994817296,-30033.790853823702
2254,318.3380408540035,-30034.114741508445
2255,300.59965563194595,-30034.483724769383
2256,298.83650566531975,-30034.76644743305
2257,286.7675116006048,-30034.271826645974
2258,268.81611682982816,-30034.71844458483
2259,277.2688792617581,-30034.872574364876
2260,267.68342097065295,-30034.86222934192
2261,293.5237448031581,-30034.48824986795
2262,299.53980344376,-30034.430360951395
2263,265.7833293708897,-30034.982388089105
2264,292.2591712153083,-30034.53574931935
2265,289.2308670506378,-30034.340595444097
2266,278.3367843729051,-30034.351516453375
2267,286.6860369788043,-30034.435989645135
2268,276.8233345674297,-30034.559585876872
2269,268.5376852787795,-30034.858275144536
2270,258.8954302104412,-30035.243892973613
2271,285.96628464307986,-30034.45413150028
2272,296.9695127526607,-30033.942412529945
2273,293.18050145153705,-30034.12580780389
2274,311.87889133257704,-30033.961142586933
2275,292.11686340594804,-30034.037383161056
2276,315.69904217885784,-30034.025009294226
2277,294.8110658595373,-30034.06127080088
2278,272.10003107633827,-30034.516530631285
2279,299.9510196753016,-30034.484449087035
2280,293.5398583589233,-30034.38432808964
2281,311.65110409436636,-30033.791102871728
2282,318.1707608158328,-30032.92364541744
2283,307.3214671302435,-30032.96273436421
2284,321.8776934235521,-30033.691537743693
2285,310.6714639333782,-30033.20251412915
2286,303.4109967282782,-30033.31325359875
2287,308.84812604725477,-30033.486753870926
2288,331.01927409583436,-30033.129086633857
2289,307.39205367846415,-30033.15431455647
2290,326.9895335167076,-30033.123237155658
2291,295.1351420550777,-30033.46911786136
2292,309.0679182568988,-30033.35035448135
2293,299.8286560173047,-30033.329330222616
2294,293.4255355256567,-30034.229006550675
2295,296.120114987429,-30033.67866593775
2296,303.06161336404017,-30033.450966297954
2297,286.68887589134476,-30033.355839963384
2298,299.66354571003114,-30032.99755444204
2299,291.9292417151671,-30032.87023729546
2300,307.74186490406123,-30033.036122322726
2301,305.07373823823804,-30033.015483674644
2302,305.47413710321325,-30033.116719469483
2303,297.0054100207237,-30033.267679589488
2304,305.30008915244935,-30032.95509084339
2305,316.84389362222583,-30033.62701189723
2306,305.2259344194778,-30033.921803714693
2307,276.51658897381924,-30033.893489486596
2308,317.18565697764205,-30033.88206939062
2309,290.6241000073927,-30034.334774919367
2310,291.52751270207955,-30034.190910027926
2311,292.2770940528383,-30033.517719436844
2312,283.4149610274949,-30034.260626875577
2313,292.25996407053714,-30034.40096370989
2314,261.9900407887424,-30034.95300054988
2315,281.66535293195216,-30034.015664457016
2316,301.5946371246173,-30034.007473698093
2317,270.9439783909188,-30033.528091613327
2318,336.45257195510777,-30033.80073035562
2319,320.35163640832036,-30033.72023744063
2320,301.81173298410135,-30033.86528289689
2321,299.23869538250614,-30034.793419338217
2322,294.17465300963994,-30034.965983901675
2323,276.92973684942,-30034.713153933808
2324,283.1955951906579,-30034.844281143127
2325,259.4291112560378,-30035.679659923957
2326,260.88211467014156,-30035.566864093536
2327,259.80400802138274,-30036.056929141843
2328,286.7644609117881,-30035.738700415695
2329,270.90739903158385,-30035.820029246366
2330,276.01530021313175,-30035.759640441316
2331,301.14068884081473,-30035.358759528375
2332,276.79791708172274,-30035.06217966717
2333,292.2128212934822,-30035.05840197617
2334,279.2617536617903,-30035.453201963075
2335,301.60473574237216,-30035.059953530454
2336,294.59671772709635,-30034.888939218727
2337,280.8745789660156,-30035.00239333644
2338,276.60068347675667,-30034.660901076517
2339,299.0748444567632,-30034.703799314062
2340,275.4298453003134,-30035.15135036208
2341,297.0382572474957,-30035.05200790243
2342,308.3724006858871,-30034.715541732498
2343,267.1296618179037,-30035.372280974145
2344,285.47011817086,-30035.20882521918
2345,269.20153462040673,-30035.114979863003
2346,300.7979849019616,-30035.060756993043
2347,302.20937560862114,-30034.913853789676
2348,285.77887776927577,-30035.001823970073
2349,283.05396153583797,-30035.369335492298
2350,271.40471650402435,-30035.77624401571
2351,265.01508893129994,-30035.64433024542
2352,306.34721014596045,-30035.19822868494
2353,276.7203351402039,-30035.470385173634
2354,287.1472523434558,-30035.41264564306
2355,284.81899590903294,-30035.30531533087
2356,298.7760297564829,-30034.736721770132
2357,305.31723329645297,-30034.70075246339
2358,328.7141209295595,-30034.144220862818
2359,320.52131151843844,-30033.848773162194
2360,311.38945497311335,-30033.75277604369
2361,286.55734401270865,-30034.355249065306
2362,312.7775337462063,-30033.627944808723
2363,327.9278093476438,-30034.109352889765
2364,335.300743660543,-30033.45085673397
2365,325.8938072920729,-30033.291480692555
2366,296.3840888276417,-30034.07044979464
2367,302.32028070436246,-30034.422777100077
2368,273.55865940140427,-30034.438749271096
2369,273.38061319555163,-30035.109252673785
2370,294.0134349176145,-30034.604813140126
2371,277.51962010648515,-30034.831098018563
2372,307.7605212726751,-30034.686042701058
2373,265.8578292644418,-30034.906291517793
2374,282.66672490938305,-30034.76386168414
2375,272.06256465641053,-30035.019428123298
2376,283.20779005602316,-30034.812723763116
2377,289.68538437464264,-30034.534217145767
2378,262.6639744681658,-30035.20554483564
2379,284.6617299980253,-30034.584669951862
2380,285.56893809667224,-30034.73953751964
2381,294.12037970515416,-30034.93805502283
2382,263.259002423243,-30034.96984361973
2383,269.3670858909275,-30034.792447653796
2384,306.4647684108814,-30034.400343672613
2385,284.24887164864367,-30034.22007633194
2386,294.4525550832808,-30033.843744812813
2387,290.9890051547686,-30033.505264732892
2388,324.90740195521784,-30033.279234345908
2389,328.9516963507956,-30033.306201360105
2390,311.65337202181297,-30033.707061332047
2391,302.6606968251362,-30033.925915426444
2392,297.3060370987727,-30034.055023951183
2393,286.2410300224271,-30034.726503228077
2394,276.59128262005504,-30034.68066928161
2395,277.48025950195455,-30034.79107450481
2396,287.260995428215,-30035.025013044986
2397,274.6827005711857,-30035.045182661434
2398,299.37878047270004,-30034.60043527169
2399,280.1003590405351,-30034.70550183483
2400,284.16347574447855,-30034.780822544733
2401,292.7997205111713,-30035.016265025704
2402,289.1155479417958,-30035.072017766946
2403,278.3150519055758,-30035.076673610238
2404,288.6877509312304,-30034.84061318631
2405,274.60093607082945,-30034.332399842184
2406,283.8706193505689,-30034.876094817577
2407,273.9483435639824,-30035.007052012414
2408,289.2354676756027,-30034.762354482165
2409,277.6070656967257,-30035.137487642016
2410,298.7413956586415,-30035.204391621508
2411,273.7001201444569,-30035.140261780285
2412,287.1615491036217,-30035.08025403334
2413,286.7685651936272,-30034.988596964435
2414,308.8788432134453,-30034.903948373518
2415,270.0319058223279,-30035.047174782878
2416,288.90081593035535,-30035.233680235728
2417,286.69144045543544,-30034.803040946772
2418,279.1228096066764,-30034.712563519028
2419,298.68379293154914,-30034.725374788064
2420,321.628100927528,-30034.447828895085
2421,310.9386796761169,-30034.853981896642
2422,292.18393742670946,-30034.602098763997
2423,300.01813068232315,-30034.75814813271
2424,319.01043291425634,-30034.861465276786
2425,295.1884929827798,-30035.10449186435
2426,316.8256383904318,-30034.797393907967
2427,324.27873213530165,-30034.45523665328
2428,306.4035742906994,-30034.64602673771
2429,302.4031600052362,-30035.385531820008
2430,279.1422971375148,-30035.766759822345
2431,287.6273387537602,-30035.49429473324
2432,275.6219952113971,-30035.03127271575
2433,304.95039079878757,-30034.647498982118
2434,290.52101737247074,-30034.587373188435
2435,299.74195301987436,-30034.5346406316
2436,305.0440558361219,-30034.50451309011
2437,324.10827239614184,-30034.438048833832
2438,300.10497169440004,-30034.541115494972
2439,265.64263411933496,-30035.083590660175
2440,271.8879167237301,-30035.264064620165
2441,281.7901720710641,-30035.043768304335
2442,287.1796382192486,-30034.689173084676
2443,300.83807083136196,-30034.518730974483
2444,313.83044844528786,-30034.70882724092
2445,331.4574885568493,-30033.899291135458
2446,324.6848562762438,-30034.43718751358
2447,302.61205950515904,-30034.636125738714
2448,285.1554760300574,-30034.56441224183
2449,288.5984047838994,-30034.52255271771
2450,325.5245066583077,-30034.070320420302
2451,346.8097487730806,-30033.688108054666
2452,314.19773470794723,-30034.473007036788
2453,284.67747175892214,-30035.810835669898
2454,318.24649692409616,-30035.286970811478
2455,295.8044676756526,-30035.489356421433
2456,279.78779288194096,-30035.789552155915
2457,283.8293642626166,-30035.611509680584
2458,288.7623790830046,-30035.282091507157
2459,291.9206722298258,-30035.495453295265
2460,283.26449323545023,-30035.346450770285
2461,290.1760850567452,-30035.221067445884
2462,301.14469128839073,-30035.446549268916
2463,305.3397092441493,-30034.69823281659
2464,291.41169073239956,-30034.809063775734
2465,308.0162110406601,-30034.206941613716
2466,330.30253070669556,-30033.92254327142
2467,307.27191436504194,-30034.05187400091
2468,310.41274739586004,-30034.02739463331
2469,321.66053743818617,-30033.77123006041
2470,281.33445660276544,-30034.31502055272
2471,302.63625140214094,-30034.602312840227
2472,300.81436164387947,-30034.28300045594
2473,306.62635786702714,-30034.417755073675
2474,334.1062470183347,-30034.154792972517
2475,300.6780170556669,-30034.137999615534
2476,297.80993652347115,-30034.64193219287
2477,302.4033120954867,-30034.96951236147
2478,273.3944542698933,-30035.10890379994
2479,319.1301476591271,-30034.75883840889
2480,297.16179349535076,-30035.277409710914
2481,304.34017298598656,-30034.559364318895
2482,321.27511269446654,-30034.230163707496
2483,296.3146435912408,-30034.572200209826
2484,295.3430556713001,-30034.477549129944
2485,322.8895173449614,-30034.226580897346
2486,283.78175424041734,-30034.739662849104
2487,337.41359004475095,-30034.06361660538
2488,320.9353740206629,-30033.67818018061
2489,314.56763135956663,-30033.750792910996
2490,310.07535081651025,-30034.151133322313
2491,313.4768559271847,-30034.373989784755
2492,286.57951854165924,-30034.323440140975
2493,277.18659540456144,-30034.151992136376
2494,295.77653362350475,-30034.954904268525
2495,306.87356270323903,-30034.9115241049
2496,299.30335410680306,-30035.020305195376
2497,295.02022551109053,-30035.348967537288
2498,299.5996914557466,-30035.266742057658
2499,288.28256713910207,-30035.327388623868
2500,296.4688679269728,-30035.57807850384
2501,282.78600470302774,-30036.12608952949
2502,303.48835083824207,-30035.45192883494
2503,318.8438323805,-30035.301211433398
2504,296.5112176405424,-30035.590682925034
2505,294.2457679567442,-30035.309894525275
2506,279.86659286751336,-30035.02194094781
2507,322.16735037784724,-30034.69790861494
2508,308.5685056798311,-30035.16372377057
2509,303.6721059719329,-30035.220734659775
2510,283.0606748816955,-30035.472681902775
2511,277.30095624101824,-30036.090515842443
2512,273.2133441636824,-30035.818546930357
2513,288.05612159736575,-30035.823330715273
2514,280.32844948549933,-30035.6411589075
2515,287.5404063494732,-30035.822657799577
2516,305.5267735950286,-30035.629064605324
2517,297.6158938233466,-30035.199557548254
2518,286.1203924935472,-30035.559622105382
2519,290.01782845933974,-30035.668415787815
2520,281.14552003623425,-30035.48970470448
2521,280.01407808909687,-30035.565098480853
2522,292.1164366087056,-30035.762003293774
2523,270.04631591122745,-30035.884702191626
2524,255.71914509130656,-30035.952859685603
2525,272.144959571494,-30035.296648177507
2526,274.2481611385999,-30035.2787917782
2527,298.50370151531763,-30034.942804741695
2528,276.6653426641059,-30035.165130672005
2529,280.63817703454606,-30035.195852010533
2530,282.56906002819454,-30035.131557769982
2531,294.83187501744607,-30035.222855666674
2532,274.0440391846243,-30034.994874313146
2533,246.20149320257082,-30035.458383680405
2534,285.15971736596026,-30035.410008461025
2535,288.7737828916383,-30035.44977281628
2536,281.9310708388361,-30035.2628731035
2537,273.99163934950985,-30035.754007587213
2538,311.4262253096423,-30035.36708359694
2539,287.5865626814358,-30035.731650647325
2540,289.0928498497675,-30035.59993363805
2541,312.12704180835334,-30034.76934090766
2542,305.16182922102143,-30035.237872655533
2543,306.1199068346799,-30034.520364272023
2544,303.07382922285285,-30034.52878338879
2545,314.1355846327352,-30034.456995447395
2546,297.4347544417902,-30034.797873291576
2547,295.72724585910447,-30034.803802850696
2548,279.01132823713704,-30034.381389109007
2549,306.586557312666,-30034.582820774158
2550,312.8575012803439,-30033.864210421747
2551,299.598275431335,-30034.003105874534
2552,307.6950088178959,-30034.103709612766
2553,307.45831306081516,-30034.654597567936
2554,299.4220105052825,-30034.386455003834
2555,304.9366960278525,-30034.786516043285
2556,301.29342361799326,-30034.79826911774
2557,283.9545810860331,-30035.184525378994
2558,281.8512560695905,-30035.00707238993
2559,278.1681456630321,-30035.109673358627
2560,290.5588315277312,-30035.205560681516
2561,292.1245990109782,-30035.041094429784
2562,304.3062578332531,-30034.976234798763
2563,317.66589671721636,-30034.686370866024
2564,305.51016468275805,-30034.234951994436
2565,327.58633095610054,-30033.739053838668
2566,320.37099682113205,-30033.934593198042
2567,340.64064254538727,-30033.921729641446
2568,316.3761905631351,-30034.16223817613
2569,286.26703818068887,-30034.647722674472
2570,302.6482191046539,-30034.830526811013
2571,333.9725461335494,-30034.072225495736
2572,309.2031553580297,-30034.374289486736
2573,288.53788328157395,-30034.678375079013
2574,300.4556584071339,-30034.33696369397
2575,285.0491830179655,-30034.647169555672
2576,311.6820358914407,-30034.5774325894
2577,315.96763217334217,-30034.156911172755
2578,295.21307873891686,-30033.93980966337
2579,287.38985258232026,-30034.201452611345
2580,305.0174821966815,-30034.356745397057
2581,315.64335160339164,-30034.106491138675
2582,318.0985370236391,-30033.987965868044
2583,296.00077159790845,-30034.22073657038
2584,288.8864265333085,-30034.581699180428
2585,287.8378604826609,-30034.77805088754
2586,291.96215517965385,-30035.58229831384
2587,290.25029873860046,-30035.225056213734
2588,293.06824672443855,-30035.31613726188
2589,271.56598211856715,-30035.49483545442
2590,270.0154677936193,-30035.764385989754
2591,282.2427786817323,-30035.809703791856
2592,234.66950932307856,-30036.024445930416
2593,281.666470519585,-30035.796886287448
2594,276.9288580983003,-30035.519816708336
2595,284.89386076666153,-30035.42647518538
2596,295.3277635416217,-30035.362700203645
2597,297.0530923163178,-30034.959837099268
2598,323.0168509406485,-30034.65110574105
2599,307.198670106466,-30034.637704548077
2600,269.1979873323591,-30035.359209899852
2601,250.62074053184364,-30035.296212246725
2602,245.2992193861417,-30035.002610490632
2603,267.2247948798237,-30035.53589870456
2604,289.21690970336743,-30034.876103498682
2605,293.95270000532497,-30034.38564088057
2606,319.3570611500009,-30034.3331970225
2607,304.8788139094935,-30034.45789687709
2608,282.91812922282776,-30035.14033736464
2609,291.70350233395214,-30035.168895962604
2610,274.94388480087457,-30034.987818082383
2611,280.863261129022,-30034.690178610344
2612,315.4192856190168,-30035.090654501695
2613,293.5672802593634,-30034.963715026683
2614,292.1993152841038,-30034.77163302947
2615,271.3896590210895,-30035.198498549973
2616,279.46781919955134,-30035.285898563758
2617,262.98228249823427,-30034.982677911717
2618,290.93456014875744,-30034.625777681904
2619,285.4698509171316,-30034.816253830493
2620,293.83935516581636,-30035.2009978156
2621,314.31010122600776,-30034.739706011027
2622,307.16429165228556,-30034.915914830777
2623,296.4204390443459,-30035.466017937302
2624,280.24570911862236,-30035.60418193564
2625,280.82311514042124,-30035.605253017737
2626,286.6693752954143,-30035.866097114384
2627,294.86330043169,-30035.618547942384
2628,276.6760916372755,-30035.53204723671
2629,296.9578385327252,-30034.751300536725
2630,301.9491115059686,-30034.148929551287
2631,302.5760689357322,-30034.346017280895
2632,311.0213195568395,-30034.205414526325
2633,297.0542789534321,-30034.39144781426
2634,291.0786029847153,-30034.303787607656
2635,301.39732677390367,-30034.867915791874
2636,277.8055217529404,-30034.39420416994
2637,295.9889108108715,-30034.320644904714
2638,293.11296759341616,-30034.186103791468
2639,308.24779629833756,-30034.290948097216
2640,278.2862925105943,-30034.286382885668
2641,313.75827938099707,-30034.150099437073
2642,321.4487054064546,-30034.003131933197
2643,296.4938214803235,-30033.479793282277
2644,309.747906217232,-30033.49727741478
2645,305.49765425850984,-30033.893470453328
2646,306.4876987407496,-30033.6204688228
2647,280.9504883142984,-30033.861808113845
2648,276.2526334994962,-30033.968502041782
2649,290.17187206077205,-30034.18992363736
2650,312.93210195017406,-30033.5068613103
2651,280.2644378089687,-30033.777537991056
2652,311.29607922412345,-30033.54028589399
2653,290.4676395663898,-30033.489109237937
2654,312.53820069372483,-30033.702336738745
2655,299.8997985866989,-30033.569724524976
2656,285.2428263265875,-30034.011429267226
2657,311.48047876105176,-30033.998528601194
2658,289.8269755024918,-30033.866585743515
2659,298.380695863088,-30034.510358309184
2660,296.56576814558144,-30034.16938606685
2661,301.0315834573027,-30033.836118979983
2662,306.77896530137866,-30033.753752247805
2663,282.23969344233564,-30033.915250307447
2664,293.8461811282838,-30034.3629351375
2665,288.42194680264976,-30034.458641088102
2666,300.4177004302155,-30033.92971732602
2667,318.4614423867341,-30033.724912337515
2668,309.5846757562092,-30033.42717300138
2669,325.2095986140054,-30033.970836020235
2670,308.7564313275401,-30034.14922134972
2671,300.5661985755221,-30034.12519307762
2672,320.1868410397973,-30033.474391221804
2673,292.6956503828838,-30033.530606935223
2674,307.0700304201241,-30033.80891575029
2675,288.87266767083395,-30033.708999107064
2676,329.6843550690719,-30034.02601544067
2677,310.60681659991724,-30033.963909234873
2678,323.79237932505515,-30033.166714262046
2679,330.54700312536596,-30033.404662425117
2680,284.24964596628314,-30034.33529118973
2681,298.6984313958345,-30034.246490190453
2682,307.73196218673405,-30033.977778177563
2683,287.07625420496487,-30033.99256020022
2684,333.2505502174649,-30034.12362702687
2685,329.2942944133979,-30034.03975343912
2686,288.5701692345495,-30034.94123316425
2687,315.6076862344014,-30034.847624483955
2688,298.2953369245696,-30034.932431715235
2689,310.60602118424436,-30034.167054283876
2690,325.23184727778437,-30034.257384602286
2691,308.29601851189557,-30034.70379512299
2692,306.53292767555183,-30034.918156921234
2693,282.18180228710014,-30034.73311574403
2694,302.6108381105595,-30034.763109649808
2695,331.9091627257188,-30034.100797000818
2696,301.56507344694353,-30034.650796996026
2697,324.01853793357725,-30034.50476377799
2698,297.44433562638585,-30035.246850541196
2699,271.85932450403715,-30035.344863431827
2700,307.93295418162484,-30035.218805785396
2701,268.5144416234727,-30035.495579766935
2702,262.51515254668567,-30035.179999120042
2703,280.4214038999696,-30035.050925302232
2704,279.8108434521808,-30034.58584615036
2705,295.7681827946364,-30034.45120850694
2706,288.4074101475328,-30034.621116869544
2707,283.09828132017054,-30034.7100152565
2708,294.7872359956343,-30034.911480824074
2709,306.5268015712438,-30034.131201958928
2710,310.244840908376,-30034.37928308239
2711,298.70343820244557,-30034.46120774043
2712,287.9969231592923,-30034.229119727825
2713,304.3064805916668,-30034.280916683983
2714,314.4530520806832,-30034.038837210923
2715,326.80935374483545,-30033.920747461354
2716,312.60914690819425,-30034.65172036537
2717,290.171034299374,-30034.383304128714
2718,292.17134313092805,-30034.79772871193
2719,321.75605816035437,-30034.16725989458
2720,317.9084833563651,-30034.0630688021
2721,308.9457581678683,-30034.03898048584
2722,331.7929414454146,-30034.086148313523
2723,297.83963809881914,-30034.395089794132
2724,333.55075879407525,-30034.045747562184
2725,325.1942285082355,-30033.381379684375
2726,325.2122622921287,-30033.482487630386
2727,357.91054375582667,-30033.72666421885
2728,316.57434927660074,-30033.743180948783
2729,313.07872017645684,-30034.03050944656
2730,325.00701240955664,-30034.003286095554
2731,288.0175779943072,-30033.83797410843
2732,285.9455317813314,-30034.726138965503
2733,296.70775957979725,-30034.876744574598
2734,273.1192490515342,-30034.9556842877
2735,305.4121607221787,-30034.64562537701
2736,301.07553086001303,-30034.43071438032
2737,276.944660026006,-30034.837777784825
2738,299.397161668336,-30034.494503210946
2739,285.5124256534462,-30034.422602579834
2740,318.55857344088446,-30033.837698457155
2741,304.23901235391634,-30034.491601642552
2742,315.06648906068483,-30034.480406357812
2743,317.62828107172123,-30034.70880336937
2744,304.92997660892416,-30034.331607285883
2745,324.865581967623,-30034.231460322604
2746,312.09017787349245,-30034.02612946362
2747,303.25719887876386,-30033.981192679857
2748,294.235999617243,-30033.989828243026
2749,322.09174838809696,-30034.11192359035
2750,308.07988103771737,-30034.191664892427
2751,325.1862077640174,-30034.451894352776
2752,314.3910918786151,-30034.384148960646
2753,338.4596956476189,-30034.343889415555
2754,319.1749266688254,-30034.218647223
2755,301.59444876236313,-30034.470369070896
2756,317.50913828275543,-30034.01649394572
2757,305.78239008749904,-30035.011293489937
2758,297.0695237399385,-30034.54536043388
2759,305.33932285573803,-30034.63769568078
2760,322.54674407031837,-30034.70006448467
2761,299.3248092846835,-30034.388905027787
2762,301.94210615475873,-30034.141293626006
2763,300.86023752750697,-30034.303328497583
2764,291.5735191234612,-30034.853812904275
2765,307.107433881163,-30034.4407854702
2766,317.6833784952901,-30033.713273975725
2767,342.65724543247785,-30033.191212271726
2768,318.11652360385307,-30033.467981253856
2769,303.9174815705399,-30033.954784173202
2770,271.72618287601324,-30034.13337560859
2771,300.68175319782057,-30033.823452318487
2772,302.7667770271251,-30034.173241601628
2773,317.83852726436186,-30033.392957093754
2774,315.1388467077209,-30033.865301283302
2775,289.1000528184652,-30033.914205207242
2776,288.3401762872934,-30034.105233420465
2777,308.9266251796106,-30034.207431496034
2778,289.4209639609845,-30034.09361642007
2779,339.3127698684936,-30033.597777715142
2780,306.1486075436814,-30033.404406475813
2781,331.23469652190295,-30033.3209223877
2782,307.1349534331634,-30034.02016994587
2783,301.6234502020682,-30034.29190369456
2784,317.8023658601158,-30034.202462316945
2785,282.0245523732675,-30034.508563711806
2786,302.4544612021954,-30033.63619186288
2787,314.19954639718543,-30033.156555121906
2788,312.53025573056664,-30033.280661997036
2789,314.60537082479794,-30033.76741978669
2790,297.6763319328301,-30034.19217478893
2791,267.07973564471934,-30034.73291439785
2792,295.8705075773724,-30034.23769184006
2793,289.6751566176284,-30034.07158431845
2794,303.4237337262539,-30034.465276303912
2795,294.3778760488078,-30034.162033399498
2796,303.5814218787462,-30034.07262979003
2797,289.85608319208677,-30034.27991456408
2798,294.67649732355375,-30034.19552206885
2799,287.6660203755906,-30034.02847598622
2800,311.04813142353686,-30033.982082464692
2801,297.9474329255985,-30033.921669626012
2802,315.4459811925078,-30033.82826287131
2803,312.33472028578933,-30033.66254372808
2804,306.037247723812,-30034.03026025205
2805,298.92128196264895,-30034.026029337874
2806,326.73787612969073,-30033.164736604052
2807,318.8016785539628,-30033.524930199736
2808,325.14092646673345,-30033.529207574175
2809,293.053143082131,-30033.781361709625
2810,276.0864407667362,-30034.140659794488
2811,320.3402094786724,-30034.01935358929
2812,281.93571328930017,-30034.313537337326
2813,315.6840798499975,-30034.335933305065
2814,298.1638578625537,-30034.318558235875
2815,299.2679601127914,-30034.542681700463
2816,283.30201848693645,-30035.32402054538
2817,271.6639613027349,-30034.572443946356
2818,282.0036409621644,-30034.75518454838
2819,278.0022839708721,-30035.31307276723
2820,303.86191958099414,-30035.438606526553
2821,267.26752716899773,-30036.08560285767
2822,250.80555508971452,-30036.221241368046
2823,238.71407579775925,-30035.99476546167
2824,267.247140338466,-30035.750179221828
2825,266.7323153657437,-30035.548311991133
2826,294.5611539168937,-30035.632023129147
2827,275.5890751461142,-30036.057493113753
2828,297.853981689516,-30035.918165754014
2829,274.0744380768228,-30035.736295588056
2830,277.65613930039774,-30035.034688207914
2831,281.56052068815086,-30035.172603701187
2832,268.0812781564283,-30035.31313857654
2833,303.93654450832145,-30034.630084928678
2834,301.94231077715614,-30034.48894471836
2835,288.9498324576045,-30034.773460365275
2836,279.87027723500955,-30034.578488705778
2837,298.1128094864477,-30034.68507932048
2838,287.72126823821736,-30035.277083425655
2839,303.3518787333295,-30035.019821833677
2840,299.62328847459503,-30034.420444153486
2841,316.1934838767329,-30034.868015299453
2842,296.10593255973856,-30034.919257790643
2843,304.5475204469335,-30033.976012982814
2844,325.4842530163538,-30033.43461629117
2845,304.27238396110016,-30033.443885488126
2846,292.9979792775993,-30033.870642776452
2847,288.00688227723055,-30034.24058745137
2848,296.02396004372804,-30034.552183339572
2849,259.9308875788329,-30034.883809179893
2850,282.04854556014146,-30035.222802696946
2851,255.45101104400567,-30035.55532131461
2852,285.28203910135875,-30035.35028463213
2853,292.7885129659348,-30035.252875644626
2854,290.5098797629423,-30035.22437266958
2855,297.6120443134414,-30034.375435827813
2856,298.3026783745042,-30034.602168543912
2857,298.8838934270503,-30034.616815491758
2858,302.20783193905413,-30034.915845823933
2859,265.832752949139,-30035.461611083654
2860,253.42185818686315,-30035.438498764997
2861,288.93794976979007,-30034.820634876636
2862,296.53411356647604,-30034.238543317395
2863,280.72468870611874,-30034.62921829905
2864,303.5212222900241,-30034.169850287275
2865,275.10897032979506,-30033.688735112515
2866,279.9060091875418,-30033.59516618222
2867,313.6504839755739,-30033.525863369778
2868,317.4961041008849,-30033.305884981284
2869,318.65479548398696,-30033.263007489044
2870,288.1283765251767,-30034.321509479872
2871,318.8733033357747,-30033.7164842226
2872,292.02462841239844,-30034.012364257826
2873,296.0535587388476,-30033.639327909004
2874,300.30418633912547,-30033.61226602715
2875,294.87855320458186,-30033.008788485702
2876,315.37454952653144,-30032.87889148083
2877,325.47420450720506,-30032.718072695792
2878,311.9056007194942,-30033.28078185837
2879,320.5068545117914,-30032.63820006104
2880,296.2510993505457,-30033.026926886338
2881,292.5861047392892,-30033.281414983892
2882,259.9965516092101,-30033.93293532262
2883,302.0880965969913,-30033.911051335996
2884,287.8855788163352,-30034.114738738954
2885,297.5661381514735,-30034.011358549356
2886,298.98623553341434,-30033.497048388224
2887,290.0758357003063,-30033.50093805021
2888,299.555830600899,-30033.525660100822
2889,310.1303947451233,-30033.253261527043
2890,317.9592273967476,-30033.210227263487
2891,295.0778605655443,-30032.7693898059
2892,305.0094043130291,-30032.442886505698
2893,304.59568082353553,-30032.683783442233
2894,292.54195694176735,-30032.927059009646
2895,311.40817671586586,-30032.63511664922
2896,290.33288218512956,-30033.107740265878
2897,312.2534142479924,-30033.080608727967
2898,294.3105795045932,-30033.239901530414
2899,310.08167016231715,-30032.629489663832
2900,295.55245960575905,-30032.65781783403
2901,300.8487900597566,-30033.01064828892
2902,316.6915368248502,-30032.611320905624
2903,317.4787439062681,-30033.45476005699
2904,291.5395965515405,-30034.18083982115
2905,287.63064989633784,-30034.7188206486
2906,291.58265176717174,-30034.82428583468
2907,291.8499520720739,-30034.327313970723
2908,304.6170258286659,-30034.140276676626
2909,286.8084326781072,-30034.20048270193
2910,316.17887852566264,-30034.167211562424
2911,298.8022065072181,-30034.267311967036
2912,295.21687852185494,-30034.023698262215
2913,300.28996563660667,-30033.616530719788
2914,312.9455157825071,-30034.088554455382
2915,308.0958944166313,-30033.874855014143
2916,295.3635759691062,-30034.301250651657
2917,308.60048491220726,-30034.04573021191
2918,295.5234829679394,-30034.043313835216
2919,322.3998313280985,-30033.61197064689
2920,312.77948537955643,-30033.315395616457
2921,319.6369319077463,-30033.582002061597
2922,307.9384256521419,-30033.3026522482
2923,307.64495458381805,-30033.733877514336
2924,302.27990563750683,-30034.042935406545
2925,298.26640861817583,-30034.10503587319
2926,310.50052155821294,-30034.220494724876
2927,279.5499785483985,-30034.733046430578
2928,295.0220503439268,-30034.296187166114
2929,294.44709399390894,-30034.187632463345
2930,302.00899558070336,-30033.88960763179
2931,316.769433977035,-30033.337873079057
2932,291.93140664097626,-30033.161198352012
2933,289.1168372589148,-30033.28096964382
2934,268.92814049674666,-30033.737105325872
2935,299.31030325742256,-30033.539661287232
2936,293.70479187807126,-30033.761030201284
2937,318.64210920977683,-30033.827780380354
2938,262.3217620406525,-30034.512998661427
2939,320.35034183931896,-30034.392145071135
2940,302.3033076046142,-30034.39195491879
2941,299.9235900958552,-30034.393343593543
2942,322.711974297267,-30034.002540367586
2943,266.0123659742009,-30034.212943188202
2944,281.2342288029314,-30034.3312187387
2945,281.0024197840845,-30035.151514770252
2946,294.7053552765781,-30034.661591559197
2947,287.124530329021,-30034.559702742143
2948,288.0115010643627,-30034.66234603165
2949,299.7732248962031,-30034.59635240234
2950,291.1638555145166,-30034.623904383712
2951,298.3745292594746,-30034.49879499269
2952,290.95080452363084,-30033.910524481205
2953,318.1667087389632,-30033.576091302835
2954,287.6547157395494,-30034.116651552387
2955,277.7622619564368,-30033.63162268801
2956,306.96144350154646,-30033.83118400863
2957,286.1992781536793,-30033.61232123779
2958,271.69869074662915,-30034.147740441716
2959,309.703201554064,-30034.029654226717
2960,285.377679778593,-30033.859592692752
2961,304.75277508235337,-30033.38294877285
2962,309.653050382589,-30033.27896519666
2963,289.458878677042,-30033.684457628442
2964,293.23614095035066,-30033.489639746862
2965,299.3792153321956,-30033.362143060753
2966,293.530460724542,-30033.92362746351
2967,302.1620757629833,-30033.27246788998
2968,302.6696631650186,-30033.06240817365
2969,282.4745993858119,-30033.415188715768
2970,306.3527019738761,-30032.557465259622
2971,304.03205685118695,-30032.362052474055
2972,301.3957002795763,-30032.262488038785
2973,339.3394281084119,-30031.811949525778
2974,295.47849306467145,-30032.103041586826
2975,298.95978246723666,-30032.29459015604
2976,293.4902241608116,-30032.373860403914
2977,315.60518851830284,-30031.960968690615
2978,299.08943269741457,-30032.07452535737
2979,318.7943932970698,-30031.72433257967
2980,303.12551182554137,-30032.21888694306
2981,329.38182682005163,-30031.908640874306
2982,319.61193658237033,-30031.96544458605
2983,322.58368642685883,-30032.048742702038
2984,314.05862671514876,-30032.677685224902
2985,288.055872185436,-30033.483493251875
2986,289.61690741025075,-30032.569146279988
2987,319.3349678238144,-30032.42555077506
2988,329.0555082926478,-30032.227412833352
2989,314.56468011738525,-30032.114148549095
2990,295.21054677424917,-30032.79534223329
2991,287.85772136835453,-30033.70137840519
2992,258.6898249681802,-30033.606497270863
2993,288.26583114766197,-30033.2496854661
2994,300.4104852419208,-30032.65450856483
2995,307.42593451568996,-30032.296038691547
2996,322.8606423527869,-30032.69605871148
2997,301.4945092625207,-30032.37913811507
2998,326.7220556304794,-30032.57919787067
2999,306.5219744222752,-30032.818823630554
3000,312.32145611590056,-30032.91483118565
3001,309.9718053690591,-30032.38030575689
3002,328.55521804687254,-30032.220491744814
3003,307.12747255426393,-30032.680514756594
3004,323.56760864936626,-30032.602067262298
3005,310.539170793273,-30032.14530179419
3006,316.2075130617774,-30031.978989809148
3007,315.01633411160697,-30032.06760804797
3008,281.4016835640444,-30033.00473230069
3009,275.2237860803893,-30033.258106727157
3010,284.983875964418,-30033.1253781651
3011,300.02449061180056,-30033.17986282629
3012,309.21543929804966,-30033.06538611154
3013,291.34676047120405,-30033.86734101285
3014,281.7072912576897,-30033.588826122526
3015,259.3924306613775,-30034.0536313587
3016,264.3779285764074,-30034.142812187594
3017,306.46453183807773,-30033.460896510594
3018,287.2610282550256,-30033.788684092564
3019,298.21254568206643,-30033.15131540073
3020,299.19003494910936,-30033.989958358077
3021,275.59496624753933,-30033.99093837447
3022,299.87850330258215,-30033.724558162332
3023,290.9735213752787,-30033.185342512257
3024,314.70407060577526,-30032.870400740485
3025,299.0279217063233,-30033.33388828442
3026,291.0115361061784,-30033.53008744969
3027,293.9056964829366,-30033.566513136844
3028,290.5460927772088,-30033.547678645526
3029,301.78525423787795,-30034.035872186992
3030,318.3059043089932,-30033.252270282275
3031,304.6670866824564,-30032.9827648582
3032,314.5193039736841,-30032.757870411166
3033,303.86406310259053,-30033.23933374761
3034,319.65999549182584,-30032.852905103016
3035,303.69764410681427,-30033.350950328433
3036,293.5962558721479,-30032.962984676335
3037,307.75205173411985,-30032.426490556634
3038,344.85463983154386,-30032.58309105198
3039,332.93364680735704,-30032.748802296377
3040,318.22484862926353,-30032.37931334671
3041,330.13951441386763,-30032.97743345976
3042,308.82101059522955,-30033.407359209636
3043,310.0838777434718,-30033.428262145226
3044,286.54726679262774,-30033.918003068604
3045,300.96700783796786,-30033.421731028106
3046,311.32866510069107,-30033.541417669443
3047,301.6035691870926,-30033.268967309286
3048,329.4267987779765,-30032.81766357502
3049,299.1761991742246,-30032.546947723346
3050,282.4147577554075,-30033.153025190426
3051,297.21350681496625,-30033.133528115945
3052,298.68073753835864,-30032.84849867636
3053,344.4847351081619,-30032.299446006225
3054,317.16345937354964,-30032.507628896576
3055,332.88685835344194,-30032.4863097567
3056,336.6746357918968,-30032.093961208117
3057,298.60623688962573,-30032.664829641708
3058,312.260324724154,-30032.805043919638
3059,317.3667494455111,-30032.63336420479
3060,325.55511544032106,-30032.567595779794
3061,325.0594074585155,-30032.849621692127
3062,286.49308934761785,-30033.206478023552
3063,260.70052946668835,-30033.219878574106
3064,309.1117648581616,-30033.36682742246
3065,282.91182972739693,-30033.71471489778
3066,267.0508321171016,-30034.32739293124
3067,264.4385240295776,-30034.12956608731
3068,276.1107803932155,-30033.94278067238
3069,293.9198963768729,-30033.3278739687
3070,270.22923763919107,-30033.53829464803
3071,297.74836936177525,-30032.721609035736
3072,280.2488449395599,-30032.641212270108
3073,293.7561491756741,-30032.970673205094
3074,317.92913276917136,-30033.027392069376
3075,311.74857871905493,-30032.911692831432
3076,292.4648079072508,-30032.98564422939
3077,285.852677763991,-30033.296838790193
3078,283.59895037950713,-30033.660286171777
3079,281.3670933502404,-30033.628651045943
3080,293.4654011664806,-30033.733861084642
3081,281.4129442164138,-30033.684135968168
3082,267.73354608687765,-30034.271122153717
3083,304.400492877742,-30033.40354703933
3084,281.58647639927807,-30034.076246344546
3085,292.8909206596913,-30033.50420063792
3086,313.30553363164347,-30033.07166745664
3087,281.3592940198299,-30033.466738258456
3088,300.4597054028329,-30033.45600231165
3089,300.1166847529885,-30032.798632759237
3090,293.9295672585366,-30032.950677082445
3091,279.6812782646908,-30033.15356505547
3092,262.00240570265737,-30033.331595133674
3093,286.6182763938456,-30033.439650722517
3094,275.1333141468261,-30033.76234025978
3095,311.3335747899768,-30032.961215792333
3096,309.779097271126,-30033.035553722704
3097,271.8597016040428,-30033.88001017676
3098,303.15431058948184,-30033.88808292531
3099,305.9416469093716,-30033.72407618666
3100,289.1419940786865,-30033.62994492379
3101,272.6199069971444,-30033.800301799343
3102,269.94102078047825,-30033.77407497818
3103,270.0057337077438,-30033.684553219115
3104,246.7965204472199,-30034.0644793574
3105,282.29871107605396,-30033.407903352196
3106,291.04386313951517,-30033.345678874466
3107,316.0817750870995,-30033.589580996715
3108,288.9505247091698,-30033.671880416598
3109,310.6678529392962,-30033.749480146747
3110,316.0376097967898,-30032.834834838384
3111,289.18132964400627,-30033.519578443673
3112,297.33776064786673,-30032.8237555872
3113,293.370722103276,-30033.263591285875
3114,287.5247025349379,-30033.451959875078
3115,268.2225801404373,-30033.52832696236
3116,269.5905243243896,-30034.16767510863
3117,283.7482162020504,-30033.80886757354
3118,271.1969559482847,-30034.285387014126
3119,265.9416888787877,-30034.201052778244
3120,300.7816516039523,-30034.010387435108
3121,282.46951553313113,-30034.012973107787
3122,294.4213258747631,-30034.194141341603
3123,272.8773543971893,-30034.44029703467
3124,270.90276223316005,-30033.757646120073
3125,278.20794309930113,-30034.153592111736
3126,286.8371968593458,-30033.70366393086
3127,274.8572853402046,-30033.81226650665
3128,304.2045371034819,-30033.52176749007
3129,307.49360471218154,-30033.686911142468
3130,302.14743768501364,-30033.593149352855
3131,258.0536824765038,-30034.270969182093
3132,295.94847591858627,-30033.265023469125
3133,290.2683786527791,-30033.597647372
3134,288.84422839613114,-30033.737059688643
3135,281.54992540772264,-30034.04396451255
3136,281.7544818055537,-30034.202871027148
3137,288.76556262365887,-30033.768339388815
3138,279.78194976068085,-30034.024074435827
3139,278.356813640949,-30034.07562097683
3140,294.45138700955556,-30034.076196129918
3141,254.53482662812598,-30033.998336251112
3142,280.9648269459425,-30034.185665448724
3143,279.4271772315313,-30034.058407347653
3144,283.88716264215566,-30034.529974707475
3145,284.9571015347937,-30034.522537408106
3146,278.66488345176015,-30034.597152739298
3147,287.5532711164592,-30034.664130409234
3148,262.1630217432071,-30035.10684357035
3149,269.8184880449959,-30034.624819750476
3150,278.20631661581626,-30034.468086233377
3151,283.34509216154316,-30034.57098171864
3152,294.9936794671994,-30034.503933523672
3153,292.0949519600784,-30033.780122954195
3154,284.91666263252006,-30033.57824419859
3155,296.11434651618976,-30033.307717586056
3156,286.374214966202,-30032.996583709508
3157,325.12088786526283,-30032.531665785977
3158,292.0278288116106,-30032.87556483955
3159,307.0538608818427,-30033.19994831468
3160,309.76990825853755,-30033.13930096312
3161,299.05100837367496,-30032.63799386901
3162,340.9349173322772,-30032.07446849203
3163,286.28582167145896,-30032.951936723603
3164,319.07731305215344,-30032.82852951668
3165,294.9432562490461,-30033.38020447574
3166,306.6181679306391,-30033.212883381682
3167,289.9044184224356,-30034.50330561619
3168,278.3433173177966,-30033.636508035983
3169,297.430945151589,-30033.31750055737
3170,285.19140722675536,-30033.43264719618
3171,269.26720428665396,-30034.302777738674
3172,298.15870223917307,-30033.613610061926
3173,294.79746986362034,-30033.590910372357
3174,249.92249472349513,-30034.835296389978
3175,264.11004742103034,-30034.780423692286
3176,263.3185764565796,-30034.403888890036
3177,271.75056119277576,-30034.56440176127
3178,269.27981558778646,-30034.41574111211
3179,298.4679711035628,-30034.15854910142
3180,297.8069257198835,-30033.671304957254
3181,280.6077512520953,-30033.62825953841
3182,305.99755945176514,-30033.199229372378
3183,309.9851305009147,-30033.19442301273
3184,286.5372389882789,-30033.685833951342
3185,293.87373364271394,-30033.870053157327
3186,284.3518161257798,-30033.434278420234
3187,278.1880237437757,-30033.48807856786
3188,301.0835861420177,-30032.99496446637
3189,317.2916666374962,-30032.527834843866
3190,328.28908312419594,-30031.510402984502
3191,324.7119121909642,-30031.940411800548
3192,346.1117755132833,-30031.631482203145
3193,331.89120144032177,-30031.79265597743
3194,319.71071231146345,-30031.513736125522
3195,333.9063999315194,-30031.66373650648
3196,326.5347188840041,-30031.886654197857
3197,318.4897156650043,-30032.47810593999
3198,319.44604435929796,-30032.202047889205
3199,320.7969489664595,-30032.232450529784
3200,329.37343224107804,-30032.141274340473
3201,287.7135243298458,-30032.138606741217
3202,334.28321063611037,-30031.997988732208
3203,312.3192221998742,-30032.40902811805
3204,284.2135081155652,-30033.453389569237
3205,283.60885876516943,-30033.67370829907
3206,299.50347045112017,-30033.04651112459
3207,281.3564333101082,-30033.44923223962
3208,291.4313441358117,-30033.191380898115
3209,305.4490052506287,-30033.205243560198
3210,278.6150688480535,-30033.36403335082
3211,286.7268642352507,-30033.190819940915
3212,290.20281903086817,-30033.109065472585
3213,310.06149979356536,-30032.84679494692
3214,291.4944676486517,-30033.51596170134
3215,285.95035937048885,-30034.13422040778
3216,296.41162830270997,-30034.206474393137
3217,290.878674752532,-30034.496326936947
3218,301.73409579002447,-30034.304739796033
3219,291.0130765843271,-30034.364032995873
3220,281.4956062962243,-30034.017989913304
3221,287.11377694052004,-30033.89005191373
3222,289.9884717591533,-30034.530483868733
3223,266.6344872045695,-30034.755855942556
3224,288.6511073829934,-30033.90989618727
3225,290.9672814344617,-30034.56245291928
3226,300.87342834757777,-30033.933855388845
3227,321.3681524349008,-30033.911412326528
3228,289.91190272432436,-30033.319523219187
3229,310.018625876644,-30033.383031863632
3230,292.9190920191886,-30033.74372493433
3231,290.11862012106167,-30033.63853151431
3232,277.054665918873,-30033.973676885256
3233,298.65735408708014,-30033.966275572413
3234,313.3203396766106,-30033.49121613504
3235,303.00270491650264,-30033.739560501093
3236,268.6220806652949,-30033.826851025482
3237,306.24090553929136,-30032.896220666033
3238,320.69894875547277,-30032.537655067845
3239,307.804030801455,-30032.440805388313
3240,306.84412323420435,-30032.80093802207
3241,336.9488090668819,-30033.1749411062
3242,291.0245917132845,-30032.924289624087
3243,292.6353774209413,-30032.803610531893
3244,319.48313663039795,-30032.63275357787
3245,324.9227987440421,-30032.222205634203
3246,309.5526918985351,-30032.64086980162
3247,323.3682283789843,-30032.239905279832
3248,332.8239738796807,-30032.36680105333
3249,288.343333027078,-30033.562185102655
3250,293.4502569579723,-30033.324086554887
3251,293.732017329932,-30033.06893771495
3252,296.98808862642437,-30033.106006812206
3253,299.28116589596624,-30032.815786339568
3254,311.6670841964237,-30033.29460633221
3255,292.6723870791241,-30032.943302677875
3256,288.04752089632865,-30033.09112562689
3257,285.84897669023377,-30033.355525828316
3258,281.35755438648715,-30033.169907107116
3259,322.7357247671739,-30033.281238595577
3260,289.50940769430076,-30033.786699634635
3261,309.6492958477627,-30034.095466082304
3262,283.2968149254156,-30034.140557954746
3263,289.6263320756168,-30034.29547122478
3264,296.2034513526835,-30034.40312788706
3265,275.24930694613386,-30034.909807206095
3266,237.12133112069557,-30034.788817942215
3267,271.555934211168,-30033.85641684387
3268,308.00821736005184,-30033.51378372496
3269,303.2288691854847,-30033.13620362436
3270,306.68497028526696,-30032.822527707158
3271,324.24808983629276,-30032.998977763607
3272,297.6511872101565,-30032.862730454046
3273,301.7774813846695,-30033.192318107132
3274,315.2572609077701,-30033.00684782154
3275,304.6389018929772,-30032.9229284003
3276,318.3015198461574,-30033.260193295693
3277,325.4724370463773,-30033.778664120862
3278,288.0832233688675,-30033.86366322139
3279,302.2122621765474,-30033.456749781737
3280,309.83044754862675,-30033.100665653466
3281,323.16685824253983,-30033.500840328314
3282,299.6326513773927,-30033.90848940505
3283,294.63062964571265,-30033.858787570374
3284,292.1677564855118,-30033.998990990807
3285,278.09721589513214,-30034.322398692457
3286,292.1535744127075,-30033.983723459754
3287,288.8663394494319,-30034.12322111426
3288,304.794096762718,-30034.094797856334
3289,272.44305390581866,-30034.47468137876
3290,297.3434799776539,-30034.44861142754
3291,285.10515640773235,-30034.07935245769
3292,286.7374862887955,-30034.651489704713
3293,297.8576960666074,-30034.67783775557
3294,281.7716999030709,-30034.1848589081
3295,292.59090671645447,-30034.548872071737
3296,265.5196711462271,-30035.295674401907
3297,268.4671634633163,-30034.895208945643
3298,273.36807699030703,-30034.984568657506
3299,282.8023118588966,-30034.924506621355
3300,280.0070680094124,-30034.602384549755
3301,278.5521626814911,-30034.98085331923
3302,297.706361744512,-30035.00196474177
3303,285.1511100002757,-30035.119209790628
3304,314.45511468230734,-30034.146207096623
3305,311.0389236160367,-30033.775283303843
3306,318.1326794914483,-30034.151167783544
3307,279.4549205122363,-30034.01278618409
3308,275.347129532624,-30033.866325895182
3309,258.86448551673004,-30034.248579206007
3310,292.3406948894138,-30033.779788208794
3311,313.2994840428706,-30033.390179315706
3312,310.5978252737606,-30033.395776492463
3313,301.43227064988395,-30033.255706882323
3314,326.6194920337931,-30033.10131430702
3315,270.03123389920665,-30034.010082344164
3316,308.5627670795079,-30033.310352790955
3317,306.8388376124675,-30033.168258749818
3318,293.92405472796077,-30033.581675404588
3319,296.2320213031011,-30033.79693901171
3320,293.7531207788198,-30033.976608912933
3321,279.2066258245037,-30033.79834149832
3322,287.98223424564526,-30033.506833722047
3323,288.3453417262387,-30033.737915722006
3324,277.5749983437169,-30033.823842796814
3325,292.93416591443304,-30033.39373561138
3326,297.492457192193,-30033.144075103868
3327,292.4279502873988,-30033.515870126175
3328,296.29324529031857,-30033.002427068794
3329,296.477844701698,-30032.806367863028
3330,293.03498063335434,-30033.2017413817
3331,314.15731944938125,-30032.874416356317
3332,304.11697549136363,-30033.02592766603
3333,303.18234965237804,-30033.47136055635
3334,304.31089172987697,-30033.843305498194
3335,297.8226396033112,-30034.22364325296
3336,294.9894373494588,-30034.19544669918
3337,304.2878127099238,-30033.744277845846
3338,299.83829167687514,-30033.913071724153
3339,284.73133080082437,-30034.043853115516
3340,288.53719179977793,-30034.43815813329
3341,284.8952626721604,-30034.438158599383
3342,284.3649584951504,-30034.53941590773
3343,298.6171081408635,-30034.475102499306
3344,286.8671312360809,-30034.7361125392
3345,292.95431477124885,-30034.287758995517
3346,285.95397037377154,-30035.202488764946
3347,262.50383463905996,-30035.721300020727
3348,266.6263703159701,-30035.595904284342
3349,274.33334223001674,-30035.50711347991
3350,268.84806435061574,-30035.584826825485
3351,266.487720788962,-30035.60135216651
3352,260.73341824132734,-30035.750299589807
3353,263.9006742032947,-30035.611872963964
3354,271.9903197549529,-30035.36109285598
3355,274.0620276783582,-30035.22098340073
3356,275.2801288201451,-30034.873874069453
3357,306.3862465233987,-30034.742166621065
3358,272.8435633797745,-30035.26146126062
3359,265.47640487872354,-30035.09363995809
3360,278.9121584597112,-30035.008888751796
3361,277.34881068955116,-30034.765090887988
3362,251.2788924692473,-30034.801107447205
3363,293.31084342337925,-30034.218225569395
3364,291.32933653150803,-30034.484967695294
3365,298.3709319998569,-30034.063338789107
3366,306.2449915288753,-30033.823852050842
3367,312.30439369461635,-30033.083230005774
3368,340.3654072060322,-30033.139604638425
3369,313.9491992730197,-30033.71559966922
3370,299.50009914042283,-30033.73995547581
3371,301.87784533446836,-30033.9300227394
3372,280.9615396989412,-30034.189654556056
3373,269.72660955042227,-30034.35174498644
3374,275.7589371876334,-30034.71336787358
3375,294.4766225992827,-30034.542356924438
3376,271.649838091145,-30034.621628056666
3377,269.18337551665377,-30034.314656325765
3378,307.69981137790273,-30034.158276060924
3379,290.1465934409938,-30034.555795177446
3380,250.9493253104994,-30034.66097691525
3381,275.77810862875174,-30034.380853394156
3382,324.0208723025288,-30033.354314313605
3383,299.090201353101,-30033.131146607873
3384,301.41323538429685,-30033.71126480435
3385,301.0280909691321,-30033.86355076056
3386,302.614752769502,-30033.366526603124
3387,272.9093942015803,-30033.685583199254
3388,290.3506116891853,-30033.683465256476
3389,291.9311507094693,-30033.807689177942
3390,274.8166211029975,-30033.871885226858
3391,292.1712926160602,-30033.137573735192
3392,292.14098394873395,-30033.1813064361
3393,275.273336833929,-30033.288107766162
3394,305.24962131119236,-30033.468081670213
3395,280.44572335048406,-30033.71828106367
3396,282.9415736436989,-30033.520605806807
3397,285.1284098396918,-30033.969391338866
3398,282.30468953025957,-30033.583533911125
3399,327.3561426615807,-30033.344465268747
3400,299.3158300195934,-30033.625459481373
3401,313.49484326330986,-30032.721192651516
3402,322.19902949578943,-30032.634610120873
3403,323.71864063133444,-30032.076776021793
3404,322.0686355879718,-30032.690631164452
3405,290.3491847739684,-30032.98037622286
3406,296.39440761352597,-30032.95495532751
3407,292.65120006559175,-30033.627430461198
3408,300.82082116509883,-30033.110962639243
3409,321.31774164423354,-30033.15291734035
3410,315.2743043087892,-30032.816965105834
3411,303.90768844934445,-30033.00385914059
3412,322.6832077490284,-30032.65951544832
3413,326.07638909526764,-30031.784925466996
3414,314.4729755392418,-30032.41528815138
3415,329.58603011430563,-30032.67302503912
3416,329.34036845734107,-30032.452654610996
3417,276.5036349727343,-30032.479753501146
3418,320.5382063608137,-30031.992878566012
3419,320.4276101076466,-30031.75738497102
3420,318.88835523022004,-30032.854776704196
3421,305.6594967835604,-30032.701891100613
3422,320.00115398290694,-30032.46930596743
3423,289.0683404570332,-30032.676723289234
3424,296.1299500887874,-30033.188183662223
3425,328.37577908901665,-30032.260170877784
3426,319.87601845296655,-30032.35136634496
3427,310.20010663995043,-30032.644082515548
3428,324.5013108655346,-30032.04142327753
3429,301.1923268794351,-30031.699254830917
3430,311.89138923269786,-30031.44129631872
3431,325.07279305245874,-30031.43131554898
3432,317.34440948373896,-30031.911271048968
3433,290.1201108032776,-30033.304509565634
3434,292.55781572130655,-30033.803612403146
3435,276.31325248737437,-30033.98845847329
3436,299.0306630954333,-30033.367022310813
3437,277.51015093523284,-30033.36844607057
3438,285.08721439996594,-30033.478242198402
3439,301.55725342394595,-30033.09435348011
3440,324.9090595567783,-30032.775286314914
3441,326.3917254679674,-30033.03283657075
3442,294.4929969355896,-30032.944287947972
3443,303.8348876831796,-30033.286944134223
3444,301.07700854434563,-30033.475599009264
3445,326.5873339453476,-30033.58649987387
3446,298.95061804035925,-30033.599508651754
3447,307.4186040669125,-30033.723957835577
3448,307.3916629245988,-30033.349636905692
3449,289.0796238702394,-30033.336595133005
3450,300.5792734495383,-30033.423691641383
3451,318.4109411869967,-30032.99766963016
3452,309.5428385211285,-30032.97900878781
3453,306.371003730161,-30033.291378951202
3454,289.81133233591703,-30033.462683165344
3455,271.13852888692725,-30034.013422208594
3456,285.6942382796236,-30034.119191741916
3457,273.0630688835234,-30034.15241284767
3458,278.86549679957676,-30034.238580516194
3459,290.6712257007498,-30034.015227708693
3460,297.71470421435276,-30033.64433258905
3461,323.4290556312154,-30032.962981461893
3462,323.9316552616579,-30033.03625059079
3463,328.22090206081884,-30032.430090285336
3464,352.8412095549367,-30032.190377791496
3465,293.6018735822446,-30032.91010870307
3466,301.73230424886947,-30032.898534953067
3467,322.37132814542633,-30032.73768908931
3468,299.79391123063436,-30032.65637786398
3469,293.8464265742529,-30032.74378832586
3470,321.4897390163774,-30032.834128902694
3471,301.38174460386773,-30032.94057417624
3472,306.0456869443689,-30032.01246941066
3473,313.2765765439263,-30032.12708484005
3474,309.01592346012245,-30032.752055671146
3475,321.5437627258866,-30032.688235947753
3476,313.90993825778014,-30033.26346427025
3477,309.3528738658549,-30033.388093853257
3478,292.887781048456,-30033.70740477399
3479,276.21886617104946,-30033.445915670636
3480,324.9400002802186,-30033.430756432594
3481,306.3152952543101,-30032.644345621844
3482,293.78860939815985,-30033.43274564775
3483,315.55449214404103,-30033.48177777777
3484,292.0280094437793,-30034.11579466159
3485,301.72608850817124,-30033.83619162511
3486,301.3434219282564,-30033.10950887577
3487,317.09808423121075,-30033.024901722227
3488,311.33071539218685,-30033.16245974043
3489,289.9684664589187,-30033.038800616156
3490,329.08012505393157,-30032.937729850866
3491,336.4017850222758,-30032.637947975367
3492,314.0781518847079,-30033.157661829508
3493,327.72993388642857,-30033.213949852547
3494,305.6608372435518,-30032.90693543839
3495,322.8356605259078,-30032.9212977707
3496,330.44039093452466,-30033.141724659083
3497,295.9547945307501,-30033.60080170414
3498,307.23183295894387,-30033.701321780456
3499,304.01365764233304,-30033.36251623883
3500,324.4637135645778,-30032.981824068487
3501,331.1055679660773,-30032.77144278721
3502,324.3831904443661,-30033.329556834393
3503,328.05083031426034,-30033.01640831127
3504,321.2381710935378,-30033.154922971084
3505,336.2651255525079,-30033.090611321768
3506,318.28911786594415,-30034.094490271178
3507,305.9257421042654,-30033.802602078267
3508,312.2224896155885,-30034.2981850797
3509,289.538624856646,-30034.487135070864
3510,279.27186654413794,-30034.659978310887
3511,292.3657045637962,-30034.480329697664
3512,302.6935005641368,-30034.46805733553
3513,321.9009627092518,-30034.454623100264
3514,303.1767553165006,-30033.80939219045
3515,303.8873071846839,-30034.176247864452
3516,316.78454129420703,-30034.187101663687
3517,308.4352492740792,-30034.39169196539
3518,305.1701194420778,-30034.05016369478
3519,301.3078125748245,-30034.444390809134
3520,288.4440110281678,-30034.731522444046
3521,301.41311620817544,-30035.068689683267
3522,295.2591071456081,-30034.663258860564
3523,266.8370282589125,-30035.500750755276
3524,276.5540209984476,-30035.41012411154
3525,293.2915120032513,-30035.6132440812
3526,264.1106677878712,-30035.39954868051
3527,297.3292214883672,-30034.798580197617
3528,280.3762557991568,-30035.21612579132
3529,309.73248435334415,-30035.38047863352
3530,285.22052624282964,-30035.113553856252
3531,271.8606263800645,-30035.34483061714
3532,279.3196937084265,-30035.21541341915
3533,291.11389723944546,-30034.96696049157
3534,297.9258720755112,-30034.76596308214
3535,298.7032381420137,-30035.08621278309
3536,292.79266232293935,-30035.303552307218
3537,297.78921333056053,-30034.56823578527
3538,281.5961523144615,-30035.613111831415
3539,263.0466619610513,-30035.805273932856
3540,283.38099593048946,-30035.851326739325
3541,314.54649443312496,-30035.02671630684
3542,318.6113874069587,-30034.711367244632
3543,292.8217923283981,-30034.695396190295
3544,291.9466206860843,-30034.610033621488
3545,287.9551158121089,-30034.65986101091
3546,304.67452912831936,-30034.449374141208
3547,309.97392256366936,-30034.251346141536
3548,318.1264154436208,-30033.8759350482
3549,298.11876817868426,-30034.239616627525
3550,283.21442509301033,-30034.73638464742
3551,294.9656060085562,-30034.2351098846
3552,294.6038476678602,-30034.06649387864
3553,289.81716723601954,-30034.05823921765
3554,289.34613115237147,-30033.98808075774
3555,282.0514041161526,-30033.976636895066
3556,313.46590938447184,-30033.42309382493
3557,293.9830925711515,-30033.148546689943
3558,317.242870639773,-30033.333752280716
3559,281.3881722064618,-30033.7101509888
3560,287.432752424271,-30034.163261916176
3561,300.633204234153,-30033.658660403675
3562,309.0774276390482,-30033.369646040803
3563,280.6038485970917,-30034.058045407528
3564,285.3263949690275,-30034.097213486828
3565,293.1330524175206,-30033.523488164592
3566,289.55877219203967,-30033.394830368346
3567,306.21840468074015,-30033.039365940727
3568,309.87806244309184,-30032.31235611214
3569,317.8133513416654,-30032.64359167029
3570,310.3262509839132,-30032.470981085164
3571,294.15585358762723,-30033.0934108791
3572,275.785849875805,-30033.195111395675
3573,293.7040112112783,-30032.93683112853
3574,285.2495282899284,-30032.67727596461
3575,320.77632103117253,-30032.533751721152
3576,324.94554254129866,-30032.399366736074
3577,299.95118642376804,-30032.632882384023
3578,304.9029483564325,-30033.05494480167
3579,334.0352562339472,-30032.94955109431
3580,293.21326476511393,-30032.880841356924
3581,307.1512714359548,-30033.18968051433
3582,279.6782420361799,-30033.593094710708
3583,305.9104114447501,-30033.375254123137
3584,308.3027615657371,-30032.77003140966
3585,315.4786453539198,-30032.309861423542
3586,271.95973258746244,-30033.059129451678
3587,294.72432514388373,-30032.971660285577
3588,312.4450886634258,-30032.25351181683
3589,309.64471478625944,-30032.925659676126
3590,321.5680841447847,-30032.16223228458
3591,341.22970750065195,-30032.070944352065
3592,314.72315473298136,-30032.166794711866
3593,349.43587181706715,-30031.39144605807
3594,323.85507149159724,-30032.161227812652
3595,336.74138287824945,-30032.152825676665
3596,318.9845457778979,-30032.02618027995
3597,340.44561110209924,-30031.655161168786
3598,307.1721611600788,-30031.751653974392
3599,324.39819131954636,-30031.643631851966
3600,310.1566390101124,-30032.133459397202
3601,323.27012060840997,-30031.687690654002
3602,322.3667005623009,-30032.341321355743
3603,288.0201677213646,-30032.77150258257
3604,303.3243979483511,-30032.92090513086
3605,288.36712161425885,-30033.631897994874
3606,296.5899679473423,-30033.733229219117
3607,273.14249797859026,-30033.140645157422
3608,317.09962227729625,-30033.126425454713
3609,299.8815436258968,-30032.749872153883
3610,296.5898483835131,-30033.551591607807
3611,290.2167190915251,-30033.42316823695
3612,296.7459512130517,-30033.729297553084
3613,306.76680101878924,-30033.574371356954
3614,311.00356730921897,-30033.514455733995
3615,299.6146507039978,-30033.906989999465
3616,276.26585976215375,-30033.972074914687
3617,284.8054175370456,-30034.000970083118
3618,261.49290924882854,-30034.613968593978
3619,298.2431924144002,-30034.591949178655
3620,253.67605576459277,-30035.00435716434
3621,291.4137773556199,-30034.719167430954
3622,284.16482956221273,-30034.177272795823
3623,275.0523622144041,-30034.21945883419
3624,293.24064862599124,-30034.07741675278
3625,290.38147686826727,-30034.2803435283
3626,301.79875871650046,-30033.613656797275
3627,298.13919573498777,-30033.733242361846
3628,294.958358790466,-30034.082948805742
3629,292.9525592444289,-30033.561240744784
3630,283.6030772470085,-30033.90432277623
3631,336.4058180733784,-30033.26675256953
3632,296.0550572711955,-30033.83069638746
3633,296.2756336250464,-30033.61810535799
3634,304.15360213619743,-30033.87461384113
3635,312.9023462015105,-30033.556439449512
3636,279.3193031895898,-30034.06698576245
3637,284.279730741963,-30033.604064132163
3638,296.6360015194119,-30033.417615786115
3639,303.336376717461,-30033.451853197705
3640,268.09372274346185,-30034.10579365212
3641,275.49164190352974,-30034.32362086098
3642,303.81510526474636,-30034.422208388754
3643,276.23328075483533,-30034.232661716087
3644,275.5699461634942,-30034.161490897983
3645,278.68545151564535,-30034.407181182032
3646,286.99372439642633,-30033.69776542109
3647,306.0457604262444,-30033.3405925585
3648,304.70570569076017,-30033.0345258144
3649,332.40574971694076,-30032.861717682445
3650,316.3100273396128,-30032.685390240913
3651,312.8091020303605,-30032.9572272333
3652,312.0261987212582,-30033.08242960238
3653,318.7768264541896,-30032.843915989088
3654,303.3876689398991,-30032.985716591782
3655,307.1571134246798,-30032.855548887965
3656,317.6658436897456,-30032.993012827617
3657,287.81259737668233,-30033.39587516159
3658,324.00254327544457,-30033.229776309403
3659,322.09185497914893,-30033.209577153648
3660,319.24916057221327,-30033.46677610615
3661,325.22623749322554,-30033.708697875783
3662,304.8915431470405,-30033.430232277857
3663,303.7281570933035,-30033.867759352517
3664,296.39603474266426,-30033.970539314596
3665,298.574375890839,-30034.021101470207
3666,289.60013622182794,-30033.487537759385
3667,300.5757399675998,-30033.970655705238
3668,296.0851626982982,-30033.25376568436
3669,280.18393525730676,-30033.734645238517
3670,276.34776959281675,-30034.102822820787
3671,300.05336612828626,-30034.42522874894
3672,291.7807542834014,-30034.61421439882
3673,289.15428880512263,-30035.158931901708
3674,277.43829676223754,-30035.149554079668
3675,282.03564475588735,-30034.727034120635
3676,308.5496945044912,-30034.259901044246
3677,290.79028844323494,-30034.154804774967
3678,321.56848763696604,-30033.57237836428
3679,306.88533936359437,-30033.633883516035
3680,290.50197251623933,-30033.394493852204
3681,340.6980783808511,-30033.21911005651
3682,305.8122821635262,-30033.1199150395
3683,300.5902425028508,-30033.36872765881
3684,289.97915796593264,-30033.511187379332
3685,311.43538023216564,-30032.72622784079
3686,332.0997780139202,-30032.851851785716
3687,275.51183377776175,-30033.856315035835
3688,265.78635035182094,-30034.369030693193
3689,305.87484142531804,-30034.280447565063
3690,280.69213767758447,-30033.846835645225
3691,288.8629574441763,-30033.91822823504
3692,289.001702686769,-30034.328793565295
3693,269.2356444398485,-30034.936385726425
3694,268.95178576432573,-30034.912290580556
3695,286.42063362881737,-30034.51494494503
3696,278.1138080463358,-30034.204792975816
3697,310.10806697294447,-30034.203043063975
3698,278.9924289185389,-30033.852568604398
3699,333.3589273584827,-30033.318160931118
3700,295.7326071978472,-30033.43257396445
3701,292.2696869768606,-30033.549156137313
3702,337.3836745173733,-30032.232339396927
3703,313.84807617795957,-30032.901742296734
3704,312.26690989505244,-30033.066596685854
3705,325.5396840038293,-30032.400015989817
3706,335.7650718345542,-30032.070012396383
3707,338.3354666205886,-30032.00522381905
3708,344.6644123049112,-30031.63280774328
3709,319.0980500639761,-30031.900272450963
3710,328.8689481639411,-30032.261412085354
3711,348.5508468854055,-30032.007503723235
3712,334.45972422033293,-30032.151742710303
3713,323.95733130670453,-30032.312947158327
3714,308.02440377723724,-30032.85126636013
3715,310.51557099744025,-30033.009177893357
3716,286.4817356678817,-30033.7516860759
3717,288.9813517469511,-30033.7804783998
3718,290.38705800154764,-30033.975515351976
3719,270.1199446233597,-30034.39456507904
3720,296.33560395919096,-30033.772843764265
3721,297.73435943902757,-30033.448524665524
3722,315.5499200559793,-30033.37447114541
3723,315.8372257576594,-30033.496135656605
3724,289.97168994147927,-30034.17348499105
3725,295.114691814643,-30033.823148948806
3726,285.2609653733552,-30033.719956435012
3727,304.9781478388454,-30033.625314971738
3728,294.49770862321236,-30034.201981686627
3729,319.23329603765603,-30033.86366035771
3730,304.97128317786127,-30033.303222375263
3731,307.4842082212064,-30033.32972611252
3732,275.95606776587636,-30033.88418031109
3733,286.797249028799,-30033.98201459354
3734,312.00584034526014,-30033.932552124315
3735,311.2467967543377,-30034.313012467705
3736,284.9375897204541,-30034.757404216874
3737,286.82718978448867,-30034.494931791098
3738,282.10245751219503,-30033.98706880893
3739,288.11585741539085,-30034.15776253269
3740,289.29614592757224,-30033.97176254488
3741,270.0701493152231,-30033.8919139542
3742,291.1502019210536,-30033.682842281974
3743,283.73819926943327,-30034.191932557253
3744,277.20507699533647,-30034.309729420103
3745,262.6690041778228,-30034.603855558333
3746,279.38814320425803,-30034.266422477293
3747,291.29779671755426,-30033.360762678105
3748,321.21876643348253,-30032.83705270395
3749,284.0055139319861,-30032.683241581406
3750,309.87456038251986,-30032.070256883995
3751,301.0659241623489,-30031.854784648775
3752,304.3146394193063,-30031.89399228509
3753,312.7300207932603,-30032.271720530545
3754,333.3579373561508,-30032.21271713481
3755,309.47596407083165,-30032.627178779556
3756,278.86370558018945,-30033.24253191512
3757,330.9193507232226,-30032.563245896534
3758,318.6350549324585,-30032.185380063293
3759,336.3781638733119,-30032.081902737755
3760,329.82632300639347,-30031.768530790676
3761,319.49750175036456,-30032.19293837009
3762,300.7486396508499,-30032.272938274204
3763,330.22671641342555,-30032.395157348084
3764,289.1552533019953,-30032.7155482159
3765,299.4617136348136,-30032.90498550901
3766,302.93553978123606,-30033.377972194754
3767,297.0017537468065,-30033.5216779984
3768,300.05294753645745,-30033.925239299835
3769,281.97162074196643,-30034.343882265162
3770,286.3207696321986,-30033.521368336093
3771,311.61906166757547,-30033.225504273243
3772,303.1478357497324,-30033.28668362812
3773,281.12218779815146,-30032.54107405967
3774,320.8619837837131,-30032.40463940726
3775,335.693279321843,-30031.874556351293
3776,311.54818909482304,-30032.32494691543
3777,303.9085689898239,-30032.550711945958
3778,283.2378751575053,-30033.034621697338
3779,296.49701017411815,-30032.930884784048
3780,308.7171652477813,-30032.7966954534
3781,282.60020485461337,-30032.9842883681
3782,303.6625662952613,-30032.59792823892
3783,290.8133621729327,-30033.134691935662
3784,312.64646033407627,-30032.732811104677
3785,308.50727503612154,-30032.50315775627
3786,311.29244429240333,-30032.327486889953
3787,311.87654426565865,-30032.367451746377
3788,306.8149471638846,-30032.38175155009
3789,304.5253614892304,-30032.38868088966
3790,318.9718394962929,-30032.19056305056
3791,325.98877210421904,-30032.011743288822
3792,317.5511035718246,-30032.818170556602
3793,294.53488333386406,-30033.06823217235
3794,313.25853755434724,-30032.770117650252
3795,328.75971241091264,-30032.615727948018
3796,285.2162619828974,-30033.36561446487
3797,299.58259348088035,-30033.435141773934
3798,269.78019657105534,-30033.598441163544
3799,279.44971550390926,-30033.37815175492
3800,296.6625994675665,-30033.967726616444
3801,272.73241951156217,-30034.297465843647
3802,289.4902124422783,-30033.841870964232
3803,302.6684787992667,-30033.482359901405
3804,312.1607870997806,-30033.352474709263
3805,305.3609832340935,-30033.63324346597
3806,287.15609857174906,-30034.033516417763
3807,267.11783691897784,-30034.409688403895
3808,285.8292109187513,-30034.01813341325
3809,303.78039727433844,-30033.708239477644
3810,284.4389625455411,-30033.648878709486
3811,311.3136715388834,-30032.858201842533
3812,287.3048828638105,-30033.516094331837
3813,298.4109771740204,-30033.17756379781
3814,338.5119511011782,-30033.535931655726
3815,312.52090766628663,-30033.37269449646
3816,294.0616467645395,-30033.6465666772
3817,311.81564438495894,-30033.335783644965
3818,314.0359444926875,-30033.152866320997
3819,275.54837405357057,-30033.406175262924
3820,276.47009423443126,-30033.91614579364
3821,289.3086136122351,-30033.46168266327
3822,304.36747499940316,-30033.474691777774
3823,306.345644525663,-30033.237330647484
3824,302.15415456750486,-30033.063683174187
3825,317.6494988539073,-30032.964127935506
3826,286.9070641039985,-30033.231199753664
3827,295.9864757650137,-30033.699612531727
3828,297.92984706639675,-30034.127191014748
3829,289.204883395603,-30034.206484755083
3830,274.2228642845981,-30033.953257527894
3831,277.4766471605942,-30033.73061868137
3832,285.36554734520155,-30033.590367249122
3833,297.1543668267408,-30033.404550030227
3834,305.81588693244424,-30033.088574178808
3835,285.00351055258,-30033.19714888673
3836,294.8642372086595,-30033.093133705275
3837,274.1372781573513,-30033.80111791039
3838,314.0946019801691,-30033.13966906848
3839,310.4588806745841,-30033.11607556213
3840,276.5701632596281,-30033.39604535969
3841,304.50892566023373,-30033.87151704109
3842,298.4052915376038,-30033.628878983207
3843,289.5877932800271,-30033.806208246766
3844,297.15676048339424,-30033.46308344646
3845,326.04392012551216,-30033.199806369823
3846,299.25308101039155,-30033.449306738523
3847,281.9633160056088,-30033.19174784178
3848,316.29486025775134,-30033.142803787694
3849,325.08447141527097,-30033.33922431277
3850,303.6483707406274,-30033.299457922687
3851,323.8564526220974,-30033.104552375306
3852,303.6604256316748,-30032.820638445824
3853,321.1436360497595,-30032.323321417207
3854,295.4370583027003,-30032.502523478644
3855,288.14059422173636,-30033.311435899384
3856,279.0391922552932,-30033.80842115217
3857,281.4793402738739,-30034.01644678464
3858,292.5451281270156,-30033.16721345273
3859,320.180537042434,-30032.994081368415
3860,293.55831859613687,-30032.5830815366
3861,295.89251675171033,-30032.569168333608
3862,316.48929098272225,-30032.341028026876
3863,308.7456675807693,-30032.110430157394
3864,317.412003497536,-30032.265036045126
3865,308.71658518280293,-30031.980303824337
3866,307.0449948858137,-30032.227515538238
3867,317.5668335382089,-30032.216211571926
3868,318.8662668814985,-30032.040880331293
3869,311.53218938692544,-30032.415193949128
3870,320.8078147225886,-30032.30639540089
3871,290.69775012559097,-30032.49893414223
3872,312.8616370500998,-30032.791840551814
3873,286.1578290318063,-30033.365319116558
3874,274.769114610723,-30033.209020160833
3875,314.597868634943,-30032.83401513457
3876,319.2066306503238,-30032.170973102227
3877,310.4448945851461,-30032.432834341183
3878,312.64396206063304,-30032.152795950387
3879,319.95448945920015,-30031.841575929004
3880,325.19629266741373,-30032.318827655818
3881,307.04536882262147,-30032.801724862904
3882,297.84914148369666,-30033.273756504746
3883,315.65660405009857,-30033.270219601596
3884,305.6630786655749,-30032.5377383168
3885,315.07875439810596,-30032.085565951504
3886,313.01332147690283,-30031.692314115986
3887,324.0218282493554,-30032.024212093307
3888,332.86678101728995,-30032.166503319837
3889,303.29073445985927,-30032.654175517357
3890,313.01717688534484,-30032.78792006275
3891,295.31627886437207,-30033.003614682875
3892,290.525726055536,-30033.298192002825
3893,287.5265333518597,-30033.074960603073
3894,333.41144161198713,-30032.603946648058
3895,275.12729543472915,-30032.69803884058
3896,303.04276810675225,-30032.91042568069
3897,287.96713212788546,-30033.075573756363
3898,284.911785922529,-30033.459226494437
3899,292.00650778101044,-30033.934696000862
3900,271.0441565456035,-30034.111504053693
3901,286.84786904113537,-30033.87526993114
3902,311.2656611351064,-30033.24417760295
3903,288.75407095752524,-30033.626050919203
3904,271.460743740639,-30033.966238060482
3905,274.8587127897414,-30033.609105526797
3906,306.8612218774693,-30033.321991413944
3907,306.74721100152857,-30032.82681826188
3908,283.3237255078158,-30033.317614029915
3909,296.2845226016868,-30033.28194380519
3910,297.7047453453044,-30033.279349234228
3911,292.52683136050325,-30033.179393385377
3912,304.05576657772525,-30032.877079854006
3913,322.64939434418056,-30032.99630523856
3914,296.46474425836107,-30032.595760568758
3915,299.31765000883644,-30032.807054232286
3916,291.9025919249314,-30033.052549646847
3917,314.3154923445159,-30032.60675762416
3918,301.1111078341414,-30033.201302013094
3919,294.6548921498483,-30033.602316642187
3920,295.5443748284684,-30033.67169349143
3921,292.70690111437347,-30033.72172960276
3922,287.25176284665184,-30033.96274575859
3923,275.96752346776566,-30034.032329062207
3924,262.83343215129236,-30034.4493204126
3925,296.2728214871249,-30033.82130123987
3926,268.6982874747739,-30033.629617680173
3927,298.8286803419697,-30033.614300925732
3928,306.3009348944334,-30033.33806695964
3929,291.26956770863507,-30034.07045858479
3930,266.7057806677864,-30033.906402691537
3931,288.78112357744095,-30033.75232216422
3932,285.081899281909,-30034.076032419624
3933,300.27905232068554,-30033.372665172457
3934,289.86859671179667,-30033.549130402167
3935,288.90073511794674,-30033.29422914766
3936,337.99316254904085,-30032.965023704786
3937,316.50756652601166,-30033.092520504175
3938,296.03879029522517,-30033.850637657833
3939,315.09756765845015,-30033.528451125272
3940,313.2062582846355,-30033.65229476038
3941,316.4061843316819,-30033.25132591246
3942,284.31566404704864,-30033.86487715837
3943,294.01997628848363,-30033.98941388535
3944,305.67437123125603,-30034.320656804877
3945,281.7650747239501,-30034.28072902532
3946,275.8762002641226,-30034.155724676682
3947,300.6641811607052,-30034.11295773383
3948,285.3649083454652,-30033.697805230553
3949,289.2884381410581,-30034.077425574967
3950,290.5289614995002,-30033.913344826222
3951,300.63868445082255,-30034.082350396027
3952,301.5217139251617,-30033.692905527743
3953,294.5236446773316,-30033.775546700457
3954,275.01044236806666,-30034.130671702897
3955,276.5581816269838,-30033.716659865022
3956,301.4648167127459,-30033.106449036313
3957,305.24775650629005,-30032.99742554891
3958,267.58472190636905,-30033.16549837006
3959,295.3529409604561,-30033.1491749644
3960,297.90174850138584,-30033.000946133503
3961,274.7778753571326,-30033.898252465166
3962,291.5165311683685,-30033.400171200075
3963,295.78159057050624,-30033.71454242968
3964,272.74195081726435,-30034.428084975498
3965,264.4317584890554,-30034.233252242437
3966,309.1140646068779,-30033.888253830704
3967,277.63364761823783,-30033.93173950131
3968,282.4990043059441,-30034.045432947885
3969,281.1509848612948,-30033.913395084786
3970,267.1860708046283,-30033.341562271642
3971,294.27989596634205,-30032.947706180203
3972,274.36858125109575,-30033.351928381027
3973,281.8550146516486,-30032.946430777272
3974,316.36331983526077,-30032.273890716722
3975,289.8623405931237,-30032.603975591963
3976,273.31653791064525,-30032.647977110635
3977,291.4223799790008,-30032.922075595885
3978,295.7589145347466,-30032.662379619836
3979,275.69367767159724,-30033.043137784793
3980,297.20132645933586,-30032.73930388023
3981,319.44582652201547,-30032.54580337994
3982,290.8574197841733,-30032.715612683114
3983,306.08180774014767,-30033.191246461036
3984,292.1475462127733,-30032.8842660297
3985,303.5656631397419,-30032.19216762494
3986,295.5058055662822,-30032.635556281344
3987,308.3605495650923,-30032.71388732319
3988,336.2296073319012,-30031.89424095807
3989,289.3950365547793,-30032.959504313265
3990,283.1661999217887,-30032.940725196197
3991,297.7605659220433,-30032.965442238004
3992,312.8699581224142,-30032.561162063434
3993,305.395449437908,-30032.454640346477
3994,312.45970178335574,-30032.604705983045
3995,297.56732574494896,-30032.507422365245
3996,309.2347594774732,-30032.78560225806
3997,316.0500418056626,-30032.953662106007
3998,298.723912620633,-30032.771238543566
3999,289.282632734453,-30032.876400029254
4000,316.3250688430066,-30031.800245484425
4001,339.4737455958078,-30031.56832958566
4002,317.1970092970824,-30031.74701762256
4003,325.825844052743,-30032.06077187798
4004,294.0351778463977,-30032.416765094575
4005,288.88797143799803,-30032.853144615034
4006,307.89999284677236,-30032.778230348627
4007,314.7757508943416,-30032.450625239264
4008,325.0585364774614,-30032.945346770804
4009,302.5100166837024,-30032.738307173564
4010,319.53640697613196,-30032.545473361984
4011,287.5479949271196,-30033.127154024234
4012,271.7333318096255,-30032.77967978978
4013,298.2920547327994,-30032.202045695147
4014,318.0945232246755,-30032.558379538623
4015,288.8872166337678,-30033.003554265397
4016,303.10149659721014,-30032.39917976349
4017,290.87617645389804,-30032.31670240829
4018,299.4527902863732,-30032.375913553176
4019,321.20052928652854,-30032.49180925885
4020,302.62624778867814,-30032.60647123822
4021,310.83314817095794,-30032.055860641176
4022,290.94782478306496,-30032.016068337627
4023,283.4284775603517,-30033.063020557023
4024,290.48353375791044,-30032.62347423885
4025,288.58146461676773,-30032.579620331333
4026,313.65162098386173,-30032.010209710697
4027,331.658685451219,-30032.04265732866
4028,303.0938093818051,-30032.64937352507
4029,280.5174639667361,-30033.021160291846
4030,305.6787379129344,-30032.347890489647
4031,289.09636914828036,-30031.816641806694
4032,322.25996045605183,-30032.480730563904
4033,301.582563904624,-30032.60934051195
4034,306.6032648346158,-30032.79529027452
4035,299.98889894195196,-30033.182713063932
4036,298.18080311280596,-30033.26930299413
4037,290.44319525257384,-30033.22995974876
4038,291.3150971661296,-30033.55368598334
4039,308.74854111340204,-30033.48731085302
4040,299.803954181503,-30033.61315597446
4041,313.0834997759673,-30033.31359209845
4042,304.0087769127067,-30033.395842385995
4043,281.8358391225226,-30033.726210984736
4044,299.0216365634136,-30033.52349983079
4045,283.9427319935405,-30034.16138654356
4046,299.4640783613697,-30034.37953527944
4047,306.28156293765625,-30033.512383368205
4048,301.45034956936746,-30033.80798556566
4049,280.7427036554476,-30034.4275923448
4050,273.89213394149664,-30035.3287813148
4051,276.9160448956385,-30034.897092798965
4052,274.061343995306,-30034.50615688343
4053,287.17263245588333,-30035.042865294785
4054,267.0389798469944,-30034.898004175902
4055,264.36990320744724,-30034.973092597567
4056,265.34416819926196,-30034.6926762
4057,278.50086703023,-30034.370818136576
4058,253.6293626712748,-30033.91959659603
4059,276.71630511970216,-30033.523221128085
4060,306.7500073024853,-30033.48885715418
4061,299.75899449201734,-30033.84085171451
4062,281.5158212692766,-30033.749902255935
4063,295.44649323603426,-30033.01791066463
4064,311.4616785332754,-30033.24118997393
4065,288.8473869849799,-30033.516276949227
4066,280.6408720556,-30033.348127830664
4067,295.932754037758,-30032.915810374998
4068,354.5117616470637,-30032.792801621265
4069,308.457790842187,-30033.10596753958
4070,308.0699625482997,-30033.36183676981
4071,287.63942299876715,-30033.566255766487
4072,301.93413204279886,-30033.541885244013
4073,309.20158732644376,-30033.309875885057
4074,307.5359913912708,-30032.947561506924
4075,330.9016896418574,-30032.819550431297
4076,299.16856850745154,-30032.791280684578
4077,310.6846004218891,-30032.696323639873
4078,308.09327952213556,-30033.47453029937
4079,327.2355985666808,-30033.214691165984
4080,300.01524895666074,-30033.3363457686
4081,296.29138010635864,-30033.244661582045
4082,294.4540887410654,-30032.93940928091
4083,306.5601992675154,-30033.212391396904
4084,307.54831357531185,-30033.156235292758
4085,326.92715199453613,-30032.224418900045
4086,349.1689978881956,-30031.97043842492
4087,332.96635487035707,-30032.288993492042
4088,317.5177608298242,-30032.76822973346
4089,299.30576395111,-30032.547588203586
4090,315.3845058525739,-30033.21262489975
4091,297.6675559397733,-30033.0908334939
4092,300.5140540572798,-30033.548382416244
4093,317.64970233379876,-30033.208263431654
4094,307.97471393918977,-30033.032206326843
4095,301.74634976622525,-30033.757555926095
4096,300.2243752438993,-30033.94240272097
4097,281.3551942818985,-30033.857466595186
4098,303.6391186957788,-30033.422738001875
4099,296.62561753150544,-30033.984283771708
4100,264.8173088687753,-30033.20400292861
4101,321.2604968244615,-30033.336000860603
4102,264.53946907790686,-30033.50788107259
4103,293.40504464056426,-30033.3916324126
4104,299.7080727974169,-30033.517916481025
4105,286.7747454013817,-30034.226722438027
4106,271.0973625815256,-30034.53594420878
4107,283.86879647150454,-30034.257000139503
4108,274.2476576882992,-30034.204585718013
4109,278.85036724646915,-30034.01435249204
4110,291.0926254284951,-30033.490934162266
4111,296.5469929149532,-30033.187437434513
4112,306.11752892379263,-30032.93448670891
4113,294.7707512310503,-30033.21853695896
4114,285.49913003057884,-30033.7276252052
4115,301.9721300270858,-30033.249911853552
4116,277.9324058957381,-30033.539443467413
4117,272.25473726603803,-30033.883724904837
4118,283.92892166519914,-30033.974234642435
4119,296.39602429372934,-30033.447102077967
4120,276.5550801160327,-30033.117128665748
4121,289.5677494461485,-30032.914135340452
4122,308.73700361649895,-30032.503226663604
4123,332.85051811851423,-30032.37199136244
4124,305.1165344844309,-30032.694092465677
4125,306.50948845300684,-30032.957810223037
4126,274.6905581400196,-30033.60748460598
4127,279.9707566962964,-30033.560331051503
4128,323.94525572010275,-30033.037860906836
4129,301.122320446546,-30032.695160016447
4130,310.49134329423384,-30032.86721044436
4131,269.3247430541187,-30033.291561809267
4132,294.78099830705554,-30033.028825549325
4133,300.9022010200643,-30032.642114528746
4134,283.71768665419984,-30032.8037777169
4135,278.452818190584,-30033.036091740792
4136,292.1115744084823,-30033.029703973894
4137,294.64709228736166,-30033.028294493113
4138,320.7429608678297,-30033.59318633713
4139,300.5279285131626,-30033.780454575994
4140,300.8398770072902,-30033.67102919857
4141,302.542114560581,-30033.557810624392
4142,296.47896115676247,-30034.044620972007
4143,311.8198883848326,-30033.413801672017
4144,303.5580136413249,-30033.522438560834
4145,266.5145040607872,-30033.948333325632
4146,296.8132069874263,-30033.5928366998
4147,286.3956133323793,-30033.628856848896
4148,267.3162224321731,-30033.723047334905
4149,280.4134347955358,-30033.363626169015
4150,291.47874097112805,-30033.02807685312
4151,297.62150663678204,-30032.937697323414
4152,309.8969448583691,-30032.84703641781
4153,301.7025579834664,-30032.96569097825
4154,293.4059325868579,-30033.0107506563
4155,308.4515078027741,-30032.461594657932
4156,309.96201348451103,-30033.08563069311
4157,304.65142739934385,-30033.223393936256
4158,301.97749281884876,-30033.366964180677
4159,313.6301394038149,-30033.53223554377
4160,309.9269227076373,-30033.705655805396
4161,261.34157540731616,-30034.27793931806
4162,281.6783367314015,-30034.427446566377
4163,267.71342391069925,-30033.978660597077
4164,285.03071711549046,-30034.110525626507
4165,257.2700293357374,-30034.277049826193
4166,290.95937927580553,-30034.51773022365
4167,270.15200732831784,-30033.9816475414
4168,277.8723822460235,-30034.392518904995
4169,284.1662070215913,-30033.696769326005
4170,284.37056986852826,-30033.842008844185
4171,300.1885140703458,-30033.44135350164
4172,281.0370560798203,-30033.752204238477
4173,284.1477022128254,-30033.9120795025
4174,268.0997153985165,-30034.25408010311
4175,274.0226662894802,-30034.821584906742
4176,309.8262209884346,-30034.092959686837
4177,280.13643495382405,-30034.6030300165
4178,288.66331073582325,-30034.388104218327
4179,288.15302332512863,-30034.289638240243
4180,281.012578483035,-30033.778211838224
4181,306.92971986572456,-30033.8573742498
4182,311.07763128181693,-30033.868057650372
4183,331.53843956881514,-30033.186313209244
4184,324.2795746333583,-30032.316543542533
4185,328.18523332603985,-30032.22591121545
4186,328.33463702871524,-30031.79245789185
4187,358.96202639460665,-30031.99312962212
4188,350.195249015603,-30032.218008555872
4189,320.2942708303878,-30032.856449004674
4190,312.89628449068545,-30033.119092239125
4191,316.8673073541079,-30033.241656112936
4192,295.96258876235345,-30033.89943337014
4193,301.62163115886534,-30033.409137044804
4194,307.2702648254682,-30033.473790578693
4195,273.92059715906925,-30033.70111075473
4196,289.83896369927476,-30033.34675232273
4197,278.8086188702408,-30033.11696728872
4198,274.83422102498304,-30032.88901973366
4199,301.32124269882485,-30032.717489793577
4200,295.27489132899905,-30032.64723600931
4201,301.91646818221767,-30032.624361723825
4202,311.806595404915,-30032.285230480764
4203,327.2058723087855,-30032.19981543686
4204,311.2367291788752,-30032.475375602902
4205,313.26162109314214,-30032.635274302524
4206,292.80408673386677,-30032.881389347043
4207,288.10146198216535,-30032.658125379534
4208,322.8802031994386,-30032.75415941682
4209,306.15215032736927,-30033.1621296775
4210,320.02902448101554,-30032.999853472258
4211,286.25881635462173,-30033.30222678628
4212,303.4337779165365,-30033.498226258154
4213,302.1037676281626,-30033.436046961822
4214,291.61601634131017,-30033.551960482524
4215,276.57077522754787,-30033.603061184614
4216,256.54008186842276,-30033.834511156674
4217,304.82471910791037,-30033.547150998955
4218,286.4052744255126,-30033.413769584364
4219,278.26591015506216,-30033.400177887026
4220,310.59340471762386,-30033.108778540638
4221,323.83985005811456,-30032.753408354405
4222,303.7283833599749,-30032.88142552431
4223,293.5310137554356,-30033.515410398984
4224,290.34342844352045,-30033.720755690145
4225,282.60650209815986,-30034.025145266725
4226,271.12965729978714,-30033.93942707308
4227,278.66391550358486,-30033.5346771371
4228,294.14561467010464,-30033.406168958096
4229,301.4163019847077,-30033.69946875857
4230,281.9786570231559,-30033.826126785832
4231,296.80514016277186,-30033.282493154693
4232,288.14501939556993,-30033.46562123482
4233,307.7584508580195,-30033.100157387293
4234,308.3797197958425,-30032.48098224927
4235,309.88617147814847,-30033.136370468303
4236,302.6436320911891,-30032.957595554857
4237,288.8699209800654,-30033.064537089303
4238,298.78120669671483,-30033.545185031777
4239,282.68305007503926,-30033.089622072057
4240,290.3523604139213,-30033.04279617866
4241,291.792213710764,-30033.533847431034
4242,301.79662192849855,-30033.510195031493
4243,310.5338154820313,-30033.33098365351
4244,302.92331461368303,-30033.11070221355
4245,292.7476835959666,-30033.16796727712
4246,328.6268666218654,-30033.052670167956
4247,285.5854525953409,-30033.039902510285
4248,304.2381813898838,-30033.317794462575
4249,309.88193118547497,-30033.829836722813
4250,294.8011218855445,-30033.49902144562
4251,300.0563242393273,-30033.507185437706
4252,310.0256691377148,-30033.67386995837
4253,279.8828566396719,-30033.93949975819
4254,305.9930809082348,-30033.900514132165
4255,285.5797843259864,-30033.97949850793
4256,277.649283446472,-30033.92743913945
4257,295.3259572482498,-30034.005323857516
4258,278.4038185475145,-30033.799045560667
4259,292.07592091431246,-30033.63021201986
4260,306.48965763647703,-30033.370419447478
4261,297.2233036546904,-30033.812968679827
4262,303.16200301692754,-30033.782420282358
4263,291.93706179715747,-30033.78410268489
4264,290.26429744651443,-30034.420015866624
4265,290.1269193468745,-30034.704728576588
4266,281.1624609360112,-30034.27248082239
4267,302.1024472711777,-30033.945845867333
4268,277.8460868238366,-30034.609978574288
4269,309.37073323799603,-30033.844674945438
4270,303.5654193784353,-30034.334751894112
4271,273.8712940938081,-30034.46797847257
4272,288.6608735297536,-30033.93894689979
4273,273.27879379276044,-30033.697756602214
4274,274.112959251716,-30033.594699635218
4275,279.1359825510537,-30033.33918461086
4276,281.6796583581849,-30033.49186637886
4277,297.3508907742145,-30033.883971508287
4278,281.7131214284211,-30033.633601044043
4279,302.4488028709399,-30033.48789698503
4280,321.78262033434197,-30033.061121626626
4281,322.4187349160579,-30032.757978543887
4282,309.5740028626465,-30033.22627014404
4283,283.9418414758575,-30033.518830864676
4284,292.98128260462244,-30033.281219877634
4285,295.8340734177323,-30033.883141438237
4286,288.2485702267891,-30033.707151789542
4287,315.82695324795054,-30033.72686333231
4288,309.23489131999474,-30033.75434893488
4289,327.8188061599058,-30033.586709765463
4290,291.3556919150731,-30033.898365889632
4291,295.3016825425024,-30034.087966968254
4292,319.0183449761042,-30033.455015847798
4293,325.47717478710854,-30033.356669702833
4294,322.6636055082096,-30033.72641578635
4295,283.43059525962246,-30034.387185928947
4296,291.460354098339,-30034.456274681957
4297,325.4039709310033,-30034.219842981627
4298,316.8221656360739,-30033.469356441143
4299,295.78291012365065,-30033.620759169433
4300,314.78204310955545,-30033.03445101463
4301,314.03190031064855,-30033.125624507404
4302,293.61038731774164,-30033.76731598348
4303,301.3774749049267,-30033.809822421954
4304,298.7888393422787,-30034.048898895668
4305,308.980519102057,-30033.96583868746
4306,283.8003336870091,-30033.85052266631
4307,311.67109093954946,-30033.61286471448
4308,299.2268896304567,-30033.875748160357
4309,310.3626871275039,-30033.231781436978
4310,325.32238706650094,-30033.104711859327
4311,293.6529811202078,-30033.30335175225
4312,293.06190567188196,-30033.790906467497
4313,327.83172475042227,-30033.31489976846
4314,304.21602063634515,-30033.343743664685
4315,298.2569134034892,-30033.583790831643
4316,297.87052998495216,-30033.947045517787
4317,282.75983702340704,-30034.036905353943
4318,280.7723410991104,-30033.831142187544
4319,307.44632901974876,-30034.324821508977
4320,294.503162922468,-30034.221375457244
4321,304.4290938031872,-30033.93798238323
4322,338.13492800215244,-30033.766137908548
4323,276.44299090185064,-30033.45393832687
4324,313.38380465738,-30033.35875708133
4325,315.33193126442876,-30033.516684453585
4326,312.34217317986906,-30033.478762122733
4327,329.61066700383145,-30032.79545092429
4328,288.62094419432333,-30033.113781471293
4329,304.7130698931707,-30033.52848081959
4330,318.37905884755656,-30033.236754496567
4331,288.12982707309607,-30033.35467604281
4332,290.8625195240192,-30033.57290601565
4333,301.0367378835483,-30033.521535934105
4334,301.25888453929,-30033.32648344909
4335,305.0621718532763,-30033.568509588375
4336,312.5884497053063,-30033.167867052674
4337,323.40243181404605,-30032.955840033606
4338,310.7553063985174,-30033.169150821857
4339,288.4180465079667,-30033.474364397727
4340,299.310915350167,-30033.70956773401
4341,288.4453544751441,-30034.118207331536
4342,291.13035467459304,-30033.89037379554
4343,281.88167783566814,-30034.059039963286
4344,296.02279655048267,-30033.339322041225
4345,284.496335380695,-30033.157198212517
4346,315.2768144453855,-30033.410651836108
4347,277.9920205781917,-30033.705909588134
4348,301.0929438639837,-30033.002541098518
4349,273.8635038967079,-30032.76700295487
4350,315.37997111859096,-30032.48227045085
4351,300.26234266791425,-30032.544961350806
4352,323.57652770770807,-30032.207311201266
4353,294.65355369753587,-30033.160944128802
4354,312.65466523742634,-30032.98260429442
4355,289.24138838828003,-30032.89501774651
4356,325.02262759959507,-30032.385705003893
4357,298.43991681826753,-30032.663162479075
4358,322.6607716786217,-30032.853440339983
4359,310.63481428812264,-30032.97101603379
4360,321.8493209288387,-30032.610221642037
4361,330.6825041220846,-30031.914918903833
4362,349.333709740694,-30032.026833623822
4363,317.1197269091037,-30032.15326245357
4364,339.2677281116353,-30031.856725523758
4365,342.0025166478206,-30031.967480788317
4366,319.03611259837174,-30032.3647242526
4367,329.8122055269109,-30032.538417881507
4368,323.78836113292095,-30032.190253043358
4369,283.37833816477195,-30032.870924980147
4370,308.48281589462204,-30033.22447739084
4371,296.93096454086424,-30032.693384164268
4372,321.306543094211,-30032.698121482546
4373,331.82395484740687,-30032.690835349287
4374,310.7947716861343,-30032.644718572003
4375,342.7493561222093,-30032.68107805812
4376,328.7045929914633,-30032.890554771082
4377,310.8025273038202,-30032.7773355863
4378,298.6248050332241,-30032.744439743816
4379,282.47377032886357,-30033.19255336272
4380,285.9099810447442,-30032.36180067139
4381,307.5800690111281,-30032.057778625047
4382,299.70902893432185,-30032.172189255933
4383,316.60755239179184,-30032.39859404131
4384,311.8816735115283,-30032.566541210188
4385,312.5279869893071,-30032.347125432225
4386,307.26088394007456,-30032.526761405396
4387,307.163303035658,-30032.388595999542
4388,304.2238672215406,-30032.277139636084
4389,296.02044682873986,-30032.233912517586
4390,313.69226319519834,-30031.61074779567
4391,337.051489251647,-30031.719227981168
4392,286.9200075077078,-30032.021889131225
4393,308.36957552134163,-30032.53983169272
4394,299.643170532937,-30032.291036762465
4395,306.5142380122472,-30032.404956132115
4396,308.6114030643726,-30032.45756438734
4397,298.2080284190238,-30033.303773011467
4398,293.4711142013206,-30033.52863895865
4399,292.97650516901524,-30033.689543421202
4400,290.14058503485364,-30033.657509123474
4401,298.58446355027354,-30033.700534703778
4402,271.4477373644356,-30034.32594089518
4403,303.3072426666514,-30033.815868791593
4404,289.7940722035496,-30034.06077446891
4405,280.59622829411626,-30034.10511248253
4406,278.3800668925402,-30034.621909862548
4407,312.3642526575914,-30034.015314969238
4408,284.0968321758308,-30034.126252341946
4409,285.81191464012574,-30034.30763187791
4410,278.09364575147896,-30034.666238680395
4411,264.70372234213465,-30034.16585033053
4412,280.0166361055358,-30034.26620587928
4413,283.90085494547134,-30034.338223333507
4414,300.52102774800125,-30033.91344101455
4415,286.96988154915084,-30034.030397646537
4416,288.9137361125488,-30033.924760823604
4417,294.04487813707584,-30033.891129967044
4418,296.83172890252655,-30033.58260421713
4419,268.09539782454016,-30033.861610805547
4420,295.21257943028144,-30033.47302537379
4421,268.53464736839817,-30033.68061734217
4422,306.3016835196482,-30033.164219965027
4423,299.8780183498394,-30033.0097266359
4424,291.29644596254764,-30033.128374849817
4425,318.3627724647145,-30032.844586881103
4426,303.08868938980373,-30032.610440078006
4427,302.52494815853663,-30032.08168081542
4428,342.78767654651676,-30032.20745591534
4429,303.45310313927683,-30032.048520402557
4430,326.8037522122069,-30032.340810526854
4431,319.59870919007,-30032.389606116616
4432,318.4629700254072,-30032.021748832325
4433,320.2285572166674,-30032.18818348673
4434,340.1010418113329,-30031.93923690094
4435,292.5572839222294,-30032.604407057508
4436,289.94006710943734,-30033.01803206639
4437,266.3423776111159,-30033.591343766777
4438,266.0790819078316,-30033.603839691976
4439,283.40858722531505,-30033.676803156664
4440,291.62349832704984,-30033.7802875189
4441,274.4552799885268,-30034.11341495442
4442,287.2974289998565,-30032.86198533663
4443,287.96480330067243,-30033.212351206064
4444,298.8531299966543,-30032.873450280284
4445,264.9252706773243,-30033.211047301596
4446,308.2817582040547,-30033.815482688908
4447,275.72179887505433,-30033.84906959542
4448,294.90538100413755,-30033.77178414747
4449,284.7244233807348,-30033.768636596815
4450,273.15849414400117,-30034.042585713018
4451,278.89874293813205,-30034.352976899292
4452,291.7901134391086,-30033.813197244832
4453,284.41159600165537,-30033.91909975214
4454,279.72922202136965,-30033.37696597494
4455,268.21987831022926,-30033.94831693886
4456,292.6584000137988,-30033.554983356524
4457,287.50621729139044,-30033.70242580842
4458,288.8602065977976,-30033.451500697025
4459,305.96093574151246,-30033.45405874831
4460,310.6805313484202,-30033.28626995368
4461,306.7524495652151,-30033.64309247026
4462,285.52079221514344,-30033.828641694865
4463,319.14250576822906,-30033.153058164207
4464,305.39229592351063,-30033.61487608299
4465,291.9009421256658,-30033.13852873118
4466,287.3123171844323,-30033.228797569645
4467,292.66897930262166,-30032.847685448236
4468,288.20794106907175,-30032.901535250545
4469,307.05395859925255,-30032.664789601644
4470,284.8308042127878,-30033.26595519441
4471,320.104717270355,-30032.67177370818
4472,317.8044374186581,-30032.52272260188
4473,309.1281359107959,-30032.81172727876
4474,301.04842189077357,-30032.894288305626
4475,306.70302357891114,-30033.074025786413
4476,296.1861484000097,-30032.747314019944
4477,340.18098238044564,-30032.980190693637
4478,309.3055163072158,-30033.192021908257
4479,307.61233764983854,-30033.765949646702
4480,296.07475539218774,-30033.929809257705
4481,276.36368210045134,-30034.30749986003
4482,300.5028602734057,-30033.779133313306
4483,304.93823860594944,-30033.43296153654
4484,277.48188079449056,-30033.31251801401
4485,286.0378324232622,-30033.21014058902
4486,314.3918180180809,-30032.6419431578
4487,303.8283046520134,-30032.982422564073
4488,308.97539670748444,-30033.05581155096
4489,316.2750566693039,-30033.00658420083
4490,326.8589753593938,-30032.817934214258
4491,281.17435172921734,-30032.86593110673
4492,274.4798100194131,-30033.220218533035
4493,277.7589700453307,-30033.46373691291
4494,287.1140482541182,-30032.966216950084
4495,312.7168822773001,-30032.97517669592
4496,298.85801882675224,-30032.90067080394
4497,305.1647325410712,-30032.528815100344
4498,297.73539649514765,-30032.90162352581
4499,274.2932044248904,-30032.127265806033
4500,290.10698522224465,-30032.562652904977
4501,273.2798705091662,-30033.326635712834
4502,268.6441180680462,-30032.943483057512
4503,299.66282019751833,-30032.665541479084
4504,315.87143879305967,-30032.487460793396
4505,308.65295801611404,-30032.394016966056
4506,301.714015404708,-30032.469308436026
4507,302.11034748906155,-30032.80502173688
4508,289.4189266316779,-30032.775308397362
4509,280.5721141523068,-30032.974860921146
4510,280.85619304528285,-30032.82902864128
4511,305.3639281011054,-30032.93004423856
4512,294.4627556080636,-30032.566143951535
4513,306.97813431112604,-30032.97724768024
4514,306.6084653037434,-30033.451409193098
4515,280.96106679594106,-30033.586150850904
4516,304.38396381406415,-30033.7652917908
4517,274.7473837752374,-30034.256442901562
4518,272.18479952689637,-30034.348378358893
4519,275.0156657855392,-30034.144211918046
4520,295.6186356989162,-30033.39833731986
4521,289.19612695527775,-30034.040689842215
4522,292.8460479278404,-30034.36080043614
4523,293.7169037740782,-30033.901349912572
4524,289.1953306723865,-30033.685241163075
4525,320.22354182879343,-30033.24885677805
4526,306.251673448576,-30033.393996128438
4527,310.9790372043974,-30033.640074032246
4528,329.65512432297027,-30033.70448659683
4529,309.4037150469278,-30033.720796741145
4530,299.6215856415252,-30033.82673707457
4531,287.03244905379205,-30033.874523714334
4532,295.64841010306316,-30033.40149308542
4533,327.7861436270616,-30033.32386117218
4534,313.9792759183601,-30033.441404066587
4535,330.406813792483,-30033.117180369158
4536,300.81745011226224,-30033.33761010896
4537,320.0202700412094,-30033.539136633965
4538,348.7112370241849,-30033.198773478918
4539,320.8783937322447,-30033.353444533164
4540,313.91548282069346,-30033.58559014071
4541,307.76281445297707,-30033.244578649865
4542,312.6525985131687,-30034.06468763763
4543,289.96671878206297,-30034.288844667557
4544,283.9404318008959,-30034.17316327151
4545,305.07300552518046,-30033.947142768186
4546,314.16085357265786,-30034.057921026295
4547,313.37205117025644,-30033.4528033361
4548,307.29358482772744,-30033.76617153192
4549,293.9745352691178,-30033.582356132654
4550,292.4763005232135,-30034.08105767506
4551,316.42387344134556,-30033.891505046224
4552,288.3851325504528,-30034.145115891777
4553,278.21313077655356,-30034.309711352744
4554,272.0019886845002,-30034.53853310754
4555,285.08920328186167,-30034.769207692258
4556,280.7462886023805,-30034.527111358733
4557,281.51219622998156,-30034.320306127556
4558,315.2073539295454,-30034.035449511422
4559,306.22677304127046,-30034.027436260414
4560,298.76468096338965,-30033.697945324308
4561,314.16896568953615,-30033.835060304784
4562,298.0873931298039,-30033.502126207317
4563,258.4843133787873,-30033.84995858253
4564,293.88476310506763,-30033.981103277103
4565,282.69158244167687,-30034.126516382858
4566,298.5364560654074,-30033.949791640618
4567,277.8634393850855,-30033.845869315985
4568,276.4057682670838,-30033.876751549113
4569,303.91297647892264,-30033.863100852148
4570,276.80818838445475,-30034.237702021885
4571,307.87675591490085,-30033.632331676556
4572,295.8826532798773,-30033.86043257423
4573,322.2029511141903,-30033.720448773773
4574,328.7258386963959,-30033.640019258404
4575,308.2330585174177,-30033.83038207317
4576,291.02435750008345,-30033.95749865259
4577,284.050836916958,-30034.44186480924
4578,279.0165990567347,-30034.330475004357
4579,293.6323734911963,-30034.046058681783
4580,278.6992303852672,-30034.2837870011
4581,305.2336786854152,-30033.679421015117
4582,302.9304057496457,-30034.090992226567
4583,280.39083093923074,-30034.43060216484
4584,286.52603181650886,-30034.172444560852
4585,302.56995182863596,-30034.24070271681
4586,292.7338799328128,-30034.264018332993
4587,305.2694482064819,-30034.377738169613
4588,304.0801208317199,-30033.8979503632
4589,297.72274433603747,-30034.024989307225
4590,306.93538334034037,-30034.02910649801
4591,314.58786180324455,-30033.99247048868
4592,303.48240637889313,-30033.870047419146
4593,303.4706859132045,-30033.928936591587
4594,295.2142272448273,-30034.049155714485
4595,280.5843116451929,-30034.628850349905
4596,294.6262352897688,-30034.233898333154
4597,299.5308276586263,-30034.100509067266
4598,311.9513883075688,-30033.767909000566
4599,300.45463439708124,-30034.133864504853
4600,303.24425764951843,-30034.167065747486
4601,284.702920311246,-30035.077772346543
4602,293.070104487172,-30034.92937168569
4603,271.5100017145314,-30034.9181214792
4604,252.25239886957718,-30034.678913295462
4605,284.0040422555024,-30034.382497426028
4606,310.32422067486243,-30033.617516635506
4607,304.48554677032854,-30034.00296569717
4608,302.66228506767544,-30033.505953518692
4609,309.9459585851287,-30034.269629117945
4610,280.8732900554099,-30034.67234769932
4611,280.29989927947906,-30034.241487910178
4612,299.96083103410916,-30034.05451428495
4613,284.12762275801236,-30034.21727311904
4614,287.29364268227,-30034.049580773382
4615,293.4310161250301,-30033.25035278338
4616,297.71881318619677,-30034.056338394574
4617,290.3997032301325,-30034.11777474525
4618,284.7976074861699,-30034.28241694085
4619,294.77533454217905,-30033.819983933434
4620,279.57888569548317,-30033.888567805952
4621,310.89284610159405,-30033.84927778857
4622,305.97966493947916,-30033.96139916593
4623,277.1454143258743,-30034.14912388393
4624,301.38391434481656,-30033.97958198642
4625,297.2699842756902,-30033.749292062508
4626,350.80261833754173,-30032.862855642277
4627,308.71103351331936,-30032.494115633006
4628,308.0120750834364,-30032.587905238375
4629,309.4591814652617,-30032.87369554673
4630,309.48816926805654,-30033.326089889124
4631,270.4810679408942,-30033.8483533412
4632,277.4050933684665,-30034.14257849416
4633,294.81685944359884,-30033.979093519592
4634,308.07650912883514,-30033.80307800872
4635,308.10123122897375,-30033.7145642461
4636,310.616706435026,-30033.778113079745
4637,312.15460141902804,-30033.569427498624
4638,302.0390004611946,-30033.351741963037
4639,295.29482125813155,-30033.55493678667
4640,314.17048157501307,-30033.442443970842
4641,310.83257415518665,-30033.41134385964
4642,298.9325142245892,-30033.906605595945
4643,266.3977065719196,-30034.353621037073
4644,297.4890051305793,-30034.056271490466
4645,271.96308472718454,-30034.123498083678
4646,298.3614873538768,-30033.706154972937
4647,279.90597553781436,-30033.56196390538
4648,312.8389751373911,-30033.044364885987
4649,340.19116276629046,-30033.136184089974
4650,308.0830897468861,-30033.336115264698
4651,308.432039930002,-30033.483569734122
4652,280.84819865967,-30034.155402020297
4653,310.2667926057781,-30033.937323524682
4654,324.2731332372654,-30033.295221527373
4655,310.8663836292637,-30033.740569793477
4656,291.76925456224,-30033.661379257243
4657,331.61287142776655,-30033.243030852787
4658,315.20060132304855,-30033.041479090538
4659,317.13212004862896,-30033.25451257592
4660,303.30940345554666,-30033.278704952416
4661,291.3895439927176,-30033.463918874615
4662,319.66866244686287,-30034.014796021424
4663,304.7517044835053,-30033.855632008035
4664,295.24701654817704,-30034.04246986243
4665,302.0648701734215,-30034.060074274057
4666,264.49222856039216,-30034.01883742749
4667,311.3296293827616,-30033.93592461405
4668,307.03664302275075,-30034.04022605272
4669,290.76328047939484,-30033.884001154365
4670,324.7439752764726,-30034.170072378314
4671,293.16809390361453,-30033.89174554471
4672,306.7106411586618,-30033.69883378005
4673,328.95513998925145,-30033.33150518582
4674,323.40067168186914,-30033.326978148954
4675,293.75811816241395,-30033.449139200424
4676,312.08818843858273,-30033.461726483703
4677,307.57092413175656,-30033.692774753054
4678,279.95935280556955,-30034.21100911945
4679,273.84250044035696,-30034.599563611508
4680,291.4433271239301,-30034.269203858617
4681,287.4735476657681,-30034.435671143914
4682,289.1116000026157,-30034.535007902483
4683,301.319228563207,-30034.451915561258
4684,289.8382373170744,-30034.538176881695
4685,279.0751613652712,-30034.580952025888
4686,276.2082933988469,-30035.043838414666
4687,273.2442420838302,-30034.870502501923
4688,272.5652562682025,-30035.276288683744
4689,279.1338581466587,-30035.20642565794
4690,297.98098454145224,-30034.344652059342
4691,308.32388848125674,-30034.175748891146
4692,267.64712220886054,-30035.044784902304
4693,281.1227085747512,-30034.578170308134
4694,293.08832331397895,-30034.909381217567
4695,280.7749587791573,-30035.094748082112
4696,332.9298706728385,-30034.26061622646
4697,308.2469022790852,-30034.374955006588
4698,287.46660677450217,-30035.17803359388
4699,302.55883407189157,-30034.86793607255
4700,286.48560292280564,-30035.337526099065
4701,271.78068640959987,-30035.778486184354
4702,255.09799125648428,-30035.732188172373
4703,267.1268768155081,-30035.151648047056
4704,280.2792439895181,-30034.88458666604
4705,291.9798729554458,-30034.982242350052
4706,294.75783669667567,-30034.308706228727
4707,283.0550487757482,-30034.568526837666
4708,318.49220080146284,-30034.35890267541
4709,258.37175555216163,-30034.565686305355
4710,273.7906073758765,-30035.114543487067
4711,266.8846225544726,-30035.022988608158
4712,283.91318195985366,-30034.14064699759
4713,312.28814306491194,-30033.60121773913
4714,282.2152978515552,-30033.915865215175
4715,296.89428830314364,-30033.97751173919
4716,282.9096883390938,-30034.18156574795
4717,281.65983285823137,-30034.59783484429
4718,270.35253977285777,-30034.65042110752
4719,300.15525297999295,-30034.014457495414
4720,279.3392478615869,-30034.134842418203
4721,303.975031590601,-30034.123255460163
4722,289.8593566217272,-30034.52592580502
4723,301.2767378501284,-30034.816267819053
4724,298.2811912130575,-30034.37028826767
4725,303.51785226633325,-30034.617200856053
4726,281.3169042753139,-30034.190462971266
4727,282.5811828192927,-30033.78554908165
4728,333.021246345681,-30033.805188039463
4729,318.6508000368082,-30034.442795697054
4730,288.3851244262386,-30034.16074109655
4731,330.8552492496465,-30034.228924118484
4732,305.31040364486086,-30034.15600273448
4733,281.7490667378528,-30034.376835642674
4734,291.46107202019084,-30034.36836596124
4735,302.0540276010736,-30033.93925381859
4736,301.31774200771457,-30033.871874905915
4737,300.73140180572506,-30033.60540401601
4738,302.00458249807576,-30034.085031366587
4739,276.6558730635275,-30034.665369359835
4740,284.3193913702521,-30034.65189258361
4741,276.5298130224299,-30035.172453040308
4742,273.71497606829865,-30034.696527951455
4743,262.3611802315223,-30034.424114473677
4744,278.32513946377213,-30034.43774747136
4745,319.8903216268917,-30033.901787073573
4746,262.9315923445558,-30034.921455592077
4747,283.0288057615512,-30034.62387581098
4748,286.55096815448235,-30034.72064414822
4749,263.15199864394395,-30035.15808759895
4750,295.94260242690984,-30034.288609014544
4751,292.140366457846,-30034.068040750386
4752,313.4775904395252,-30033.844674395863
4753,303.49189944820233,-30033.63933938977
4754,287.930676807067,-30034.123367637923
4755,285.38501446098803,-30034.615267192014
4756,325.66806062628785,-30034.14482704331
4757,314.71214839050606,-30034.170978384336
4758,296.18517732794646,-30034.798119746487
4759,285.5155933126952,-30034.615882111793
4760,271.2415395694589,-30035.014732003136
4761,298.73979224610116,-30034.36654141163
4762,276.55130896942376,-30034.605504970106
4763,264.711234903588,-30034.868785971226
4764,261.77150309803295,-30035.499524568433
4765,284.34546090932133,-30034.90514173286
4766,287.9695529032402,-30035.001293989048
4767,309.5239101040691,-30034.438470266647
4768,301.16848094324365,-30034.48110588422
4769,294.552747619812,-30035.380281890673
4770,293.3696538486594,-30035.06049321197
4771,275.67283446119467,-30034.62764752732
4772,287.49523558591,-30034.6655932349
4773,285.9889634742238,-30034.65473173966
4774,282.96578730848404,-30034.49265173465
4775,280.93609935742927,-30034.88365517245
4776,272.9639898464542,-30034.742800828284
4777,291.89606338492587,-30034.14841732821
4778,296.9086030510396,-30034.611916551075
4779,305.10464877624463,-30034.723688928167
4780,288.5061498802208,-30034.505346816328
4781,294.670620540658,-30035.121451447227
4782,279.29266812823744,-30034.85086024258
4783,282.6694666659411,-30034.798948826272
4784,288.8245356971859,-30034.79029043173
4785,283.78621540093945,-30034.237597277468
4786,299.30091513142816,-30034.491069796437
4787,281.0769214685585,-30034.678933778796
4788,285.69122036699207,-30034.77161156049
4789,291.0864787499935,-30034.08288596855
4790,279.05098675160804,-30034.07374886374
4791,276.52384674430584,-30034.66869717447
4792,300.6557845078872,-30034.86121625227
4793,265.0287344954519,-30034.972111299543
4794,270.07538031099756,-30034.63201647834
4795,296.9678643170649,-30034.7237040799
4796,252.81106964230298,-30035.096472237463
4797,282.16763091170003,-30034.735426068346
4798,267.7499494850608,-30034.64375556973
4799,281.1527840669402,-30034.624287234565
4800,295.43055449808793,-30034.365968661536
4801,289.8747510187761,-30035.142725278605
4802,267.8000646984382,-30035.845617381136
4803,279.3469550927871,-30035.720585652114
4804,270.3585978526718,-30034.94519028443
4805,278.1722895035795,-30033.996287660262
4806,262.58845612091454,-30033.846120202783
4807,301.973924934028,-30034.04478848668
4808,299.3778143323111,-30033.74694399892
4809,298.1058564498498,-30033.464551451576
4810,323.9882038250851,-30033.220372120162
4811,312.0196927118959,-30033.27595296584
4812,305.3078790442308,-30033.96075386878
4813,294.5862115978921,-30033.584516532974
4814,305.98409683469276,-30033.527693706947
4815,320.62746936013616,-30032.859769255414
4816,335.7352057654668,-30032.8149058163
4817,311.88235608305877,-30032.693477130502
4818,295.7473370374938,-30033.22712456366
4819,312.1073952825619,-30033.113586111922
4820,303.44274719773875,-30033.011672056222
4821,302.1847811925776,-30032.801192458934
4822,330.12243228439826,-30033.276692151645
4823,322.0474430445069,-30033.55639971216
4824,287.7713534859322,-30033.605899117363
4825,344.5563847200892,-30033.223421278228
4826,334.50278021060996,-30033.101829329305
4827,330.81090531173504,-30033.41363558809
4828,308.9220515293924,-30033.87160927805
4829,308.3847218367581,-30034.01405929437
4830,308.5192698198579,-30034.315355419454
4831,289.5958359304901,-30034.1360836512
4832,278.76956341417554,-30033.758576708486
4833,328.5643471811211,-30033.622605388675
4834,277.90343663177674,-30033.715954907737
4835,286.60190442607905,-30034.424438389284
4836,269.26890937576945,-30034.062500385724
4837,253.7097299765226,-30034.20663338255
4838,289.719237918887,-30033.988441968784
4839,296.4316172888338,-30033.688392431923
4840,288.24501698540115,-30033.486538226447
4841,294.59083966478966,-30033.58635300435
4842,313.3081609644261,-30033.2258981079
4843,312.21456487088085,-30032.96244732837
4844,321.0354254699,-30032.46472081467
4845,322.4582112702072,-30032.307764765093
4846,275.41239623788664,-30033.007258927762
4847,285.2723598735961,-30032.840762978758
4848,278.8180448656343,-30032.886260949992
4849,320.9184128379305,-30032.735248323945
4850,302.26755657097925,-30032.685824798304
4851,300.7727030350656,-30033.375847364972
4852,281.117752372127,-30033.904467107648
4853,289.48572095407496,-30034.070499800295
4854,307.1546212951567,-30033.713033578813
4855,267.417845434793,-30034.138454606877
4856,270.7778038875626,-30033.82329578155
4857,290.9057111407589,-30033.843301716093
4858,297.11663245330277,-30033.735579276195
4859,303.41717768051336,-30033.631457178577
4860,299.3822085784268,-30033.44019261391
4861,290.157310470582,-30033.145368797304
4862,281.47833895859,-30033.032097023486
4863,318.4625055201275,-30033.0100417905
4864,295.2732007133506,-30033.461731747448
4865,266.0681258252957,-30033.37755334761
4866,310.21847735933784,-30033.135806968865
4867,308.50875648815094,-30033.081245415247
4868,301.05872114423045,-30032.792466205825
4869,291.87644266924616,-30032.88719313191
4870,318.1886828058328,-30033.17319368129
4871,311.90226210053527,-30033.788678510573
4872,297.324425816068,-30033.71081045085
4873,270.6295747371991,-30033.469610124746
4874,315.5686972051063,-30033.35056035439
4875,328.63559455497244,-30032.92940329937
4876,305.7584970388368,-30033.931817605746
4877,330.6427931328059,-30033.353419846768
4878,331.3662895611042,-30033.794167994183
4879,312.1659966874258,-30033.266405898004
4880,306.47078193474476,-30033.378707722586
4881,278.74957606996315,-30034.288377378314
4882,286.7245393296081,-30034.07173791677
4883,293.7667002488797,-30034.343454133003
4884,297.0244451404516,-30034.249621671137
4885,289.3325033158443,-30033.76772113178
4886,282.6025903266429,-30034.03891574063
4887,297.3926567954043,-30033.791121891853
4888,293.34551407700064,-30034.018132921603
4889,309.1415348471979,-30033.432483299308
4890,329.24344052850796,-30033.193378996442
4891,326.8551412396297,-30033.0602183559
4892,299.37700553614167,-30033.53016751019
4893,321.36224072228487,-30033.036561335328
4894,307.73083291357625,-30032.907494141673
4895,308.10246608346284,-30033.60320499574
4896,312.97142854685774,-30033.548838806244
4897,303.08563065216396,-30033.757001550603
4898,322.7608951550582,-30033.35872915855
4899,318.6941322458478,-30032.762015978773
4900,322.9081817441683,-30032.81009482326
4901,276.9072252160317,-30033.44223698009
4902,327.74978412297503,-30033.361887013612
4903,296.7843803150121,-30034.343563296006
4904,280.40090442414584,-30034.62761388069
4905,280.82995186368566,-30034.552346318404
4906,264.83605299644535,-30034.867592969917
4907,249.8798576134936,-30035.457464837807
4908,277.0414363569953,-30035.587291595508
4909,280.5113231578022,-30034.73420570018
4910,294.5917126672721,-30034.66836224972
4911,272.447404867154,-30034.236290459772
4912,287.18422093014095,-30033.79257319928
4913,285.7117938921417,-30034.26328049057
4914,272.7897037826462,-30034.159303203996
4915,271.20197542871995,-30033.755963619653
4916,291.5849546845402,-30033.160165288053
4917,306.6042041031742,-30033.387063474605
4918,290.292364354544,-30033.679074045805
4919,311.5134660409864,-30034.009415884004
4920,314.7469471582151,-30033.023616882343
4921,305.52317870267376,-30033.28149896707
4922,290.17274606801215,-30033.430135982402
4923,305.4781444495741,-30033.518962211547
4924,287.90472229339514,-30033.997068714383
4925,264.1773039586409,-30034.179119069766
4926,304.55237902375615,-30034.02862489403
4927,307.0961304282545,-30034.138336006545
4928,298.53023617885566,-30034.180417167157
4929,303.98980300430964,-30034.18538313647
4930,273.5862971484086,-30034.408755767578
4931,329.24528899308564,-30033.464816779615
4932,341.06619237538587,-30033.172722113824
4933,316.8697693659512,-30033.337297181224
4934,303.5264294886687,-30033.593547161232
4935,307.5252308956284,-30033.623613982654
4936,311.69105356813554,-30033.573299042626
4937,278.6587164140078,-30033.278948808747
4938,300.72262049145684,-30033.072422230103
4939,318.0641395846223,-30033.065004754273
4940,297.70965833402846,-30032.81242852395
4941,332.6568781627688,-30032.562419066377
4942,306.36836623917526,-30032.141054805987
4943,325.2613150766798,-30032.309376221045
4944,318.4141991819473,-30031.749540635148
4945,292.2443571285901,-30032.055653968648
4946,334.388525141769,-30031.835177957295
4947,323.5522975211316,-30032.213781314866
4948,316.9757611797846,-30031.80532870929
4949,323.9105239727008,-30032.911783219537
4950,292.7423163150538,-30032.961071313144
4951,331.7732071531321,-30033.09836448
4952,289.2754421881035,-30033.089471896947
4953,305.42606409767325,-30032.785899932816
4954,317.3824870950637,-30032.904451901453
4955,291.43429850768416,-30033.17372830613
4956,294.9191775170322,-30033.072217646823
4957,326.1445729777402,-30033.00586309511
4958,319.7563477798444,-30033.075085851993
4959,307.15436553468885,-30032.912258775432
4960,331.4242495982049,-30033.279035196385
4961,309.9493547929295,-30033.55274663918
4962,309.3097010402233,-30032.95754142917
4963,308.4515466250276,-30032.694015554393
4964,310.83910406454277,-30033.04789801876
4965,279.8787533272473,-30032.746243810016
4966,328.8810045339589,-30032.321655071213
4967,322.69085969492613,-30031.581197575735
4968,341.868750308478,-30031.923977461363
4969,316.41164413044885,-30031.96017266946
4970,302.47992868779465,-30032.7039093123
4971,289.1487751946017,-30033.256727126074
4972,293.9364135660182,-30033.16534826653
4973,309.35851454450767,-30032.790295426053
4974,333.191382365334,-30032.388790268484
4975,291.81761456485225,-30032.636722809948
4976,310.5594318481887,-30032.541275475294
4977,324.5080259943281,-30032.517816518066
4978,315.06006007430284,-30032.82627152986
4979,309.52300875899766,-30032.68263361067
4980,350.00958742412524,-30032.412141409623
4981,313.5323201202437,-30032.85501364643
4982,327.1441496457153,-30032.566605574248
4983,283.40523939748545,-30033.40735629098
4984,309.7996760375875,-30033.17370689567
4985,300.276690403192,-30033.98014658122
4986,330.56790985696847,-30033.376791706498
4987,315.74039462163313,-30033.691935727322
4988,320.7014040687452,-30033.727046304975
4989,302.7043551533679,-30033.760752488102
4990,290.1600534204651,-30034.184362159358
4991,272.3662415672059,-30034.10161748685
4992,315.5782492978899,-30033.877663337287
4993,310.2378805468219,-30033.516177273115
4994,340.3160213567894,-30033.174052567894
4995,321.95686719469205,-30032.707120239065
4996,290.76871657987846,-30032.586989133695
4997,287.86779055745126,-30033.294874604315
4998,279.61462256969264,-30033.411104533337
4999,309.88996745628407,-30033.481977913052
5000,293.25235111540036,-30033.227512408448
