nohup: ignoring input
/global/cfs/cdirs/m4555/Jun/mattersim-LR/src/mattersim/__version__.py:2: UserWarning: pkg_resources is deprecated as an API. See https://setuptools.pypa.io/en/latest/pkg_resources.html. The pkg_resources package is slated for removal as early as 2025-11-30. Refrain from using this package or pin to Setuptools<81.
  import pkg_resources
[32m2025-11-11 20:15:48.043[0m | [1mINFO    [0m | [36mmattersim.forcefield.potential[0m:[36mfrom_checkpoint[0m:[36m908[0m - [1mLoading the model from ../../baseline/results/best_model.pth[0m
Step: 0, Temperature: 314.22 K, Total Energy: -30040.107872 eV
Step: 20, Temperature: 201.22 K, Total Energy: -30038.693575 eV
Step: 40, Temperature: 208.42 K, Total Energy: -30037.956416 eV
Step: 60, Temperature: 222.79 K, Total Energy: -30037.162308 eV
Step: 80, Temperature: 207.94 K, Total Energy: -30036.984016 eV
Step: 100, Temperature: 237.02 K, Total Energy: -30035.666442 eV
Step: 120, Temperature: 263.27 K, Total Energy: -30035.020925 eV
Step: 140, Temperature: 261.81 K, Total Energy: -30034.512198 eV
Step: 160, Temperature: 247.53 K, Total Energy: -30034.185050 eV
Step: 180, Temperature: 257.65 K, Total Energy: -30033.988428 eV
Step: 200, Temperature: 256.58 K, Total Energy: -30034.288514 eV
Step: 220, Temperature: 267.64 K, Total Energy: -30033.961150 eV
Step: 240, Temperature: 262.90 K, Total Energy: -30034.332786 eV
Step: 260, Temperature: 234.08 K, Total Energy: -30034.370233 eV
Step: 280, Temperature: 268.83 K, Total Energy: -30033.931702 eV
Step: 300, Temperature: 242.67 K, Total Energy: -30033.957884 eV
Step: 320, Temperature: 269.23 K, Total Energy: -30034.329918 eV
Step: 340, Temperature: 281.58 K, Total Energy: -30033.457019 eV
Step: 360, Temperature: 258.17 K, Total Energy: -30033.403379 eV
Step: 380, Temperature: 271.69 K, Total Energy: -30033.497496 eV
Step: 400, Temperature: 290.13 K, Total Energy: -30032.854337 eV
Step: 420, Temperature: 282.79 K, Total Energy: -30032.925090 eV
Step: 440, Temperature: 285.99 K, Total Energy: -30032.873050 eV
Step: 460, Temperature: 298.91 K, Total Energy: -30032.210679 eV
Step: 480, Temperature: 300.89 K, Total Energy: -30031.802021 eV
Step: 500, Temperature: 305.86 K, Total Energy: -30032.147522 eV
Step: 520, Temperature: 298.10 K, Total Energy: -30032.175962 eV
Step: 540, Temperature: 279.65 K, Total Energy: -30032.151554 eV
Step: 560, Temperature: 313.12 K, Total Energy: -30032.262325 eV
Step: 580, Temperature: 286.70 K, Total Energy: -30032.404123 eV
Step: 600, Temperature: 299.77 K, Total Energy: -30032.281063 eV
Step: 620, Temperature: 305.57 K, Total Energy: -30031.930134 eV
Step: 640, Temperature: 293.97 K, Total Energy: -30032.454397 eV
Step: 660, Temperature: 307.06 K, Total Energy: -30033.258389 eV
Step: 680, Temperature: 285.69 K, Total Energy: -30033.068000 eV
Step: 700, Temperature: 295.30 K, Total Energy: -30033.022867 eV
Step: 720, Temperature: 276.04 K, Total Energy: -30033.204053 eV
Step: 740, Temperature: 266.47 K, Total Energy: -30033.197319 eV
Step: 760, Temperature: 316.24 K, Total Energy: -30033.276603 eV
Step: 780, Temperature: 284.69 K, Total Energy: -30033.196267 eV
Step: 800, Temperature: 286.90 K, Total Energy: -30033.483174 eV
Step: 820, Temperature: 270.83 K, Total Energy: -30033.104838 eV
Step: 840, Temperature: 291.41 K, Total Energy: -30033.017731 eV
Step: 860, Temperature: 294.65 K, Total Energy: -30032.769442 eV
Step: 880, Temperature: 295.85 K, Total Energy: -30032.946634 eV
Step: 900, Temperature: 296.41 K, Total Energy: -30032.760997 eV
Step: 920, Temperature: 290.28 K, Total Energy: -30033.231363 eV
Step: 940, Temperature: 272.11 K, Total Energy: -30033.645216 eV
Step: 960, Temperature: 288.46 K, Total Energy: -30033.444648 eV
Step: 980, Temperature: 278.30 K, Total Energy: -30033.315946 eV
Step: 1000, Temperature: 277.71 K, Total Energy: -30033.063019 eV
Step: 1020, Temperature: 279.74 K, Total Energy: -30032.998919 eV
Step: 1040, Temperature: 287.37 K, Total Energy: -30033.172883 eV
Step: 1060, Temperature: 286.34 K, Total Energy: -30033.186709 eV
Step: 1080, Temperature: 276.32 K, Total Energy: -30033.294616 eV
Step: 1100, Temperature: 305.62 K, Total Energy: -30032.831090 eV
Step: 1120, Temperature: 278.57 K, Total Energy: -30033.061178 eV
Step: 1140, Temperature: 313.35 K, Total Energy: -30033.143272 eV
Step: 1160, Temperature: 279.12 K, Total Energy: -30033.168538 eV
Step: 1180, Temperature: 269.20 K, Total Energy: -30033.744784 eV
Step: 1200, Temperature: 266.12 K, Total Energy: -30033.506801 eV
Step: 1220, Temperature: 264.52 K, Total Energy: -30033.524939 eV
Step: 1240, Temperature: 298.25 K, Total Energy: -30032.576645 eV
Step: 1260, Temperature: 289.73 K, Total Energy: -30032.209774 eV
Step: 1280, Temperature: 305.57 K, Total Energy: -30032.504250 eV
Step: 1300, Temperature: 288.72 K, Total Energy: -30032.445931 eV
Step: 1320, Temperature: 305.58 K, Total Energy: -30031.922093 eV
Step: 1340, Temperature: 313.96 K, Total Energy: -30031.592965 eV
Step: 1360, Temperature: 316.21 K, Total Energy: -30030.853400 eV
Step: 1380, Temperature: 321.37 K, Total Energy: -30031.243115 eV
Step: 1400, Temperature: 303.42 K, Total Energy: -30031.303824 eV
Step: 1420, Temperature: 299.26 K, Total Energy: -30031.625602 eV
Step: 1440, Temperature: 315.08 K, Total Energy: -30031.928506 eV
Step: 1460, Temperature: 279.01 K, Total Energy: -30032.440752 eV
Step: 1480, Temperature: 293.12 K, Total Energy: -30032.045763 eV
Step: 1500, Temperature: 322.69 K, Total Energy: -30031.362490 eV
Step: 1520, Temperature: 295.48 K, Total Energy: -30031.795665 eV
Step: 1540, Temperature: 303.12 K, Total Energy: -30032.354214 eV
Step: 1560, Temperature: 299.41 K, Total Energy: -30032.623899 eV
Step: 1580, Temperature: 265.58 K, Total Energy: -30032.848216 eV
Step: 1600, Temperature: 283.45 K, Total Energy: -30032.949672 eV
Step: 1620, Temperature: 276.90 K, Total Energy: -30033.444205 eV
Step: 1640, Temperature: 285.53 K, Total Energy: -30033.003486 eV
Step: 1660, Temperature: 278.68 K, Total Energy: -30032.812316 eV
Step: 1680, Temperature: 281.49 K, Total Energy: -30032.848105 eV
Step: 1700, Temperature: 295.21 K, Total Energy: -30032.769321 eV
Step: 1720, Temperature: 294.73 K, Total Energy: -30032.947103 eV
Step: 1740, Temperature: 287.02 K, Total Energy: -30033.243903 eV
Step: 1760, Temperature: 287.52 K, Total Energy: -30033.069362 eV
Step: 1780, Temperature: 285.18 K, Total Energy: -30032.533849 eV
Step: 1800, Temperature: 299.52 K, Total Energy: -30033.214931 eV
Step: 1820, Temperature: 258.80 K, Total Energy: -30033.401273 eV
Step: 1840, Temperature: 299.47 K, Total Energy: -30032.296213 eV
Step: 1860, Temperature: 292.67 K, Total Energy: -30032.756171 eV
Step: 1880, Temperature: 292.95 K, Total Energy: -30032.413174 eV
Step: 1900, Temperature: 301.30 K, Total Energy: -30033.247086 eV
Step: 1920, Temperature: 251.61 K, Total Energy: -30033.392237 eV
Step: 1940, Temperature: 277.46 K, Total Energy: -30033.264481 eV
Step: 1960, Temperature: 261.49 K, Total Energy: -30033.480982 eV
Step: 1980, Temperature: 267.07 K, Total Energy: -30033.397277 eV
Step: 2000, Temperature: 264.29 K, Total Energy: -30033.419285 eV
Step: 2020, Temperature: 281.51 K, Total Energy: -30033.579929 eV
Step: 2040, Temperature: 285.89 K, Total Energy: -30033.383380 eV
Step: 2060, Temperature: 288.02 K, Total Energy: -30033.117481 eV
Step: 2080, Temperature: 291.46 K, Total Energy: -30032.746918 eV
Step: 2100, Temperature: 285.67 K, Total Energy: -30032.654505 eV
Step: 2120, Temperature: 300.65 K, Total Energy: -30032.345118 eV
Step: 2140, Temperature: 306.51 K, Total Energy: -30032.400839 eV
Step: 2160, Temperature: 294.51 K, Total Energy: -30032.392016 eV
Step: 2180, Temperature: 286.53 K, Total Energy: -30033.031523 eV
Step: 2200, Temperature: 309.91 K, Total Energy: -30032.257991 eV
Step: 2220, Temperature: 301.56 K, Total Energy: -30032.351912 eV
Step: 2240, Temperature: 301.97 K, Total Energy: -30032.173800 eV
Step: 2260, Temperature: 329.86 K, Total Energy: -30031.883919 eV
Step: 2280, Temperature: 302.72 K, Total Energy: -30032.246767 eV
Step: 2300, Temperature: 271.97 K, Total Energy: -30033.330237 eV
Step: 2320, Temperature: 282.79 K, Total Energy: -30033.264885 eV
Step: 2340, Temperature: 278.72 K, Total Energy: -30033.078951 eV
Step: 2360, Temperature: 301.93 K, Total Energy: -30032.618042 eV
Step: 2380, Temperature: 298.24 K, Total Energy: -30032.752582 eV
Step: 2400, Temperature: 272.22 K, Total Energy: -30032.976527 eV
Step: 2420, Temperature: 293.93 K, Total Energy: -30032.974703 eV
Step: 2440, Temperature: 304.34 K, Total Energy: -30032.925483 eV
Step: 2460, Temperature: 300.51 K, Total Energy: -30032.717652 eV
Step: 2480, Temperature: 313.07 K, Total Energy: -30032.495908 eV
Step: 2500, Temperature: 269.96 K, Total Energy: -30033.208370 eV
Step: 2520, Temperature: 285.29 K, Total Energy: -30033.919611 eV
Step: 2540, Temperature: 277.78 K, Total Energy: -30033.500605 eV
Step: 2560, Temperature: 263.85 K, Total Energy: -30033.270169 eV
Step: 2580, Temperature: 265.21 K, Total Energy: -30033.015661 eV
Step: 2600, Temperature: 297.54 K, Total Energy: -30032.670332 eV
Step: 2620, Temperature: 316.40 K, Total Energy: -30032.737553 eV
Step: 2640, Temperature: 271.22 K, Total Energy: -30032.598970 eV
Step: 2660, Temperature: 319.16 K, Total Energy: -30031.752895 eV
Step: 2680, Temperature: 301.93 K, Total Energy: -30031.842769 eV
Step: 2700, Temperature: 313.31 K, Total Energy: -30031.702716 eV
Step: 2720, Temperature: 295.33 K, Total Energy: -30032.067048 eV
Step: 2740, Temperature: 265.27 K, Total Energy: -30032.918408 eV
Step: 2760, Temperature: 287.14 K, Total Energy: -30032.440089 eV
Step: 2780, Temperature: 288.26 K, Total Energy: -30032.705471 eV
Step: 2800, Temperature: 293.42 K, Total Energy: -30032.715892 eV
Step: 2820, Temperature: 320.58 K, Total Energy: -30032.792014 eV
Step: 2840, Temperature: 292.49 K, Total Energy: -30032.666788 eV
Step: 2860, Temperature: 278.57 K, Total Energy: -30032.301298 eV
Step: 2880, Temperature: 302.78 K, Total Energy: -30032.270900 eV
Step: 2900, Temperature: 286.19 K, Total Energy: -30032.299805 eV
Step: 2920, Temperature: 300.05 K, Total Energy: -30032.570874 eV
Step: 2940, Temperature: 329.19 K, Total Energy: -30031.998265 eV
Step: 2960, Temperature: 312.78 K, Total Energy: -30032.352596 eV
Step: 2980, Temperature: 335.43 K, Total Energy: -30032.237783 eV
Step: 3000, Temperature: 288.93 K, Total Energy: -30032.628130 eV
Step: 3020, Temperature: 291.72 K, Total Energy: -30032.590202 eV
Step: 3040, Temperature: 302.08 K, Total Energy: -30032.485315 eV
Step: 3060, Temperature: 300.05 K, Total Energy: -30032.592363 eV
Step: 3080, Temperature: 284.82 K, Total Energy: -30032.902049 eV
Step: 3100, Temperature: 328.20 K, Total Energy: -30033.231769 eV
Step: 3120, Temperature: 294.69 K, Total Energy: -30033.331001 eV
Step: 3140, Temperature: 313.94 K, Total Energy: -30033.001632 eV
Step: 3160, Temperature: 296.51 K, Total Energy: -30033.076712 eV
Step: 3180, Temperature: 298.21 K, Total Energy: -30033.362692 eV
Step: 3200, Temperature: 272.83 K, Total Energy: -30033.592110 eV
Step: 3220, Temperature: 282.74 K, Total Energy: -30033.180334 eV
Step: 3240, Temperature: 264.05 K, Total Energy: -30033.396144 eV
Step: 3260, Temperature: 275.39 K, Total Energy: -30033.093046 eV
Step: 3280, Temperature: 272.96 K, Total Energy: -30032.977538 eV
Step: 3300, Temperature: 293.81 K, Total Energy: -30032.573526 eV
Step: 3320, Temperature: 289.72 K, Total Energy: -30033.133945 eV
Step: 3340, Temperature: 298.33 K, Total Energy: -30032.678151 eV
Step: 3360, Temperature: 308.58 K, Total Energy: -30032.605344 eV
Step: 3380, Temperature: 283.61 K, Total Energy: -30031.748600 eV
Step: 3400, Temperature: 311.40 K, Total Energy: -30032.162287 eV
Step: 3420, Temperature: 315.79 K, Total Energy: -30032.285785 eV
Step: 3440, Temperature: 289.96 K, Total Energy: -30032.040084 eV
Step: 3460, Temperature: 299.75 K, Total Energy: -30032.318605 eV
Step: 3480, Temperature: 303.76 K, Total Energy: -30032.635199 eV
Step: 3500, Temperature: 288.93 K, Total Energy: -30032.671266 eV
Step: 3520, Temperature: 302.27 K, Total Energy: -30032.781573 eV
Step: 3540, Temperature: 278.33 K, Total Energy: -30032.953808 eV
Step: 3560, Temperature: 297.60 K, Total Energy: -30032.791956 eV
Step: 3580, Temperature: 301.95 K, Total Energy: -30032.906618 eV
Step: 3600, Temperature: 292.19 K, Total Energy: -30032.935894 eV
Step: 3620, Temperature: 309.28 K, Total Energy: -30032.630931 eV
Step: 3640, Temperature: 308.09 K, Total Energy: -30032.679995 eV
Step: 3660, Temperature: 303.79 K, Total Energy: -30032.230075 eV
Step: 3680, Temperature: 304.07 K, Total Energy: -30032.045341 eV
Step: 3700, Temperature: 314.13 K, Total Energy: -30032.305614 eV
Step: 3720, Temperature: 287.23 K, Total Energy: -30032.308999 eV
Step: 3740, Temperature: 291.40 K, Total Energy: -30032.588296 eV
Step: 3760, Temperature: 301.20 K, Total Energy: -30032.499406 eV
Step: 3780, Temperature: 302.52 K, Total Energy: -30032.474607 eV
Step: 3800, Temperature: 310.48 K, Total Energy: -30032.563975 eV
Step: 3820, Temperature: 306.12 K, Total Energy: -30032.299335 eV
Step: 3840, Temperature: 298.17 K, Total Energy: -30032.203532 eV
Step: 3860, Temperature: 309.72 K, Total Energy: -30032.499007 eV
Step: 3880, Temperature: 297.16 K, Total Energy: -30032.210985 eV
Step: 3900, Temperature: 299.83 K, Total Energy: -30032.842102 eV
Step: 3920, Temperature: 290.34 K, Total Energy: -30032.952530 eV
Step: 3940, Temperature: 293.86 K, Total Energy: -30032.947291 eV
Step: 3960, Temperature: 287.41 K, Total Energy: -30032.484212 eV
Step: 3980, Temperature: 304.79 K, Total Energy: -30032.283343 eV
Step: 4000, Temperature: 296.23 K, Total Energy: -30032.944956 eV
Step: 4020, Temperature: 285.67 K, Total Energy: -30032.990238 eV
Step: 4040, Temperature: 286.30 K, Total Energy: -30032.826387 eV
Step: 4060, Temperature: 313.89 K, Total Energy: -30032.168843 eV
Step: 4080, Temperature: 319.64 K, Total Energy: -30031.721517 eV
Step: 4100, Temperature: 323.26 K, Total Energy: -30031.699975 eV
Step: 4120, Temperature: 282.11 K, Total Energy: -30032.539521 eV
Step: 4140, Temperature: 289.78 K, Total Energy: -30032.745649 eV
Step: 4160, Temperature: 282.14 K, Total Energy: -30032.837810 eV
Step: 4180, Temperature: 289.06 K, Total Energy: -30033.050838 eV
Step: 4200, Temperature: 280.69 K, Total Energy: -30033.155021 eV
Step: 4220, Temperature: 300.22 K, Total Energy: -30033.170177 eV
Step: 4240, Temperature: 286.16 K, Total Energy: -30033.054440 eV
Step: 4260, Temperature: 297.39 K, Total Energy: -30033.347835 eV
Step: 4280, Temperature: 294.46 K, Total Energy: -30032.549444 eV
Step: 4300, Temperature: 308.82 K, Total Energy: -30032.306317 eV
Step: 4320, Temperature: 310.51 K, Total Energy: -30032.080916 eV
Step: 4340, Temperature: 317.04 K, Total Energy: -30032.370096 eV
Step: 4360, Temperature: 342.63 K, Total Energy: -30032.240894 eV
Step: 4380, Temperature: 281.43 K, Total Energy: -30032.892560 eV
Step: 4400, Temperature: 303.17 K, Total Energy: -30032.456376 eV
Step: 4420, Temperature: 283.01 K, Total Energy: -30032.685389 eV
Step: 4440, Temperature: 296.30 K, Total Energy: -30032.900319 eV
Step: 4460, Temperature: 261.42 K, Total Energy: -30032.990549 eV
Step: 4480, Temperature: 318.43 K, Total Energy: -30032.265325 eV
Step: 4500, Temperature: 277.56 K, Total Energy: -30032.318542 eV
Step: 4520, Temperature: 322.77 K, Total Energy: -30031.384103 eV
Step: 4540, Temperature: 329.72 K, Total Energy: -30031.801399 eV
Step: 4560, Temperature: 331.06 K, Total Energy: -30032.080591 eV
Step: 4580, Temperature: 322.31 K, Total Energy: -30031.813409 eV
Step: 4600, Temperature: 307.19 K, Total Energy: -30032.044040 eV
Step: 4620, Temperature: 319.20 K, Total Energy: -30032.408126 eV
Step: 4640, Temperature: 327.80 K, Total Energy: -30031.518996 eV
Step: 4660, Temperature: 301.32 K, Total Energy: -30031.793243 eV
Step: 4680, Temperature: 292.33 K, Total Energy: -30032.043932 eV
Step: 4700, Temperature: 312.34 K, Total Energy: -30032.730726 eV
Step: 4720, Temperature: 283.11 K, Total Energy: -30033.264886 eV
Step: 4740, Temperature: 278.31 K, Total Energy: -30033.362513 eV
Step: 4760, Temperature: 284.86 K, Total Energy: -30034.080802 eV
Step: 4780, Temperature: 274.86 K, Total Energy: -30033.809371 eV
Step: 4800, Temperature: 298.90 K, Total Energy: -30033.242143 eV
Step: 4820, Temperature: 279.05 K, Total Energy: -30033.191817 eV
Step: 4840, Temperature: 275.85 K, Total Energy: -30033.345491 eV
Step: 4860, Temperature: 295.76 K, Total Energy: -30032.679503 eV
Step: 4880, Temperature: 295.75 K, Total Energy: -30032.474457 eV
Step: 4900, Temperature: 301.42 K, Total Energy: -30032.456850 eV
Step: 4920, Temperature: 320.23 K, Total Energy: -30032.204955 eV
Step: 4940, Temperature: 292.92 K, Total Energy: -30032.695077 eV
Step: 4960, Temperature: 322.67 K, Total Energy: -30031.902142 eV
Step: 4980, Temperature: 319.02 K, Total Energy: -30032.139305 eV
Step: 5000, Temperature: 305.73 K, Total Energy: -30032.072522 eV
Step: 5020, Temperature: 328.19 K, Total Energy: -30032.405911 eV
Step: 5040, Temperature: 307.53 K, Total Energy: -30032.754437 eV
Step: 5060, Temperature: 294.22 K, Total Energy: -30032.678517 eV
Step: 5080, Temperature: 304.65 K, Total Energy: -30033.191182 eV
Step: 5100, Temperature: 273.05 K, Total Energy: -30033.463695 eV
Step: 5120, Temperature: 307.92 K, Total Energy: -30033.303262 eV
Step: 5140, Temperature: 284.30 K, Total Energy: -30033.246945 eV
Step: 5160, Temperature: 300.91 K, Total Energy: -30033.161042 eV
Step: 5180, Temperature: 310.62 K, Total Energy: -30033.166037 eV
Step: 5200, Temperature: 284.21 K, Total Energy: -30033.128133 eV
Step: 5220, Temperature: 316.66 K, Total Energy: -30033.209542 eV
Step: 5240, Temperature: 276.56 K, Total Energy: -30033.402088 eV
Step: 5260, Temperature: 295.35 K, Total Energy: -30033.091825 eV
Step: 5280, Temperature: 297.33 K, Total Energy: -30032.486070 eV
Step: 5300, Temperature: 299.74 K, Total Energy: -30032.400903 eV
Step: 5320, Temperature: 313.11 K, Total Energy: -30031.854373 eV
Step: 5340, Temperature: 312.36 K, Total Energy: -30032.079960 eV
Step: 5360, Temperature: 307.33 K, Total Energy: -30031.198900 eV
Step: 5380, Temperature: 329.39 K, Total Energy: -30031.266751 eV
Step: 5400, Temperature: 313.68 K, Total Energy: -30031.918274 eV
Step: 5420, Temperature: 305.65 K, Total Energy: -30032.297169 eV
Step: 5440, Temperature: 302.54 K, Total Energy: -30032.993476 eV
Step: 5460, Temperature: 279.09 K, Total Energy: -30033.788375 eV
Step: 5480, Temperature: 290.26 K, Total Energy: -30033.593199 eV
Step: 5500, Temperature: 282.68 K, Total Energy: -30033.480662 eV
Step: 5520, Temperature: 317.14 K, Total Energy: -30032.859696 eV
Step: 5540, Temperature: 287.28 K, Total Energy: -30032.807738 eV
Step: 5560, Temperature: 289.30 K, Total Energy: -30033.099377 eV
Step: 5580, Temperature: 299.12 K, Total Energy: -30032.916229 eV
Step: 5600, Temperature: 308.40 K, Total Energy: -30033.000437 eV
Step: 5620, Temperature: 291.23 K, Total Energy: -30032.739098 eV
Step: 5640, Temperature: 299.27 K, Total Energy: -30032.828516 eV
Step: 5660, Temperature: 283.18 K, Total Energy: -30032.964179 eV
Step: 5680, Temperature: 281.10 K, Total Energy: -30032.918281 eV
Step: 5700, Temperature: 293.74 K, Total Energy: -30033.059475 eV
Step: 5720, Temperature: 296.69 K, Total Energy: -30032.738447 eV
Step: 5740, Temperature: 285.64 K, Total Energy: -30033.024230 eV
Step: 5760, Temperature: 267.84 K, Total Energy: -30032.868519 eV
Step: 5780, Temperature: 294.08 K, Total Energy: -30032.332321 eV
Step: 5800, Temperature: 320.16 K, Total Energy: -30032.884340 eV
Step: 5820, Temperature: 300.20 K, Total Energy: -30033.137521 eV
Step: 5840, Temperature: 275.69 K, Total Energy: -30033.704877 eV
Step: 5860, Temperature: 288.70 K, Total Energy: -30033.669068 eV
Step: 5880, Temperature: 290.20 K, Total Energy: -30033.296011 eV
Step: 5900, Temperature: 306.38 K, Total Energy: -30033.421648 eV
Step: 5920, Temperature: 284.02 K, Total Energy: -30033.589923 eV
Step: 5940, Temperature: 306.25 K, Total Energy: -30033.585110 eV
Step: 5960, Temperature: 265.86 K, Total Energy: -30033.255350 eV
Step: 5980, Temperature: 282.22 K, Total Energy: -30033.486013 eV
Step: 6000, Temperature: 297.15 K, Total Energy: -30033.088354 eV
Step: 6020, Temperature: 283.81 K, Total Energy: -30033.192749 eV
Step: 6040, Temperature: 306.35 K, Total Energy: -30032.406901 eV
Step: 6060, Temperature: 304.78 K, Total Energy: -30032.543378 eV
Step: 6080, Temperature: 313.32 K, Total Energy: -30032.606915 eV
Step: 6100, Temperature: 317.10 K, Total Energy: -30032.960425 eV
Step: 6120, Temperature: 295.67 K, Total Energy: -30033.525335 eV
Step: 6140, Temperature: 279.61 K, Total Energy: -30033.984508 eV
Step: 6160, Temperature: 311.78 K, Total Energy: -30033.355994 eV
Step: 6180, Temperature: 309.23 K, Total Energy: -30033.169280 eV
Step: 6200, Temperature: 321.06 K, Total Energy: -30032.977204 eV
Step: 6220, Temperature: 304.49 K, Total Energy: -30033.605249 eV
Step: 6240, Temperature: 307.51 K, Total Energy: -30033.957988 eV
Step: 6260, Temperature: 295.22 K, Total Energy: -30033.509135 eV
Step: 6280, Temperature: 325.40 K, Total Energy: -30032.881276 eV
Step: 6300, Temperature: 323.08 K, Total Energy: -30032.649675 eV
Step: 6320, Temperature: 319.03 K, Total Energy: -30032.935857 eV
Step: 6340, Temperature: 284.35 K, Total Energy: -30033.075937 eV
Step: 6360, Temperature: 307.49 K, Total Energy: -30033.202677 eV
Step: 6380, Temperature: 313.23 K, Total Energy: -30032.790690 eV
Step: 6400, Temperature: 290.28 K, Total Energy: -30032.864159 eV
Step: 6420, Temperature: 302.26 K, Total Energy: -30032.900900 eV
Step: 6440, Temperature: 299.86 K, Total Energy: -30032.855088 eV
Step: 6460, Temperature: 314.32 K, Total Energy: -30032.859443 eV
Step: 6480, Temperature: 305.45 K, Total Energy: -30032.821616 eV
Step: 6500, Temperature: 309.36 K, Total Energy: -30033.537179 eV
Step: 6520, Temperature: 309.92 K, Total Energy: -30032.818290 eV
Step: 6540, Temperature: 308.87 K, Total Energy: -30033.125423 eV
Step: 6560, Temperature: 299.99 K, Total Energy: -30033.056861 eV
Step: 6580, Temperature: 296.40 K, Total Energy: -30032.833468 eV
Step: 6600, Temperature: 309.21 K, Total Energy: -30032.859282 eV
Step: 6620, Temperature: 322.95 K, Total Energy: -30032.256509 eV
Step: 6640, Temperature: 308.23 K, Total Energy: -30031.578863 eV
Step: 6660, Temperature: 323.12 K, Total Energy: -30031.664374 eV
Step: 6680, Temperature: 327.93 K, Total Energy: -30031.240285 eV
Step: 6700, Temperature: 327.12 K, Total Energy: -30031.801553 eV
Step: 6720, Temperature: 284.31 K, Total Energy: -30031.811258 eV
Step: 6740, Temperature: 303.06 K, Total Energy: -30031.865492 eV
Step: 6760, Temperature: 307.47 K, Total Energy: -30031.515753 eV
Step: 6780, Temperature: 323.65 K, Total Energy: -30031.362155 eV
Step: 6800, Temperature: 320.72 K, Total Energy: -30031.700671 eV
Step: 6820, Temperature: 264.19 K, Total Energy: -30032.775443 eV
Step: 6840, Temperature: 247.84 K, Total Energy: -30033.302250 eV
Step: 6860, Temperature: 274.17 K, Total Energy: -30032.572552 eV
Step: 6880, Temperature: 328.21 K, Total Energy: -30032.374103 eV
Step: 6900, Temperature: 316.94 K, Total Energy: -30032.298174 eV
Step: 6920, Temperature: 330.25 K, Total Energy: -30032.434681 eV
Step: 6940, Temperature: 324.97 K, Total Energy: -30031.649766 eV
Step: 6960, Temperature: 325.82 K, Total Energy: -30031.874842 eV
Step: 6980, Temperature: 293.55 K, Total Energy: -30032.322034 eV
Step: 7000, Temperature: 268.13 K, Total Energy: -30033.482220 eV
Step: 7020, Temperature: 304.08 K, Total Energy: -30033.232760 eV
Step: 7040, Temperature: 291.03 K, Total Energy: -30032.746005 eV
Step: 7060, Temperature: 293.65 K, Total Energy: -30032.792387 eV
Step: 7080, Temperature: 292.61 K, Total Energy: -30032.589507 eV
Step: 7100, Temperature: 282.09 K, Total Energy: -30032.426858 eV
Step: 7120, Temperature: 299.52 K, Total Energy: -30032.586084 eV
Step: 7140, Temperature: 310.18 K, Total Energy: -30032.434736 eV
Step: 7160, Temperature: 314.21 K, Total Energy: -30032.516383 eV
Step: 7180, Temperature: 288.15 K, Total Energy: -30032.731572 eV
Step: 7200, Temperature: 302.80 K, Total Energy: -30032.504682 eV
Step: 7220, Temperature: 305.90 K, Total Energy: -30032.570315 eV
Step: 7240, Temperature: 274.53 K, Total Energy: -30032.946412 eV
Step: 7260, Temperature: 278.79 K, Total Energy: -30033.114246 eV
Step: 7280, Temperature: 295.59 K, Total Energy: -30032.974659 eV
Step: 7300, Temperature: 294.64 K, Total Energy: -30033.115473 eV
Step: 7320, Temperature: 289.49 K, Total Energy: -30033.446241 eV
Step: 7340, Temperature: 283.91 K, Total Energy: -30033.360249 eV
Step: 7360, Temperature: 273.17 K, Total Energy: -30033.564174 eV
Step: 7380, Temperature: 293.85 K, Total Energy: -30033.226730 eV
Step: 7400, Temperature: 275.96 K, Total Energy: -30032.897310 eV
Step: 7420, Temperature: 278.13 K, Total Energy: -30033.230159 eV
Step: 7440, Temperature: 266.22 K, Total Energy: -30033.572582 eV
Step: 7460, Temperature: 270.65 K, Total Energy: -30033.798635 eV
Step: 7480, Temperature: 286.10 K, Total Energy: -30033.677030 eV
Step: 7500, Temperature: 281.89 K, Total Energy: -30033.800841 eV
Step: 7520, Temperature: 251.72 K, Total Energy: -30033.846599 eV
Step: 7540, Temperature: 275.22 K, Total Energy: -30034.136518 eV
Step: 7560, Temperature: 270.20 K, Total Energy: -30033.012998 eV
Step: 7580, Temperature: 261.61 K, Total Energy: -30033.247742 eV
Step: 7600, Temperature: 295.08 K, Total Energy: -30033.206104 eV
Step: 7620, Temperature: 296.58 K, Total Energy: -30033.057369 eV
Step: 7640, Temperature: 287.46 K, Total Energy: -30032.461520 eV
Step: 7660, Temperature: 334.50 K, Total Energy: -30032.040095 eV
Step: 7680, Temperature: 309.51 K, Total Energy: -30031.996357 eV
Step: 7700, Temperature: 307.51 K, Total Energy: -30032.237306 eV
Step: 7720, Temperature: 286.11 K, Total Energy: -30032.543798 eV
Step: 7740, Temperature: 306.21 K, Total Energy: -30032.224648 eV
Step: 7760, Temperature: 298.91 K, Total Energy: -30032.120722 eV
Step: 7780, Temperature: 302.50 K, Total Energy: -30032.043477 eV
Step: 7800, Temperature: 323.22 K, Total Energy: -30031.915779 eV
Step: 7820, Temperature: 306.53 K, Total Energy: -30032.054652 eV
Step: 7840, Temperature: 281.91 K, Total Energy: -30031.943042 eV
Step: 7860, Temperature: 253.96 K, Total Energy: -30032.507876 eV
Step: 7880, Temperature: 290.01 K, Total Energy: -30032.417679 eV
Step: 7900, Temperature: 280.25 K, Total Energy: -30032.779237 eV
Step: 7920, Temperature: 286.82 K, Total Energy: -30032.631798 eV
Step: 7940, Temperature: 281.02 K, Total Energy: -30033.297107 eV
Step: 7960, Temperature: 277.33 K, Total Energy: -30033.253884 eV
Step: 7980, Temperature: 277.88 K, Total Energy: -30034.226612 eV
Step: 8000, Temperature: 272.77 K, Total Energy: -30034.038951 eV
Step: 8020, Temperature: 291.31 K, Total Energy: -30033.145344 eV
Step: 8040, Temperature: 269.92 K, Total Energy: -30032.818673 eV
Step: 8060, Temperature: 272.04 K, Total Energy: -30033.008316 eV
Step: 8080, Temperature: 312.71 K, Total Energy: -30032.561492 eV
Step: 8100, Temperature: 287.52 K, Total Energy: -30032.598852 eV
Step: 8120, Temperature: 300.88 K, Total Energy: -30032.485881 eV
Step: 8140, Temperature: 291.32 K, Total Energy: -30032.037620 eV
Step: 8160, Temperature: 318.85 K, Total Energy: -30031.662869 eV
Step: 8180, Temperature: 308.66 K, Total Energy: -30031.644281 eV
Step: 8200, Temperature: 295.32 K, Total Energy: -30032.004734 eV
Step: 8220, Temperature: 312.38 K, Total Energy: -30032.278750 eV
Step: 8240, Temperature: 296.57 K, Total Energy: -30032.088939 eV
Step: 8260, Temperature: 307.08 K, Total Energy: -30031.697300 eV
Step: 8280, Temperature: 341.19 K, Total Energy: -30031.518597 eV
Step: 8300, Temperature: 313.15 K, Total Energy: -30031.857064 eV
Step: 8320, Temperature: 287.57 K, Total Energy: -30031.841693 eV
Step: 8340, Temperature: 292.69 K, Total Energy: -30031.997743 eV
Step: 8360, Temperature: 297.37 K, Total Energy: -30031.934447 eV
Step: 8380, Temperature: 297.14 K, Total Energy: -30032.025955 eV
Step: 8400, Temperature: 304.14 K, Total Energy: -30032.123835 eV
Step: 8420, Temperature: 307.06 K, Total Energy: -30031.961437 eV
Step: 8440, Temperature: 271.56 K, Total Energy: -30032.408954 eV
Step: 8460, Temperature: 282.81 K, Total Energy: -30032.508669 eV
Step: 8480, Temperature: 282.13 K, Total Energy: -30032.646518 eV
Step: 8500, Temperature: 295.96 K, Total Energy: -30032.653047 eV
Step: 8520, Temperature: 295.75 K, Total Energy: -30032.916059 eV
Step: 8540, Temperature: 303.52 K, Total Energy: -30032.053096 eV
Step: 8560, Temperature: 308.95 K, Total Energy: -30031.967213 eV
Step: 8580, Temperature: 296.13 K, Total Energy: -30032.539350 eV
Step: 8600, Temperature: 291.50 K, Total Energy: -30032.410198 eV
Step: 8620, Temperature: 306.58 K, Total Energy: -30031.805403 eV
Step: 8640, Temperature: 299.66 K, Total Energy: -30031.807115 eV
Step: 8660, Temperature: 305.02 K, Total Energy: -30032.170237 eV
Step: 8680, Temperature: 296.43 K, Total Energy: -30032.272110 eV
Step: 8700, Temperature: 286.99 K, Total Energy: -30032.670561 eV
Step: 8720, Temperature: 295.48 K, Total Energy: -30032.528146 eV
Step: 8740, Temperature: 279.95 K, Total Energy: -30032.503496 eV
Step: 8760, Temperature: 322.99 K, Total Energy: -30032.919510 eV
Step: 8780, Temperature: 285.68 K, Total Energy: -30032.783147 eV
Step: 8800, Temperature: 321.83 K, Total Energy: -30032.241350 eV
Step: 8820, Temperature: 280.10 K, Total Energy: -30032.025169 eV
Step: 8840, Temperature: 291.02 K, Total Energy: -30032.619204 eV
Step: 8860, Temperature: 296.29 K, Total Energy: -30032.789311 eV
Step: 8880, Temperature: 298.65 K, Total Energy: -30032.832356 eV
Step: 8900, Temperature: 289.02 K, Total Energy: -30032.864240 eV
Step: 8920, Temperature: 305.44 K, Total Energy: -30032.972385 eV
Step: 8940, Temperature: 300.97 K, Total Energy: -30032.458332 eV
Step: 8960, Temperature: 295.36 K, Total Energy: -30032.351542 eV
Step: 8980, Temperature: 284.97 K, Total Energy: -30032.224501 eV
Step: 9000, Temperature: 306.78 K, Total Energy: -30032.624644 eV
Step: 9020, Temperature: 283.03 K, Total Energy: -30032.577286 eV
Step: 9040, Temperature: 275.83 K, Total Energy: -30032.810634 eV
Step: 9060, Temperature: 294.10 K, Total Energy: -30032.915809 eV
Step: 9080, Temperature: 284.77 K, Total Energy: -30033.333044 eV
Step: 9100, Temperature: 293.12 K, Total Energy: -30033.155004 eV
Step: 9120, Temperature: 278.69 K, Total Energy: -30032.899967 eV
Step: 9140, Temperature: 274.48 K, Total Energy: -30032.891118 eV
Step: 9160, Temperature: 298.19 K, Total Energy: -30032.521519 eV
Step: 9180, Temperature: 303.39 K, Total Energy: -30032.054500 eV
Step: 9200, Temperature: 294.16 K, Total Energy: -30032.308885 eV
Step: 9220, Temperature: 318.52 K, Total Energy: -30031.936874 eV
Step: 9240, Temperature: 318.46 K, Total Energy: -30031.774231 eV
Step: 9260, Temperature: 297.70 K, Total Energy: -30032.094058 eV
Step: 9280, Temperature: 309.08 K, Total Energy: -30032.258962 eV
Step: 9300, Temperature: 287.81 K, Total Energy: -30032.929402 eV
Step: 9320, Temperature: 305.52 K, Total Energy: -30032.987962 eV
Step: 9340, Temperature: 277.66 K, Total Energy: -30033.390280 eV
Step: 9360, Temperature: 305.74 K, Total Energy: -30032.736451 eV
Step: 9380, Temperature: 321.52 K, Total Energy: -30032.469865 eV
Step: 9400, Temperature: 322.70 K, Total Energy: -30032.569429 eV
Step: 9420, Temperature: 327.02 K, Total Energy: -30032.612634 eV
Step: 9440, Temperature: 311.29 K, Total Energy: -30032.875940 eV
Step: 9460, Temperature: 290.81 K, Total Energy: -30032.518967 eV
Step: 9480, Temperature: 301.78 K, Total Energy: -30032.940037 eV
Step: 9500, Temperature: 284.95 K, Total Energy: -30033.416520 eV
Step: 9520, Temperature: 280.76 K, Total Energy: -30033.748812 eV
Step: 9540, Temperature: 276.55 K, Total Energy: -30033.718684 eV
Step: 9560, Temperature: 294.34 K, Total Energy: -30033.509466 eV
Step: 9580, Temperature: 298.56 K, Total Energy: -30033.461371 eV
Step: 9600, Temperature: 261.00 K, Total Energy: -30033.928713 eV
Step: 9620, Temperature: 333.37 K, Total Energy: -30033.337849 eV
Step: 9640, Temperature: 305.01 K, Total Energy: -30032.934190 eV
Step: 9660, Temperature: 303.29 K, Total Energy: -30032.804907 eV
Step: 9680, Temperature: 292.69 K, Total Energy: -30032.181301 eV
Step: 9700, Temperature: 299.70 K, Total Energy: -30032.481969 eV
Step: 9720, Temperature: 336.68 K, Total Energy: -30032.001778 eV
Step: 9740, Temperature: 308.20 K, Total Energy: -30032.649930 eV
Step: 9760, Temperature: 313.55 K, Total Energy: -30032.114888 eV
Step: 9780, Temperature: 289.74 K, Total Energy: -30032.238846 eV
Step: 9800, Temperature: 301.69 K, Total Energy: -30031.868203 eV
Step: 9820, Temperature: 291.01 K, Total Energy: -30031.859883 eV
Step: 9840, Temperature: 312.17 K, Total Energy: -30032.174368 eV
Step: 9860, Temperature: 331.59 K, Total Energy: -30031.522665 eV
Step: 9880, Temperature: 287.00 K, Total Energy: -30032.490521 eV
Step: 9900, Temperature: 285.88 K, Total Energy: -30032.662782 eV
Step: 9920, Temperature: 293.48 K, Total Energy: -30033.001576 eV
Step: 9940, Temperature: 286.95 K, Total Energy: -30033.013269 eV
Step: 9960, Temperature: 303.43 K, Total Energy: -30032.483228 eV
Step: 9980, Temperature: 303.79 K, Total Energy: -30032.749623 eV
Step: 10000, Temperature: 262.97 K, Total Energy: -30033.133861 eV
Step: 10020, Temperature: 302.32 K, Total Energy: -30032.934459 eV
Step: 10040, Temperature: 266.53 K, Total Energy: -30032.812981 eV
Step: 10060, Temperature: 289.52 K, Total Energy: -30033.156439 eV
Step: 10080, Temperature: 286.65 K, Total Energy: -30033.292201 eV
Step: 10100, Temperature: 247.87 K, Total Energy: -30033.797489 eV
Step: 10120, Temperature: 280.03 K, Total Energy: -30033.813905 eV
Step: 10140, Temperature: 299.13 K, Total Energy: -30033.595711 eV
Step: 10160, Temperature: 294.62 K, Total Energy: -30033.307325 eV
Step: 10180, Temperature: 297.18 K, Total Energy: -30033.357090 eV
Step: 10200, Temperature: 294.34 K, Total Energy: -30033.769405 eV
Step: 10220, Temperature: 288.98 K, Total Energy: -30033.507873 eV
Step: 10240, Temperature: 298.37 K, Total Energy: -30032.893895 eV
Step: 10260, Temperature: 331.74 K, Total Energy: -30031.811924 eV
Step: 10280, Temperature: 323.73 K, Total Energy: -30031.774231 eV
Step: 10300, Temperature: 324.83 K, Total Energy: -30031.936428 eV
Step: 10320, Temperature: 318.39 K, Total Energy: -30032.420567 eV
Step: 10340, Temperature: 312.47 K, Total Energy: -30032.577251 eV
Step: 10360, Temperature: 307.36 K, Total Energy: -30032.397292 eV
Step: 10380, Temperature: 292.02 K, Total Energy: -30033.151010 eV
Step: 10400, Temperature: 296.56 K, Total Energy: -30033.464262 eV
Step: 10420, Temperature: 300.57 K, Total Energy: -30033.329462 eV
Step: 10440, Temperature: 283.33 K, Total Energy: -30033.228191 eV
Step: 10460, Temperature: 307.25 K, Total Energy: -30033.085604 eV
Step: 10480, Temperature: 305.18 K, Total Energy: -30032.748356 eV
Step: 10500, Temperature: 305.76 K, Total Energy: -30033.026983 eV
Step: 10520, Temperature: 302.22 K, Total Energy: -30032.770904 eV
Step: 10540, Temperature: 288.86 K, Total Energy: -30033.372076 eV
Step: 10560, Temperature: 293.18 K, Total Energy: -30032.919224 eV
Step: 10580, Temperature: 308.17 K, Total Energy: -30032.887079 eV
Step: 10600, Temperature: 300.58 K, Total Energy: -30032.356694 eV
Step: 10620, Temperature: 302.93 K, Total Energy: -30032.435087 eV
Step: 10640, Temperature: 293.60 K, Total Energy: -30032.379548 eV
Step: 10660, Temperature: 290.84 K, Total Energy: -30033.035918 eV
Step: 10680, Temperature: 285.55 K, Total Energy: -30033.684828 eV
Step: 10700, Temperature: 303.42 K, Total Energy: -30033.272412 eV
Step: 10720, Temperature: 279.00 K, Total Energy: -30033.419505 eV
Step: 10740, Temperature: 281.01 K, Total Energy: -30033.365781 eV
Step: 10760, Temperature: 289.11 K, Total Energy: -30032.785943 eV
Step: 10780, Temperature: 290.25 K, Total Energy: -30033.278993 eV
Step: 10800, Temperature: 274.11 K, Total Energy: -30033.488199 eV
Step: 10820, Temperature: 282.84 K, Total Energy: -30034.119154 eV
Step: 10840, Temperature: 306.46 K, Total Energy: -30033.478186 eV
Step: 10860, Temperature: 282.05 K, Total Energy: -30033.439442 eV
Step: 10880, Temperature: 323.14 K, Total Energy: -30033.054459 eV
Step: 10900, Temperature: 310.10 K, Total Energy: -30032.887855 eV
Step: 10920, Temperature: 299.98 K, Total Energy: -30033.318890 eV
Step: 10940, Temperature: 286.66 K, Total Energy: -30033.604410 eV
Step: 10960, Temperature: 299.50 K, Total Energy: -30033.528030 eV
Step: 10980, Temperature: 317.88 K, Total Energy: -30032.979902 eV
Step: 11000, Temperature: 279.13 K, Total Energy: -30032.572690 eV
Step: 11020, Temperature: 319.83 K, Total Energy: -30031.792976 eV
Step: 11040, Temperature: 317.75 K, Total Energy: -30032.119851 eV
Step: 11060, Temperature: 314.60 K, Total Energy: -30031.764502 eV
Step: 11080, Temperature: 325.32 K, Total Energy: -30032.307094 eV
Step: 11100, Temperature: 305.91 K, Total Energy: -30032.286830 eV
Step: 11120, Temperature: 313.55 K, Total Energy: -30032.425293 eV
Step: 11140, Temperature: 317.20 K, Total Energy: -30032.346543 eV
Step: 11160, Temperature: 310.28 K, Total Energy: -30032.496736 eV
Step: 11180, Temperature: 316.73 K, Total Energy: -30031.887461 eV
Step: 11200, Temperature: 326.13 K, Total Energy: -30032.036899 eV
Step: 11220, Temperature: 296.99 K, Total Energy: -30032.225077 eV
Step: 11240, Temperature: 310.91 K, Total Energy: -30032.494886 eV
Step: 11260, Temperature: 318.33 K, Total Energy: -30032.492242 eV
Step: 11280, Temperature: 282.81 K, Total Energy: -30033.010617 eV
Step: 11300, Temperature: 280.22 K, Total Energy: -30033.414602 eV
Step: 11320, Temperature: 320.13 K, Total Energy: -30033.242509 eV
Step: 11340, Temperature: 298.49 K, Total Energy: -30033.336335 eV
Step: 11360, Temperature: 280.85 K, Total Energy: -30033.832640 eV
Step: 11380, Temperature: 288.48 K, Total Energy: -30033.594369 eV
Step: 11400, Temperature: 298.63 K, Total Energy: -30033.983124 eV
Step: 11420, Temperature: 287.79 K, Total Energy: -30033.953476 eV
Step: 11440, Temperature: 292.39 K, Total Energy: -30033.721992 eV
Step: 11460, Temperature: 285.87 K, Total Energy: -30034.002906 eV
Step: 11480, Temperature: 276.35 K, Total Energy: -30033.930595 eV
Step: 11500, Temperature: 281.85 K, Total Energy: -30034.096811 eV
Step: 11520, Temperature: 286.93 K, Total Energy: -30033.330060 eV
Step: 11540, Temperature: 288.86 K, Total Energy: -30033.942312 eV
Step: 11560, Temperature: 312.20 K, Total Energy: -30033.956892 eV
Step: 11580, Temperature: 296.58 K, Total Energy: -30033.827002 eV
Step: 11600, Temperature: 268.64 K, Total Energy: -30033.961809 eV
Step: 11620, Temperature: 273.85 K, Total Energy: -30033.676371 eV
Step: 11640, Temperature: 272.91 K, Total Energy: -30033.162578 eV
Step: 11660, Temperature: 301.49 K, Total Energy: -30032.900438 eV
Step: 11680, Temperature: 293.45 K, Total Energy: -30032.799302 eV
Step: 11700, Temperature: 317.87 K, Total Energy: -30032.544678 eV
Step: 11720, Temperature: 299.16 K, Total Energy: -30032.800052 eV
Step: 11740, Temperature: 310.53 K, Total Energy: -30032.447538 eV
Step: 11760, Temperature: 310.13 K, Total Energy: -30032.684153 eV
Step: 11780, Temperature: 319.46 K, Total Energy: -30032.921280 eV
Step: 11800, Temperature: 309.91 K, Total Energy: -30033.394672 eV
Step: 11820, Temperature: 301.35 K, Total Energy: -30033.200705 eV
Step: 11840, Temperature: 304.87 K, Total Energy: -30033.090071 eV
Step: 11860, Temperature: 279.80 K, Total Energy: -30033.782471 eV
Step: 11880, Temperature: 275.46 K, Total Energy: -30034.103221 eV
Step: 11900, Temperature: 278.35 K, Total Energy: -30033.541091 eV
Step: 11920, Temperature: 318.20 K, Total Energy: -30033.173234 eV
Step: 11940, Temperature: 293.71 K, Total Energy: -30033.986233 eV
Step: 11960, Temperature: 316.77 K, Total Energy: -30033.503552 eV
Step: 11980, Temperature: 281.05 K, Total Energy: -30033.743657 eV
Step: 12000, Temperature: 291.98 K, Total Energy: -30033.218417 eV
Step: 12020, Temperature: 292.91 K, Total Energy: -30032.945322 eV
Step: 12040, Temperature: 288.91 K, Total Energy: -30033.587577 eV
Step: 12060, Temperature: 296.19 K, Total Energy: -30033.973520 eV
Step: 12080, Temperature: 291.60 K, Total Energy: -30033.839274 eV
Step: 12100, Temperature: 314.19 K, Total Energy: -30033.540454 eV
Step: 12120, Temperature: 272.18 K, Total Energy: -30033.979353 eV
Step: 12140, Temperature: 276.56 K, Total Energy: -30034.337513 eV
Step: 12160, Temperature: 284.57 K, Total Energy: -30034.002085 eV
Step: 12180, Temperature: 264.08 K, Total Energy: -30034.692200 eV
Step: 12200, Temperature: 269.70 K, Total Energy: -30034.021533 eV
Step: 12220, Temperature: 296.15 K, Total Energy: -30034.048694 eV
Step: 12240, Temperature: 288.02 K, Total Energy: -30033.984782 eV
Step: 12260, Temperature: 314.58 K, Total Energy: -30033.821685 eV
Step: 12280, Temperature: 301.55 K, Total Energy: -30033.793587 eV
Step: 12300, Temperature: 280.79 K, Total Energy: -30033.701257 eV
Step: 12320, Temperature: 284.03 K, Total Energy: -30033.929534 eV
Step: 12340, Temperature: 268.51 K, Total Energy: -30034.449315 eV
Step: 12360, Temperature: 285.08 K, Total Energy: -30034.411202 eV
Step: 12380, Temperature: 274.69 K, Total Energy: -30034.563512 eV
Step: 12400, Temperature: 284.64 K, Total Energy: -30033.820607 eV
Step: 12420, Temperature: 297.91 K, Total Energy: -30033.383727 eV
Step: 12440, Temperature: 286.01 K, Total Energy: -30033.354950 eV
Step: 12460, Temperature: 283.82 K, Total Energy: -30033.589092 eV
Step: 12480, Temperature: 280.20 K, Total Energy: -30033.292229 eV
Step: 12500, Temperature: 319.58 K, Total Energy: -30033.002383 eV
Step: 12520, Temperature: 295.05 K, Total Energy: -30032.829739 eV
Step: 12540, Temperature: 302.98 K, Total Energy: -30032.961109 eV
Step: 12560, Temperature: 293.29 K, Total Energy: -30032.824673 eV
Step: 12580, Temperature: 308.21 K, Total Energy: -30032.436699 eV
Step: 12600, Temperature: 304.25 K, Total Energy: -30032.085848 eV
Step: 12620, Temperature: 313.28 K, Total Energy: -30032.084433 eV
Step: 12640, Temperature: 312.10 K, Total Energy: -30031.748404 eV
Step: 12660, Temperature: 282.63 K, Total Energy: -30032.487718 eV
Step: 12680, Temperature: 312.47 K, Total Energy: -30032.413135 eV
Step: 12700, Temperature: 309.42 K, Total Energy: -30032.670339 eV
Step: 12720, Temperature: 301.34 K, Total Energy: -30032.339787 eV
Step: 12740, Temperature: 300.25 K, Total Energy: -30032.612765 eV
Step: 12760, Temperature: 269.17 K, Total Energy: -30033.647928 eV
Step: 12780, Temperature: 279.81 K, Total Energy: -30033.719775 eV
Step: 12800, Temperature: 278.23 K, Total Energy: -30033.507072 eV
Step: 12820, Temperature: 273.06 K, Total Energy: -30033.734884 eV
Step: 12840, Temperature: 305.15 K, Total Energy: -30033.266636 eV
Step: 12860, Temperature: 310.65 K, Total Energy: -30032.819665 eV
Step: 12880, Temperature: 329.68 K, Total Energy: -30032.562237 eV
Step: 12900, Temperature: 329.03 K, Total Energy: -30032.220953 eV
Step: 12920, Temperature: 311.39 K, Total Energy: -30032.959499 eV
Step: 12940, Temperature: 323.38 K, Total Energy: -30032.802568 eV
Step: 12960, Temperature: 306.06 K, Total Energy: -30032.949276 eV
Step: 12980, Temperature: 274.54 K, Total Energy: -30032.895510 eV
Step: 13000, Temperature: 324.42 K, Total Energy: -30032.864651 eV
Step: 13020, Temperature: 304.82 K, Total Energy: -30032.886170 eV
Step: 13040, Temperature: 305.33 K, Total Energy: -30033.027891 eV
Step: 13060, Temperature: 305.60 K, Total Energy: -30032.857115 eV
Step: 13080, Temperature: 303.45 K, Total Energy: -30033.080250 eV
Step: 13100, Temperature: 303.29 K, Total Energy: -30033.217099 eV
Step: 13120, Temperature: 286.43 K, Total Energy: -30033.567197 eV
Step: 13140, Temperature: 284.49 K, Total Energy: -30033.619190 eV
Step: 13160, Temperature: 269.56 K, Total Energy: -30034.292501 eV
Step: 13180, Temperature: 292.78 K, Total Energy: -30033.612626 eV
Step: 13200, Temperature: 305.53 K, Total Energy: -30033.700661 eV
Step: 13220, Temperature: 294.21 K, Total Energy: -30033.395708 eV
Step: 13240, Temperature: 297.60 K, Total Energy: -30033.198119 eV
Step: 13260, Temperature: 317.29 K, Total Energy: -30032.815063 eV
Step: 13280, Temperature: 313.58 K, Total Energy: -30033.545779 eV
Step: 13300, Temperature: 305.56 K, Total Energy: -30032.764224 eV
Step: 13320, Temperature: 309.07 K, Total Energy: -30032.923187 eV
Step: 13340, Temperature: 290.49 K, Total Energy: -30033.712561 eV
Step: 13360, Temperature: 300.42 K, Total Energy: -30033.380227 eV
Step: 13380, Temperature: 318.28 K, Total Energy: -30031.985784 eV
Step: 13400, Temperature: 330.79 K, Total Energy: -30031.792468 eV
Step: 13420, Temperature: 350.94 K, Total Energy: -30031.641952 eV
Step: 13440, Temperature: 307.01 K, Total Energy: -30031.915721 eV
Step: 13460, Temperature: 313.87 K, Total Energy: -30031.929196 eV
Step: 13480, Temperature: 289.17 K, Total Energy: -30032.364424 eV
Step: 13500, Temperature: 274.19 K, Total Energy: -30033.261618 eV
Step: 13520, Temperature: 294.77 K, Total Energy: -30033.067359 eV
Step: 13540, Temperature: 305.43 K, Total Energy: -30032.755806 eV
Step: 13560, Temperature: 290.43 K, Total Energy: -30033.079227 eV
Step: 13580, Temperature: 308.60 K, Total Energy: -30032.960303 eV
Step: 13600, Temperature: 286.35 K, Total Energy: -30032.938437 eV
Step: 13620, Temperature: 298.96 K, Total Energy: -30032.713347 eV
Step: 13640, Temperature: 299.17 K, Total Energy: -30032.721779 eV
Step: 13660, Temperature: 325.60 K, Total Energy: -30032.868583 eV
Step: 13680, Temperature: 313.47 K, Total Energy: -30032.882342 eV
Step: 13700, Temperature: 286.44 K, Total Energy: -30033.131476 eV
Step: 13720, Temperature: 295.73 K, Total Energy: -30033.594233 eV
Step: 13740, Temperature: 287.49 K, Total Energy: -30033.191372 eV
Step: 13760, Temperature: 278.77 K, Total Energy: -30033.757219 eV
Step: 13780, Temperature: 295.35 K, Total Energy: -30033.556872 eV
Step: 13800, Temperature: 296.68 K, Total Energy: -30033.914334 eV
Step: 13820, Temperature: 261.67 K, Total Energy: -30034.062634 eV
Step: 13840, Temperature: 283.05 K, Total Energy: -30033.858104 eV
Step: 13860, Temperature: 297.48 K, Total Energy: -30033.859302 eV
Step: 13880, Temperature: 275.98 K, Total Energy: -30033.724981 eV
Step: 13900, Temperature: 304.86 K, Total Energy: -30033.568689 eV
Step: 13920, Temperature: 266.43 K, Total Energy: -30033.719876 eV
Step: 13940, Temperature: 310.02 K, Total Energy: -30033.630116 eV
Step: 13960, Temperature: 311.05 K, Total Energy: -30033.235528 eV
Step: 13980, Temperature: 307.90 K, Total Energy: -30033.315627 eV
Step: 14000, Temperature: 282.21 K, Total Energy: -30033.257743 eV
Step: 14020, Temperature: 283.65 K, Total Energy: -30033.960453 eV
Step: 14040, Temperature: 298.09 K, Total Energy: -30033.682023 eV
Step: 14060, Temperature: 284.62 K, Total Energy: -30033.817138 eV
Step: 14080, Temperature: 305.34 K, Total Energy: -30032.986631 eV
Step: 14100, Temperature: 307.72 K, Total Energy: -30033.548538 eV
Step: 14120, Temperature: 328.86 K, Total Energy: -30033.305114 eV
Step: 14140, Temperature: 285.97 K, Total Energy: -30033.559181 eV
Step: 14160, Temperature: 282.39 K, Total Energy: -30033.712314 eV
Step: 14180, Temperature: 287.13 K, Total Energy: -30034.112227 eV
Step: 14200, Temperature: 282.38 K, Total Energy: -30033.985977 eV
Step: 14220, Temperature: 292.08 K, Total Energy: -30033.807923 eV
Step: 14240, Temperature: 289.32 K, Total Energy: -30033.667261 eV
Step: 14260, Temperature: 297.11 K, Total Energy: -30033.458278 eV
Step: 14280, Temperature: 302.54 K, Total Energy: -30033.765049 eV
Step: 14300, Temperature: 301.80 K, Total Energy: -30033.511961 eV
Step: 14320, Temperature: 282.54 K, Total Energy: -30033.972259 eV
Step: 14340, Temperature: 328.40 K, Total Energy: -30033.416193 eV
Step: 14360, Temperature: 318.34 K, Total Energy: -30033.564319 eV
Step: 14380, Temperature: 305.02 K, Total Energy: -30033.302970 eV
Step: 14400, Temperature: 281.20 K, Total Energy: -30033.413736 eV
Step: 14420, Temperature: 305.19 K, Total Energy: -30033.119300 eV
Step: 14440, Temperature: 298.04 K, Total Energy: -30033.142238 eV
Step: 14460, Temperature: 312.29 K, Total Energy: -30033.007366 eV
Step: 14480, Temperature: 302.22 K, Total Energy: -30032.651961 eV
Step: 14500, Temperature: 307.62 K, Total Energy: -30032.838053 eV
Step: 14520, Temperature: 294.83 K, Total Energy: -30033.313871 eV
Step: 14540, Temperature: 298.51 K, Total Energy: -30033.105293 eV
Step: 14560, Temperature: 315.32 K, Total Energy: -30032.793557 eV
Step: 14580, Temperature: 315.82 K, Total Energy: -30033.142559 eV
Step: 14600, Temperature: 303.46 K, Total Energy: -30032.810563 eV
Step: 14620, Temperature: 308.31 K, Total Energy: -30033.215479 eV
Step: 14640, Temperature: 287.20 K, Total Energy: -30033.208217 eV
Step: 14660, Temperature: 306.35 K, Total Energy: -30033.572784 eV
Step: 14680, Temperature: 268.06 K, Total Energy: -30034.066166 eV
Step: 14700, Temperature: 292.50 K, Total Energy: -30033.822809 eV
Step: 14720, Temperature: 293.63 K, Total Energy: -30033.677490 eV
Step: 14740, Temperature: 278.78 K, Total Energy: -30033.696438 eV
Step: 14760, Temperature: 263.46 K, Total Energy: -30033.793464 eV
Step: 14780, Temperature: 264.03 K, Total Energy: -30033.917953 eV
Step: 14800, Temperature: 290.13 K, Total Energy: -30033.635600 eV
Step: 14820, Temperature: 248.41 K, Total Energy: -30034.250904 eV
Step: 14840, Temperature: 264.95 K, Total Energy: -30033.613936 eV
Step: 14860, Temperature: 265.58 K, Total Energy: -30033.641286 eV
Step: 14880, Temperature: 285.75 K, Total Energy: -30033.347696 eV
Step: 14900, Temperature: 279.35 K, Total Energy: -30033.518268 eV
Step: 14920, Temperature: 283.53 K, Total Energy: -30033.311080 eV
Step: 14940, Temperature: 300.75 K, Total Energy: -30032.840715 eV
Step: 14960, Temperature: 283.15 K, Total Energy: -30032.943592 eV
Step: 14980, Temperature: 300.82 K, Total Energy: -30032.874242 eV
Step: 15000, Temperature: 263.98 K, Total Energy: -30033.845160 eV
Step: 15020, Temperature: 291.09 K, Total Energy: -30033.246544 eV
Step: 15040, Temperature: 278.72 K, Total Energy: -30033.072937 eV
Step: 15060, Temperature: 304.36 K, Total Energy: -30032.530296 eV
Step: 15080, Temperature: 279.71 K, Total Energy: -30032.943007 eV
Step: 15100, Temperature: 307.87 K, Total Energy: -30032.839868 eV
Step: 15120, Temperature: 289.20 K, Total Energy: -30032.814780 eV
Step: 15140, Temperature: 328.06 K, Total Energy: -30031.885586 eV
Step: 15160, Temperature: 302.46 K, Total Energy: -30031.679128 eV
Step: 15180, Temperature: 311.76 K, Total Energy: -30032.508789 eV
Step: 15200, Temperature: 305.57 K, Total Energy: -30032.502261 eV
Step: 15220, Temperature: 326.15 K, Total Energy: -30032.255334 eV
Step: 15240, Temperature: 307.13 K, Total Energy: -30032.459583 eV
Step: 15260, Temperature: 309.65 K, Total Energy: -30032.848318 eV
Step: 15280, Temperature: 304.67 K, Total Energy: -30032.536328 eV
Step: 15300, Temperature: 282.91 K, Total Energy: -30032.822576 eV
Step: 15320, Temperature: 287.02 K, Total Energy: -30033.353306 eV
Step: 15340, Temperature: 299.42 K, Total Energy: -30033.053512 eV
Step: 15360, Temperature: 300.94 K, Total Energy: -30033.371179 eV
Step: 15380, Temperature: 301.97 K, Total Energy: -30033.308489 eV
Step: 15400, Temperature: 304.69 K, Total Energy: -30033.094590 eV
Step: 15420, Temperature: 314.30 K, Total Energy: -30033.293416 eV
Step: 15440, Temperature: 289.23 K, Total Energy: -30034.017254 eV
Step: 15460, Temperature: 292.55 K, Total Energy: -30034.243478 eV
Step: 15480, Temperature: 289.73 K, Total Energy: -30034.692316 eV
Step: 15500, Temperature: 276.85 K, Total Energy: -30034.449587 eV
Step: 15520, Temperature: 283.56 K, Total Energy: -30034.177574 eV
Step: 15540, Temperature: 269.38 K, Total Energy: -30034.105610 eV
Step: 15560, Temperature: 281.82 K, Total Energy: -30033.888602 eV
Step: 15580, Temperature: 299.77 K, Total Energy: -30034.165919 eV
Step: 15600, Temperature: 270.00 K, Total Energy: -30033.970945 eV
Step: 15620, Temperature: 286.32 K, Total Energy: -30033.462395 eV
Step: 15640, Temperature: 297.08 K, Total Energy: -30032.967041 eV
Step: 15660, Temperature: 300.94 K, Total Energy: -30032.414060 eV
Step: 15680, Temperature: 328.39 K, Total Energy: -30032.168308 eV
Step: 15700, Temperature: 314.42 K, Total Energy: -30032.235912 eV
Step: 15720, Temperature: 308.42 K, Total Energy: -30032.199242 eV
Step: 15740, Temperature: 324.13 K, Total Energy: -30031.606052 eV
Step: 15760, Temperature: 306.29 K, Total Energy: -30032.255904 eV
Step: 15780, Temperature: 306.34 K, Total Energy: -30031.946146 eV
Step: 15800, Temperature: 299.31 K, Total Energy: -30032.165569 eV
Step: 15820, Temperature: 269.05 K, Total Energy: -30033.074618 eV
Step: 15840, Temperature: 279.67 K, Total Energy: -30032.742858 eV
Step: 15860, Temperature: 286.23 K, Total Energy: -30032.658063 eV
Step: 15880, Temperature: 302.59 K, Total Energy: -30032.775509 eV
Step: 15900, Temperature: 299.27 K, Total Energy: -30032.357934 eV
Step: 15920, Temperature: 303.10 K, Total Energy: -30032.526639 eV
Step: 15940, Temperature: 314.36 K, Total Energy: -30032.235239 eV
Step: 15960, Temperature: 309.61 K, Total Energy: -30032.249653 eV
Step: 15980, Temperature: 289.48 K, Total Energy: -30032.608687 eV
Step: 16000, Temperature: 284.86 K, Total Energy: -30032.545494 eV
Step: 16020, Temperature: 306.15 K, Total Energy: -30032.171571 eV
Step: 16040, Temperature: 290.49 K, Total Energy: -30032.093302 eV
Step: 16060, Temperature: 299.40 K, Total Energy: -30032.081198 eV
Step: 16080, Temperature: 297.14 K, Total Energy: -30032.092504 eV
Step: 16100, Temperature: 317.23 K, Total Energy: -30031.892568 eV
Step: 16120, Temperature: 321.83 K, Total Energy: -30031.532427 eV
Step: 16140, Temperature: 321.59 K, Total Energy: -30031.454441 eV
Step: 16160, Temperature: 328.98 K, Total Energy: -30031.337337 eV
Step: 16180, Temperature: 303.33 K, Total Energy: -30031.499314 eV
Step: 16200, Temperature: 302.16 K, Total Energy: -30031.643555 eV
Step: 16220, Temperature: 316.85 K, Total Energy: -30032.015327 eV
Step: 16240, Temperature: 324.91 K, Total Energy: -30031.166980 eV
Step: 16260, Temperature: 316.09 K, Total Energy: -30031.292009 eV
Step: 16280, Temperature: 305.93 K, Total Energy: -30031.595019 eV
Step: 16300, Temperature: 328.74 K, Total Energy: -30031.976081 eV
Step: 16320, Temperature: 287.54 K, Total Energy: -30032.709557 eV
Step: 16340, Temperature: 310.07 K, Total Energy: -30032.095790 eV
Step: 16360, Temperature: 317.91 K, Total Energy: -30031.998864 eV
Step: 16380, Temperature: 295.74 K, Total Energy: -30032.320592 eV
Step: 16400, Temperature: 307.02 K, Total Energy: -30032.030804 eV
Step: 16420, Temperature: 298.50 K, Total Energy: -30031.986362 eV
Step: 16440, Temperature: 289.35 K, Total Energy: -30032.590458 eV
Step: 16460, Temperature: 297.46 K, Total Energy: -30032.725016 eV
Step: 16480, Temperature: 298.13 K, Total Energy: -30032.985691 eV
Step: 16500, Temperature: 288.68 K, Total Energy: -30032.495682 eV
Step: 16520, Temperature: 311.99 K, Total Energy: -30032.747408 eV
Step: 16540, Temperature: 276.06 K, Total Energy: -30032.795308 eV
Step: 16560, Temperature: 283.38 K, Total Energy: -30032.953486 eV
Step: 16580, Temperature: 301.07 K, Total Energy: -30032.145317 eV
Step: 16600, Temperature: 327.20 K, Total Energy: -30032.229240 eV
Step: 16620, Temperature: 307.74 K, Total Energy: -30031.952288 eV
Step: 16640, Temperature: 305.35 K, Total Energy: -30032.767567 eV
Step: 16660, Temperature: 281.56 K, Total Energy: -30033.229158 eV
Step: 16680, Temperature: 287.47 K, Total Energy: -30033.271894 eV
Step: 16700, Temperature: 332.34 K, Total Energy: -30032.419940 eV
Step: 16720, Temperature: 335.96 K, Total Energy: -30031.671974 eV
Step: 16740, Temperature: 325.54 K, Total Energy: -30031.895506 eV
Step: 16760, Temperature: 311.81 K, Total Energy: -30032.025076 eV
Step: 16780, Temperature: 283.13 K, Total Energy: -30032.155015 eV
Step: 16800, Temperature: 330.62 K, Total Energy: -30031.480327 eV
Step: 16820, Temperature: 317.80 K, Total Energy: -30031.429384 eV
Step: 16840, Temperature: 312.22 K, Total Energy: -30031.270776 eV
Step: 16860, Temperature: 311.43 K, Total Energy: -30031.222032 eV
Step: 16880, Temperature: 304.01 K, Total Energy: -30031.459131 eV
Step: 16900, Temperature: 317.03 K, Total Energy: -30031.592837 eV
Step: 16920, Temperature: 293.45 K, Total Energy: -30032.133180 eV
Step: 16940, Temperature: 284.03 K, Total Energy: -30032.036867 eV
Step: 16960, Temperature: 316.03 K, Total Energy: -30032.395084 eV
Step: 16980, Temperature: 280.05 K, Total Energy: -30033.129788 eV
Step: 17000, Temperature: 314.37 K, Total Energy: -30032.703953 eV
Step: 17020, Temperature: 293.93 K, Total Energy: -30032.715071 eV
Step: 17040, Temperature: 281.69 K, Total Energy: -30032.925177 eV
Step: 17060, Temperature: 263.91 K, Total Energy: -30032.950331 eV
Step: 17080, Temperature: 279.96 K, Total Energy: -30033.403419 eV
Step: 17100, Temperature: 284.40 K, Total Energy: -30033.226943 eV
Step: 17120, Temperature: 301.57 K, Total Energy: -30033.064523 eV
Step: 17140, Temperature: 305.05 K, Total Energy: -30033.146037 eV
Step: 17160, Temperature: 288.81 K, Total Energy: -30033.273867 eV
Step: 17180, Temperature: 254.61 K, Total Energy: -30033.796324 eV
Step: 17200, Temperature: 287.19 K, Total Energy: -30034.239617 eV
Step: 17220, Temperature: 257.16 K, Total Energy: -30034.461497 eV
Step: 17240, Temperature: 300.15 K, Total Energy: -30034.248100 eV
Step: 17260, Temperature: 285.38 K, Total Energy: -30034.534760 eV
Step: 17280, Temperature: 287.21 K, Total Energy: -30034.844816 eV
Step: 17300, Temperature: 290.62 K, Total Energy: -30034.252207 eV
Step: 17320, Temperature: 291.74 K, Total Energy: -30034.788817 eV
Step: 17340, Temperature: 265.42 K, Total Energy: -30034.539672 eV
Step: 17360, Temperature: 312.84 K, Total Energy: -30033.558342 eV
Step: 17380, Temperature: 285.16 K, Total Energy: -30033.821451 eV
Step: 17400, Temperature: 294.92 K, Total Energy: -30033.745252 eV
Step: 17420, Temperature: 299.20 K, Total Energy: -30033.609743 eV
Step: 17440, Temperature: 291.80 K, Total Energy: -30033.553092 eV
Step: 17460, Temperature: 290.59 K, Total Energy: -30033.372074 eV
Step: 17480, Temperature: 310.37 K, Total Energy: -30033.252298 eV
Step: 17500, Temperature: 286.21 K, Total Energy: -30032.898748 eV
Step: 17520, Temperature: 286.35 K, Total Energy: -30032.907185 eV
Step: 17540, Temperature: 305.82 K, Total Energy: -30033.254020 eV
Step: 17560, Temperature: 288.50 K, Total Energy: -30033.584057 eV
Step: 17580, Temperature: 275.80 K, Total Energy: -30033.868142 eV
Step: 17600, Temperature: 274.00 K, Total Energy: -30034.004642 eV
Step: 17620, Temperature: 299.37 K, Total Energy: -30033.880778 eV
Step: 17640, Temperature: 281.53 K, Total Energy: -30034.136085 eV
Step: 17660, Temperature: 294.14 K, Total Energy: -30033.854245 eV
Step: 17680, Temperature: 274.85 K, Total Energy: -30034.286253 eV
Step: 17700, Temperature: 297.86 K, Total Energy: -30033.824637 eV
Step: 17720, Temperature: 297.55 K, Total Energy: -30033.802823 eV
Step: 17740, Temperature: 288.00 K, Total Energy: -30033.799678 eV
Step: 17760, Temperature: 316.59 K, Total Energy: -30033.375374 eV
Step: 17780, Temperature: 296.10 K, Total Energy: -30033.458163 eV
Step: 17800, Temperature: 317.17 K, Total Energy: -30032.925421 eV
Step: 17820, Temperature: 282.73 K, Total Energy: -30033.881649 eV
Step: 17840, Temperature: 285.76 K, Total Energy: -30033.542706 eV
Step: 17860, Temperature: 304.44 K, Total Energy: -30033.245312 eV
Step: 17880, Temperature: 309.97 K, Total Energy: -30032.863950 eV
Step: 17900, Temperature: 303.71 K, Total Energy: -30033.288733 eV
Step: 17920, Temperature: 289.13 K, Total Energy: -30033.025522 eV
Step: 17940, Temperature: 314.85 K, Total Energy: -30032.947685 eV
Step: 17960, Temperature: 301.90 K, Total Energy: -30033.134455 eV
Step: 17980, Temperature: 314.36 K, Total Energy: -30032.795888 eV
Step: 18000, Temperature: 307.75 K, Total Energy: -30032.393440 eV
Step: 18020, Temperature: 302.76 K, Total Energy: -30032.400134 eV
Step: 18040, Temperature: 300.19 K, Total Energy: -30032.571465 eV
Step: 18060, Temperature: 304.75 K, Total Energy: -30032.419228 eV
Step: 18080, Temperature: 335.23 K, Total Energy: -30031.664714 eV
Step: 18100, Temperature: 330.56 K, Total Energy: -30032.229728 eV
Step: 18120, Temperature: 335.91 K, Total Energy: -30032.532483 eV
Step: 18140, Temperature: 307.15 K, Total Energy: -30031.984668 eV
Step: 18160, Temperature: 279.61 K, Total Energy: -30032.183774 eV
Step: 18180, Temperature: 336.02 K, Total Energy: -30032.490880 eV
Step: 18200, Temperature: 320.45 K, Total Energy: -30032.217016 eV
Step: 18220, Temperature: 299.58 K, Total Energy: -30031.945824 eV
Step: 18240, Temperature: 303.44 K, Total Energy: -30032.332634 eV
Step: 18260, Temperature: 282.21 K, Total Energy: -30033.166152 eV
Step: 18280, Temperature: 274.05 K, Total Energy: -30033.573609 eV
Step: 18300, Temperature: 277.83 K, Total Energy: -30033.352859 eV
Step: 18320, Temperature: 285.54 K, Total Energy: -30033.700713 eV
Step: 18340, Temperature: 296.44 K, Total Energy: -30033.158635 eV
Step: 18360, Temperature: 292.41 K, Total Energy: -30033.204028 eV
Step: 18380, Temperature: 278.12 K, Total Energy: -30033.191278 eV
Step: 18400, Temperature: 312.64 K, Total Energy: -30032.918602 eV
Step: 18420, Temperature: 293.03 K, Total Energy: -30033.049987 eV
Step: 18440, Temperature: 297.89 K, Total Energy: -30033.169388 eV
Step: 18460, Temperature: 283.79 K, Total Energy: -30033.866990 eV
Step: 18480, Temperature: 255.07 K, Total Energy: -30033.747805 eV
Step: 18500, Temperature: 300.72 K, Total Energy: -30033.886282 eV
Step: 18520, Temperature: 274.18 K, Total Energy: -30033.830155 eV
Step: 18540, Temperature: 271.80 K, Total Energy: -30033.787694 eV
Step: 18560, Temperature: 295.14 K, Total Energy: -30033.997621 eV
Step: 18580, Temperature: 278.12 K, Total Energy: -30033.742142 eV
Step: 18600, Temperature: 283.68 K, Total Energy: -30033.084663 eV
Step: 18620, Temperature: 317.51 K, Total Energy: -30033.450026 eV
Step: 18640, Temperature: 268.35 K, Total Energy: -30034.058919 eV
Step: 18660, Temperature: 296.47 K, Total Energy: -30033.230117 eV
Step: 18680, Temperature: 304.02 K, Total Energy: -30032.663796 eV
Step: 18700, Temperature: 290.48 K, Total Energy: -30032.939368 eV
Step: 18720, Temperature: 308.26 K, Total Energy: -30033.054606 eV
Step: 18740, Temperature: 290.90 K, Total Energy: -30033.116388 eV
Step: 18760, Temperature: 307.07 K, Total Energy: -30033.078408 eV
Step: 18780, Temperature: 295.61 K, Total Energy: -30033.495628 eV
Step: 18800, Temperature: 315.52 K, Total Energy: -30032.917615 eV
Step: 18820, Temperature: 288.58 K, Total Energy: -30033.265721 eV
Step: 18840, Temperature: 302.96 K, Total Energy: -30033.289805 eV
Step: 18860, Temperature: 308.37 K, Total Energy: -30033.106570 eV
Step: 18880, Temperature: 313.88 K, Total Energy: -30033.538189 eV
Step: 18900, Temperature: 291.37 K, Total Energy: -30033.749154 eV
Step: 18920, Temperature: 319.26 K, Total Energy: -30033.428271 eV
Step: 18940, Temperature: 288.88 K, Total Energy: -30033.543589 eV
Step: 18960, Temperature: 303.79 K, Total Energy: -30033.515374 eV
Step: 18980, Temperature: 304.55 K, Total Energy: -30033.424099 eV
Step: 19000, Temperature: 299.55 K, Total Energy: -30033.803994 eV
Step: 19020, Temperature: 305.55 K, Total Energy: -30033.483407 eV
Step: 19040, Temperature: 307.84 K, Total Energy: -30033.926389 eV
Step: 19060, Temperature: 334.63 K, Total Energy: -30033.455000 eV
Step: 19080, Temperature: 315.09 K, Total Energy: -30033.594305 eV
Step: 19100, Temperature: 315.37 K, Total Energy: -30033.884206 eV
Step: 19120, Temperature: 295.89 K, Total Energy: -30034.195690 eV
Step: 19140, Temperature: 296.22 K, Total Energy: -30034.191521 eV
Step: 19160, Temperature: 302.94 K, Total Energy: -30034.153433 eV
Step: 19180, Temperature: 307.93 K, Total Energy: -30034.078429 eV
Step: 19200, Temperature: 279.25 K, Total Energy: -30034.257110 eV
Step: 19220, Temperature: 293.18 K, Total Energy: -30033.602818 eV
Step: 19240, Temperature: 295.17 K, Total Energy: -30033.529950 eV
Step: 19260, Temperature: 301.75 K, Total Energy: -30033.145989 eV
Step: 19280, Temperature: 318.30 K, Total Energy: -30032.582774 eV
Step: 19300, Temperature: 278.94 K, Total Energy: -30032.524463 eV
Step: 19320, Temperature: 300.93 K, Total Energy: -30032.965210 eV
Step: 19340, Temperature: 307.13 K, Total Energy: -30032.115960 eV
Step: 19360, Temperature: 335.08 K, Total Energy: -30032.016029 eV
Step: 19380, Temperature: 308.65 K, Total Energy: -30032.047101 eV
Step: 19400, Temperature: 327.08 K, Total Energy: -30032.540715 eV
Step: 19420, Temperature: 303.07 K, Total Energy: -30033.658210 eV
Step: 19440, Temperature: 291.23 K, Total Energy: -30033.844481 eV
Step: 19460, Temperature: 309.45 K, Total Energy: -30033.267337 eV
Step: 19480, Temperature: 287.07 K, Total Energy: -30033.500510 eV
Step: 19500, Temperature: 279.04 K, Total Energy: -30033.580560 eV
Step: 19520, Temperature: 306.88 K, Total Energy: -30033.278473 eV
Step: 19540, Temperature: 300.89 K, Total Energy: -30033.237604 eV
Step: 19560, Temperature: 296.53 K, Total Energy: -30033.420104 eV
Step: 19580, Temperature: 272.74 K, Total Energy: -30033.391374 eV
Step: 19600, Temperature: 285.81 K, Total Energy: -30033.338506 eV
Step: 19620, Temperature: 293.11 K, Total Energy: -30033.223736 eV
Step: 19640, Temperature: 297.89 K, Total Energy: -30033.642049 eV
Step: 19660, Temperature: 280.03 K, Total Energy: -30034.059959 eV
Step: 19680, Temperature: 289.04 K, Total Energy: -30033.496486 eV
Step: 19700, Temperature: 294.62 K, Total Energy: -30033.412742 eV
Step: 19720, Temperature: 300.45 K, Total Energy: -30033.783572 eV
Step: 19740, Temperature: 290.69 K, Total Energy: -30033.994781 eV
Step: 19760, Temperature: 285.99 K, Total Energy: -30034.002023 eV
Step: 19780, Temperature: 286.78 K, Total Energy: -30034.134752 eV
Step: 19800, Temperature: 295.70 K, Total Energy: -30033.817540 eV
Step: 19820, Temperature: 275.94 K, Total Energy: -30033.999358 eV
Step: 19840, Temperature: 311.48 K, Total Energy: -30033.562616 eV
Step: 19860, Temperature: 321.02 K, Total Energy: -30032.892401 eV
Step: 19880, Temperature: 285.60 K, Total Energy: -30033.118992 eV
Step: 19900, Temperature: 292.32 K, Total Energy: -30033.551851 eV
Step: 19920, Temperature: 291.72 K, Total Energy: -30033.937953 eV
Step: 19940, Temperature: 314.68 K, Total Energy: -30034.049617 eV
Step: 19960, Temperature: 283.60 K, Total Energy: -30033.653143 eV
Step: 19980, Temperature: 310.01 K, Total Energy: -30033.554280 eV
Step: 20000, Temperature: 275.20 K, Total Energy: -30033.884844 eV
Step: 20020, Temperature: 301.73 K, Total Energy: -30033.830067 eV
Step: 20040, Temperature: 303.97 K, Total Energy: -30034.147615 eV
Step: 20060, Temperature: 282.27 K, Total Energy: -30034.051180 eV
Step: 20080, Temperature: 290.45 K, Total Energy: -30033.555409 eV
Step: 20100, Temperature: 318.31 K, Total Energy: -30033.738941 eV
Step: 20120, Temperature: 304.53 K, Total Energy: -30033.885568 eV
Step: 20140, Temperature: 314.77 K, Total Energy: -30033.539668 eV
Step: 20160, Temperature: 319.37 K, Total Energy: -30033.896083 eV
Step: 20180, Temperature: 297.63 K, Total Energy: -30033.820354 eV
Step: 20200, Temperature: 287.44 K, Total Energy: -30034.192469 eV
Step: 20220, Temperature: 322.21 K, Total Energy: -30033.966286 eV
Step: 20240, Temperature: 313.10 K, Total Energy: -30034.024524 eV
Step: 20260, Temperature: 309.18 K, Total Energy: -30033.713520 eV
Step: 20280, Temperature: 304.88 K, Total Energy: -30033.947271 eV
Step: 20300, Temperature: 283.46 K, Total Energy: -30034.346085 eV
Step: 20320, Temperature: 284.56 K, Total Energy: -30034.705449 eV
Step: 20340, Temperature: 271.31 K, Total Energy: -30034.807788 eV
Step: 20360, Temperature: 261.72 K, Total Energy: -30035.164865 eV
Step: 20380, Temperature: 291.81 K, Total Energy: -30034.179643 eV
Step: 20400, Temperature: 300.50 K, Total Energy: -30033.549931 eV
Step: 20420, Temperature: 304.23 K, Total Energy: -30033.180121 eV
Step: 20440, Temperature: 323.76 K, Total Energy: -30033.217021 eV
Step: 20460, Temperature: 304.80 K, Total Energy: -30033.962850 eV
Step: 20480, Temperature: 307.74 K, Total Energy: -30033.225744 eV
Step: 20500, Temperature: 310.25 K, Total Energy: -30033.208443 eV
Step: 20520, Temperature: 309.32 K, Total Energy: -30033.292010 eV
Step: 20540, Temperature: 294.83 K, Total Energy: -30032.979854 eV
Step: 20560, Temperature: 291.16 K, Total Energy: -30033.717442 eV
Step: 20580, Temperature: 309.82 K, Total Energy: -30032.986811 eV
Step: 20600, Temperature: 283.03 K, Total Energy: -30033.376272 eV
Step: 20620, Temperature: 327.72 K, Total Energy: -30033.343270 eV
Step: 20640, Temperature: 298.71 K, Total Energy: -30033.781866 eV
Step: 20660, Temperature: 288.70 K, Total Energy: -30033.698359 eV
Step: 20680, Temperature: 296.33 K, Total Energy: -30033.936720 eV
Step: 20700, Temperature: 281.92 K, Total Energy: -30034.042321 eV
Step: 20720, Temperature: 291.14 K, Total Energy: -30033.630016 eV
Step: 20740, Temperature: 313.24 K, Total Energy: -30033.558011 eV
Step: 20760, Temperature: 322.46 K, Total Energy: -30032.577361 eV
Step: 20780, Temperature: 322.93 K, Total Energy: -30032.284273 eV
Step: 20800, Temperature: 305.66 K, Total Energy: -30032.367329 eV
Step: 20820, Temperature: 310.77 K, Total Energy: -30032.588154 eV
Step: 20840, Temperature: 290.87 K, Total Energy: -30033.179754 eV
Step: 20860, Temperature: 299.45 K, Total Energy: -30032.955079 eV
Step: 20880, Temperature: 326.63 K, Total Energy: -30032.758982 eV
Step: 20900, Temperature: 304.19 K, Total Energy: -30032.577635 eV
Step: 20920, Temperature: 319.04 K, Total Energy: -30033.103542 eV
Step: 20940, Temperature: 303.79 K, Total Energy: -30033.245730 eV
Step: 20960, Temperature: 325.72 K, Total Energy: -30032.705409 eV
Step: 20980, Temperature: 307.51 K, Total Energy: -30032.690558 eV
Step: 21000, Temperature: 294.80 K, Total Energy: -30032.591893 eV
Step: 21020, Temperature: 308.17 K, Total Energy: -30032.820514 eV
Step: 21040, Temperature: 291.10 K, Total Energy: -30033.597746 eV
Step: 21060, Temperature: 271.13 K, Total Energy: -30033.536831 eV
Step: 21080, Temperature: 330.40 K, Total Energy: -30033.036507 eV
Step: 21100, Temperature: 296.20 K, Total Energy: -30033.359849 eV
Step: 21120, Temperature: 283.90 K, Total Energy: -30033.100695 eV
Step: 21140, Temperature: 316.73 K, Total Energy: -30032.934287 eV
Step: 21160, Temperature: 283.69 K, Total Energy: -30033.400825 eV
Step: 21180, Temperature: 304.71 K, Total Energy: -30033.537364 eV
Step: 21200, Temperature: 301.30 K, Total Energy: -30034.119920 eV
Step: 21220, Temperature: 295.59 K, Total Energy: -30034.033186 eV
Step: 21240, Temperature: 266.99 K, Total Energy: -30034.280110 eV
Step: 21260, Temperature: 313.16 K, Total Energy: -30034.130328 eV
Step: 21280, Temperature: 291.40 K, Total Energy: -30034.356072 eV
Step: 21300, Temperature: 301.68 K, Total Energy: -30034.253089 eV
Step: 21320, Temperature: 303.35 K, Total Energy: -30034.016471 eV
Step: 21340, Temperature: 300.01 K, Total Energy: -30033.550433 eV
Step: 21360, Temperature: 289.69 K, Total Energy: -30033.704968 eV
Step: 21380, Temperature: 281.12 K, Total Energy: -30034.275205 eV
Step: 21400, Temperature: 324.15 K, Total Energy: -30033.476793 eV
Step: 21420, Temperature: 293.63 K, Total Energy: -30033.489982 eV
Step: 21440, Temperature: 311.98 K, Total Energy: -30033.620575 eV
Step: 21460, Temperature: 271.50 K, Total Energy: -30034.164297 eV
Step: 21480, Temperature: 330.87 K, Total Energy: -30033.556150 eV
Step: 21500, Temperature: 296.54 K, Total Energy: -30033.816277 eV
Step: 21520, Temperature: 313.72 K, Total Energy: -30033.669098 eV
Step: 21540, Temperature: 314.33 K, Total Energy: -30033.917715 eV
Step: 21560, Temperature: 302.86 K, Total Energy: -30033.430861 eV
Step: 21580, Temperature: 309.68 K, Total Energy: -30033.662052 eV
Step: 21600, Temperature: 317.09 K, Total Energy: -30033.597188 eV
Step: 21620, Temperature: 300.70 K, Total Energy: -30033.734462 eV
Step: 21640, Temperature: 284.85 K, Total Energy: -30034.231459 eV
Step: 21660, Temperature: 299.40 K, Total Energy: -30034.018788 eV
Step: 21680, Temperature: 275.25 K, Total Energy: -30034.123889 eV
Step: 21700, Temperature: 311.33 K, Total Energy: -30033.833886 eV
Step: 21720, Temperature: 314.33 K, Total Energy: -30033.476210 eV
Step: 21740, Temperature: 313.34 K, Total Energy: -30033.465716 eV
Step: 21760, Temperature: 305.07 K, Total Energy: -30034.028525 eV
Step: 21780, Temperature: 274.14 K, Total Energy: -30033.965963 eV
Step: 21800, Temperature: 289.20 K, Total Energy: -30033.781604 eV
Step: 21820, Temperature: 283.20 K, Total Energy: -30034.118126 eV
Step: 21840, Temperature: 300.91 K, Total Energy: -30033.772287 eV
Step: 21860, Temperature: 306.46 K, Total Energy: -30033.528998 eV
Step: 21880, Temperature: 317.76 K, Total Energy: -30033.424519 eV
Step: 21900, Temperature: 329.23 K, Total Energy: -30033.319535 eV
Step: 21920, Temperature: 303.07 K, Total Energy: -30033.173769 eV
Step: 21940, Temperature: 294.88 K, Total Energy: -30033.416157 eV
Step: 21960, Temperature: 282.98 K, Total Energy: -30034.004470 eV
Step: 21980, Temperature: 300.28 K, Total Energy: -30033.836702 eV
Step: 22000, Temperature: 300.08 K, Total Energy: -30033.662036 eV
Step: 22020, Temperature: 316.43 K, Total Energy: -30033.713315 eV
Step: 22040, Temperature: 310.48 K, Total Energy: -30033.304179 eV
Step: 22060, Temperature: 304.09 K, Total Energy: -30033.679714 eV
Step: 22080, Temperature: 303.67 K, Total Energy: -30033.924583 eV
Step: 22100, Temperature: 300.77 K, Total Energy: -30033.730914 eV
Step: 22120, Temperature: 304.79 K, Total Energy: -30033.877173 eV
Step: 22140, Temperature: 304.83 K, Total Energy: -30033.758949 eV
Step: 22160, Temperature: 280.60 K, Total Energy: -30034.024324 eV
Step: 22180, Temperature: 292.97 K, Total Energy: -30033.916593 eV
Step: 22200, Temperature: 294.05 K, Total Energy: -30034.137841 eV
Step: 22220, Temperature: 309.47 K, Total Energy: -30034.327457 eV
Step: 22240, Temperature: 298.16 K, Total Energy: -30034.782006 eV
Step: 22260, Temperature: 304.69 K, Total Energy: -30034.559357 eV
Step: 22280, Temperature: 293.08 K, Total Energy: -30035.048711 eV
Step: 22300, Temperature: 276.24 K, Total Energy: -30035.187246 eV
Step: 22320, Temperature: 270.73 K, Total Energy: -30034.839628 eV
Step: 22340, Temperature: 284.93 K, Total Energy: -30034.657199 eV
Step: 22360, Temperature: 313.57 K, Total Energy: -30034.702107 eV
Step: 22380, Temperature: 293.58 K, Total Energy: -30034.596881 eV
Step: 22400, Temperature: 305.29 K, Total Energy: -30034.398038 eV
Step: 22420, Temperature: 277.61 K, Total Energy: -30034.118227 eV
Step: 22440, Temperature: 319.75 K, Total Energy: -30033.544903 eV
Step: 22460, Temperature: 309.57 K, Total Energy: -30033.576991 eV
Step: 22480, Temperature: 303.69 K, Total Energy: -30034.146583 eV
Step: 22500, Temperature: 305.28 K, Total Energy: -30033.710729 eV
Step: 22520, Temperature: 294.49 K, Total Energy: -30034.324134 eV
Step: 22540, Temperature: 279.34 K, Total Energy: -30035.012656 eV
Step: 22560, Temperature: 277.63 K, Total Energy: -30034.951514 eV
Step: 22580, Temperature: 271.11 K, Total Energy: -30034.927861 eV
Step: 22600, Temperature: 276.36 K, Total Energy: -30035.008573 eV
Step: 22620, Temperature: 275.12 K, Total Energy: -30034.521810 eV
Step: 22640, Temperature: 285.25 K, Total Energy: -30034.934337 eV
Step: 22660, Temperature: 280.24 K, Total Energy: -30034.701278 eV
Step: 22680, Temperature: 300.06 K, Total Energy: -30034.580481 eV
Step: 22700, Temperature: 278.82 K, Total Energy: -30035.095832 eV
Step: 22720, Temperature: 290.64 K, Total Energy: -30035.222591 eV
Step: 22740, Temperature: 284.60 K, Total Energy: -30034.934850 eV
Step: 22760, Temperature: 277.64 K, Total Energy: -30034.994375 eV
Step: 22780, Temperature: 277.65 K, Total Energy: -30034.494047 eV
Step: 22800, Temperature: 277.71 K, Total Energy: -30034.572548 eV
Step: 22820, Temperature: 300.43 K, Total Energy: -30034.399439 eV
Step: 22840, Temperature: 294.56 K, Total Energy: -30034.218886 eV
Step: 22860, Temperature: 265.43 K, Total Energy: -30034.885139 eV
Step: 22880, Temperature: 298.61 K, Total Energy: -30033.792258 eV
Step: 22900, Temperature: 281.33 K, Total Energy: -30033.648854 eV
Step: 22920, Temperature: 314.60 K, Total Energy: -30033.641518 eV
Step: 22940, Temperature: 285.54 K, Total Energy: -30033.936814 eV
Step: 22960, Temperature: 278.92 K, Total Energy: -30034.030846 eV
Step: 22980, Temperature: 300.70 K, Total Energy: -30033.826333 eV
Step: 23000, Temperature: 279.19 K, Total Energy: -30033.867977 eV
Step: 23020, Temperature: 291.55 K, Total Energy: -30033.723231 eV
Step: 23040, Temperature: 297.86 K, Total Energy: -30032.947476 eV
Step: 23060, Temperature: 296.31 K, Total Energy: -30033.755551 eV
Step: 23080, Temperature: 303.69 K, Total Energy: -30033.429902 eV
Step: 23100, Temperature: 307.12 K, Total Energy: -30033.235457 eV
Step: 23120, Temperature: 306.46 K, Total Energy: -30033.566070 eV
Step: 23140, Temperature: 312.75 K, Total Energy: -30032.642569 eV
Step: 23160, Temperature: 312.28 K, Total Energy: -30032.732303 eV
Step: 23180, Temperature: 312.86 K, Total Energy: -30032.565494 eV
Step: 23200, Temperature: 310.32 K, Total Energy: -30032.792581 eV
Step: 23220, Temperature: 295.85 K, Total Energy: -30033.421343 eV
Step: 23240, Temperature: 293.59 K, Total Energy: -30034.004826 eV
Step: 23260, Temperature: 268.60 K, Total Energy: -30034.380771 eV
Step: 23280, Temperature: 284.39 K, Total Energy: -30034.674482 eV
Step: 23300, Temperature: 283.82 K, Total Energy: -30035.026518 eV
Step: 23320, Temperature: 295.18 K, Total Energy: -30034.873396 eV
Step: 23340, Temperature: 246.00 K, Total Energy: -30035.012039 eV
Step: 23360, Temperature: 268.39 K, Total Energy: -30034.872224 eV
Step: 23380, Temperature: 256.78 K, Total Energy: -30035.068747 eV
Step: 23400, Temperature: 281.73 K, Total Energy: -30034.851678 eV
Step: 23420, Temperature: 277.75 K, Total Energy: -30035.263074 eV
Step: 23440, Temperature: 251.01 K, Total Energy: -30034.946325 eV
Step: 23460, Temperature: 278.42 K, Total Energy: -30035.472965 eV
Step: 23480, Temperature: 261.85 K, Total Energy: -30035.390130 eV
Step: 23500, Temperature: 275.70 K, Total Energy: -30035.444727 eV
Step: 23520, Temperature: 277.06 K, Total Energy: -30035.403282 eV
Step: 23540, Temperature: 269.95 K, Total Energy: -30035.157794 eV
Step: 23560, Temperature: 290.17 K, Total Energy: -30034.722413 eV
Step: 23580, Temperature: 292.66 K, Total Energy: -30034.100162 eV
Step: 23600, Temperature: 327.15 K, Total Energy: -30033.734248 eV
Step: 23620, Temperature: 306.17 K, Total Energy: -30033.989430 eV
Step: 23640, Temperature: 288.40 K, Total Energy: -30033.662875 eV
Step: 23660, Temperature: 261.75 K, Total Energy: -30034.308516 eV
Step: 23680, Temperature: 280.77 K, Total Energy: -30034.641338 eV
Step: 23700, Temperature: 289.82 K, Total Energy: -30034.252637 eV
Step: 23720, Temperature: 332.71 K, Total Energy: -30032.826902 eV
Step: 23740, Temperature: 318.86 K, Total Energy: -30032.977195 eV
Step: 23760, Temperature: 306.98 K, Total Energy: -30033.088538 eV
Step: 23780, Temperature: 287.82 K, Total Energy: -30033.632413 eV
Step: 23800, Temperature: 281.41 K, Total Energy: -30033.932038 eV
Step: 23820, Temperature: 310.47 K, Total Energy: -30033.253719 eV
Step: 23840, Temperature: 285.27 K, Total Energy: -30033.138977 eV
Step: 23860, Temperature: 303.93 K, Total Energy: -30033.734455 eV
Step: 23880, Temperature: 278.98 K, Total Energy: -30034.035288 eV
Step: 23900, Temperature: 274.94 K, Total Energy: -30034.381547 eV
Step: 23920, Temperature: 261.71 K, Total Energy: -30034.026468 eV
Step: 23940, Temperature: 282.10 K, Total Energy: -30033.807538 eV
Step: 23960, Temperature: 276.99 K, Total Energy: -30033.170499 eV
Step: 23980, Temperature: 287.52 K, Total Energy: -30032.811738 eV
Step: 24000, Temperature: 321.16 K, Total Energy: -30033.211029 eV
Step: 24020, Temperature: 304.04 K, Total Energy: -30033.512938 eV
Step: 24040, Temperature: 320.14 K, Total Energy: -30033.718828 eV
Step: 24060, Temperature: 287.79 K, Total Energy: -30034.146623 eV
Step: 24080, Temperature: 308.27 K, Total Energy: -30034.474381 eV
Step: 24100, Temperature: 282.83 K, Total Energy: -30034.619299 eV
Step: 24120, Temperature: 285.15 K, Total Energy: -30034.141886 eV
Step: 24140, Temperature: 307.83 K, Total Energy: -30033.989099 eV
Step: 24160, Temperature: 297.87 K, Total Energy: -30033.683550 eV
Step: 24180, Temperature: 292.44 K, Total Energy: -30033.910265 eV
Step: 24200, Temperature: 310.63 K, Total Energy: -30033.310259 eV
Step: 24220, Temperature: 302.44 K, Total Energy: -30033.322163 eV
Step: 24240, Temperature: 289.44 K, Total Energy: -30033.377200 eV
Step: 24260, Temperature: 288.53 K, Total Energy: -30033.958330 eV
Step: 24280, Temperature: 312.21 K, Total Energy: -30034.101206 eV
Step: 24300, Temperature: 287.95 K, Total Energy: -30034.090081 eV
Step: 24320, Temperature: 290.61 K, Total Energy: -30034.303268 eV
Step: 24340, Temperature: 282.81 K, Total Energy: -30033.961737 eV
Step: 24360, Temperature: 290.91 K, Total Energy: -30033.782200 eV
Step: 24380, Temperature: 305.50 K, Total Energy: -30033.265864 eV
Step: 24400, Temperature: 297.16 K, Total Energy: -30033.152395 eV
Step: 24420, Temperature: 320.04 K, Total Energy: -30032.932227 eV
Step: 24440, Temperature: 305.06 K, Total Energy: -30032.585372 eV
Step: 24460, Temperature: 314.05 K, Total Energy: -30032.912891 eV
Step: 24480, Temperature: 299.34 K, Total Energy: -30033.192178 eV
Step: 24500, Temperature: 323.95 K, Total Energy: -30033.157587 eV
Step: 24520, Temperature: 279.15 K, Total Energy: -30033.023333 eV
Step: 24540, Temperature: 322.26 K, Total Energy: -30032.959141 eV
Step: 24560, Temperature: 311.54 K, Total Energy: -30033.213574 eV
Step: 24580, Temperature: 319.93 K, Total Energy: -30032.704486 eV
Step: 24600, Temperature: 323.09 K, Total Energy: -30032.930765 eV
Step: 24620, Temperature: 301.09 K, Total Energy: -30033.553026 eV
Step: 24640, Temperature: 277.95 K, Total Energy: -30033.504196 eV
Step: 24660, Temperature: 300.78 K, Total Energy: -30033.794987 eV
Step: 24680, Temperature: 299.24 K, Total Energy: -30034.118465 eV
Step: 24700, Temperature: 287.82 K, Total Energy: -30034.190941 eV
Step: 24720, Temperature: 297.26 K, Total Energy: -30034.011245 eV
Step: 24740, Temperature: 292.64 K, Total Energy: -30034.087011 eV
Step: 24760, Temperature: 292.25 K, Total Energy: -30034.067314 eV
Step: 24780, Temperature: 279.11 K, Total Energy: -30033.707724 eV
Step: 24800, Temperature: 322.74 K, Total Energy: -30033.365325 eV
Step: 24820, Temperature: 300.90 K, Total Energy: -30033.428667 eV
Step: 24840, Temperature: 298.35 K, Total Energy: -30032.812484 eV
Step: 24860, Temperature: 295.46 K, Total Energy: -30033.440756 eV
Step: 24880, Temperature: 292.39 K, Total Energy: -30033.718085 eV
Step: 24900, Temperature: 298.09 K, Total Energy: -30033.943942 eV
Step: 24920, Temperature: 310.12 K, Total Energy: -30033.797652 eV
Step: 24940, Temperature: 293.15 K, Total Energy: -30034.201277 eV
Step: 24960, Temperature: 298.53 K, Total Energy: -30033.733660 eV
Step: 24980, Temperature: 267.19 K, Total Energy: -30033.822066 eV
Step: 25000, Temperature: 309.60 K, Total Energy: -30034.329961 eV
Step: 25020, Temperature: 292.14 K, Total Energy: -30034.429296 eV
Step: 25040, Temperature: 293.85 K, Total Energy: -30034.326504 eV
Step: 25060, Temperature: 289.96 K, Total Energy: -30034.422951 eV
Step: 25080, Temperature: 317.62 K, Total Energy: -30033.546949 eV
Step: 25100, Temperature: 299.39 K, Total Energy: -30033.858802 eV
Step: 25120, Temperature: 295.40 K, Total Energy: -30033.836853 eV
Step: 25140, Temperature: 302.46 K, Total Energy: -30033.724077 eV
Step: 25160, Temperature: 302.93 K, Total Energy: -30033.200729 eV
Step: 25180, Temperature: 323.44 K, Total Energy: -30033.090016 eV
Step: 25200, Temperature: 316.17 K, Total Energy: -30033.176872 eV
Step: 25220, Temperature: 321.81 K, Total Energy: -30032.847375 eV
Step: 25240, Temperature: 308.86 K, Total Energy: -30032.623710 eV
Step: 25260, Temperature: 298.71 K, Total Energy: -30032.906918 eV
Step: 25280, Temperature: 320.53 K, Total Energy: -30032.617373 eV
Step: 25300, Temperature: 322.75 K, Total Energy: -30032.187166 eV
Step: 25320, Temperature: 298.85 K, Total Energy: -30032.723902 eV
Step: 25340, Temperature: 300.86 K, Total Energy: -30033.424009 eV
Step: 25360, Temperature: 291.56 K, Total Energy: -30033.875402 eV
Step: 25380, Temperature: 288.38 K, Total Energy: -30034.190761 eV
Step: 25400, Temperature: 321.17 K, Total Energy: -30034.291074 eV
Step: 25420, Temperature: 291.15 K, Total Energy: -30034.985316 eV
Step: 25440, Temperature: 289.39 K, Total Energy: -30034.655806 eV
Step: 25460, Temperature: 311.39 K, Total Energy: -30034.170500 eV
Step: 25480, Temperature: 289.46 K, Total Energy: -30034.730328 eV
Step: 25500, Temperature: 320.65 K, Total Energy: -30034.151460 eV
Step: 25520, Temperature: 308.25 K, Total Energy: -30033.681883 eV
Step: 25540, Temperature: 327.95 K, Total Energy: -30033.146072 eV
Step: 25560, Temperature: 312.92 K, Total Energy: -30032.909690 eV
Step: 25580, Temperature: 330.20 K, Total Energy: -30032.885224 eV
Step: 25600, Temperature: 329.39 K, Total Energy: -30033.272609 eV
Step: 25620, Temperature: 308.36 K, Total Energy: -30033.134169 eV
Step: 25640, Temperature: 301.39 K, Total Energy: -30033.529931 eV
Step: 25660, Temperature: 312.20 K, Total Energy: -30033.728288 eV
Step: 25680, Temperature: 309.49 K, Total Energy: -30033.803448 eV
Step: 25700, Temperature: 299.96 K, Total Energy: -30033.819288 eV
Step: 25720, Temperature: 281.68 K, Total Energy: -30033.745533 eV
Step: 25740, Temperature: 301.93 K, Total Energy: -30034.012513 eV
Step: 25760, Temperature: 317.40 K, Total Energy: -30033.943134 eV
Step: 25780, Temperature: 293.28 K, Total Energy: -30033.272306 eV
Step: 25800, Temperature: 306.14 K, Total Energy: -30033.216760 eV
Step: 25820, Temperature: 294.93 K, Total Energy: -30033.994844 eV
Step: 25840, Temperature: 311.14 K, Total Energy: -30034.033957 eV
Step: 25860, Temperature: 263.46 K, Total Energy: -30034.881476 eV
Step: 25880, Temperature: 280.28 K, Total Energy: -30034.596733 eV
Step: 25900, Temperature: 295.21 K, Total Energy: -30034.653929 eV
Step: 25920, Temperature: 284.11 K, Total Energy: -30034.671683 eV
Step: 25940, Temperature: 292.46 K, Total Energy: -30034.222105 eV
Step: 25960, Temperature: 300.79 K, Total Energy: -30034.216707 eV
Step: 25980, Temperature: 277.11 K, Total Energy: -30033.726126 eV
Step: 26000, Temperature: 307.43 K, Total Energy: -30033.254899 eV
Step: 26020, Temperature: 287.06 K, Total Energy: -30033.717510 eV
Step: 26040, Temperature: 293.39 K, Total Energy: -30033.790822 eV
Step: 26060, Temperature: 272.93 K, Total Energy: -30033.933385 eV
Step: 26080, Temperature: 308.71 K, Total Energy: -30033.639330 eV
Step: 26100, Temperature: 281.63 K, Total Energy: -30033.510638 eV
Step: 26120, Temperature: 319.87 K, Total Energy: -30032.901249 eV
Step: 26140, Temperature: 275.63 K, Total Energy: -30032.952356 eV
Step: 26160, Temperature: 292.73 K, Total Energy: -30033.039787 eV
Step: 26180, Temperature: 321.54 K, Total Energy: -30032.666642 eV
Step: 26200, Temperature: 288.15 K, Total Energy: -30032.700288 eV
Step: 26220, Temperature: 302.18 K, Total Energy: -30032.768050 eV
Step: 26240, Temperature: 327.63 K, Total Energy: -30032.740126 eV
Step: 26260, Temperature: 305.77 K, Total Energy: -30033.063818 eV
Step: 26280, Temperature: 273.61 K, Total Energy: -30033.471295 eV
Step: 26300, Temperature: 283.69 K, Total Energy: -30033.219185 eV
Step: 26320, Temperature: 272.44 K, Total Energy: -30032.781463 eV
Step: 26340, Temperature: 316.51 K, Total Energy: -30032.072548 eV
Step: 26360, Temperature: 313.70 K, Total Energy: -30032.710721 eV
Step: 26380, Temperature: 285.26 K, Total Energy: -30033.527955 eV
Step: 26400, Temperature: 294.81 K, Total Energy: -30033.036925 eV
Step: 26420, Temperature: 263.37 K, Total Energy: -30033.227317 eV
Step: 26440, Temperature: 300.48 K, Total Energy: -30032.761416 eV
Step: 26460, Temperature: 301.47 K, Total Energy: -30032.629513 eV
Step: 26480, Temperature: 302.95 K, Total Energy: -30032.157139 eV
Step: 26500, Temperature: 311.64 K, Total Energy: -30032.826269 eV
Step: 26520, Temperature: 301.09 K, Total Energy: -30033.267862 eV
Step: 26540, Temperature: 291.29 K, Total Energy: -30033.348835 eV
Step: 26560, Temperature: 306.04 K, Total Energy: -30032.951613 eV
Step: 26580, Temperature: 299.59 K, Total Energy: -30032.537354 eV
Step: 26600, Temperature: 289.63 K, Total Energy: -30032.825537 eV
Step: 26620, Temperature: 295.09 K, Total Energy: -30032.416709 eV
Step: 26640, Temperature: 307.99 K, Total Energy: -30032.471463 eV
Step: 26660, Temperature: 296.15 K, Total Energy: -30032.509651 eV
Step: 26680, Temperature: 309.70 K, Total Energy: -30032.442733 eV
Step: 26700, Temperature: 278.57 K, Total Energy: -30032.580671 eV
Step: 26720, Temperature: 288.44 K, Total Energy: -30032.814079 eV
Step: 26740, Temperature: 322.01 K, Total Energy: -30032.625644 eV
Step: 26760, Temperature: 315.19 K, Total Energy: -30032.583951 eV
Step: 26780, Temperature: 339.89 K, Total Energy: -30032.804927 eV
Step: 26800, Temperature: 310.30 K, Total Energy: -30032.736521 eV
Step: 26820, Temperature: 328.29 K, Total Energy: -30032.206052 eV
Step: 26840, Temperature: 324.01 K, Total Energy: -30031.978213 eV
Step: 26860, Temperature: 330.69 K, Total Energy: -30032.529243 eV
Step: 26880, Temperature: 308.10 K, Total Energy: -30032.240254 eV
Step: 26900, Temperature: 304.54 K, Total Energy: -30032.830733 eV
Step: 26920, Temperature: 311.84 K, Total Energy: -30032.678755 eV
Step: 26940, Temperature: 284.91 K, Total Energy: -30033.206595 eV
Step: 26960, Temperature: 283.68 K, Total Energy: -30033.010550 eV
Step: 26980, Temperature: 292.74 K, Total Energy: -30032.633136 eV
Step: 27000, Temperature: 305.60 K, Total Energy: -30032.736045 eV
Step: 27020, Temperature: 275.59 K, Total Energy: -30033.656560 eV
Step: 27040, Temperature: 269.03 K, Total Energy: -30034.436417 eV
Step: 27060, Temperature: 275.31 K, Total Energy: -30034.530746 eV
Step: 27080, Temperature: 268.52 K, Total Energy: -30034.337758 eV
Step: 27100, Temperature: 280.13 K, Total Energy: -30033.924633 eV
Step: 27120, Temperature: 313.05 K, Total Energy: -30033.609702 eV
Step: 27140, Temperature: 287.53 K, Total Energy: -30033.696033 eV
Step: 27160, Temperature: 266.10 K, Total Energy: -30033.581624 eV
Step: 27180, Temperature: 300.79 K, Total Energy: -30033.550573 eV
Step: 27200, Temperature: 293.09 K, Total Energy: -30033.425427 eV
Step: 27220, Temperature: 278.58 K, Total Energy: -30033.760109 eV
Step: 27240, Temperature: 275.21 K, Total Energy: -30033.781100 eV
Step: 27260, Temperature: 292.82 K, Total Energy: -30033.660609 eV
Step: 27280, Temperature: 299.04 K, Total Energy: -30033.359771 eV
Step: 27300, Temperature: 288.96 K, Total Energy: -30034.078680 eV
Step: 27320, Temperature: 273.20 K, Total Energy: -30033.815520 eV
Step: 27340, Temperature: 263.79 K, Total Energy: -30033.814578 eV
Step: 27360, Temperature: 306.98 K, Total Energy: -30033.656807 eV
Step: 27380, Temperature: 291.90 K, Total Energy: -30033.769287 eV
Step: 27400, Temperature: 289.25 K, Total Energy: -30033.608634 eV
Step: 27420, Temperature: 290.56 K, Total Energy: -30033.470521 eV
Step: 27440, Temperature: 309.75 K, Total Energy: -30033.574272 eV
Step: 27460, Temperature: 286.64 K, Total Energy: -30034.151899 eV
Step: 27480, Temperature: 303.86 K, Total Energy: -30033.566189 eV
Step: 27500, Temperature: 270.86 K, Total Energy: -30034.332599 eV
Step: 27520, Temperature: 308.91 K, Total Energy: -30034.130399 eV
Step: 27540, Temperature: 300.96 K, Total Energy: -30033.710365 eV
Step: 27560, Temperature: 313.08 K, Total Energy: -30033.569883 eV
Step: 27580, Temperature: 302.95 K, Total Energy: -30033.412965 eV
Step: 27600, Temperature: 299.36 K, Total Energy: -30033.603759 eV
Step: 27620, Temperature: 281.25 K, Total Energy: -30033.863635 eV
Step: 27640, Temperature: 288.87 K, Total Energy: -30034.514438 eV
Step: 27660, Temperature: 269.91 K, Total Energy: -30034.942114 eV
Step: 27680, Temperature: 275.84 K, Total Energy: -30035.037108 eV
Step: 27700, Temperature: 284.70 K, Total Energy: -30034.457830 eV
Step: 27720, Temperature: 292.20 K, Total Energy: -30034.013742 eV
Step: 27740, Temperature: 295.00 K, Total Energy: -30034.100579 eV
Step: 27760, Temperature: 304.54 K, Total Energy: -30033.811216 eV
Step: 27780, Temperature: 295.44 K, Total Energy: -30033.743863 eV
Step: 27800, Temperature: 298.95 K, Total Energy: -30033.584537 eV
Step: 27820, Temperature: 316.08 K, Total Energy: -30033.188856 eV
Step: 27840, Temperature: 312.91 K, Total Energy: -30033.601328 eV
Step: 27860, Temperature: 300.94 K, Total Energy: -30033.540964 eV
Step: 27880, Temperature: 273.49 K, Total Energy: -30034.077661 eV
Step: 27900, Temperature: 286.52 K, Total Energy: -30033.857960 eV
Step: 27920, Temperature: 300.64 K, Total Energy: -30033.464494 eV
Step: 27940, Temperature: 290.26 K, Total Energy: -30033.983931 eV
Step: 27960, Temperature: 274.73 K, Total Energy: -30033.732580 eV
Step: 27980, Temperature: 324.45 K, Total Energy: -30033.379472 eV
Step: 28000, Temperature: 298.23 K, Total Energy: -30033.659138 eV
Step: 28020, Temperature: 273.42 K, Total Energy: -30033.702466 eV
Step: 28040, Temperature: 301.91 K, Total Energy: -30033.335429 eV
Step: 28060, Temperature: 316.93 K, Total Energy: -30033.825772 eV
Step: 28080, Temperature: 291.78 K, Total Energy: -30034.291844 eV
Step: 28100, Temperature: 296.52 K, Total Energy: -30034.209358 eV
Step: 28120, Temperature: 285.36 K, Total Energy: -30034.269622 eV
Step: 28140, Temperature: 300.72 K, Total Energy: -30033.935284 eV
Step: 28160, Temperature: 299.08 K, Total Energy: -30034.385977 eV
Step: 28180, Temperature: 275.02 K, Total Energy: -30034.844572 eV
Step: 28200, Temperature: 275.45 K, Total Energy: -30034.536962 eV
Step: 28220, Temperature: 285.80 K, Total Energy: -30034.631707 eV
Step: 28240, Temperature: 290.03 K, Total Energy: -30034.430924 eV
Step: 28260, Temperature: 285.91 K, Total Energy: -30034.533311 eV
Step: 28280, Temperature: 279.86 K, Total Energy: -30034.538953 eV
Step: 28300, Temperature: 313.40 K, Total Energy: -30034.110709 eV
Step: 28320, Temperature: 294.20 K, Total Energy: -30034.229785 eV
Step: 28340, Temperature: 274.02 K, Total Energy: -30034.693545 eV
Step: 28360, Temperature: 281.96 K, Total Energy: -30034.529758 eV
Step: 28380, Temperature: 286.81 K, Total Energy: -30034.692470 eV
Step: 28400, Temperature: 294.25 K, Total Energy: -30034.289146 eV
Step: 28420, Temperature: 286.73 K, Total Energy: -30034.366432 eV
Step: 28440, Temperature: 292.43 K, Total Energy: -30033.822564 eV
Step: 28460, Temperature: 277.30 K, Total Energy: -30034.079002 eV
Step: 28480, Temperature: 306.14 K, Total Energy: -30033.939366 eV
Step: 28500, Temperature: 304.08 K, Total Energy: -30033.832228 eV
Step: 28520, Temperature: 303.80 K, Total Energy: -30033.852985 eV
Step: 28540, Temperature: 320.74 K, Total Energy: -30033.569192 eV
Step: 28560, Temperature: 312.49 K, Total Energy: -30033.352192 eV
Step: 28580, Temperature: 297.46 K, Total Energy: -30033.805160 eV
Step: 28600, Temperature: 278.22 K, Total Energy: -30034.128341 eV
Step: 28620, Temperature: 274.34 K, Total Energy: -30033.990200 eV
Step: 28640, Temperature: 297.77 K, Total Energy: -30033.494728 eV
Step: 28660, Temperature: 318.42 K, Total Energy: -30033.269470 eV
Step: 28680, Temperature: 307.70 K, Total Energy: -30033.847866 eV
Step: 28700, Temperature: 290.05 K, Total Energy: -30033.944134 eV
Step: 28720, Temperature: 301.61 K, Total Energy: -30033.561618 eV
Step: 28740, Temperature: 297.05 K, Total Energy: -30033.901323 eV
Step: 28760, Temperature: 286.89 K, Total Energy: -30033.911122 eV
Step: 28780, Temperature: 307.04 K, Total Energy: -30034.315437 eV
Step: 28800, Temperature: 266.13 K, Total Energy: -30034.254702 eV
Step: 28820, Temperature: 314.63 K, Total Energy: -30034.017741 eV
Step: 28840, Temperature: 295.99 K, Total Energy: -30033.238140 eV
Step: 28860, Temperature: 297.44 K, Total Energy: -30033.217793 eV
Step: 28880, Temperature: 288.54 K, Total Energy: -30033.342992 eV
Step: 28900, Temperature: 316.19 K, Total Energy: -30033.674425 eV
Step: 28920, Temperature: 303.57 K, Total Energy: -30033.745308 eV
Step: 28940, Temperature: 337.81 K, Total Energy: -30033.194395 eV
Step: 28960, Temperature: 288.89 K, Total Energy: -30033.486692 eV
Step: 28980, Temperature: 300.07 K, Total Energy: -30033.888832 eV
Step: 29000, Temperature: 308.01 K, Total Energy: -30034.053157 eV
Step: 29020, Temperature: 300.05 K, Total Energy: -30033.512399 eV
Step: 29040, Temperature: 325.86 K, Total Energy: -30033.082724 eV
Step: 29060, Temperature: 309.09 K, Total Energy: -30033.381812 eV
Step: 29080, Temperature: 298.61 K, Total Energy: -30033.749228 eV
Step: 29100, Temperature: 307.29 K, Total Energy: -30033.301348 eV
Step: 29120, Temperature: 302.48 K, Total Energy: -30033.180498 eV
Step: 29140, Temperature: 310.86 K, Total Energy: -30033.375052 eV
Step: 29160, Temperature: 285.61 K, Total Energy: -30033.685293 eV
Step: 29180, Temperature: 284.30 K, Total Energy: -30033.471647 eV
Step: 29200, Temperature: 306.45 K, Total Energy: -30033.072177 eV
Step: 29220, Temperature: 304.85 K, Total Energy: -30033.061325 eV
Step: 29240, Temperature: 288.61 K, Total Energy: -30033.513073 eV
Step: 29260, Temperature: 267.39 K, Total Energy: -30033.539752 eV
Step: 29280, Temperature: 293.02 K, Total Energy: -30033.470096 eV
Step: 29300, Temperature: 283.70 K, Total Energy: -30033.166257 eV
Step: 29320, Temperature: 310.07 K, Total Energy: -30033.160290 eV
Step: 29340, Temperature: 305.93 K, Total Energy: -30032.755173 eV
Step: 29360, Temperature: 308.42 K, Total Energy: -30032.513579 eV
Step: 29380, Temperature: 287.36 K, Total Energy: -30032.987504 eV
Step: 29400, Temperature: 320.76 K, Total Energy: -30032.648777 eV
Step: 29420, Temperature: 306.43 K, Total Energy: -30032.801416 eV
Step: 29440, Temperature: 320.58 K, Total Energy: -30033.127859 eV
Step: 29460, Temperature: 320.97 K, Total Energy: -30033.176655 eV
Step: 29480, Temperature: 310.32 K, Total Energy: -30033.505498 eV
Step: 29500, Temperature: 293.33 K, Total Energy: -30033.142126 eV
Step: 29520, Temperature: 297.54 K, Total Energy: -30033.119593 eV
Step: 29540, Temperature: 325.17 K, Total Energy: -30032.947507 eV
Step: 29560, Temperature: 279.26 K, Total Energy: -30033.296018 eV
Step: 29580, Temperature: 279.01 K, Total Energy: -30033.446677 eV
Step: 29600, Temperature: 292.71 K, Total Energy: -30033.466052 eV
Step: 29620, Temperature: 310.71 K, Total Energy: -30032.999737 eV
Step: 29640, Temperature: 294.43 K, Total Energy: -30032.880281 eV
Step: 29660, Temperature: 309.37 K, Total Energy: -30033.234123 eV
Step: 29680, Temperature: 303.98 K, Total Energy: -30033.045786 eV
Step: 29700, Temperature: 304.62 K, Total Energy: -30033.047448 eV
Step: 29720, Temperature: 301.73 K, Total Energy: -30032.878792 eV
Step: 29740, Temperature: 302.11 K, Total Energy: -30033.164352 eV
Step: 29760, Temperature: 308.03 K, Total Energy: -30032.886618 eV
Step: 29780, Temperature: 305.46 K, Total Energy: -30033.198443 eV
Step: 29800, Temperature: 296.16 K, Total Energy: -30032.761322 eV
Step: 29820, Temperature: 285.30 K, Total Energy: -30032.599150 eV
Step: 29840, Temperature: 293.69 K, Total Energy: -30033.201570 eV
Step: 29860, Temperature: 294.50 K, Total Energy: -30032.700848 eV
Step: 29880, Temperature: 309.32 K, Total Energy: -30032.698306 eV
Step: 29900, Temperature: 288.40 K, Total Energy: -30033.182352 eV
Step: 29920, Temperature: 286.32 K, Total Energy: -30033.308183 eV
Step: 29940, Temperature: 299.13 K, Total Energy: -30033.273589 eV
Step: 29960, Temperature: 300.47 K, Total Energy: -30033.136696 eV
Step: 29980, Temperature: 269.36 K, Total Energy: -30033.871657 eV
Step: 30000, Temperature: 276.98 K, Total Energy: -30033.387695 eV
Step: 30020, Temperature: 272.51 K, Total Energy: -30032.936139 eV
Step: 30040, Temperature: 292.31 K, Total Energy: -30032.763176 eV
Step: 30060, Temperature: 289.64 K, Total Energy: -30032.639980 eV
Step: 30080, Temperature: 302.23 K, Total Energy: -30032.370483 eV
Step: 30100, Temperature: 323.36 K, Total Energy: -30032.453510 eV
Step: 30120, Temperature: 292.44 K, Total Energy: -30032.566508 eV
Step: 30140, Temperature: 293.48 K, Total Energy: -30032.562243 eV
Step: 30160, Temperature: 317.07 K, Total Energy: -30031.461148 eV
Step: 30180, Temperature: 333.85 K, Total Energy: -30031.314059 eV
Step: 30200, Temperature: 313.30 K, Total Energy: -30031.324059 eV
Step: 30220, Temperature: 305.21 K, Total Energy: -30031.495671 eV
Step: 30240, Temperature: 308.07 K, Total Energy: -30031.613991 eV
Step: 30260, Temperature: 337.39 K, Total Energy: -30031.484001 eV
Step: 30280, Temperature: 339.39 K, Total Energy: -30031.256772 eV
Step: 30300, Temperature: 333.74 K, Total Energy: -30031.930078 eV
Step: 30320, Temperature: 284.78 K, Total Energy: -30032.430301 eV
Step: 30340, Temperature: 326.11 K, Total Energy: -30032.205563 eV
Step: 30360, Temperature: 318.31 K, Total Energy: -30033.026025 eV
Step: 30380, Temperature: 266.33 K, Total Energy: -30033.192991 eV
Step: 30400, Temperature: 300.34 K, Total Energy: -30032.792262 eV
Step: 30420, Temperature: 320.79 K, Total Energy: -30032.503454 eV
Step: 30440, Temperature: 304.30 K, Total Energy: -30032.623684 eV
Step: 30460, Temperature: 286.44 K, Total Energy: -30032.879561 eV
Step: 30480, Temperature: 310.15 K, Total Energy: -30033.054750 eV
Step: 30500, Temperature: 265.63 K, Total Energy: -30033.651769 eV
Step: 30520, Temperature: 274.99 K, Total Energy: -30033.288562 eV
Step: 30540, Temperature: 275.54 K, Total Energy: -30033.448681 eV
Step: 30560, Temperature: 301.03 K, Total Energy: -30033.029046 eV
Step: 30580, Temperature: 284.65 K, Total Energy: -30033.461091 eV
Step: 30600, Temperature: 327.00 K, Total Energy: -30032.788811 eV
Step: 30620, Temperature: 315.12 K, Total Energy: -30032.749581 eV
Step: 30640, Temperature: 312.74 K, Total Energy: -30032.865490 eV
Step: 30660, Temperature: 327.83 K, Total Energy: -30033.067020 eV
Step: 30680, Temperature: 317.59 K, Total Energy: -30032.705938 eV
Step: 30700, Temperature: 323.01 K, Total Energy: -30032.551980 eV
Step: 30720, Temperature: 311.84 K, Total Energy: -30032.405370 eV
Step: 30740, Temperature: 298.34 K, Total Energy: -30032.845839 eV
Step: 30760, Temperature: 318.41 K, Total Energy: -30032.636863 eV
Step: 30780, Temperature: 292.25 K, Total Energy: -30032.969634 eV
Step: 30800, Temperature: 289.35 K, Total Energy: -30032.887222 eV
Step: 30820, Temperature: 322.12 K, Total Energy: -30032.191227 eV
Step: 30840, Temperature: 317.39 K, Total Energy: -30032.806599 eV
Step: 30860, Temperature: 310.31 K, Total Energy: -30033.035036 eV
Step: 30880, Temperature: 293.69 K, Total Energy: -30033.240484 eV
Step: 30900, Temperature: 293.71 K, Total Energy: -30033.337571 eV
Step: 30920, Temperature: 304.54 K, Total Energy: -30033.395105 eV
Step: 30940, Temperature: 267.64 K, Total Energy: -30033.492510 eV
Step: 30960, Temperature: 278.94 K, Total Energy: -30033.975652 eV
Step: 30980, Temperature: 314.54 K, Total Energy: -30033.574573 eV
Step: 31000, Temperature: 292.65 K, Total Energy: -30033.873689 eV
Step: 31020, Temperature: 297.19 K, Total Energy: -30033.686966 eV
Step: 31040, Temperature: 294.97 K, Total Energy: -30033.575959 eV
Step: 31060, Temperature: 280.66 K, Total Energy: -30034.237805 eV
Step: 31080, Temperature: 291.70 K, Total Energy: -30034.168723 eV
Step: 31100, Temperature: 308.99 K, Total Energy: -30033.737664 eV
Step: 31120, Temperature: 305.40 K, Total Energy: -30033.772266 eV
Step: 31140, Temperature: 269.01 K, Total Energy: -30034.429104 eV
Step: 31160, Temperature: 335.95 K, Total Energy: -30033.814768 eV
Step: 31180, Temperature: 307.34 K, Total Energy: -30034.063948 eV
Step: 31200, Temperature: 284.01 K, Total Energy: -30033.490527 eV
Step: 31220, Temperature: 300.32 K, Total Energy: -30033.402085 eV
Step: 31240, Temperature: 307.67 K, Total Energy: -30033.260673 eV
Step: 31260, Temperature: 318.28 K, Total Energy: -30033.268845 eV
Step: 31280, Temperature: 279.36 K, Total Energy: -30033.447663 eV
Step: 31300, Temperature: 322.43 K, Total Energy: -30032.591714 eV
Step: 31320, Temperature: 310.29 K, Total Energy: -30032.787618 eV
Step: 31340, Temperature: 295.30 K, Total Energy: -30033.251312 eV
Step: 31360, Temperature: 304.30 K, Total Energy: -30033.092321 eV
Step: 31380, Temperature: 296.31 K, Total Energy: -30032.966489 eV
Step: 31400, Temperature: 298.89 K, Total Energy: -30033.218931 eV
Step: 31420, Temperature: 288.50 K, Total Energy: -30033.351760 eV
Step: 31440, Temperature: 308.57 K, Total Energy: -30033.494166 eV
Step: 31460, Temperature: 278.00 K, Total Energy: -30034.250959 eV
Step: 31480, Temperature: 288.74 K, Total Energy: -30033.816524 eV
Step: 31500, Temperature: 287.58 K, Total Energy: -30033.435241 eV
Step: 31520, Temperature: 307.52 K, Total Energy: -30033.022246 eV
Step: 31540, Temperature: 315.80 K, Total Energy: -30033.160516 eV
Step: 31560, Temperature: 327.32 K, Total Energy: -30032.900118 eV
Step: 31580, Temperature: 273.85 K, Total Energy: -30033.293433 eV
Step: 31600, Temperature: 279.71 K, Total Energy: -30033.575802 eV
Step: 31620, Temperature: 291.05 K, Total Energy: -30033.644017 eV
Step: 31640, Temperature: 289.83 K, Total Energy: -30034.090335 eV
Step: 31660, Temperature: 287.09 K, Total Energy: -30034.099674 eV
Step: 31680, Temperature: 290.28 K, Total Energy: -30033.508827 eV
Step: 31700, Temperature: 272.15 K, Total Energy: -30034.228163 eV
Step: 31720, Temperature: 284.99 K, Total Energy: -30033.683086 eV
Step: 31740, Temperature: 302.23 K, Total Energy: -30032.792267 eV
Step: 31760, Temperature: 296.19 K, Total Energy: -30033.242974 eV
Step: 31780, Temperature: 291.53 K, Total Energy: -30033.563685 eV
Step: 31800, Temperature: 314.80 K, Total Energy: -30033.175673 eV
Step: 31820, Temperature: 334.88 K, Total Energy: -30033.140028 eV
Step: 31840, Temperature: 323.56 K, Total Energy: -30033.030567 eV
Step: 31860, Temperature: 283.74 K, Total Energy: -30033.409438 eV
Step: 31880, Temperature: 283.38 K, Total Energy: -30034.168356 eV
Step: 31900, Temperature: 297.56 K, Total Energy: -30033.689336 eV
Step: 31920, Temperature: 294.61 K, Total Energy: -30033.873954 eV
Step: 31940, Temperature: 286.23 K, Total Energy: -30034.044868 eV
Step: 31960, Temperature: 286.79 K, Total Energy: -30034.257486 eV
Step: 31980, Temperature: 296.78 K, Total Energy: -30033.839642 eV
Step: 32000, Temperature: 308.13 K, Total Energy: -30033.557940 eV
Step: 32020, Temperature: 306.04 K, Total Energy: -30033.676292 eV
Step: 32040, Temperature: 302.93 K, Total Energy: -30033.460464 eV
Step: 32060, Temperature: 304.79 K, Total Energy: -30033.252105 eV
Step: 32080, Temperature: 286.51 K, Total Energy: -30033.313370 eV
Step: 32100, Temperature: 301.60 K, Total Energy: -30033.438698 eV
Step: 32120, Temperature: 305.70 K, Total Energy: -30033.415218 eV
Step: 32140, Temperature: 287.93 K, Total Energy: -30033.721456 eV
Step: 32160, Temperature: 306.50 K, Total Energy: -30033.703926 eV
Step: 32180, Temperature: 290.45 K, Total Energy: -30033.658783 eV
Step: 32200, Temperature: 288.04 K, Total Energy: -30033.572030 eV
Step: 32220, Temperature: 307.93 K, Total Energy: -30034.047223 eV
Step: 32240, Temperature: 265.83 K, Total Energy: -30034.517802 eV
Step: 32260, Temperature: 295.39 K, Total Energy: -30034.569401 eV
Step: 32280, Temperature: 311.65 K, Total Energy: -30034.048620 eV
Step: 32300, Temperature: 277.45 K, Total Energy: -30033.774482 eV
Step: 32320, Temperature: 286.58 K, Total Energy: -30034.034261 eV
Step: 32340, Temperature: 278.76 K, Total Energy: -30034.214527 eV
Step: 32360, Temperature: 290.22 K, Total Energy: -30033.492763 eV
Step: 32380, Temperature: 284.22 K, Total Energy: -30033.825075 eV
Step: 32400, Temperature: 316.21 K, Total Energy: -30033.511669 eV
Step: 32420, Temperature: 292.10 K, Total Energy: -30033.750785 eV
Step: 32440, Temperature: 299.36 K, Total Energy: -30033.763805 eV
Step: 32460, Temperature: 309.80 K, Total Energy: -30033.706053 eV
Step: 32480, Temperature: 312.60 K, Total Energy: -30033.570098 eV
Step: 32500, Temperature: 316.15 K, Total Energy: -30033.241622 eV
Step: 32520, Temperature: 321.02 K, Total Energy: -30033.413891 eV
Step: 32540, Temperature: 347.16 K, Total Energy: -30033.208449 eV
Step: 32560, Temperature: 305.14 K, Total Energy: -30033.397653 eV
Step: 32580, Temperature: 282.74 K, Total Energy: -30033.371560 eV
Step: 32600, Temperature: 313.73 K, Total Energy: -30033.475528 eV
Step: 32620, Temperature: 318.65 K, Total Energy: -30033.607510 eV
Step: 32640, Temperature: 292.73 K, Total Energy: -30033.873661 eV
Step: 32660, Temperature: 303.81 K, Total Energy: -30034.176913 eV
Step: 32680, Temperature: 308.24 K, Total Energy: -30034.152957 eV
Step: 32700, Temperature: 288.69 K, Total Energy: -30033.929035 eV
Step: 32720, Temperature: 300.54 K, Total Energy: -30033.584094 eV
Step: 32740, Temperature: 305.28 K, Total Energy: -30033.697010 eV
Step: 32760, Temperature: 322.49 K, Total Energy: -30033.402813 eV
Step: 32780, Temperature: 281.05 K, Total Energy: -30034.218203 eV
Step: 32800, Temperature: 292.30 K, Total Energy: -30033.952863 eV
Step: 32820, Temperature: 297.25 K, Total Energy: -30033.439264 eV
Step: 32840, Temperature: 316.46 K, Total Energy: -30033.188977 eV
Step: 32860, Temperature: 285.48 K, Total Energy: -30032.985391 eV
Step: 32880, Temperature: 295.01 K, Total Energy: -30033.360131 eV
Step: 32900, Temperature: 278.64 K, Total Energy: -30033.084681 eV
Step: 32920, Temperature: 305.80 K, Total Energy: -30032.898938 eV
Step: 32940, Temperature: 309.52 K, Total Energy: -30032.644618 eV
Step: 32960, Temperature: 315.70 K, Total Energy: -30032.399284 eV
Step: 32980, Temperature: 347.67 K, Total Energy: -30031.660610 eV
Step: 33000, Temperature: 352.04 K, Total Energy: -30031.319643 eV
Step: 33020, Temperature: 313.39 K, Total Energy: -30031.943123 eV
Step: 33040, Temperature: 320.77 K, Total Energy: -30031.961016 eV
Step: 33060, Temperature: 341.32 K, Total Energy: -30032.093612 eV
Step: 33080, Temperature: 326.25 K, Total Energy: -30032.338635 eV
Step: 33100, Temperature: 314.52 K, Total Energy: -30032.522454 eV
Step: 33120, Temperature: 328.07 K, Total Energy: -30032.777990 eV
Step: 33140, Temperature: 313.53 K, Total Energy: -30032.845883 eV
Step: 33160, Temperature: 301.86 K, Total Energy: -30032.998701 eV
Step: 33180, Temperature: 291.04 K, Total Energy: -30033.864921 eV
Step: 33200, Temperature: 308.16 K, Total Energy: -30033.357882 eV
Step: 33220, Temperature: 289.12 K, Total Energy: -30032.937827 eV
Step: 33240, Temperature: 302.51 K, Total Energy: -30032.836019 eV
Step: 33260, Temperature: 297.68 K, Total Energy: -30032.887694 eV
Step: 33280, Temperature: 307.08 K, Total Energy: -30033.056598 eV
Step: 33300, Temperature: 323.02 K, Total Energy: -30032.725526 eV
Step: 33320, Temperature: 269.44 K, Total Energy: -30033.338542 eV
Step: 33340, Temperature: 313.83 K, Total Energy: -30033.072839 eV
Step: 33360, Temperature: 326.67 K, Total Energy: -30033.117274 eV
Step: 33380, Temperature: 317.36 K, Total Energy: -30033.291785 eV
Step: 33400, Temperature: 322.92 K, Total Energy: -30032.591158 eV
Step: 33420, Temperature: 318.32 K, Total Energy: -30032.379249 eV
Step: 33440, Temperature: 296.31 K, Total Energy: -30032.476165 eV
Step: 33460, Temperature: 320.26 K, Total Energy: -30032.194402 eV
Step: 33480, Temperature: 304.57 K, Total Energy: -30033.396203 eV
Step: 33500, Temperature: 290.93 K, Total Energy: -30033.260132 eV
Step: 33520, Temperature: 282.71 K, Total Energy: -30032.639974 eV
Step: 33540, Temperature: 308.12 K, Total Energy: -30032.526945 eV
Step: 33560, Temperature: 283.94 K, Total Energy: -30032.158270 eV
Step: 33580, Temperature: 296.44 K, Total Energy: -30032.508285 eV
Step: 33600, Temperature: 288.12 K, Total Energy: -30032.552664 eV
Step: 33620, Temperature: 321.44 K, Total Energy: -30032.194403 eV
Step: 33640, Temperature: 301.63 K, Total Energy: -30032.244679 eV
Step: 33660, Temperature: 324.85 K, Total Energy: -30032.117676 eV
Step: 33680, Temperature: 317.72 K, Total Energy: -30032.257374 eV
Step: 33700, Temperature: 333.32 K, Total Energy: -30032.202374 eV
Step: 33720, Temperature: 299.38 K, Total Energy: -30032.622659 eV
Step: 33740, Temperature: 291.11 K, Total Energy: -30033.312444 eV
Step: 33760, Temperature: 270.09 K, Total Energy: -30034.105538 eV
Step: 33780, Temperature: 266.36 K, Total Energy: -30033.875859 eV
Step: 33800, Temperature: 258.40 K, Total Energy: -30034.227785 eV
Step: 33820, Temperature: 260.86 K, Total Energy: -30033.832620 eV
Step: 33840, Temperature: 277.20 K, Total Energy: -30034.305983 eV
Step: 33860, Temperature: 277.41 K, Total Energy: -30034.193418 eV
Step: 33880, Temperature: 306.26 K, Total Energy: -30033.823171 eV
Step: 33900, Temperature: 285.80 K, Total Energy: -30033.715698 eV
Step: 33920, Temperature: 303.50 K, Total Energy: -30033.666941 eV
Step: 33940, Temperature: 305.88 K, Total Energy: -30033.393108 eV
Step: 33960, Temperature: 302.31 K, Total Energy: -30033.772691 eV
Step: 33980, Temperature: 278.56 K, Total Energy: -30033.578789 eV
Step: 34000, Temperature: 294.40 K, Total Energy: -30032.931851 eV
Step: 34020, Temperature: 308.27 K, Total Energy: -30032.404128 eV
Step: 34040, Temperature: 328.40 K, Total Energy: -30031.865369 eV
Step: 34060, Temperature: 296.55 K, Total Energy: -30031.989943 eV
Step: 34080, Temperature: 316.00 K, Total Energy: -30032.194676 eV
Step: 34100, Temperature: 308.84 K, Total Energy: -30032.719943 eV
Step: 34120, Temperature: 329.83 K, Total Energy: -30033.107331 eV
Step: 34140, Temperature: 290.67 K, Total Energy: -30033.457970 eV
Step: 34160, Temperature: 308.93 K, Total Energy: -30033.131813 eV
Step: 34180, Temperature: 309.75 K, Total Energy: -30032.689559 eV
Step: 34200, Temperature: 317.74 K, Total Energy: -30032.067595 eV
Step: 34220, Temperature: 331.93 K, Total Energy: -30032.086323 eV
Step: 34240, Temperature: 310.70 K, Total Energy: -30032.109318 eV
Step: 34260, Temperature: 317.84 K, Total Energy: -30031.889200 eV
Step: 34280, Temperature: 319.52 K, Total Energy: -30032.275142 eV
Step: 34300, Temperature: 307.97 K, Total Energy: -30032.227996 eV
Step: 34320, Temperature: 302.98 K, Total Energy: -30032.465097 eV
Step: 34340, Temperature: 292.80 K, Total Energy: -30032.711743 eV
Step: 34360, Temperature: 307.77 K, Total Energy: -30032.600108 eV
Step: 34380, Temperature: 293.15 K, Total Energy: -30032.910115 eV
Step: 34400, Temperature: 331.57 K, Total Energy: -30033.046629 eV
Step: 34420, Temperature: 293.05 K, Total Energy: -30033.799316 eV
Step: 34440, Temperature: 293.16 K, Total Energy: -30034.322052 eV
Step: 34460, Temperature: 307.33 K, Total Energy: -30034.487842 eV
Step: 34480, Temperature: 299.31 K, Total Energy: -30034.071659 eV
Step: 34500, Temperature: 288.75 K, Total Energy: -30033.726321 eV
Step: 34520, Temperature: 267.86 K, Total Energy: -30033.959692 eV
Step: 34540, Temperature: 291.14 K, Total Energy: -30034.202130 eV
Step: 34560, Temperature: 288.01 K, Total Energy: -30033.789660 eV
Step: 34580, Temperature: 315.20 K, Total Energy: -30033.905792 eV
Step: 34600, Temperature: 294.81 K, Total Energy: -30034.200994 eV
Step: 34620, Temperature: 278.27 K, Total Energy: -30034.076388 eV
Step: 34640, Temperature: 309.35 K, Total Energy: -30033.701440 eV
Step: 34660, Temperature: 303.86 K, Total Energy: -30034.152256 eV
Step: 34680, Temperature: 303.33 K, Total Energy: -30033.585206 eV
Step: 34700, Temperature: 320.44 K, Total Energy: -30033.367624 eV
Step: 34720, Temperature: 267.17 K, Total Energy: -30033.961241 eV
Step: 34740, Temperature: 289.77 K, Total Energy: -30033.822205 eV
Step: 34760, Temperature: 293.89 K, Total Energy: -30033.352783 eV
Step: 34780, Temperature: 309.80 K, Total Energy: -30033.227480 eV
Step: 34800, Temperature: 299.21 K, Total Energy: -30033.134836 eV
Step: 34820, Temperature: 303.77 K, Total Energy: -30032.861443 eV
Step: 34840, Temperature: 313.16 K, Total Energy: -30032.839265 eV
Step: 34860, Temperature: 291.91 K, Total Energy: -30033.435064 eV
Step: 34880, Temperature: 291.16 K, Total Energy: -30033.190063 eV
Step: 34900, Temperature: 310.91 K, Total Energy: -30033.492920 eV
Step: 34920, Temperature: 287.50 K, Total Energy: -30034.222261 eV
Step: 34940, Temperature: 286.62 K, Total Energy: -30034.171948 eV
Step: 34960, Temperature: 278.00 K, Total Energy: -30034.022551 eV
Step: 34980, Temperature: 272.61 K, Total Energy: -30033.980577 eV
Step: 35000, Temperature: 286.47 K, Total Energy: -30033.638364 eV
Step: 35020, Temperature: 284.74 K, Total Energy: -30033.370753 eV
Step: 35040, Temperature: 290.55 K, Total Energy: -30033.689584 eV
Step: 35060, Temperature: 306.98 K, Total Energy: -30033.139325 eV
Step: 35080, Temperature: 306.80 K, Total Energy: -30033.051948 eV
Step: 35100, Temperature: 311.74 K, Total Energy: -30032.808278 eV
Step: 35120, Temperature: 296.05 K, Total Energy: -30032.838273 eV
Step: 35140, Temperature: 317.45 K, Total Energy: -30032.775866 eV
Step: 35160, Temperature: 296.35 K, Total Energy: -30032.945922 eV
Step: 35180, Temperature: 290.12 K, Total Energy: -30033.081183 eV
Step: 35200, Temperature: 283.07 K, Total Energy: -30033.091887 eV
Step: 35220, Temperature: 284.22 K, Total Energy: -30032.909172 eV
Step: 35240, Temperature: 286.84 K, Total Energy: -30033.215152 eV
Step: 35260, Temperature: 270.52 K, Total Energy: -30033.444580 eV
Step: 35280, Temperature: 280.39 K, Total Energy: -30033.500248 eV
Step: 35300, Temperature: 271.35 K, Total Energy: -30033.824301 eV
Step: 35320, Temperature: 275.09 K, Total Energy: -30033.348568 eV
Step: 35340, Temperature: 285.16 K, Total Energy: -30032.973625 eV
Step: 35360, Temperature: 274.53 K, Total Energy: -30033.450358 eV
Step: 35380, Temperature: 260.51 K, Total Energy: -30033.437125 eV
Step: 35400, Temperature: 289.01 K, Total Energy: -30032.600719 eV
Step: 35420, Temperature: 303.22 K, Total Energy: -30032.494311 eV
Step: 35440, Temperature: 298.41 K, Total Energy: -30032.219069 eV
Step: 35460, Temperature: 293.43 K, Total Energy: -30032.366151 eV
Step: 35480, Temperature: 279.84 K, Total Energy: -30032.730844 eV
Step: 35500, Temperature: 304.49 K, Total Energy: -30032.443260 eV
Step: 35520, Temperature: 294.53 K, Total Energy: -30032.598513 eV
Step: 35540, Temperature: 305.22 K, Total Energy: -30032.442778 eV
Step: 35560, Temperature: 288.85 K, Total Energy: -30032.516790 eV
Step: 35580, Temperature: 307.57 K, Total Energy: -30032.433172 eV
Step: 35600, Temperature: 299.87 K, Total Energy: -30032.854796 eV
Step: 35620, Temperature: 262.13 K, Total Energy: -30032.996336 eV
Step: 35640, Temperature: 280.80 K, Total Energy: -30033.493952 eV
Step: 35660, Temperature: 282.41 K, Total Energy: -30033.409071 eV
Step: 35680, Temperature: 285.10 K, Total Energy: -30033.346409 eV
Step: 35700, Temperature: 304.06 K, Total Energy: -30033.170541 eV
Step: 35720, Temperature: 292.62 K, Total Energy: -30033.665576 eV
Step: 35740, Temperature: 281.07 K, Total Energy: -30033.561456 eV
Step: 35760, Temperature: 288.47 K, Total Energy: -30033.682499 eV
Step: 35780, Temperature: 312.94 K, Total Energy: -30033.073395 eV
Step: 35800, Temperature: 301.39 K, Total Energy: -30033.176490 eV
Step: 35820, Temperature: 280.34 K, Total Energy: -30033.079593 eV
Step: 35840, Temperature: 277.53 K, Total Energy: -30033.459831 eV
Step: 35860, Temperature: 290.73 K, Total Energy: -30033.415440 eV
Step: 35880, Temperature: 285.14 K, Total Energy: -30033.292627 eV
Step: 35900, Temperature: 284.68 K, Total Energy: -30033.585189 eV
Step: 35920, Temperature: 275.36 K, Total Energy: -30033.058712 eV
Step: 35940, Temperature: 294.48 K, Total Energy: -30032.652573 eV
Step: 35960, Temperature: 288.70 K, Total Energy: -30032.598653 eV
Step: 35980, Temperature: 305.74 K, Total Energy: -30032.693359 eV
Step: 36000, Temperature: 297.20 K, Total Energy: -30033.122108 eV
Step: 36020, Temperature: 278.83 K, Total Energy: -30033.076101 eV
Step: 36040, Temperature: 286.38 K, Total Energy: -30032.945454 eV
Step: 36060, Temperature: 297.06 K, Total Energy: -30032.815191 eV
Step: 36080, Temperature: 301.34 K, Total Energy: -30033.439300 eV
Step: 36100, Temperature: 253.09 K, Total Energy: -30034.138712 eV
Step: 36120, Temperature: 282.92 K, Total Energy: -30033.554810 eV
Step: 36140, Temperature: 297.72 K, Total Energy: -30033.277307 eV
Step: 36160, Temperature: 311.09 K, Total Energy: -30032.671912 eV
Step: 36180, Temperature: 329.84 K, Total Energy: -30032.900029 eV
Step: 36200, Temperature: 296.66 K, Total Energy: -30032.436294 eV
Step: 36220, Temperature: 295.40 K, Total Energy: -30032.977490 eV
Step: 36240, Temperature: 332.02 K, Total Energy: -30033.095860 eV
Step: 36260, Temperature: 296.61 K, Total Energy: -30033.314572 eV
Step: 36280, Temperature: 301.92 K, Total Energy: -30032.612394 eV
Step: 36300, Temperature: 304.16 K, Total Energy: -30032.447527 eV
Step: 36320, Temperature: 311.88 K, Total Energy: -30032.619177 eV
Step: 36340, Temperature: 311.25 K, Total Energy: -30032.191513 eV
Step: 36360, Temperature: 321.57 K, Total Energy: -30032.134516 eV
Step: 36380, Temperature: 295.79 K, Total Energy: -30032.618079 eV
Step: 36400, Temperature: 267.20 K, Total Energy: -30032.579551 eV
Step: 36420, Temperature: 288.92 K, Total Energy: -30032.364852 eV
Step: 36440, Temperature: 311.06 K, Total Energy: -30031.762492 eV
Step: 36460, Temperature: 303.70 K, Total Energy: -30031.890417 eV
Step: 36480, Temperature: 302.90 K, Total Energy: -30032.109693 eV
Step: 36500, Temperature: 307.56 K, Total Energy: -30032.050510 eV
Step: 36520, Temperature: 307.74 K, Total Energy: -30032.792226 eV
Step: 36540, Temperature: 269.32 K, Total Energy: -30033.236010 eV
Step: 36560, Temperature: 306.57 K, Total Energy: -30032.196356 eV
Step: 36580, Temperature: 337.79 K, Total Energy: -30032.243737 eV
Step: 36600, Temperature: 297.45 K, Total Energy: -30032.397320 eV
Step: 36620, Temperature: 306.49 K, Total Energy: -30032.352560 eV
Step: 36640, Temperature: 289.14 K, Total Energy: -30032.503725 eV
Step: 36660, Temperature: 286.04 K, Total Energy: -30032.830875 eV
Step: 36680, Temperature: 306.86 K, Total Energy: -30032.907704 eV
Step: 36700, Temperature: 299.57 K, Total Energy: -30033.012485 eV
Step: 36720, Temperature: 325.63 K, Total Energy: -30032.102245 eV
Step: 36740, Temperature: 310.31 K, Total Energy: -30033.197172 eV
Step: 36760, Temperature: 304.00 K, Total Energy: -30032.728778 eV
Step: 36780, Temperature: 331.99 K, Total Energy: -30033.137750 eV
Step: 36800, Temperature: 308.09 K, Total Energy: -30033.082321 eV
Step: 36820, Temperature: 326.24 K, Total Energy: -30032.042165 eV
Step: 36840, Temperature: 315.80 K, Total Energy: -30032.760277 eV
Step: 36860, Temperature: 314.35 K, Total Energy: -30032.758936 eV
Step: 36880, Temperature: 322.13 K, Total Energy: -30032.085525 eV
Step: 36900, Temperature: 312.00 K, Total Energy: -30032.854471 eV
Step: 36920, Temperature: 278.56 K, Total Energy: -30033.328995 eV
Step: 36940, Temperature: 304.25 K, Total Energy: -30033.236360 eV
Step: 36960, Temperature: 302.53 K, Total Energy: -30033.150130 eV
Step: 36980, Temperature: 312.42 K, Total Energy: -30033.125275 eV
Step: 37000, Temperature: 279.60 K, Total Energy: -30033.365673 eV
Step: 37020, Temperature: 292.13 K, Total Energy: -30033.376888 eV
Step: 37040, Temperature: 297.26 K, Total Energy: -30033.439095 eV
Step: 37060, Temperature: 266.87 K, Total Energy: -30033.152117 eV
Step: 37080, Temperature: 267.54 K, Total Energy: -30033.438461 eV
Step: 37100, Temperature: 298.32 K, Total Energy: -30033.199749 eV
Step: 37120, Temperature: 305.74 K, Total Energy: -30033.488291 eV
Step: 37140, Temperature: 299.88 K, Total Energy: -30033.268463 eV
Step: 37160, Temperature: 285.49 K, Total Energy: -30033.875692 eV
Step: 37180, Temperature: 272.73 K, Total Energy: -30033.368052 eV
Step: 37200, Temperature: 288.91 K, Total Energy: -30033.255708 eV
Step: 37220, Temperature: 325.39 K, Total Energy: -30032.694055 eV
Step: 37240, Temperature: 303.41 K, Total Energy: -30032.864634 eV
Step: 37260, Temperature: 299.33 K, Total Energy: -30033.077162 eV
Step: 37280, Temperature: 324.74 K, Total Energy: -30032.909420 eV
Step: 37300, Temperature: 309.88 K, Total Energy: -30032.813295 eV
Step: 37320, Temperature: 278.00 K, Total Energy: -30033.266684 eV
Step: 37340, Temperature: 314.13 K, Total Energy: -30032.977349 eV
Step: 37360, Temperature: 317.45 K, Total Energy: -30032.754256 eV
Step: 37380, Temperature: 316.97 K, Total Energy: -30032.791694 eV
Step: 37400, Temperature: 281.70 K, Total Energy: -30033.063538 eV
Step: 37420, Temperature: 284.51 K, Total Energy: -30032.907739 eV
Step: 37440, Temperature: 315.07 K, Total Energy: -30032.356436 eV
Step: 37460, Temperature: 348.19 K, Total Energy: -30032.137949 eV
Step: 37480, Temperature: 311.12 K, Total Energy: -30032.075414 eV
Step: 37500, Temperature: 337.14 K, Total Energy: -30032.281234 eV
Step: 37520, Temperature: 328.46 K, Total Energy: -30031.996831 eV
Step: 37540, Temperature: 310.70 K, Total Energy: -30031.931542 eV
Step: 37560, Temperature: 304.18 K, Total Energy: -30032.007496 eV
Step: 37580, Temperature: 296.01 K, Total Energy: -30032.403720 eV
Step: 37600, Temperature: 277.16 K, Total Energy: -30032.990572 eV
Step: 37620, Temperature: 310.65 K, Total Energy: -30033.010945 eV
Step: 37640, Temperature: 321.49 K, Total Energy: -30032.492029 eV
Step: 37660, Temperature: 335.15 K, Total Energy: -30032.565048 eV
Step: 37680, Temperature: 299.61 K, Total Energy: -30033.380611 eV
Step: 37700, Temperature: 294.34 K, Total Energy: -30033.449026 eV
Step: 37720, Temperature: 314.34 K, Total Energy: -30033.198675 eV
Step: 37740, Temperature: 298.48 K, Total Energy: -30033.170589 eV
Step: 37760, Temperature: 303.31 K, Total Energy: -30032.993930 eV
Step: 37780, Temperature: 309.63 K, Total Energy: -30032.565625 eV
Step: 37800, Temperature: 322.24 K, Total Energy: -30033.158995 eV
Step: 37820, Temperature: 275.72 K, Total Energy: -30033.204097 eV
Step: 37840, Temperature: 309.21 K, Total Energy: -30033.085700 eV
Step: 37860, Temperature: 286.11 K, Total Energy: -30032.797872 eV
Step: 37880, Temperature: 266.77 K, Total Energy: -30033.080472 eV
Step: 37900, Temperature: 310.50 K, Total Energy: -30032.682703 eV
Step: 37920, Temperature: 319.12 K, Total Energy: -30032.697368 eV
Step: 37940, Temperature: 341.57 K, Total Energy: -30032.474202 eV
Step: 37960, Temperature: 311.97 K, Total Energy: -30032.517343 eV
Step: 37980, Temperature: 300.92 K, Total Energy: -30032.244775 eV
Step: 38000, Temperature: 309.64 K, Total Energy: -30032.852614 eV
Step: 38020, Temperature: 315.13 K, Total Energy: -30032.312037 eV
Step: 38040, Temperature: 325.52 K, Total Energy: -30031.847118 eV
Step: 38060, Temperature: 316.74 K, Total Energy: -30032.438082 eV
Step: 38080, Temperature: 311.05 K, Total Energy: -30033.165157 eV
Step: 38100, Temperature: 304.98 K, Total Energy: -30033.868632 eV
Step: 38120, Temperature: 285.05 K, Total Energy: -30033.913947 eV
Step: 38140, Temperature: 294.78 K, Total Energy: -30033.356015 eV
Step: 38160, Temperature: 340.92 K, Total Energy: -30032.621079 eV
Step: 38180, Temperature: 288.09 K, Total Energy: -30032.748758 eV
Step: 38200, Temperature: 294.47 K, Total Energy: -30032.639054 eV
Step: 38220, Temperature: 283.67 K, Total Energy: -30032.608310 eV
Step: 38240, Temperature: 285.93 K, Total Energy: -30032.755418 eV
Step: 38260, Temperature: 298.17 K, Total Energy: -30032.873483 eV
Step: 38280, Temperature: 297.61 K, Total Energy: -30032.492750 eV
Step: 38300, Temperature: 296.25 K, Total Energy: -30033.098849 eV
Step: 38320, Temperature: 299.09 K, Total Energy: -30032.772609 eV
Step: 38340, Temperature: 292.65 K, Total Energy: -30033.203928 eV
Step: 38360, Temperature: 273.15 K, Total Energy: -30032.781569 eV
Step: 38380, Temperature: 288.21 K, Total Energy: -30032.774979 eV
Step: 38400, Temperature: 295.33 K, Total Energy: -30032.906781 eV
Step: 38420, Temperature: 269.37 K, Total Energy: -30033.121533 eV
Step: 38440, Temperature: 299.15 K, Total Energy: -30032.804188 eV
Step: 38460, Temperature: 342.69 K, Total Energy: -30032.317535 eV
Step: 38480, Temperature: 323.18 K, Total Energy: -30032.526181 eV
Step: 38500, Temperature: 310.81 K, Total Energy: -30032.485580 eV
Step: 38520, Temperature: 288.47 K, Total Energy: -30032.637767 eV
Step: 38540, Temperature: 306.02 K, Total Energy: -30032.708002 eV
Step: 38560, Temperature: 309.79 K, Total Energy: -30033.214025 eV
Step: 38580, Temperature: 330.71 K, Total Energy: -30032.192774 eV
Step: 38600, Temperature: 325.18 K, Total Energy: -30033.060477 eV
Step: 38620, Temperature: 299.24 K, Total Energy: -30032.929037 eV
Step: 38640, Temperature: 324.58 K, Total Energy: -30032.194706 eV
Step: 38660, Temperature: 335.43 K, Total Energy: -30032.208414 eV
Step: 38680, Temperature: 305.39 K, Total Energy: -30032.407209 eV
Step: 38700, Temperature: 323.50 K, Total Energy: -30032.086541 eV
Step: 38720, Temperature: 315.33 K, Total Energy: -30032.891022 eV
Step: 38740, Temperature: 311.83 K, Total Energy: -30032.641786 eV
Step: 38760, Temperature: 319.04 K, Total Energy: -30032.502045 eV
Step: 38780, Temperature: 279.69 K, Total Energy: -30033.408352 eV
Step: 38800, Temperature: 321.09 K, Total Energy: -30033.339921 eV
Step: 38820, Temperature: 307.56 K, Total Energy: -30033.462741 eV
Step: 38840, Temperature: 293.13 K, Total Energy: -30033.692028 eV
Step: 38860, Temperature: 292.82 K, Total Energy: -30033.297293 eV
Step: 38880, Temperature: 288.52 K, Total Energy: -30033.187108 eV
Step: 38900, Temperature: 305.17 K, Total Energy: -30032.846161 eV
Step: 38920, Temperature: 280.04 K, Total Energy: -30033.813542 eV
Step: 38940, Temperature: 313.81 K, Total Energy: -30033.356449 eV
Step: 38960, Temperature: 303.59 K, Total Energy: -30033.301590 eV
Step: 38980, Temperature: 291.34 K, Total Energy: -30034.021384 eV
Step: 39000, Temperature: 296.27 K, Total Energy: -30034.160759 eV
Step: 39020, Temperature: 311.36 K, Total Energy: -30033.913296 eV
Step: 39040, Temperature: 304.49 K, Total Energy: -30034.421679 eV
Step: 39060, Temperature: 313.51 K, Total Energy: -30034.028032 eV
Step: 39080, Temperature: 289.59 K, Total Energy: -30033.955518 eV
Step: 39100, Temperature: 288.19 K, Total Energy: -30034.097824 eV
Step: 39120, Temperature: 317.62 K, Total Energy: -30033.791194 eV
Step: 39140, Temperature: 300.35 K, Total Energy: -30033.881947 eV
Step: 39160, Temperature: 309.06 K, Total Energy: -30033.948863 eV
Step: 39180, Temperature: 306.20 K, Total Energy: -30033.322565 eV
Step: 39200, Temperature: 303.90 K, Total Energy: -30033.145378 eV
Step: 39220, Temperature: 303.15 K, Total Energy: -30033.041015 eV
Step: 39240, Temperature: 305.39 K, Total Energy: -30032.881791 eV
Step: 39260, Temperature: 317.67 K, Total Energy: -30032.774252 eV
Step: 39280, Temperature: 311.75 K, Total Energy: -30032.796231 eV
Step: 39300, Temperature: 323.03 K, Total Energy: -30032.877643 eV
Step: 39320, Temperature: 294.14 K, Total Energy: -30033.422739 eV
Step: 39340, Temperature: 276.83 K, Total Energy: -30033.672592 eV
Step: 39360, Temperature: 310.41 K, Total Energy: -30033.407604 eV
Step: 39380, Temperature: 321.70 K, Total Energy: -30032.857756 eV
Step: 39400, Temperature: 318.69 K, Total Energy: -30032.764515 eV
Step: 39420, Temperature: 300.91 K, Total Energy: -30032.664815 eV
Step: 39440, Temperature: 319.81 K, Total Energy: -30032.734738 eV
Step: 39460, Temperature: 311.66 K, Total Energy: -30032.911839 eV
Step: 39480, Temperature: 311.70 K, Total Energy: -30032.775856 eV
Step: 39500, Temperature: 294.88 K, Total Energy: -30032.492301 eV
Step: 39520, Temperature: 294.02 K, Total Energy: -30032.699228 eV
Step: 39540, Temperature: 284.07 K, Total Energy: -30032.840629 eV
Step: 39560, Temperature: 326.23 K, Total Energy: -30032.616517 eV
Step: 39580, Temperature: 298.30 K, Total Energy: -30033.026582 eV
Step: 39600, Temperature: 284.01 K, Total Energy: -30033.289290 eV
Step: 39620, Temperature: 295.89 K, Total Energy: -30033.053128 eV
Step: 39640, Temperature: 276.58 K, Total Energy: -30032.821361 eV
Step: 39660, Temperature: 304.61 K, Total Energy: -30032.733111 eV
Step: 39680, Temperature: 296.28 K, Total Energy: -30032.686026 eV
Step: 39700, Temperature: 293.64 K, Total Energy: -30032.790495 eV
Step: 39720, Temperature: 287.60 K, Total Energy: -30032.948410 eV
Step: 39740, Temperature: 296.81 K, Total Energy: -30032.727488 eV
Step: 39760, Temperature: 282.40 K, Total Energy: -30032.987604 eV
Step: 39780, Temperature: 314.78 K, Total Energy: -30032.965261 eV
Step: 39800, Temperature: 310.24 K, Total Energy: -30032.745699 eV
Step: 39820, Temperature: 314.22 K, Total Energy: -30032.760228 eV
Step: 39840, Temperature: 294.89 K, Total Energy: -30032.570177 eV
Step: 39860, Temperature: 286.96 K, Total Energy: -30032.839157 eV
Step: 39880, Temperature: 316.76 K, Total Energy: -30033.040958 eV
Step: 39900, Temperature: 310.58 K, Total Energy: -30032.770671 eV
Step: 39920, Temperature: 304.89 K, Total Energy: -30032.915685 eV
Step: 39940, Temperature: 309.37 K, Total Energy: -30033.095537 eV
Step: 39960, Temperature: 304.99 K, Total Energy: -30032.997264 eV
Step: 39980, Temperature: 288.60 K, Total Energy: -30032.985900 eV
Step: 40000, Temperature: 306.57 K, Total Energy: -30033.401371 eV
Step: 40020, Temperature: 285.35 K, Total Energy: -30033.705422 eV
Step: 40040, Temperature: 285.59 K, Total Energy: -30033.582096 eV
Step: 40060, Temperature: 297.80 K, Total Energy: -30033.714600 eV
Step: 40080, Temperature: 293.43 K, Total Energy: -30033.688369 eV
Step: 40100, Temperature: 282.11 K, Total Energy: -30033.518186 eV
Step: 40120, Temperature: 319.61 K, Total Energy: -30032.950738 eV
Step: 40140, Temperature: 302.93 K, Total Energy: -30033.630400 eV
Step: 40160, Temperature: 296.89 K, Total Energy: -30033.395440 eV
Step: 40180, Temperature: 304.01 K, Total Energy: -30032.812511 eV
Step: 40200, Temperature: 304.14 K, Total Energy: -30032.733158 eV
Step: 40220, Temperature: 310.87 K, Total Energy: -30032.480086 eV
Step: 40240, Temperature: 300.58 K, Total Energy: -30032.776549 eV
Step: 40260, Temperature: 337.35 K, Total Energy: -30032.395152 eV
Step: 40280, Temperature: 311.83 K, Total Energy: -30032.425038 eV
Step: 40300, Temperature: 332.97 K, Total Energy: -30032.716923 eV
Step: 40320, Temperature: 320.54 K, Total Energy: -30032.853504 eV
Step: 40340, Temperature: 321.34 K, Total Energy: -30032.845221 eV
Step: 40360, Temperature: 299.06 K, Total Energy: -30032.995894 eV
Step: 40380, Temperature: 297.14 K, Total Energy: -30033.158768 eV
Step: 40400, Temperature: 311.23 K, Total Energy: -30032.908827 eV
Step: 40420, Temperature: 307.71 K, Total Energy: -30033.091771 eV
Step: 40440, Temperature: 329.26 K, Total Energy: -30033.010198 eV
Step: 40460, Temperature: 297.84 K, Total Energy: -30032.871950 eV
Step: 40480, Temperature: 277.92 K, Total Energy: -30032.923008 eV
Step: 40500, Temperature: 304.60 K, Total Energy: -30032.918871 eV
Step: 40520, Temperature: 295.32 K, Total Energy: -30032.807428 eV
Step: 40540, Temperature: 293.90 K, Total Energy: -30032.752961 eV
Step: 40560, Temperature: 292.82 K, Total Energy: -30032.754270 eV
Step: 40580, Temperature: 292.13 K, Total Energy: -30033.136734 eV
Step: 40600, Temperature: 283.31 K, Total Energy: -30032.820370 eV
Step: 40620, Temperature: 308.88 K, Total Energy: -30032.664432 eV
Step: 40640, Temperature: 323.60 K, Total Energy: -30031.816603 eV
Step: 40660, Temperature: 295.85 K, Total Energy: -30032.505168 eV
Step: 40680, Temperature: 281.16 K, Total Energy: -30033.621732 eV
Step: 40700, Temperature: 296.78 K, Total Energy: -30033.445067 eV
Step: 40720, Temperature: 291.31 K, Total Energy: -30033.158874 eV
Step: 40740, Temperature: 311.47 K, Total Energy: -30033.199655 eV
Step: 40760, Temperature: 284.52 K, Total Energy: -30032.972106 eV
Step: 40780, Temperature: 293.72 K, Total Energy: -30033.060172 eV
Step: 40800, Temperature: 288.42 K, Total Energy: -30032.918188 eV
Step: 40820, Temperature: 304.71 K, Total Energy: -30033.174152 eV
Step: 40840, Temperature: 307.24 K, Total Energy: -30033.265450 eV
Step: 40860, Temperature: 284.02 K, Total Energy: -30033.281329 eV
Step: 40880, Temperature: 279.44 K, Total Energy: -30033.351914 eV
Step: 40900, Temperature: 269.00 K, Total Energy: -30033.181485 eV
Step: 40920, Temperature: 287.02 K, Total Energy: -30032.970401 eV
Step: 40940, Temperature: 294.74 K, Total Energy: -30032.519050 eV
Step: 40960, Temperature: 323.77 K, Total Energy: -30031.867038 eV
Step: 40980, Temperature: 338.41 K, Total Energy: -30031.060284 eV
Step: 41000, Temperature: 333.51 K, Total Energy: -30031.414474 eV
Step: 41020, Temperature: 325.01 K, Total Energy: -30031.754331 eV
Step: 41040, Temperature: 324.58 K, Total Energy: -30032.321646 eV
Step: 41060, Temperature: 279.24 K, Total Energy: -30032.616763 eV
Step: 41080, Temperature: 287.76 K, Total Energy: -30033.331160 eV
Step: 41100, Temperature: 284.90 K, Total Energy: -30033.359157 eV
Step: 41120, Temperature: 277.49 K, Total Energy: -30032.992299 eV
Step: 41140, Temperature: 264.27 K, Total Energy: -30033.124955 eV
Step: 41160, Temperature: 301.73 K, Total Energy: -30032.466809 eV
Step: 41180, Temperature: 320.51 K, Total Energy: -30032.803533 eV
Step: 41200, Temperature: 299.21 K, Total Energy: -30032.492211 eV
Step: 41220, Temperature: 319.80 K, Total Energy: -30032.485074 eV
Step: 41240, Temperature: 323.33 K, Total Energy: -30032.565582 eV
Step: 41260, Temperature: 304.27 K, Total Energy: -30032.653626 eV
Step: 41280, Temperature: 310.16 K, Total Energy: -30032.374857 eV
Step: 41300, Temperature: 325.65 K, Total Energy: -30032.601678 eV
Step: 41320, Temperature: 294.55 K, Total Energy: -30032.576488 eV
Step: 41340, Temperature: 299.92 K, Total Energy: -30032.640627 eV
Step: 41360, Temperature: 309.05 K, Total Energy: -30032.714742 eV
Step: 41380, Temperature: 291.23 K, Total Energy: -30033.086835 eV
Step: 41400, Temperature: 286.84 K, Total Energy: -30033.445602 eV
Step: 41420, Temperature: 286.62 K, Total Energy: -30033.062437 eV
Step: 41440, Temperature: 286.28 K, Total Energy: -30033.283816 eV
Step: 41460, Temperature: 268.80 K, Total Energy: -30033.727293 eV
Step: 41480, Temperature: 280.85 K, Total Energy: -30033.357996 eV
Step: 41500, Temperature: 299.55 K, Total Energy: -30033.206504 eV
Step: 41520, Temperature: 290.98 K, Total Energy: -30032.887909 eV
Step: 41540, Temperature: 274.70 K, Total Energy: -30033.469689 eV
Step: 41560, Temperature: 291.22 K, Total Energy: -30033.067558 eV
Step: 41580, Temperature: 308.80 K, Total Energy: -30033.410456 eV
Step: 41600, Temperature: 276.15 K, Total Energy: -30033.076292 eV
Step: 41620, Temperature: 294.38 K, Total Energy: -30033.678456 eV
Step: 41640, Temperature: 275.43 K, Total Energy: -30033.482650 eV
Step: 41660, Temperature: 294.64 K, Total Energy: -30032.961119 eV
Step: 41680, Temperature: 330.03 K, Total Energy: -30032.369787 eV
Step: 41700, Temperature: 313.64 K, Total Energy: -30032.479793 eV
Step: 41720, Temperature: 321.68 K, Total Energy: -30032.319384 eV
Step: 41740, Temperature: 304.41 K, Total Energy: -30031.783109 eV
Step: 41760, Temperature: 298.61 K, Total Energy: -30031.991503 eV
Step: 41780, Temperature: 303.98 K, Total Energy: -30032.155132 eV
Step: 41800, Temperature: 293.49 K, Total Energy: -30031.821688 eV
Step: 41820, Temperature: 302.16 K, Total Energy: -30031.624114 eV
Step: 41840, Temperature: 319.97 K, Total Energy: -30032.115608 eV
Step: 41860, Temperature: 284.02 K, Total Energy: -30032.261842 eV
Step: 41880, Temperature: 303.93 K, Total Energy: -30032.443381 eV
Step: 41900, Temperature: 305.13 K, Total Energy: -30032.536590 eV
Step: 41920, Temperature: 296.46 K, Total Energy: -30032.558487 eV
Step: 41940, Temperature: 287.46 K, Total Energy: -30033.080767 eV
Step: 41960, Temperature: 263.18 K, Total Energy: -30033.005619 eV
Step: 41980, Temperature: 292.43 K, Total Energy: -30033.082281 eV
Step: 42000, Temperature: 320.01 K, Total Energy: -30032.112711 eV
Step: 42020, Temperature: 280.28 K, Total Energy: -30032.544074 eV
Step: 42040, Temperature: 296.12 K, Total Energy: -30032.121657 eV
Step: 42060, Temperature: 299.80 K, Total Energy: -30032.278245 eV
Step: 42080, Temperature: 317.85 K, Total Energy: -30031.848031 eV
Step: 42100, Temperature: 326.11 K, Total Energy: -30031.332421 eV
Step: 42120, Temperature: 331.43 K, Total Energy: -30031.639880 eV
Step: 42140, Temperature: 320.68 K, Total Energy: -30031.973073 eV
Step: 42160, Temperature: 303.35 K, Total Energy: -30032.617955 eV
Step: 42180, Temperature: 268.07 K, Total Energy: -30032.811915 eV
Step: 42200, Temperature: 305.60 K, Total Energy: -30032.732041 eV
Step: 42220, Temperature: 306.60 K, Total Energy: -30032.752079 eV
Step: 42240, Temperature: 296.60 K, Total Energy: -30032.676228 eV
Step: 42260, Temperature: 286.26 K, Total Energy: -30032.503073 eV
Step: 42280, Temperature: 294.22 K, Total Energy: -30032.248815 eV
Step: 42300, Temperature: 333.66 K, Total Energy: -30031.545457 eV
Step: 42320, Temperature: 332.40 K, Total Energy: -30031.457637 eV
Step: 42340, Temperature: 315.38 K, Total Energy: -30031.565554 eV
Step: 42360, Temperature: 315.27 K, Total Energy: -30031.964617 eV
Step: 42380, Temperature: 287.78 K, Total Energy: -30032.494628 eV
Step: 42400, Temperature: 306.58 K, Total Energy: -30032.352139 eV
Step: 42420, Temperature: 292.88 K, Total Energy: -30032.260721 eV
Step: 42440, Temperature: 283.93 K, Total Energy: -30032.347995 eV
Step: 42460, Temperature: 315.88 K, Total Energy: -30032.195761 eV
Step: 42480, Temperature: 321.87 K, Total Energy: -30032.080114 eV
Step: 42500, Temperature: 318.49 K, Total Energy: -30031.763699 eV
Step: 42520, Temperature: 306.87 K, Total Energy: -30031.563861 eV
Step: 42540, Temperature: 334.52 K, Total Energy: -30031.108032 eV
Step: 42560, Temperature: 336.11 K, Total Energy: -30031.449457 eV
Step: 42580, Temperature: 330.53 K, Total Energy: -30031.203148 eV
Step: 42600, Temperature: 318.29 K, Total Energy: -30031.670918 eV
Step: 42620, Temperature: 314.14 K, Total Energy: -30031.635285 eV
Step: 42640, Temperature: 331.90 K, Total Energy: -30031.438716 eV
Step: 42660, Temperature: 318.61 K, Total Energy: -30031.250977 eV
Step: 42680, Temperature: 328.04 K, Total Energy: -30030.645924 eV
Step: 42700, Temperature: 325.69 K, Total Energy: -30030.702133 eV
Step: 42720, Temperature: 323.23 K, Total Energy: -30030.923526 eV
Step: 42740, Temperature: 297.20 K, Total Energy: -30031.159246 eV
Step: 42760, Temperature: 308.56 K, Total Energy: -30031.527786 eV
Step: 42780, Temperature: 304.82 K, Total Energy: -30031.114738 eV
Step: 42800, Temperature: 328.29 K, Total Energy: -30031.071298 eV
Step: 42820, Temperature: 290.11 K, Total Energy: -30031.487475 eV
Step: 42840, Temperature: 293.47 K, Total Energy: -30032.013667 eV
Step: 42860, Temperature: 311.15 K, Total Energy: -30032.383489 eV
Step: 42880, Temperature: 290.08 K, Total Energy: -30032.691422 eV
Step: 42900, Temperature: 308.36 K, Total Energy: -30032.481943 eV
Step: 42920, Temperature: 317.56 K, Total Energy: -30032.081655 eV
Step: 42940, Temperature: 290.49 K, Total Energy: -30031.493788 eV
Step: 42960, Temperature: 313.13 K, Total Energy: -30031.406557 eV
Step: 42980, Temperature: 296.20 K, Total Energy: -30031.496668 eV
Step: 43000, Temperature: 310.42 K, Total Energy: -30031.145712 eV
Step: 43020, Temperature: 286.39 K, Total Energy: -30031.351456 eV
Step: 43040, Temperature: 304.98 K, Total Energy: -30031.755373 eV
Step: 43060, Temperature: 288.61 K, Total Energy: -30032.003367 eV
Step: 43080, Temperature: 291.56 K, Total Energy: -30032.252493 eV
Step: 43100, Temperature: 285.59 K, Total Energy: -30032.215091 eV
Step: 43120, Temperature: 324.24 K, Total Energy: -30031.765603 eV
Step: 43140, Temperature: 319.28 K, Total Energy: -30031.701167 eV
Step: 43160, Temperature: 307.24 K, Total Energy: -30032.290918 eV
Step: 43180, Temperature: 304.38 K, Total Energy: -30032.535668 eV
Step: 43200, Temperature: 292.74 K, Total Energy: -30032.988808 eV
Step: 43220, Temperature: 292.99 K, Total Energy: -30033.213030 eV
Step: 43240, Temperature: 296.09 K, Total Energy: -30033.350922 eV
Step: 43260, Temperature: 309.93 K, Total Energy: -30033.454769 eV
Step: 43280, Temperature: 276.93 K, Total Energy: -30033.367465 eV
Step: 43300, Temperature: 294.50 K, Total Energy: -30033.634500 eV
Step: 43320, Temperature: 280.07 K, Total Energy: -30032.920239 eV
Step: 43340, Temperature: 280.11 K, Total Energy: -30032.802110 eV
Step: 43360, Temperature: 286.17 K, Total Energy: -30033.304167 eV
Step: 43380, Temperature: 268.29 K, Total Energy: -30033.466592 eV
Step: 43400, Temperature: 305.64 K, Total Energy: -30033.508321 eV
Step: 43420, Temperature: 285.96 K, Total Energy: -30033.645241 eV
Step: 43440, Temperature: 292.80 K, Total Energy: -30033.319202 eV
Step: 43460, Temperature: 288.57 K, Total Energy: -30033.138992 eV
Step: 43480, Temperature: 290.16 K, Total Energy: -30033.123023 eV
Step: 43500, Temperature: 301.26 K, Total Energy: -30033.234333 eV
Step: 43520, Temperature: 260.48 K, Total Energy: -30033.289366 eV
Step: 43540, Temperature: 298.84 K, Total Energy: -30033.479929 eV
Step: 43560, Temperature: 288.87 K, Total Energy: -30033.418798 eV
Step: 43580, Temperature: 268.53 K, Total Energy: -30033.288841 eV
Step: 43600, Temperature: 283.04 K, Total Energy: -30033.182579 eV
Step: 43620, Temperature: 300.83 K, Total Energy: -30033.043686 eV
Step: 43640, Temperature: 295.19 K, Total Energy: -30032.892743 eV
Step: 43660, Temperature: 286.30 K, Total Energy: -30032.833968 eV
Step: 43680, Temperature: 329.03 K, Total Energy: -30033.086227 eV
Step: 43700, Temperature: 314.81 K, Total Energy: -30033.085584 eV
Step: 43720, Temperature: 309.68 K, Total Energy: -30032.757859 eV
Step: 43740, Temperature: 253.83 K, Total Energy: -30032.977907 eV
Step: 43760, Temperature: 271.40 K, Total Energy: -30033.248875 eV
Step: 43780, Temperature: 289.78 K, Total Energy: -30033.101217 eV
Step: 43800, Temperature: 279.51 K, Total Energy: -30032.541585 eV
Step: 43820, Temperature: 281.29 K, Total Energy: -30032.731909 eV
Step: 43840, Temperature: 306.19 K, Total Energy: -30032.356017 eV
Step: 43860, Temperature: 291.82 K, Total Energy: -30032.843535 eV
Step: 43880, Temperature: 322.76 K, Total Energy: -30032.056105 eV
Step: 43900, Temperature: 303.07 K, Total Energy: -30032.111276 eV
Step: 43920, Temperature: 311.18 K, Total Energy: -30032.415948 eV
Step: 43940, Temperature: 287.74 K, Total Energy: -30032.247528 eV
Step: 43960, Temperature: 299.10 K, Total Energy: -30033.051659 eV
Step: 43980, Temperature: 284.56 K, Total Energy: -30032.426019 eV
Step: 44000, Temperature: 287.65 K, Total Energy: -30032.894274 eV
Step: 44020, Temperature: 286.82 K, Total Energy: -30033.161020 eV
Step: 44040, Temperature: 274.23 K, Total Energy: -30033.657056 eV
Step: 44060, Temperature: 293.60 K, Total Energy: -30033.256376 eV
Step: 44080, Temperature: 274.37 K, Total Energy: -30033.157497 eV
Step: 44100, Temperature: 303.32 K, Total Energy: -30032.759382 eV
Step: 44120, Temperature: 300.85 K, Total Energy: -30031.844198 eV
Step: 44140, Temperature: 330.47 K, Total Energy: -30031.132509 eV
Step: 44160, Temperature: 294.96 K, Total Energy: -30031.289189 eV
Step: 44180, Temperature: 307.44 K, Total Energy: -30030.994903 eV
Step: 44200, Temperature: 310.21 K, Total Energy: -30031.734748 eV
Step: 44220, Temperature: 297.62 K, Total Energy: -30031.646846 eV
Step: 44240, Temperature: 300.15 K, Total Energy: -30031.381036 eV
Step: 44260, Temperature: 309.45 K, Total Energy: -30031.228236 eV
Step: 44280, Temperature: 311.62 K, Total Energy: -30031.535822 eV
Step: 44300, Temperature: 273.54 K, Total Energy: -30032.623490 eV
Step: 44320, Temperature: 307.52 K, Total Energy: -30031.723402 eV
Step: 44340, Temperature: 320.25 K, Total Energy: -30031.057994 eV
Step: 44360, Temperature: 330.58 K, Total Energy: -30030.965584 eV
Step: 44380, Temperature: 306.62 K, Total Energy: -30031.542636 eV
Step: 44400, Temperature: 300.56 K, Total Energy: -30031.587581 eV
Step: 44420, Temperature: 321.84 K, Total Energy: -30031.428557 eV
Step: 44440, Temperature: 272.39 K, Total Energy: -30031.714344 eV
Step: 44460, Temperature: 302.83 K, Total Energy: -30031.754012 eV
Step: 44480, Temperature: 291.57 K, Total Energy: -30031.603719 eV
Step: 44500, Temperature: 311.35 K, Total Energy: -30032.321830 eV
Step: 44520, Temperature: 296.18 K, Total Energy: -30032.487409 eV
Step: 44540, Temperature: 334.39 K, Total Energy: -30031.693332 eV
Step: 44560, Temperature: 356.42 K, Total Energy: -30031.123180 eV
Step: 44580, Temperature: 324.94 K, Total Energy: -30031.392639 eV
Step: 44600, Temperature: 292.67 K, Total Energy: -30031.757940 eV
Step: 44620, Temperature: 300.38 K, Total Energy: -30032.273645 eV
Step: 44640, Temperature: 330.34 K, Total Energy: -30031.975586 eV
Step: 44660, Temperature: 324.52 K, Total Energy: -30031.682515 eV
Step: 44680, Temperature: 282.53 K, Total Energy: -30032.253772 eV
Step: 44700, Temperature: 309.73 K, Total Energy: -30031.629461 eV
Step: 44720, Temperature: 295.78 K, Total Energy: -30031.698446 eV
Step: 44740, Temperature: 298.23 K, Total Energy: -30031.416927 eV
Step: 44760, Temperature: 293.72 K, Total Energy: -30032.233853 eV
Step: 44780, Temperature: 296.64 K, Total Energy: -30032.729766 eV
Step: 44800, Temperature: 278.53 K, Total Energy: -30033.233920 eV
Step: 44820, Temperature: 279.21 K, Total Energy: -30033.097832 eV
Step: 44840, Temperature: 267.85 K, Total Energy: -30032.868091 eV
Step: 44860, Temperature: 282.64 K, Total Energy: -30032.514801 eV
Step: 44880, Temperature: 299.33 K, Total Energy: -30032.371914 eV
Step: 44900, Temperature: 274.50 K, Total Energy: -30032.601519 eV
Step: 44920, Temperature: 304.32 K, Total Energy: -30032.384989 eV
Step: 44940, Temperature: 280.25 K, Total Energy: -30032.470549 eV
Step: 44960, Temperature: 268.03 K, Total Energy: -30032.467128 eV
Step: 44980, Temperature: 308.15 K, Total Energy: -30032.243010 eV
Step: 45000, Temperature: 288.23 K, Total Energy: -30031.723648 eV
Step: 45020, Temperature: 307.55 K, Total Energy: -30031.373136 eV
Step: 45040, Temperature: 284.00 K, Total Energy: -30031.975152 eV
Step: 45060, Temperature: 323.96 K, Total Energy: -30031.643592 eV
Step: 45080, Temperature: 305.16 K, Total Energy: -30031.574883 eV
Step: 45100, Temperature: 332.87 K, Total Energy: -30031.467414 eV
Step: 45120, Temperature: 277.40 K, Total Energy: -30031.523714 eV
Step: 45140, Temperature: 284.46 K, Total Energy: -30031.676718 eV
Step: 45160, Temperature: 274.47 K, Total Energy: -30031.943975 eV
Step: 45180, Temperature: 310.03 K, Total Energy: -30031.768585 eV
Step: 45200, Temperature: 299.37 K, Total Energy: -30032.476446 eV
Step: 45220, Temperature: 306.26 K, Total Energy: -30032.541762 eV
Step: 45240, Temperature: 285.53 K, Total Energy: -30032.437146 eV
Step: 45260, Temperature: 272.29 K, Total Energy: -30032.914330 eV
Step: 45280, Temperature: 269.28 K, Total Energy: -30032.889178 eV
Step: 45300, Temperature: 292.62 K, Total Energy: -30032.776907 eV
Step: 45320, Temperature: 293.69 K, Total Energy: -30032.871310 eV
Step: 45340, Temperature: 294.91 K, Total Energy: -30032.965995 eV
Step: 45360, Temperature: 290.89 K, Total Energy: -30033.397810 eV
Step: 45380, Temperature: 276.13 K, Total Energy: -30032.984960 eV
Step: 45400, Temperature: 270.67 K, Total Energy: -30032.811864 eV
Step: 45420, Temperature: 289.12 K, Total Energy: -30032.545251 eV
Step: 45440, Temperature: 315.63 K, Total Energy: -30032.098277 eV
Step: 45460, Temperature: 288.79 K, Total Energy: -30031.655049 eV
Step: 45480, Temperature: 302.65 K, Total Energy: -30032.443840 eV
Step: 45500, Temperature: 309.13 K, Total Energy: -30032.468579 eV
Step: 45520, Temperature: 283.13 K, Total Energy: -30032.873687 eV
Step: 45540, Temperature: 287.84 K, Total Energy: -30032.963744 eV
Step: 45560, Temperature: 292.09 K, Total Energy: -30032.920950 eV
Step: 45580, Temperature: 298.24 K, Total Energy: -30032.365965 eV
Step: 45600, Temperature: 285.25 K, Total Energy: -30032.856184 eV
Step: 45620, Temperature: 281.19 K, Total Energy: -30032.609316 eV
Step: 45640, Temperature: 297.35 K, Total Energy: -30032.643923 eV
Step: 45660, Temperature: 291.52 K, Total Energy: -30033.118625 eV
Step: 45680, Temperature: 284.86 K, Total Energy: -30032.781809 eV
Step: 45700, Temperature: 286.57 K, Total Energy: -30032.485609 eV
Step: 45720, Temperature: 315.15 K, Total Energy: -30032.049837 eV
Step: 45740, Temperature: 310.96 K, Total Energy: -30031.991616 eV
Step: 45760, Temperature: 310.82 K, Total Energy: -30031.844683 eV
Step: 45780, Temperature: 304.73 K, Total Energy: -30031.962750 eV
Step: 45800, Temperature: 300.78 K, Total Energy: -30032.177728 eV
Step: 45820, Temperature: 302.34 K, Total Energy: -30032.738800 eV
Step: 45840, Temperature: 283.02 K, Total Energy: -30032.528754 eV
Step: 45860, Temperature: 304.59 K, Total Energy: -30032.901584 eV
Step: 45880, Temperature: 275.59 K, Total Energy: -30033.103868 eV
Step: 45900, Temperature: 313.40 K, Total Energy: -30032.790470 eV
Step: 45920, Temperature: 292.95 K, Total Energy: -30032.983453 eV
Step: 45940, Temperature: 296.54 K, Total Energy: -30032.972489 eV
Step: 45960, Temperature: 302.30 K, Total Energy: -30032.735949 eV
Step: 45980, Temperature: 285.83 K, Total Energy: -30033.650419 eV
Step: 46000, Temperature: 299.34 K, Total Energy: -30033.389445 eV
Step: 46020, Temperature: 323.33 K, Total Energy: -30032.686519 eV
Step: 46040, Temperature: 284.29 K, Total Energy: -30032.962202 eV
Step: 46060, Temperature: 315.06 K, Total Energy: -30032.444523 eV
Step: 46080, Temperature: 336.48 K, Total Energy: -30031.774282 eV
Step: 46100, Temperature: 308.00 K, Total Energy: -30032.080584 eV
Step: 46120, Temperature: 293.44 K, Total Energy: -30031.900950 eV
Step: 46140, Temperature: 273.53 K, Total Energy: -30033.313233 eV
Step: 46160, Temperature: 284.00 K, Total Energy: -30033.627499 eV
Step: 46180, Temperature: 292.13 K, Total Energy: -30033.445374 eV
Step: 46200, Temperature: 300.06 K, Total Energy: -30032.941831 eV
Step: 46220, Temperature: 301.06 K, Total Energy: -30032.918882 eV
Step: 46240, Temperature: 279.04 K, Total Energy: -30032.646998 eV
Step: 46260, Temperature: 294.06 K, Total Energy: -30032.635570 eV
Step: 46280, Temperature: 302.04 K, Total Energy: -30032.505836 eV
Step: 46300, Temperature: 285.14 K, Total Energy: -30031.874542 eV
Step: 46320, Temperature: 287.67 K, Total Energy: -30032.374348 eV
Step: 46340, Temperature: 275.66 K, Total Energy: -30032.447698 eV
Step: 46360, Temperature: 301.81 K, Total Energy: -30032.872950 eV
Step: 46380, Temperature: 305.31 K, Total Energy: -30032.500877 eV
Step: 46400, Temperature: 333.41 K, Total Energy: -30031.983184 eV
Step: 46420, Temperature: 315.54 K, Total Energy: -30032.893484 eV
Step: 46440, Temperature: 304.56 K, Total Energy: -30032.627115 eV
Step: 46460, Temperature: 296.52 K, Total Energy: -30032.859781 eV
Step: 46480, Temperature: 261.27 K, Total Energy: -30033.378992 eV
Step: 46500, Temperature: 301.38 K, Total Energy: -30032.868003 eV
Step: 46520, Temperature: 283.33 K, Total Energy: -30032.573708 eV
Step: 46540, Temperature: 309.22 K, Total Energy: -30032.314135 eV
Step: 46560, Temperature: 289.91 K, Total Energy: -30031.871390 eV
Step: 46580, Temperature: 284.30 K, Total Energy: -30032.317396 eV
Step: 46600, Temperature: 297.53 K, Total Energy: -30032.049495 eV
Step: 46620, Temperature: 297.09 K, Total Energy: -30031.890536 eV
Step: 46640, Temperature: 311.40 K, Total Energy: -30031.935842 eV
Step: 46660, Temperature: 308.87 K, Total Energy: -30032.121661 eV
Step: 46680, Temperature: 303.94 K, Total Energy: -30032.148176 eV
Step: 46700, Temperature: 315.71 K, Total Energy: -30031.291785 eV
Step: 46720, Temperature: 343.74 K, Total Energy: -30031.207397 eV
Step: 46740, Temperature: 305.18 K, Total Energy: -30032.508038 eV
Step: 46760, Temperature: 310.65 K, Total Energy: -30031.835207 eV
Step: 46780, Temperature: 293.15 K, Total Energy: -30032.050788 eV
Step: 46800, Temperature: 307.80 K, Total Energy: -30032.583736 eV
Step: 46820, Temperature: 286.18 K, Total Energy: -30032.913203 eV
Step: 46840, Temperature: 299.66 K, Total Energy: -30032.428245 eV
Step: 46860, Temperature: 315.78 K, Total Energy: -30032.458005 eV
Step: 46880, Temperature: 319.19 K, Total Energy: -30032.191632 eV
Step: 46900, Temperature: 287.21 K, Total Energy: -30032.331040 eV
Step: 46920, Temperature: 311.80 K, Total Energy: -30032.468824 eV
Step: 46940, Temperature: 307.38 K, Total Energy: -30032.256340 eV
Step: 46960, Temperature: 302.15 K, Total Energy: -30032.192775 eV
Step: 46980, Temperature: 323.09 K, Total Energy: -30032.075306 eV
Step: 47000, Temperature: 301.12 K, Total Energy: -30031.669343 eV
Step: 47020, Temperature: 279.15 K, Total Energy: -30032.001773 eV
Step: 47040, Temperature: 296.53 K, Total Energy: -30032.119256 eV
Step: 47060, Temperature: 269.25 K, Total Energy: -30032.462427 eV
Step: 47080, Temperature: 282.77 K, Total Energy: -30033.060389 eV
Step: 47100, Temperature: 299.25 K, Total Energy: -30032.668973 eV
Step: 47120, Temperature: 278.06 K, Total Energy: -30033.108892 eV
Step: 47140, Temperature: 282.18 K, Total Energy: -30033.735171 eV
Step: 47160, Temperature: 280.83 K, Total Energy: -30033.926941 eV
Step: 47180, Temperature: 289.99 K, Total Energy: -30034.441675 eV
Step: 47200, Temperature: 257.37 K, Total Energy: -30034.911434 eV
Step: 47220, Temperature: 284.46 K, Total Energy: -30034.291830 eV
Step: 47240, Temperature: 289.11 K, Total Energy: -30034.184339 eV
Step: 47260, Temperature: 273.86 K, Total Energy: -30033.859608 eV
Step: 47280, Temperature: 295.62 K, Total Energy: -30033.864623 eV
Step: 47300, Temperature: 275.58 K, Total Energy: -30033.850024 eV
Step: 47320, Temperature: 278.57 K, Total Energy: -30033.723201 eV
Step: 47340, Temperature: 290.27 K, Total Energy: -30033.922963 eV
Step: 47360, Temperature: 289.34 K, Total Energy: -30033.190246 eV
Step: 47380, Temperature: 322.74 K, Total Energy: -30032.753869 eV
Step: 47400, Temperature: 314.82 K, Total Energy: -30032.508972 eV
Step: 47420, Temperature: 285.72 K, Total Energy: -30033.096549 eV
Step: 47440, Temperature: 288.40 K, Total Energy: -30032.861949 eV
Step: 47460, Temperature: 270.05 K, Total Energy: -30032.921010 eV
Step: 47480, Temperature: 274.53 K, Total Energy: -30033.346830 eV
Step: 47500, Temperature: 281.81 K, Total Energy: -30033.867410 eV
Step: 47520, Temperature: 285.48 K, Total Energy: -30033.991133 eV
Step: 47540, Temperature: 262.23 K, Total Energy: -30034.140323 eV
Step: 47560, Temperature: 252.79 K, Total Energy: -30034.044593 eV
Step: 47580, Temperature: 274.97 K, Total Energy: -30033.353617 eV
Step: 47600, Temperature: 286.62 K, Total Energy: -30032.957008 eV
Step: 47620, Temperature: 280.63 K, Total Energy: -30032.588066 eV
Step: 47640, Temperature: 303.81 K, Total Energy: -30032.680796 eV
Step: 47660, Temperature: 292.56 K, Total Energy: -30033.000980 eV
Step: 47680, Temperature: 304.30 K, Total Energy: -30032.662866 eV
Step: 47700, Temperature: 277.80 K, Total Energy: -30032.338020 eV
Step: 47720, Temperature: 327.74 K, Total Energy: -30032.284084 eV
Step: 47740, Temperature: 331.67 K, Total Energy: -30032.159391 eV
Step: 47760, Temperature: 319.28 K, Total Energy: -30032.099501 eV
Step: 47780, Temperature: 316.93 K, Total Energy: -30032.253578 eV
Step: 47800, Temperature: 331.59 K, Total Energy: -30032.124161 eV
Step: 47820, Temperature: 323.30 K, Total Energy: -30031.244026 eV
Step: 47840, Temperature: 298.93 K, Total Energy: -30031.342784 eV
Step: 47860, Temperature: 328.78 K, Total Energy: -30031.439959 eV
Step: 47880, Temperature: 313.05 K, Total Energy: -30031.552961 eV
Step: 47900, Temperature: 311.33 K, Total Energy: -30031.824226 eV
Step: 47920, Temperature: 304.91 K, Total Energy: -30031.942432 eV
Step: 47940, Temperature: 307.00 K, Total Energy: -30032.002005 eV
Step: 47960, Temperature: 299.06 K, Total Energy: -30032.046786 eV
Step: 47980, Temperature: 309.88 K, Total Energy: -30031.651225 eV
Step: 48000, Temperature: 309.66 K, Total Energy: -30031.357805 eV
Step: 48020, Temperature: 309.75 K, Total Energy: -30031.492349 eV
Step: 48040, Temperature: 294.94 K, Total Energy: -30032.232982 eV
Step: 48060, Temperature: 324.87 K, Total Energy: -30032.101393 eV
Step: 48080, Temperature: 289.62 K, Total Energy: -30032.361111 eV
Step: 48100, Temperature: 279.80 K, Total Energy: -30032.671098 eV
Step: 48120, Temperature: 287.47 K, Total Energy: -30032.760232 eV
Step: 48140, Temperature: 297.56 K, Total Energy: -30032.913925 eV
Step: 48160, Temperature: 291.23 K, Total Energy: -30032.660915 eV
Step: 48180, Temperature: 309.25 K, Total Energy: -30032.344645 eV
Step: 48200, Temperature: 299.33 K, Total Energy: -30032.727528 eV
Step: 48220, Temperature: 303.76 K, Total Energy: -30033.054992 eV
Step: 48240, Temperature: 288.07 K, Total Energy: -30033.544053 eV
Step: 48260, Temperature: 292.20 K, Total Energy: -30033.636813 eV
Step: 48280, Temperature: 270.38 K, Total Energy: -30034.309245 eV
Step: 48300, Temperature: 266.38 K, Total Energy: -30034.350043 eV
Step: 48320, Temperature: 282.99 K, Total Energy: -30034.142909 eV
Step: 48340, Temperature: 259.51 K, Total Energy: -30034.760611 eV
Step: 48360, Temperature: 292.66 K, Total Energy: -30034.031650 eV
Step: 48380, Temperature: 279.90 K, Total Energy: -30033.707710 eV
Step: 48400, Temperature: 327.09 K, Total Energy: -30033.032671 eV
Step: 48420, Temperature: 290.65 K, Total Energy: -30033.411635 eV
Step: 48440, Temperature: 295.86 K, Total Energy: -30033.012844 eV
Step: 48460, Temperature: 316.54 K, Total Energy: -30033.009381 eV
Step: 48480, Temperature: 296.63 K, Total Energy: -30033.153811 eV
Step: 48500, Temperature: 289.89 K, Total Energy: -30033.838679 eV
Step: 48520, Temperature: 286.62 K, Total Energy: -30034.060547 eV
Step: 48540, Temperature: 284.44 K, Total Energy: -30033.938745 eV
Step: 48560, Temperature: 298.22 K, Total Energy: -30034.081148 eV
Step: 48580, Temperature: 274.91 K, Total Energy: -30033.999454 eV
Step: 48600, Temperature: 276.99 K, Total Energy: -30034.686184 eV
Step: 48620, Temperature: 288.10 K, Total Energy: -30034.676167 eV
Step: 48640, Temperature: 283.88 K, Total Energy: -30035.077670 eV
Step: 48660, Temperature: 294.66 K, Total Energy: -30034.296486 eV
Step: 48680, Temperature: 269.37 K, Total Energy: -30034.342046 eV
Step: 48700, Temperature: 284.90 K, Total Energy: -30034.159771 eV
Step: 48720, Temperature: 295.95 K, Total Energy: -30034.000949 eV
Step: 48740, Temperature: 297.78 K, Total Energy: -30033.873338 eV
Step: 48760, Temperature: 295.20 K, Total Energy: -30033.663984 eV
Step: 48780, Temperature: 275.39 K, Total Energy: -30033.417266 eV
Step: 48800, Temperature: 254.45 K, Total Energy: -30033.476141 eV
Step: 48820, Temperature: 293.45 K, Total Energy: -30032.888962 eV
Step: 48840, Temperature: 302.49 K, Total Energy: -30033.287833 eV
Step: 48860, Temperature: 279.00 K, Total Energy: -30033.540614 eV
Step: 48880, Temperature: 303.89 K, Total Energy: -30033.694433 eV
Step: 48900, Temperature: 286.13 K, Total Energy: -30033.330415 eV
Step: 48920, Temperature: 317.18 K, Total Energy: -30033.343081 eV
Step: 48940, Temperature: 274.86 K, Total Energy: -30033.985173 eV
Step: 48960, Temperature: 280.82 K, Total Energy: -30034.114541 eV
Step: 48980, Temperature: 277.57 K, Total Energy: -30034.566274 eV
Step: 49000, Temperature: 275.62 K, Total Energy: -30034.905766 eV
Step: 49020, Temperature: 274.39 K, Total Energy: -30034.783857 eV
Step: 49040, Temperature: 278.45 K, Total Energy: -30034.599224 eV
Step: 49060, Temperature: 281.39 K, Total Energy: -30034.963697 eV
Step: 49080, Temperature: 270.63 K, Total Energy: -30034.535498 eV
Step: 49100, Temperature: 299.34 K, Total Energy: -30034.506584 eV
Step: 49120, Temperature: 296.59 K, Total Energy: -30034.195873 eV
Step: 49140, Temperature: 273.81 K, Total Energy: -30034.575800 eV
Step: 49160, Temperature: 270.19 K, Total Energy: -30034.899907 eV
Step: 49180, Temperature: 269.58 K, Total Energy: -30034.692483 eV
Step: 49200, Temperature: 286.44 K, Total Energy: -30034.022014 eV
Step: 49220, Temperature: 310.50 K, Total Energy: -30033.856439 eV
Step: 49240, Temperature: 282.74 K, Total Energy: -30033.846289 eV
Step: 49260, Temperature: 276.44 K, Total Energy: -30033.502635 eV
Step: 49280, Temperature: 285.12 K, Total Energy: -30033.648483 eV
Step: 49300, Temperature: 293.95 K, Total Energy: -30033.614945 eV
Step: 49320, Temperature: 272.14 K, Total Energy: -30033.466802 eV
Step: 49340, Temperature: 287.18 K, Total Energy: -30033.763382 eV
Step: 49360, Temperature: 256.32 K, Total Energy: -30033.790961 eV
Step: 49380, Temperature: 278.04 K, Total Energy: -30033.386619 eV
Step: 49400, Temperature: 319.99 K, Total Energy: -30033.447217 eV
Step: 49420, Temperature: 332.30 K, Total Energy: -30032.587023 eV
Step: 49440, Temperature: 335.34 K, Total Energy: -30032.251799 eV
Step: 49460, Temperature: 310.17 K, Total Energy: -30032.964443 eV
Step: 49480, Temperature: 298.36 K, Total Energy: -30033.136451 eV
Step: 49500, Temperature: 280.03 K, Total Energy: -30033.597153 eV
Step: 49520, Temperature: 304.38 K, Total Energy: -30033.338515 eV
Step: 49540, Temperature: 296.15 K, Total Energy: -30033.550571 eV
Step: 49560, Temperature: 305.69 K, Total Energy: -30033.520888 eV
Step: 49580, Temperature: 252.23 K, Total Energy: -30033.638559 eV
Step: 49600, Temperature: 306.69 K, Total Energy: -30033.312494 eV
Step: 49620, Temperature: 275.49 K, Total Energy: -30033.094551 eV
Step: 49640, Temperature: 288.38 K, Total Energy: -30033.419180 eV
Step: 49660, Temperature: 274.73 K, Total Energy: -30033.759856 eV
Step: 49680, Temperature: 271.22 K, Total Energy: -30032.792370 eV
Step: 49700, Temperature: 310.91 K, Total Energy: -30033.121807 eV
Step: 49720, Temperature: 311.21 K, Total Energy: -30032.659161 eV
Step: 49740, Temperature: 311.46 K, Total Energy: -30032.082826 eV
Step: 49760, Temperature: 339.21 K, Total Energy: -30031.862695 eV
Step: 49780, Temperature: 341.64 K, Total Energy: -30031.632417 eV
Step: 49800, Temperature: 330.21 K, Total Energy: -30031.681891 eV
Step: 49820, Temperature: 322.60 K, Total Energy: -30032.163750 eV
Step: 49840, Temperature: 339.44 K, Total Energy: -30031.696882 eV
Step: 49860, Temperature: 317.42 K, Total Energy: -30031.796173 eV
Step: 49880, Temperature: 310.98 K, Total Energy: -30032.106265 eV
Step: 49900, Temperature: 318.78 K, Total Energy: -30031.912856 eV
Step: 49920, Temperature: 286.87 K, Total Energy: -30032.265283 eV
Step: 49940, Temperature: 301.02 K, Total Energy: -30032.812608 eV
Step: 49960, Temperature: 304.44 K, Total Energy: -30032.801767 eV
Step: 49980, Temperature: 289.47 K, Total Energy: -30032.816063 eV
Step: 50000, Temperature: 310.18 K, Total Energy: -30032.593045 eV
Step: 50020, Temperature: 300.43 K, Total Energy: -30032.952263 eV
Step: 50040, Temperature: 265.72 K, Total Energy: -30033.432848 eV
Step: 50060, Temperature: 296.04 K, Total Energy: -30033.397071 eV
Step: 50080, Temperature: 274.42 K, Total Energy: -30032.898395 eV
Step: 50100, Temperature: 279.76 K, Total Energy: -30032.840021 eV
Step: 50120, Temperature: 266.41 K, Total Energy: -30033.066019 eV
Step: 50140, Temperature: 269.56 K, Total Energy: -30033.173372 eV
Step: 50160, Temperature: 307.67 K, Total Energy: -30032.598719 eV
Step: 50180, Temperature: 275.54 K, Total Energy: -30033.024903 eV
Step: 50200, Temperature: 295.81 K, Total Energy: -30033.146874 eV
Step: 50220, Temperature: 292.54 K, Total Energy: -30033.257389 eV
Step: 50240, Temperature: 314.74 K, Total Energy: -30032.905534 eV
Step: 50260, Temperature: 276.17 K, Total Energy: -30033.593391 eV
Step: 50280, Temperature: 276.33 K, Total Energy: -30033.741614 eV
Step: 50300, Temperature: 302.93 K, Total Energy: -30033.575709 eV
Step: 50320, Temperature: 288.77 K, Total Energy: -30032.909478 eV
Step: 50340, Temperature: 290.51 K, Total Energy: -30032.889801 eV
Step: 50360, Temperature: 308.37 K, Total Energy: -30032.864480 eV
Step: 50380, Temperature: 292.88 K, Total Energy: -30033.166939 eV
Step: 50400, Temperature: 284.35 K, Total Energy: -30033.304309 eV
Step: 50420, Temperature: 270.14 K, Total Energy: -30033.231147 eV
Step: 50440, Temperature: 324.97 K, Total Energy: -30032.706451 eV
Step: 50460, Temperature: 275.57 K, Total Energy: -30032.795726 eV
Step: 50480, Temperature: 313.08 K, Total Energy: -30032.454656 eV
Step: 50500, Temperature: 296.19 K, Total Energy: -30033.158954 eV
Step: 50520, Temperature: 294.10 K, Total Energy: -30033.273425 eV
Step: 50540, Temperature: 280.55 K, Total Energy: -30033.263840 eV
Step: 50560, Temperature: 306.70 K, Total Energy: -30032.589419 eV
Step: 50580, Temperature: 319.14 K, Total Energy: -30032.560029 eV
Step: 50600, Temperature: 304.36 K, Total Energy: -30032.501166 eV
Step: 50620, Temperature: 298.80 K, Total Energy: -30032.971026 eV
Step: 50640, Temperature: 286.00 K, Total Energy: -30033.720324 eV
Step: 50660, Temperature: 303.51 K, Total Energy: -30033.569034 eV
Step: 50680, Temperature: 319.75 K, Total Energy: -30033.808546 eV
Step: 50700, Temperature: 294.24 K, Total Energy: -30033.187770 eV
Step: 50720, Temperature: 299.68 K, Total Energy: -30033.152367 eV
Step: 50740, Temperature: 317.54 K, Total Energy: -30032.970990 eV
Step: 50760, Temperature: 274.71 K, Total Energy: -30032.986974 eV
Step: 50780, Temperature: 289.70 K, Total Energy: -30032.689093 eV
Step: 50800, Temperature: 303.97 K, Total Energy: -30032.559690 eV
Step: 50820, Temperature: 292.59 K, Total Energy: -30032.379228 eV
Step: 50840, Temperature: 317.77 K, Total Energy: -30031.994428 eV
Step: 50860, Temperature: 302.27 K, Total Energy: -30032.632989 eV
Step: 50880, Temperature: 308.02 K, Total Energy: -30032.078300 eV
Step: 50900, Temperature: 322.81 K, Total Energy: -30032.131036 eV
Step: 50920, Temperature: 312.42 K, Total Energy: -30032.541331 eV
Step: 50940, Temperature: 322.76 K, Total Energy: -30032.390141 eV
Step: 50960, Temperature: 299.68 K, Total Energy: -30032.640675 eV
Step: 50980, Temperature: 287.74 K, Total Energy: -30032.683032 eV
Step: 51000, Temperature: 303.62 K, Total Energy: -30032.607443 eV
Step: 51020, Temperature: 297.36 K, Total Energy: -30032.532338 eV
Step: 51040, Temperature: 295.33 K, Total Energy: -30032.578613 eV
Step: 51060, Temperature: 316.59 K, Total Energy: -30031.609809 eV
Step: 51080, Temperature: 321.36 K, Total Energy: -30031.608404 eV
Step: 51100, Temperature: 293.33 K, Total Energy: -30032.774763 eV
Step: 51120, Temperature: 290.35 K, Total Energy: -30032.573347 eV
Step: 51140, Temperature: 301.45 K, Total Energy: -30032.696402 eV
Step: 51160, Temperature: 311.12 K, Total Energy: -30031.925124 eV
Step: 51180, Temperature: 299.69 K, Total Energy: -30032.456786 eV
Step: 51200, Temperature: 297.00 K, Total Energy: -30032.582281 eV
Step: 51220, Temperature: 283.11 K, Total Energy: -30033.503013 eV
Step: 51240, Temperature: 285.60 K, Total Energy: -30033.822038 eV
Step: 51260, Temperature: 285.75 K, Total Energy: -30033.152512 eV
Step: 51280, Temperature: 289.00 K, Total Energy: -30033.302151 eV
Step: 51300, Temperature: 291.78 K, Total Energy: -30032.987089 eV
Step: 51320, Temperature: 282.08 K, Total Energy: -30032.798123 eV
Step: 51340, Temperature: 311.88 K, Total Energy: -30032.439384 eV
Step: 51360, Temperature: 312.82 K, Total Energy: -30032.406299 eV
Step: 51380, Temperature: 327.19 K, Total Energy: -30032.280178 eV
Step: 51400, Temperature: 313.06 K, Total Energy: -30032.949186 eV
Step: 51420, Temperature: 307.77 K, Total Energy: -30032.814933 eV
Step: 51440, Temperature: 305.02 K, Total Energy: -30033.107807 eV
Step: 51460, Temperature: 282.59 K, Total Energy: -30033.478974 eV
Step: 51480, Temperature: 316.38 K, Total Energy: -30032.755467 eV
Step: 51500, Temperature: 298.81 K, Total Energy: -30032.586017 eV
Step: 51520, Temperature: 292.00 K, Total Energy: -30032.827442 eV
Step: 51540, Temperature: 262.76 K, Total Energy: -30033.636953 eV
Step: 51560, Temperature: 248.65 K, Total Energy: -30033.928647 eV
Step: 51580, Temperature: 280.68 K, Total Energy: -30034.680534 eV
Step: 51600, Temperature: 270.18 K, Total Energy: -30034.249896 eV
Step: 51620, Temperature: 286.42 K, Total Energy: -30034.096852 eV
Step: 51640, Temperature: 290.67 K, Total Energy: -30033.471607 eV
Step: 51660, Temperature: 267.17 K, Total Energy: -30034.056859 eV
Step: 51680, Temperature: 300.99 K, Total Energy: -30033.651057 eV
Step: 51700, Temperature: 278.15 K, Total Energy: -30033.456282 eV
Step: 51720, Temperature: 282.47 K, Total Energy: -30033.386079 eV
Step: 51740, Temperature: 279.70 K, Total Energy: -30033.054407 eV
Step: 51760, Temperature: 294.21 K, Total Energy: -30032.622063 eV
Step: 51780, Temperature: 300.14 K, Total Energy: -30033.295411 eV
Step: 51800, Temperature: 272.32 K, Total Energy: -30033.485698 eV
Step: 51820, Temperature: 330.15 K, Total Energy: -30032.710552 eV
Step: 51840, Temperature: 296.45 K, Total Energy: -30032.634847 eV
Step: 51860, Temperature: 291.60 K, Total Energy: -30032.919354 eV
Step: 51880, Temperature: 283.58 K, Total Energy: -30033.108704 eV
Step: 51900, Temperature: 313.14 K, Total Energy: -30032.105456 eV
Step: 51920, Temperature: 322.29 K, Total Energy: -30031.460368 eV
Step: 51940, Temperature: 302.13 K, Total Energy: -30031.667748 eV
Step: 51960, Temperature: 307.42 K, Total Energy: -30031.425130 eV
Step: 51980, Temperature: 334.91 K, Total Energy: -30031.465456 eV
Step: 52000, Temperature: 323.10 K, Total Energy: -30031.883705 eV
Step: 52020, Temperature: 315.58 K, Total Energy: -30031.513658 eV
Step: 52040, Temperature: 297.37 K, Total Energy: -30032.473530 eV
Step: 52060, Temperature: 298.33 K, Total Energy: -30031.890940 eV
Step: 52080, Temperature: 294.04 K, Total Energy: -30032.190928 eV
Step: 52100, Temperature: 299.23 K, Total Energy: -30031.675195 eV
Step: 52120, Temperature: 288.58 K, Total Energy: -30031.748213 eV
Step: 52140, Temperature: 358.38 K, Total Energy: -30030.639051 eV
Step: 52160, Temperature: 343.56 K, Total Energy: -30030.817373 eV
Step: 52180, Temperature: 303.20 K, Total Energy: -30031.194046 eV
Step: 52200, Temperature: 311.82 K, Total Energy: -30031.235932 eV
Step: 52220, Temperature: 293.30 K, Total Energy: -30032.007988 eV
Step: 52240, Temperature: 310.39 K, Total Energy: -30031.857243 eV
Step: 52260, Temperature: 278.19 K, Total Energy: -30032.314777 eV
Step: 52280, Temperature: 318.86 K, Total Energy: -30031.838529 eV
Step: 52300, Temperature: 302.35 K, Total Energy: -30031.832334 eV
Step: 52320, Temperature: 323.75 K, Total Energy: -30031.443612 eV
Step: 52340, Temperature: 331.71 K, Total Energy: -30031.496251 eV
Step: 52360, Temperature: 338.11 K, Total Energy: -30031.394025 eV
Step: 52380, Temperature: 330.35 K, Total Energy: -30031.824825 eV
Step: 52400, Temperature: 284.48 K, Total Energy: -30032.232844 eV
Step: 52420, Temperature: 315.62 K, Total Energy: -30031.924890 eV
Step: 52440, Temperature: 306.33 K, Total Energy: -30032.221751 eV
Step: 52460, Temperature: 290.73 K, Total Energy: -30032.745547 eV
Step: 52480, Temperature: 309.79 K, Total Energy: -30032.483643 eV
Step: 52500, Temperature: 335.66 K, Total Energy: -30032.380572 eV
Step: 52520, Temperature: 309.28 K, Total Energy: -30032.093845 eV
Step: 52540, Temperature: 337.89 K, Total Energy: -30031.389608 eV
Step: 52560, Temperature: 363.95 K, Total Energy: -30031.352213 eV
Step: 52580, Temperature: 286.01 K, Total Energy: -30031.546456 eV
Step: 52600, Temperature: 304.92 K, Total Energy: -30031.889470 eV
Step: 52620, Temperature: 322.25 K, Total Energy: -30031.486686 eV
Step: 52640, Temperature: 303.06 K, Total Energy: -30031.887003 eV
Step: 52660, Temperature: 290.75 K, Total Energy: -30031.577121 eV
Step: 52680, Temperature: 327.32 K, Total Energy: -30031.079701 eV
Step: 52700, Temperature: 314.61 K, Total Energy: -30031.287756 eV
Step: 52720, Temperature: 298.25 K, Total Energy: -30031.463246 eV
Step: 52740, Temperature: 300.05 K, Total Energy: -30031.707613 eV
Step: 52760, Temperature: 299.14 K, Total Energy: -30032.187269 eV
Step: 52780, Temperature: 282.11 K, Total Energy: -30032.033860 eV
Step: 52800, Temperature: 320.34 K, Total Energy: -30031.674772 eV
Step: 52820, Temperature: 315.05 K, Total Energy: -30031.640051 eV
Step: 52840, Temperature: 288.28 K, Total Energy: -30032.056390 eV
Step: 52860, Temperature: 278.30 K, Total Energy: -30032.026813 eV
Step: 52880, Temperature: 273.27 K, Total Energy: -30031.993506 eV
Step: 52900, Temperature: 291.82 K, Total Energy: -30032.156112 eV
Step: 52920, Temperature: 271.72 K, Total Energy: -30031.981121 eV
Step: 52940, Temperature: 284.43 K, Total Energy: -30031.532857 eV
Step: 52960, Temperature: 283.22 K, Total Energy: -30031.656590 eV
Step: 52980, Temperature: 288.86 K, Total Energy: -30031.868169 eV
Step: 53000, Temperature: 315.99 K, Total Energy: -30031.114807 eV
Step: 53020, Temperature: 299.87 K, Total Energy: -30030.753203 eV
Step: 53040, Temperature: 301.62 K, Total Energy: -30030.641366 eV
Step: 53060, Temperature: 324.69 K, Total Energy: -30030.916587 eV
Step: 53080, Temperature: 309.48 K, Total Energy: -30031.436552 eV
Step: 53100, Temperature: 301.50 K, Total Energy: -30031.271232 eV
Step: 53120, Temperature: 285.39 K, Total Energy: -30030.737427 eV
Step: 53140, Temperature: 326.07 K, Total Energy: -30030.423311 eV
Step: 53160, Temperature: 309.98 K, Total Energy: -30030.912450 eV
Step: 53180, Temperature: 320.37 K, Total Energy: -30030.824524 eV
Step: 53200, Temperature: 301.83 K, Total Energy: -30031.183045 eV
Step: 53220, Temperature: 308.54 K, Total Energy: -30031.407099 eV
Step: 53240, Temperature: 284.96 K, Total Energy: -30031.758088 eV
Step: 53260, Temperature: 289.62 K, Total Energy: -30031.898169 eV
Step: 53280, Temperature: 294.46 K, Total Energy: -30031.910748 eV
Step: 53300, Temperature: 258.58 K, Total Energy: -30032.297430 eV
Step: 53320, Temperature: 273.23 K, Total Energy: -30032.183875 eV
Step: 53340, Temperature: 283.38 K, Total Energy: -30032.191813 eV
Step: 53360, Temperature: 285.79 K, Total Energy: -30031.836861 eV
Step: 53380, Temperature: 329.95 K, Total Energy: -30031.350436 eV
Step: 53400, Temperature: 315.46 K, Total Energy: -30031.395612 eV
Step: 53420, Temperature: 284.75 K, Total Energy: -30031.462307 eV
Step: 53440, Temperature: 314.80 K, Total Energy: -30031.845444 eV
Step: 53460, Temperature: 257.27 K, Total Energy: -30032.328008 eV
Step: 53480, Temperature: 273.68 K, Total Energy: -30032.266307 eV
Step: 53500, Temperature: 302.61 K, Total Energy: -30031.964501 eV
Step: 53520, Temperature: 281.65 K, Total Energy: -30031.890888 eV
Step: 53540, Temperature: 303.43 K, Total Energy: -30031.395348 eV
Step: 53560, Temperature: 296.69 K, Total Energy: -30031.777307 eV
Step: 53580, Temperature: 289.76 K, Total Energy: -30032.125145 eV
Step: 53600, Temperature: 275.97 K, Total Energy: -30032.381593 eV
Step: 53620, Temperature: 296.53 K, Total Energy: -30032.627154 eV
Step: 53640, Temperature: 307.24 K, Total Energy: -30032.437567 eV
Step: 53660, Temperature: 280.00 K, Total Energy: -30032.847937 eV
Step: 53680, Temperature: 294.33 K, Total Energy: -30032.734304 eV
Step: 53700, Temperature: 275.75 K, Total Energy: -30032.802883 eV
Step: 53720, Temperature: 300.25 K, Total Energy: -30032.089412 eV
Step: 53740, Temperature: 300.20 K, Total Energy: -30032.475557 eV
Step: 53760, Temperature: 314.42 K, Total Energy: -30032.208477 eV
Step: 53780, Temperature: 297.01 K, Total Energy: -30032.421712 eV
Step: 53800, Temperature: 314.00 K, Total Energy: -30032.611494 eV
Step: 53820, Temperature: 302.92 K, Total Energy: -30032.905973 eV
Step: 53840, Temperature: 284.14 K, Total Energy: -30033.164982 eV
Step: 53860, Temperature: 285.25 K, Total Energy: -30032.920785 eV
Step: 53880, Temperature: 277.83 K, Total Energy: -30032.948630 eV
Step: 53900, Temperature: 284.71 K, Total Energy: -30032.842184 eV
Step: 53920, Temperature: 292.78 K, Total Energy: -30032.817919 eV
Step: 53940, Temperature: 284.77 K, Total Energy: -30032.772331 eV
Step: 53960, Temperature: 282.72 K, Total Energy: -30032.550004 eV
Step: 53980, Temperature: 293.42 K, Total Energy: -30032.796055 eV
Step: 54000, Temperature: 276.81 K, Total Energy: -30032.870437 eV
Step: 54020, Temperature: 265.64 K, Total Energy: -30033.106577 eV
Step: 54040, Temperature: 261.42 K, Total Energy: -30033.195726 eV
Step: 54060, Temperature: 262.83 K, Total Energy: -30033.377508 eV
Step: 54080, Temperature: 280.97 K, Total Energy: -30033.186972 eV
Step: 54100, Temperature: 273.97 K, Total Energy: -30033.169442 eV
Step: 54120, Temperature: 275.62 K, Total Energy: -30032.954571 eV
Step: 54140, Temperature: 272.03 K, Total Energy: -30033.145390 eV
Step: 54160, Temperature: 287.26 K, Total Energy: -30033.064209 eV
Step: 54180, Temperature: 318.66 K, Total Energy: -30032.167591 eV
Step: 54200, Temperature: 287.52 K, Total Energy: -30032.182700 eV
Step: 54220, Temperature: 288.77 K, Total Energy: -30032.184980 eV
Step: 54240, Temperature: 298.27 K, Total Energy: -30031.999992 eV
Step: 54260, Temperature: 309.30 K, Total Energy: -30032.302410 eV
Step: 54280, Temperature: 280.48 K, Total Energy: -30032.656340 eV
Step: 54300, Temperature: 299.96 K, Total Energy: -30032.963720 eV
Step: 54320, Temperature: 312.07 K, Total Energy: -30032.753207 eV
Step: 54340, Temperature: 305.92 K, Total Energy: -30032.446762 eV
Step: 54360, Temperature: 304.14 K, Total Energy: -30032.352276 eV
Step: 54380, Temperature: 321.58 K, Total Energy: -30032.292567 eV
Step: 54400, Temperature: 312.39 K, Total Energy: -30032.217851 eV
Step: 54420, Temperature: 326.86 K, Total Energy: -30031.829487 eV
Step: 54440, Temperature: 287.78 K, Total Energy: -30032.580477 eV
Step: 54460, Temperature: 325.81 K, Total Energy: -30032.324255 eV
Step: 54480, Temperature: 306.57 K, Total Energy: -30032.598578 eV
Step: 54500, Temperature: 278.79 K, Total Energy: -30033.297913 eV
Step: 54520, Temperature: 295.33 K, Total Energy: -30033.363901 eV
Step: 54540, Temperature: 285.07 K, Total Energy: -30033.630297 eV
Step: 54560, Temperature: 285.59 K, Total Energy: -30034.084028 eV
Step: 54580, Temperature: 288.48 K, Total Energy: -30034.596405 eV
Step: 54600, Temperature: 280.88 K, Total Energy: -30033.759528 eV
Step: 54620, Temperature: 293.04 K, Total Energy: -30033.467658 eV
Step: 54640, Temperature: 289.52 K, Total Energy: -30033.373342 eV
Step: 54660, Temperature: 298.11 K, Total Energy: -30032.498058 eV
Step: 54680, Temperature: 289.21 K, Total Energy: -30032.765717 eV
Step: 54700, Temperature: 291.10 K, Total Energy: -30032.791071 eV
Step: 54720, Temperature: 273.47 K, Total Energy: -30033.416232 eV
Step: 54740, Temperature: 287.63 K, Total Energy: -30033.441785 eV
Step: 54760, Temperature: 277.67 K, Total Energy: -30033.141986 eV
Step: 54780, Temperature: 287.53 K, Total Energy: -30033.325136 eV
Step: 54800, Temperature: 274.45 K, Total Energy: -30033.889872 eV
Step: 54820, Temperature: 254.06 K, Total Energy: -30034.417342 eV
Step: 54840, Temperature: 279.50 K, Total Energy: -30034.217610 eV
Step: 54860, Temperature: 278.20 K, Total Energy: -30034.089704 eV
Step: 54880, Temperature: 273.22 K, Total Energy: -30033.689880 eV
Step: 54900, Temperature: 306.74 K, Total Energy: -30033.276057 eV
Step: 54920, Temperature: 307.81 K, Total Energy: -30032.767042 eV
Step: 54940, Temperature: 310.17 K, Total Energy: -30033.069685 eV
Step: 54960, Temperature: 275.62 K, Total Energy: -30033.136206 eV
Step: 54980, Temperature: 279.24 K, Total Energy: -30033.159701 eV
Step: 55000, Temperature: 289.94 K, Total Energy: -30032.987920 eV
Step: 55020, Temperature: 305.84 K, Total Energy: -30032.778750 eV
Step: 55040, Temperature: 294.65 K, Total Energy: -30032.995958 eV
Step: 55060, Temperature: 269.19 K, Total Energy: -30032.971619 eV
Step: 55080, Temperature: 275.49 K, Total Energy: -30032.897258 eV
Step: 55100, Temperature: 317.81 K, Total Energy: -30032.306020 eV
Step: 55120, Temperature: 322.44 K, Total Energy: -30032.407984 eV
Step: 55140, Temperature: 335.77 K, Total Energy: -30031.785932 eV
Step: 55160, Temperature: 343.37 K, Total Energy: -30031.312135 eV
Step: 55180, Temperature: 334.70 K, Total Energy: -30030.921964 eV
Step: 55200, Temperature: 332.65 K, Total Energy: -30030.929778 eV
Step: 55220, Temperature: 322.64 K, Total Energy: -30031.162681 eV
Step: 55240, Temperature: 336.19 K, Total Energy: -30031.137017 eV
Step: 55260, Temperature: 318.13 K, Total Energy: -30031.385871 eV
Step: 55280, Temperature: 296.61 K, Total Energy: -30031.703233 eV
Step: 55300, Temperature: 294.58 K, Total Energy: -30032.218413 eV
Step: 55320, Temperature: 267.16 K, Total Energy: -30032.430271 eV
Step: 55340, Temperature: 305.78 K, Total Energy: -30032.356612 eV
Step: 55360, Temperature: 286.62 K, Total Energy: -30032.874884 eV
Step: 55380, Temperature: 307.60 K, Total Energy: -30032.379775 eV
Step: 55400, Temperature: 322.14 K, Total Energy: -30032.380177 eV
Step: 55420, Temperature: 311.71 K, Total Energy: -30032.766026 eV
Step: 55440, Temperature: 294.11 K, Total Energy: -30032.806345 eV
Step: 55460, Temperature: 300.60 K, Total Energy: -30032.856085 eV
Step: 55480, Temperature: 313.33 K, Total Energy: -30032.872241 eV
Step: 55500, Temperature: 309.60 K, Total Energy: -30032.171778 eV
Step: 55520, Temperature: 305.54 K, Total Energy: -30031.999066 eV
Step: 55540, Temperature: 307.41 K, Total Energy: -30032.484121 eV
Step: 55560, Temperature: 302.62 K, Total Energy: -30032.278737 eV
Step: 55580, Temperature: 298.42 K, Total Energy: -30032.332011 eV
Step: 55600, Temperature: 324.04 K, Total Energy: -30031.483317 eV
Step: 55620, Temperature: 293.85 K, Total Energy: -30031.470920 eV
Step: 55640, Temperature: 307.15 K, Total Energy: -30031.469049 eV
Step: 55660, Temperature: 284.77 K, Total Energy: -30031.741174 eV
Step: 55680, Temperature: 294.55 K, Total Energy: -30032.471162 eV
Step: 55700, Temperature: 283.22 K, Total Energy: -30032.721068 eV
Step: 55720, Temperature: 288.64 K, Total Energy: -30032.076763 eV
Step: 55740, Temperature: 312.04 K, Total Energy: -30031.665892 eV
Step: 55760, Temperature: 310.52 K, Total Energy: -30031.069034 eV
Step: 55780, Temperature: 334.41 K, Total Energy: -30030.606863 eV
Step: 55800, Temperature: 345.01 K, Total Energy: -30030.814402 eV
Step: 55820, Temperature: 327.79 K, Total Energy: -30031.601389 eV
Step: 55840, Temperature: 323.00 K, Total Energy: -30031.505375 eV
Step: 55860, Temperature: 303.89 K, Total Energy: -30031.461971 eV
Step: 55880, Temperature: 294.47 K, Total Energy: -30031.445742 eV
Step: 55900, Temperature: 305.20 K, Total Energy: -30032.017401 eV
Step: 55920, Temperature: 278.38 K, Total Energy: -30032.405579 eV
Step: 55940, Temperature: 293.71 K, Total Energy: -30031.784983 eV
Step: 55960, Temperature: 293.83 K, Total Energy: -30031.696038 eV
Step: 55980, Temperature: 306.15 K, Total Energy: -30031.210657 eV
Step: 56000, Temperature: 346.01 K, Total Energy: -30031.108031 eV
Step: 56020, Temperature: 326.93 K, Total Energy: -30030.966400 eV
Step: 56040, Temperature: 327.59 K, Total Energy: -30030.879778 eV
Step: 56060, Temperature: 337.38 K, Total Energy: -30030.951109 eV
Step: 56080, Temperature: 310.71 K, Total Energy: -30030.788887 eV
Step: 56100, Temperature: 322.97 K, Total Energy: -30031.011977 eV
Step: 56120, Temperature: 295.36 K, Total Energy: -30031.269272 eV
Step: 56140, Temperature: 324.44 K, Total Energy: -30031.379799 eV
Step: 56160, Temperature: 313.53 K, Total Energy: -30031.798984 eV
Step: 56180, Temperature: 301.64 K, Total Energy: -30031.701448 eV
Step: 56200, Temperature: 276.09 K, Total Energy: -30032.054152 eV
Step: 56220, Temperature: 286.52 K, Total Energy: -30032.012328 eV
Step: 56240, Temperature: 315.68 K, Total Energy: -30031.454566 eV
Step: 56260, Temperature: 300.58 K, Total Energy: -30032.163243 eV
Step: 56280, Temperature: 295.47 K, Total Energy: -30032.481521 eV
Step: 56300, Temperature: 260.83 K, Total Energy: -30032.837373 eV
Step: 56320, Temperature: 243.98 K, Total Energy: -30032.903971 eV
Step: 56340, Temperature: 258.85 K, Total Energy: -30033.005649 eV
Step: 56360, Temperature: 280.91 K, Total Energy: -30032.809641 eV
Step: 56380, Temperature: 260.82 K, Total Energy: -30032.966329 eV
Step: 56400, Temperature: 271.02 K, Total Energy: -30032.406545 eV
Step: 56420, Temperature: 273.14 K, Total Energy: -30032.162606 eV
Step: 56440, Temperature: 287.06 K, Total Energy: -30031.864032 eV
Step: 56460, Temperature: 297.17 K, Total Energy: -30031.710830 eV
Step: 56480, Temperature: 286.25 K, Total Energy: -30031.864674 eV
Step: 56500, Temperature: 275.66 K, Total Energy: -30032.223055 eV
Step: 56520, Temperature: 301.20 K, Total Energy: -30032.380303 eV
Step: 56540, Temperature: 301.93 K, Total Energy: -30032.444240 eV
Step: 56560, Temperature: 305.04 K, Total Energy: -30031.982175 eV
Step: 56580, Temperature: 296.47 K, Total Energy: -30031.730143 eV
Step: 56600, Temperature: 281.28 K, Total Energy: -30031.741938 eV
Step: 56620, Temperature: 274.83 K, Total Energy: -30031.917499 eV
Step: 56640, Temperature: 287.65 K, Total Energy: -30032.185463 eV
Step: 56660, Temperature: 259.47 K, Total Energy: -30032.611318 eV
Step: 56680, Temperature: 267.50 K, Total Energy: -30032.460907 eV
Step: 56700, Temperature: 304.07 K, Total Energy: -30032.447638 eV
Step: 56720, Temperature: 287.83 K, Total Energy: -30031.846992 eV
Step: 56740, Temperature: 315.56 K, Total Energy: -30031.365745 eV
Step: 56760, Temperature: 320.88 K, Total Energy: -30031.114554 eV
Step: 56780, Temperature: 282.02 K, Total Energy: -30031.508594 eV
Step: 56800, Temperature: 312.05 K, Total Energy: -30031.060263 eV
Step: 56820, Temperature: 315.58 K, Total Energy: -30031.900459 eV
Step: 56840, Temperature: 292.78 K, Total Energy: -30031.952544 eV
Step: 56860, Temperature: 306.93 K, Total Energy: -30032.312244 eV
Step: 56880, Temperature: 298.51 K, Total Energy: -30032.451052 eV
Step: 56900, Temperature: 294.85 K, Total Energy: -30032.114031 eV
Step: 56920, Temperature: 317.44 K, Total Energy: -30031.815241 eV
Step: 56940, Temperature: 312.41 K, Total Energy: -30031.975243 eV
Step: 56960, Temperature: 312.53 K, Total Energy: -30032.194799 eV
Step: 56980, Temperature: 310.26 K, Total Energy: -30031.741480 eV
Step: 57000, Temperature: 316.56 K, Total Energy: -30031.655356 eV
Step: 57020, Temperature: 285.07 K, Total Energy: -30032.028595 eV
Step: 57040, Temperature: 282.53 K, Total Energy: -30032.378929 eV
Step: 57060, Temperature: 278.04 K, Total Energy: -30032.498045 eV
Step: 57080, Temperature: 261.44 K, Total Energy: -30033.355274 eV
Step: 57100, Temperature: 280.88 K, Total Energy: -30033.040935 eV
Step: 57120, Temperature: 295.22 K, Total Energy: -30032.519043 eV
Step: 57140, Temperature: 294.37 K, Total Energy: -30032.735321 eV
Step: 57160, Temperature: 284.14 K, Total Energy: -30032.354613 eV
Step: 57180, Temperature: 272.94 K, Total Energy: -30032.999568 eV
Step: 57200, Temperature: 291.66 K, Total Energy: -30033.017422 eV
Step: 57220, Temperature: 294.28 K, Total Energy: -30032.628313 eV
Step: 57240, Temperature: 312.43 K, Total Energy: -30032.812659 eV
Step: 57260, Temperature: 290.43 K, Total Energy: -30032.696496 eV
Step: 57280, Temperature: 283.81 K, Total Energy: -30032.722054 eV
Step: 57300, Temperature: 314.28 K, Total Energy: -30032.653366 eV
Step: 57320, Temperature: 302.91 K, Total Energy: -30032.220633 eV
Step: 57340, Temperature: 270.77 K, Total Energy: -30032.672645 eV
Step: 57360, Temperature: 300.02 K, Total Energy: -30031.813992 eV
Step: 57380, Temperature: 312.86 K, Total Energy: -30031.751100 eV
Step: 57400, Temperature: 303.69 K, Total Energy: -30031.699356 eV
Step: 57420, Temperature: 306.01 K, Total Energy: -30032.001128 eV
Step: 57440, Temperature: 318.73 K, Total Energy: -30031.703162 eV
Step: 57460, Temperature: 329.47 K, Total Energy: -30032.063544 eV
Step: 57480, Temperature: 301.58 K, Total Energy: -30032.148307 eV
Step: 57500, Temperature: 288.36 K, Total Energy: -30032.628549 eV
Step: 57520, Temperature: 288.15 K, Total Energy: -30033.059587 eV
Step: 57540, Temperature: 317.75 K, Total Energy: -30032.729241 eV
Step: 57560, Temperature: 278.20 K, Total Energy: -30032.460791 eV
Step: 57580, Temperature: 284.06 K, Total Energy: -30032.631797 eV
Step: 57600, Temperature: 284.85 K, Total Energy: -30032.807483 eV
Step: 57620, Temperature: 279.76 K, Total Energy: -30033.297128 eV
Step: 57640, Temperature: 310.46 K, Total Energy: -30032.591829 eV
Step: 57660, Temperature: 297.09 K, Total Energy: -30032.642519 eV
Step: 57680, Temperature: 306.29 K, Total Energy: -30032.486295 eV
Step: 57700, Temperature: 311.22 K, Total Energy: -30032.287868 eV
Step: 57720, Temperature: 319.45 K, Total Energy: -30032.739933 eV
Step: 57740, Temperature: 309.10 K, Total Energy: -30032.723436 eV
Step: 57760, Temperature: 311.84 K, Total Energy: -30032.500899 eV
Step: 57780, Temperature: 327.15 K, Total Energy: -30032.234238 eV
Step: 57800, Temperature: 313.44 K, Total Energy: -30032.264105 eV
Step: 57820, Temperature: 299.55 K, Total Energy: -30032.567825 eV
Step: 57840, Temperature: 325.27 K, Total Energy: -30031.948996 eV
Step: 57860, Temperature: 280.32 K, Total Energy: -30032.162280 eV
Step: 57880, Temperature: 319.12 K, Total Energy: -30031.880952 eV
Step: 57900, Temperature: 306.49 K, Total Energy: -30032.325233 eV
Step: 57920, Temperature: 309.34 K, Total Energy: -30032.606055 eV
Step: 57940, Temperature: 300.80 K, Total Energy: -30032.333576 eV
Step: 57960, Temperature: 289.54 K, Total Energy: -30032.425672 eV
Step: 57980, Temperature: 301.43 K, Total Energy: -30032.319903 eV
Step: 58000, Temperature: 315.72 K, Total Energy: -30032.310897 eV
Step: 58020, Temperature: 285.64 K, Total Energy: -30032.801715 eV
Step: 58040, Temperature: 307.35 K, Total Energy: -30032.770670 eV
Step: 58060, Temperature: 320.26 K, Total Energy: -30032.366314 eV
Step: 58080, Temperature: 273.55 K, Total Energy: -30032.603657 eV
Step: 58100, Temperature: 303.79 K, Total Energy: -30032.300428 eV
Step: 58120, Temperature: 290.32 K, Total Energy: -30033.025227 eV
Step: 58140, Temperature: 293.32 K, Total Energy: -30033.407817 eV
Step: 58160, Temperature: 273.18 K, Total Energy: -30033.306112 eV
Step: 58180, Temperature: 272.97 K, Total Energy: -30033.807431 eV
Step: 58200, Temperature: 235.68 K, Total Energy: -30034.732924 eV
Step: 58220, Temperature: 275.62 K, Total Energy: -30033.862702 eV
Step: 58240, Temperature: 264.15 K, Total Energy: -30034.057727 eV
Step: 58260, Temperature: 270.58 K, Total Energy: -30033.941025 eV
Step: 58280, Temperature: 266.26 K, Total Energy: -30033.555973 eV
Step: 58300, Temperature: 284.08 K, Total Energy: -30033.693941 eV
Step: 58320, Temperature: 271.86 K, Total Energy: -30033.627967 eV
Step: 58340, Temperature: 290.91 K, Total Energy: -30033.301637 eV
Step: 58360, Temperature: 277.34 K, Total Energy: -30033.070107 eV
Step: 58380, Temperature: 301.40 K, Total Energy: -30032.918247 eV
Step: 58400, Temperature: 317.36 K, Total Energy: -30032.430504 eV
Step: 58420, Temperature: 306.16 K, Total Energy: -30031.870454 eV
Step: 58440, Temperature: 324.86 K, Total Energy: -30031.416052 eV
Step: 58460, Temperature: 312.55 K, Total Energy: -30031.629980 eV
Step: 58480, Temperature: 332.62 K, Total Energy: -30032.006695 eV
Step: 58500, Temperature: 314.62 K, Total Energy: -30032.264066 eV
Step: 58520, Temperature: 330.69 K, Total Energy: -30032.425895 eV
Step: 58540, Temperature: 317.39 K, Total Energy: -30032.394534 eV
Step: 58560, Temperature: 302.94 K, Total Energy: -30032.516783 eV
Step: 58580, Temperature: 304.81 K, Total Energy: -30032.335532 eV
Step: 58600, Temperature: 307.20 K, Total Energy: -30032.335003 eV
Step: 58620, Temperature: 301.75 K, Total Energy: -30032.479829 eV
Step: 58640, Temperature: 275.16 K, Total Energy: -30033.022667 eV
Step: 58660, Temperature: 304.50 K, Total Energy: -30032.493651 eV
Step: 58680, Temperature: 306.28 K, Total Energy: -30032.875302 eV
Step: 58700, Temperature: 271.67 K, Total Energy: -30032.955075 eV
Step: 58720, Temperature: 278.88 K, Total Energy: -30033.584664 eV
Step: 58740, Temperature: 294.02 K, Total Energy: -30033.134599 eV
Step: 58760, Temperature: 294.93 K, Total Energy: -30033.198019 eV
Step: 58780, Temperature: 289.41 K, Total Energy: -30033.581142 eV
Step: 58800, Temperature: 312.54 K, Total Energy: -30033.049931 eV
Step: 58820, Temperature: 295.84 K, Total Energy: -30033.138246 eV
Step: 58840, Temperature: 314.74 K, Total Energy: -30032.423301 eV
Step: 58860, Temperature: 298.69 K, Total Energy: -30032.809771 eV
Step: 58880, Temperature: 292.79 K, Total Energy: -30033.020766 eV
Step: 58900, Temperature: 292.06 K, Total Energy: -30032.886374 eV
Step: 58920, Temperature: 295.36 K, Total Energy: -30032.857391 eV
Step: 58940, Temperature: 282.62 K, Total Energy: -30032.353053 eV
Step: 58960, Temperature: 299.93 K, Total Energy: -30032.474267 eV
Step: 58980, Temperature: 298.57 K, Total Energy: -30032.699589 eV
Step: 59000, Temperature: 295.56 K, Total Energy: -30032.862057 eV
Step: 59020, Temperature: 322.99 K, Total Energy: -30032.736085 eV
Step: 59040, Temperature: 315.41 K, Total Energy: -30032.103742 eV
Step: 59060, Temperature: 337.61 K, Total Energy: -30031.869391 eV
Step: 59080, Temperature: 298.77 K, Total Energy: -30032.051901 eV
Step: 59100, Temperature: 331.90 K, Total Energy: -30031.995330 eV
Step: 59120, Temperature: 309.89 K, Total Energy: -30032.561217 eV
Step: 59140, Temperature: 311.76 K, Total Energy: -30032.856488 eV
Step: 59160, Temperature: 321.48 K, Total Energy: -30032.785220 eV
Step: 59180, Temperature: 300.12 K, Total Energy: -30032.766575 eV
Step: 59200, Temperature: 312.18 K, Total Energy: -30032.420321 eV
Step: 59220, Temperature: 314.84 K, Total Energy: -30032.145283 eV
Step: 59240, Temperature: 313.49 K, Total Energy: -30032.387684 eV
Step: 59260, Temperature: 329.45 K, Total Energy: -30032.081599 eV
Step: 59280, Temperature: 328.23 K, Total Energy: -30032.207415 eV
Step: 59300, Temperature: 330.59 K, Total Energy: -30032.182049 eV
Step: 59320, Temperature: 287.56 K, Total Energy: -30032.644710 eV
Step: 59340, Temperature: 312.82 K, Total Energy: -30032.404530 eV
Step: 59360, Temperature: 297.38 K, Total Energy: -30032.547268 eV
Step: 59380, Temperature: 311.26 K, Total Energy: -30032.400206 eV
Step: 59400, Temperature: 309.39 K, Total Energy: -30032.245391 eV
Step: 59420, Temperature: 324.49 K, Total Energy: -30031.628598 eV
Step: 59440, Temperature: 305.24 K, Total Energy: -30032.236962 eV
Step: 59460, Temperature: 328.08 K, Total Energy: -30032.533531 eV
Step: 59480, Temperature: 287.78 K, Total Energy: -30033.326531 eV
Step: 59500, Temperature: 275.22 K, Total Energy: -30033.560161 eV
Step: 59520, Temperature: 297.67 K, Total Energy: -30033.782366 eV
Step: 59540, Temperature: 284.02 K, Total Energy: -30033.384874 eV
Step: 59560, Temperature: 283.81 K, Total Energy: -30033.071640 eV
Step: 59580, Temperature: 283.58 K, Total Energy: -30032.487424 eV
Step: 59600, Temperature: 323.11 K, Total Energy: -30032.160723 eV
Step: 59620, Temperature: 315.67 K, Total Energy: -30031.866938 eV
Step: 59640, Temperature: 325.32 K, Total Energy: -30031.105939 eV
Step: 59660, Temperature: 300.70 K, Total Energy: -30031.418030 eV
Step: 59680, Temperature: 300.57 K, Total Energy: -30032.011213 eV
Step: 59700, Temperature: 307.37 K, Total Energy: -30032.110093 eV
Step: 59720, Temperature: 286.22 K, Total Energy: -30032.361489 eV
Step: 59740, Temperature: 325.65 K, Total Energy: -30031.615425 eV
Step: 59760, Temperature: 344.85 K, Total Energy: -30031.443423 eV
Step: 59780, Temperature: 343.31 K, Total Energy: -30031.487646 eV
Step: 59800, Temperature: 348.48 K, Total Energy: -30031.509666 eV
Step: 59820, Temperature: 307.50 K, Total Energy: -30032.018882 eV
Step: 59840, Temperature: 308.85 K, Total Energy: -30032.182698 eV
Step: 59860, Temperature: 302.91 K, Total Energy: -30032.716781 eV
Step: 59880, Temperature: 315.44 K, Total Energy: -30032.974240 eV
Step: 59900, Temperature: 309.25 K, Total Energy: -30032.907150 eV
Step: 59920, Temperature: 309.54 K, Total Energy: -30032.850966 eV
Step: 59940, Temperature: 310.72 K, Total Energy: -30032.860967 eV
Step: 59960, Temperature: 312.11 K, Total Energy: -30032.660223 eV
Step: 59980, Temperature: 332.26 K, Total Energy: -30032.306631 eV
Step: 60000, Temperature: 314.25 K, Total Energy: -30032.163902 eV
Step: 60020, Temperature: 303.81 K, Total Energy: -30032.878051 eV
Step: 60040, Temperature: 304.28 K, Total Energy: -30032.954266 eV
Step: 60060, Temperature: 309.05 K, Total Energy: -30033.085801 eV
Step: 60080, Temperature: 312.95 K, Total Energy: -30033.034048 eV
Step: 60100, Temperature: 316.94 K, Total Energy: -30032.597058 eV
Step: 60120, Temperature: 314.38 K, Total Energy: -30032.774014 eV
Step: 60140, Temperature: 330.49 K, Total Energy: -30032.841014 eV
Step: 60160, Temperature: 264.11 K, Total Energy: -30033.521403 eV
Step: 60180, Temperature: 300.39 K, Total Energy: -30033.490266 eV
Step: 60200, Temperature: 306.66 K, Total Energy: -30033.244924 eV
Step: 60220, Temperature: 281.21 K, Total Energy: -30033.487869 eV
Step: 60240, Temperature: 285.30 K, Total Energy: -30033.491827 eV
Step: 60260, Temperature: 309.61 K, Total Energy: -30032.835602 eV
Step: 60280, Temperature: 291.21 K, Total Energy: -30032.899812 eV
Step: 60300, Temperature: 292.08 K, Total Energy: -30032.165221 eV
Step: 60320, Temperature: 337.68 K, Total Energy: -30031.873379 eV
Step: 60340, Temperature: 321.51 K, Total Energy: -30031.835358 eV
Step: 60360, Temperature: 337.28 K, Total Energy: -30031.977050 eV
Step: 60380, Temperature: 322.10 K, Total Energy: -30032.160450 eV
Step: 60400, Temperature: 311.74 K, Total Energy: -30032.247585 eV
Step: 60420, Temperature: 283.34 K, Total Energy: -30032.718173 eV
Step: 60440, Temperature: 299.87 K, Total Energy: -30032.880053 eV
Step: 60460, Temperature: 308.41 K, Total Energy: -30032.254127 eV
Step: 60480, Temperature: 300.07 K, Total Energy: -30032.416231 eV
Step: 60500, Temperature: 316.27 K, Total Energy: -30032.594278 eV
Step: 60520, Temperature: 316.31 K, Total Energy: -30032.300187 eV
Step: 60540, Temperature: 286.53 K, Total Energy: -30033.025597 eV
Step: 60560, Temperature: 299.57 K, Total Energy: -30033.133588 eV
Step: 60580, Temperature: 284.09 K, Total Energy: -30033.062728 eV
Step: 60600, Temperature: 332.60 K, Total Energy: -30032.620571 eV
Step: 60620, Temperature: 300.08 K, Total Energy: -30033.058495 eV
Step: 60640, Temperature: 298.81 K, Total Energy: -30033.244396 eV
Step: 60660, Temperature: 268.67 K, Total Energy: -30033.302941 eV
Step: 60680, Temperature: 291.25 K, Total Energy: -30033.678153 eV
Step: 60700, Temperature: 288.76 K, Total Energy: -30034.231997 eV
Step: 60720, Temperature: 291.00 K, Total Energy: -30033.910879 eV
Step: 60740, Temperature: 299.00 K, Total Energy: -30033.731878 eV
Step: 60760, Temperature: 286.94 K, Total Energy: -30033.792916 eV
Step: 60780, Temperature: 295.53 K, Total Energy: -30033.325603 eV
Step: 60800, Temperature: 295.02 K, Total Energy: -30034.063020 eV
Step: 60820, Temperature: 299.09 K, Total Energy: -30033.919055 eV
Step: 60840, Temperature: 307.83 K, Total Energy: -30033.328934 eV
Step: 60860, Temperature: 297.15 K, Total Energy: -30033.389003 eV
Step: 60880, Temperature: 302.71 K, Total Energy: -30033.446312 eV
Step: 60900, Temperature: 295.20 K, Total Energy: -30034.107334 eV
Step: 60920, Temperature: 307.26 K, Total Energy: -30033.352854 eV
Step: 60940, Temperature: 301.56 K, Total Energy: -30032.769896 eV
Step: 60960, Temperature: 315.46 K, Total Energy: -30032.950219 eV
Step: 60980, Temperature: 310.54 K, Total Energy: -30032.427759 eV
Step: 61000, Temperature: 307.19 K, Total Energy: -30032.053865 eV
Step: 61020, Temperature: 300.29 K, Total Energy: -30032.168449 eV
Step: 61040, Temperature: 297.62 K, Total Energy: -30032.820803 eV
Step: 61060, Temperature: 288.97 K, Total Energy: -30033.238583 eV
Step: 61080, Temperature: 301.84 K, Total Energy: -30032.870348 eV
Step: 61100, Temperature: 286.15 K, Total Energy: -30033.341767 eV
Step: 61120, Temperature: 311.76 K, Total Energy: -30033.592723 eV
Step: 61140, Temperature: 295.27 K, Total Energy: -30033.560636 eV
Step: 61160, Temperature: 297.59 K, Total Energy: -30033.635926 eV
Step: 61180, Temperature: 322.59 K, Total Energy: -30033.343542 eV
Step: 61200, Temperature: 284.43 K, Total Energy: -30034.005400 eV
Step: 61220, Temperature: 283.76 K, Total Energy: -30033.582626 eV
Step: 61240, Temperature: 317.89 K, Total Energy: -30033.184881 eV
Step: 61260, Temperature: 298.93 K, Total Energy: -30033.003179 eV
Step: 61280, Temperature: 311.47 K, Total Energy: -30033.627304 eV
Step: 61300, Temperature: 281.31 K, Total Energy: -30033.416807 eV
Step: 61320, Temperature: 299.25 K, Total Energy: -30033.196169 eV
Step: 61340, Temperature: 303.67 K, Total Energy: -30033.004598 eV
Step: 61360, Temperature: 315.91 K, Total Energy: -30032.931278 eV
Step: 61380, Temperature: 337.92 K, Total Energy: -30032.851736 eV
Step: 61400, Temperature: 316.83 K, Total Energy: -30033.510002 eV
Step: 61420, Temperature: 292.61 K, Total Energy: -30033.548617 eV
Step: 61440, Temperature: 302.33 K, Total Energy: -30033.166793 eV
Step: 61460, Temperature: 290.94 K, Total Energy: -30033.896712 eV
Step: 61480, Temperature: 292.67 K, Total Energy: -30033.900658 eV
Step: 61500, Temperature: 291.17 K, Total Energy: -30034.086349 eV
Step: 61520, Temperature: 267.02 K, Total Energy: -30033.923841 eV
Step: 61540, Temperature: 277.26 K, Total Energy: -30033.646404 eV
Step: 61560, Temperature: 295.90 K, Total Energy: -30033.295100 eV
Step: 61580, Temperature: 281.85 K, Total Energy: -30033.581157 eV
Step: 61600, Temperature: 281.50 K, Total Energy: -30033.712908 eV
Step: 61620, Temperature: 306.72 K, Total Energy: -30033.721794 eV
Step: 61640, Temperature: 328.60 K, Total Energy: -30033.180837 eV
Step: 61660, Temperature: 283.26 K, Total Energy: -30033.587285 eV
Step: 61680, Temperature: 285.78 K, Total Energy: -30033.858622 eV
Step: 61700, Temperature: 299.53 K, Total Energy: -30033.687462 eV
Step: 61720, Temperature: 302.23 K, Total Energy: -30033.458319 eV
Step: 61740, Temperature: 281.49 K, Total Energy: -30033.814667 eV
Step: 61760, Temperature: 276.32 K, Total Energy: -30034.263324 eV
Step: 61780, Temperature: 264.93 K, Total Energy: -30034.659487 eV
Step: 61800, Temperature: 276.68 K, Total Energy: -30033.891284 eV
Step: 61820, Temperature: 296.15 K, Total Energy: -30033.671731 eV
Step: 61840, Temperature: 307.80 K, Total Energy: -30033.884364 eV
Step: 61860, Temperature: 286.63 K, Total Energy: -30034.089462 eV
Step: 61880, Temperature: 290.83 K, Total Energy: -30033.575110 eV
Step: 61900, Temperature: 287.83 K, Total Energy: -30033.085267 eV
Step: 61920, Temperature: 279.65 K, Total Energy: -30032.917156 eV
Step: 61940, Temperature: 293.52 K, Total Energy: -30033.027943 eV
Step: 61960, Temperature: 276.23 K, Total Energy: -30033.453021 eV
Step: 61980, Temperature: 292.35 K, Total Energy: -30033.900647 eV
Step: 62000, Temperature: 312.89 K, Total Energy: -30033.193723 eV
Step: 62020, Temperature: 313.14 K, Total Energy: -30033.370999 eV
Step: 62040, Temperature: 315.84 K, Total Energy: -30033.356931 eV
Step: 62060, Temperature: 304.49 K, Total Energy: -30033.337791 eV
Step: 62080, Temperature: 274.37 K, Total Energy: -30034.479895 eV
Step: 62100, Temperature: 278.34 K, Total Energy: -30034.683964 eV
Step: 62120, Temperature: 265.99 K, Total Energy: -30034.797137 eV
Step: 62140, Temperature: 286.53 K, Total Energy: -30034.889046 eV
Step: 62160, Temperature: 272.04 K, Total Energy: -30034.145069 eV
Step: 62180, Temperature: 258.80 K, Total Energy: -30034.616231 eV
Step: 62200, Temperature: 294.83 K, Total Energy: -30034.339157 eV
Step: 62220, Temperature: 289.51 K, Total Energy: -30034.168525 eV
Step: 62240, Temperature: 269.19 K, Total Energy: -30034.567302 eV
Step: 62260, Temperature: 287.41 K, Total Energy: -30034.275377 eV
Step: 62280, Temperature: 310.63 K, Total Energy: -30033.609049 eV
Step: 62300, Temperature: 316.53 K, Total Energy: -30033.718595 eV
Step: 62320, Temperature: 301.93 K, Total Energy: -30033.432539 eV
Step: 62340, Temperature: 319.98 K, Total Energy: -30033.060669 eV
Step: 62360, Temperature: 321.05 K, Total Energy: -30033.383752 eV
Step: 62380, Temperature: 303.68 K, Total Energy: -30033.484668 eV
Step: 62400, Temperature: 324.21 K, Total Energy: -30033.873619 eV
Step: 62420, Temperature: 277.17 K, Total Energy: -30033.564564 eV
Step: 62440, Temperature: 307.77 K, Total Energy: -30033.695777 eV
Step: 62460, Temperature: 318.97 K, Total Energy: -30033.677490 eV
Step: 62480, Temperature: 302.09 K, Total Energy: -30033.557568 eV
Step: 62500, Temperature: 307.91 K, Total Energy: -30033.583007 eV
Step: 62520, Temperature: 278.70 K, Total Energy: -30033.694558 eV
Step: 62540, Temperature: 282.83 K, Total Energy: -30033.808920 eV
Step: 62560, Temperature: 309.77 K, Total Energy: -30033.855025 eV
Step: 62580, Temperature: 304.91 K, Total Energy: -30034.014700 eV
Step: 62600, Temperature: 289.51 K, Total Energy: -30033.627442 eV
Step: 62620, Temperature: 274.10 K, Total Energy: -30034.537245 eV
Step: 62640, Temperature: 298.52 K, Total Energy: -30033.989761 eV
Step: 62660, Temperature: 318.96 K, Total Energy: -30034.072338 eV
Step: 62680, Temperature: 304.71 K, Total Energy: -30033.515849 eV
Step: 62700, Temperature: 283.53 K, Total Energy: -30033.711304 eV
Step: 62720, Temperature: 270.18 K, Total Energy: -30034.324109 eV
Step: 62740, Temperature: 256.61 K, Total Energy: -30034.856060 eV
Step: 62760, Temperature: 267.32 K, Total Energy: -30035.074580 eV
Step: 62780, Temperature: 272.82 K, Total Energy: -30034.527909 eV
Step: 62800, Temperature: 283.36 K, Total Energy: -30034.656941 eV
Step: 62820, Temperature: 291.81 K, Total Energy: -30034.636831 eV
Step: 62840, Temperature: 267.75 K, Total Energy: -30035.577733 eV
Step: 62860, Temperature: 271.47 K, Total Energy: -30035.446201 eV
Step: 62880, Temperature: 279.72 K, Total Energy: -30035.272800 eV
Step: 62900, Temperature: 318.71 K, Total Energy: -30034.746476 eV
Step: 62920, Temperature: 278.04 K, Total Energy: -30035.156270 eV
Step: 62940, Temperature: 279.25 K, Total Energy: -30034.600843 eV
Step: 62960, Temperature: 293.64 K, Total Energy: -30034.013145 eV
Step: 62980, Temperature: 306.90 K, Total Energy: -30033.787801 eV
Step: 63000, Temperature: 294.67 K, Total Energy: -30034.384146 eV
Step: 63020, Temperature: 279.45 K, Total Energy: -30034.283377 eV
Step: 63040, Temperature: 314.24 K, Total Energy: -30034.627078 eV
Step: 63060, Temperature: 291.33 K, Total Energy: -30034.566629 eV
Step: 63080, Temperature: 272.53 K, Total Energy: -30034.675944 eV
Step: 63100, Temperature: 295.04 K, Total Energy: -30034.378851 eV
Step: 63120, Temperature: 292.94 K, Total Energy: -30034.593097 eV
Step: 63140, Temperature: 265.69 K, Total Energy: -30034.611229 eV
Step: 63160, Temperature: 266.26 K, Total Energy: -30034.151843 eV
Step: 63180, Temperature: 281.41 K, Total Energy: -30034.420268 eV
Step: 63200, Temperature: 262.49 K, Total Energy: -30034.692676 eV
Step: 63220, Temperature: 299.62 K, Total Energy: -30034.067896 eV
Step: 63240, Temperature: 278.87 K, Total Energy: -30034.319159 eV
Step: 63260, Temperature: 292.00 K, Total Energy: -30034.009074 eV
Step: 63280, Temperature: 286.27 K, Total Energy: -30034.371824 eV
Step: 63300, Temperature: 285.41 K, Total Energy: -30034.428340 eV
Step: 63320, Temperature: 292.43 K, Total Energy: -30034.457336 eV
Step: 63340, Temperature: 316.59 K, Total Energy: -30033.512043 eV
Step: 63360, Temperature: 288.63 K, Total Energy: -30033.989136 eV
Step: 63380, Temperature: 299.09 K, Total Energy: -30034.370091 eV
Step: 63400, Temperature: 292.36 K, Total Energy: -30034.957240 eV
Step: 63420, Temperature: 265.61 K, Total Energy: -30035.183483 eV
Step: 63440, Temperature: 281.84 K, Total Energy: -30034.392015 eV
Step: 63460, Temperature: 302.19 K, Total Energy: -30033.722982 eV
Step: 63480, Temperature: 290.54 K, Total Energy: -30033.857794 eV
Step: 63500, Temperature: 294.31 K, Total Energy: -30033.316906 eV
Step: 63520, Temperature: 327.50 K, Total Energy: -30032.811619 eV
Step: 63540, Temperature: 309.07 K, Total Energy: -30033.184933 eV
Step: 63560, Temperature: 288.37 K, Total Energy: -30033.524812 eV
Step: 63580, Temperature: 300.30 K, Total Energy: -30033.631203 eV
Step: 63600, Temperature: 306.59 K, Total Energy: -30033.324642 eV
Step: 63620, Temperature: 291.32 K, Total Energy: -30033.545497 eV
Step: 63640, Temperature: 304.07 K, Total Energy: -30033.474998 eV
Step: 63660, Temperature: 319.52 K, Total Energy: -30033.117153 eV
Step: 63680, Temperature: 291.14 K, Total Energy: -30033.128147 eV
Step: 63700, Temperature: 278.90 K, Total Energy: -30033.580154 eV
Step: 63720, Temperature: 286.54 K, Total Energy: -30033.703232 eV
Step: 63740, Temperature: 284.40 K, Total Energy: -30033.799272 eV
Step: 63760, Temperature: 287.72 K, Total Energy: -30033.744043 eV
Step: 63780, Temperature: 288.72 K, Total Energy: -30033.940145 eV
Step: 63800, Temperature: 298.69 K, Total Energy: -30033.397713 eV
Step: 63820, Temperature: 312.13 K, Total Energy: -30033.554388 eV
Step: 63840, Temperature: 301.02 K, Total Energy: -30033.468700 eV
Step: 63860, Temperature: 315.41 K, Total Energy: -30033.129242 eV
Step: 63880, Temperature: 298.29 K, Total Energy: -30032.899716 eV
Step: 63900, Temperature: 308.90 K, Total Energy: -30032.874831 eV
Step: 63920, Temperature: 314.27 K, Total Energy: -30032.811835 eV
Step: 63940, Temperature: 321.87 K, Total Energy: -30032.961173 eV
Step: 63960, Temperature: 277.60 K, Total Energy: -30033.198507 eV
Step: 63980, Temperature: 293.75 K, Total Energy: -30033.303559 eV
Step: 64000, Temperature: 307.16 K, Total Energy: -30033.093634 eV
Step: 64020, Temperature: 292.68 K, Total Energy: -30032.792969 eV
Step: 64040, Temperature: 295.80 K, Total Energy: -30033.444091 eV
Step: 64060, Temperature: 311.44 K, Total Energy: -30032.776677 eV
Step: 64080, Temperature: 291.41 K, Total Energy: -30033.215189 eV
Step: 64100, Temperature: 303.53 K, Total Energy: -30033.412211 eV
Step: 64120, Temperature: 305.19 K, Total Energy: -30033.208915 eV
Step: 64140, Temperature: 312.80 K, Total Energy: -30032.893105 eV
Step: 64160, Temperature: 333.91 K, Total Energy: -30032.689557 eV
Step: 64180, Temperature: 315.88 K, Total Energy: -30032.883287 eV
Step: 64200, Temperature: 303.98 K, Total Energy: -30033.518234 eV
Step: 64220, Temperature: 332.95 K, Total Energy: -30033.264158 eV
Step: 64240, Temperature: 319.84 K, Total Energy: -30033.136420 eV
Step: 64260, Temperature: 293.89 K, Total Energy: -30034.151634 eV
Step: 64280, Temperature: 274.44 K, Total Energy: -30034.278699 eV
Step: 64300, Temperature: 274.37 K, Total Energy: -30034.686854 eV
Step: 64320, Temperature: 279.55 K, Total Energy: -30034.646243 eV
Step: 64340, Temperature: 295.68 K, Total Energy: -30034.411787 eV
Step: 64360, Temperature: 318.12 K, Total Energy: -30034.253368 eV
Step: 64380, Temperature: 276.51 K, Total Energy: -30034.737216 eV
Step: 64400, Temperature: 270.96 K, Total Energy: -30035.185610 eV
Step: 64420, Temperature: 298.88 K, Total Energy: -30034.869525 eV
Step: 64440, Temperature: 292.53 K, Total Energy: -30034.380626 eV
Step: 64460, Temperature: 317.36 K, Total Energy: -30033.881530 eV
Step: 64480, Temperature: 287.13 K, Total Energy: -30033.918917 eV
Step: 64500, Temperature: 293.62 K, Total Energy: -30034.375009 eV
Step: 64520, Temperature: 317.59 K, Total Energy: -30034.268388 eV
Step: 64540, Temperature: 281.30 K, Total Energy: -30034.036323 eV
Step: 64560, Temperature: 269.92 K, Total Energy: -30033.842101 eV
Step: 64580, Temperature: 285.14 K, Total Energy: -30033.942948 eV
Step: 64600, Temperature: 316.24 K, Total Energy: -30033.399648 eV
Step: 64620, Temperature: 301.58 K, Total Energy: -30033.495821 eV
Step: 64640, Temperature: 306.00 K, Total Energy: -30033.227946 eV
Step: 64660, Temperature: 327.88 K, Total Energy: -30033.028639 eV
Step: 64680, Temperature: 300.76 K, Total Energy: -30033.674545 eV
Step: 64700, Temperature: 321.16 K, Total Energy: -30033.166216 eV
Step: 64720, Temperature: 316.87 K, Total Energy: -30033.610492 eV
Step: 64740, Temperature: 299.82 K, Total Energy: -30033.893180 eV
Step: 64760, Temperature: 301.46 K, Total Energy: -30033.823037 eV
Step: 64780, Temperature: 335.57 K, Total Energy: -30033.962992 eV
Step: 64800, Temperature: 278.13 K, Total Energy: -30034.306295 eV
Step: 64820, Temperature: 286.85 K, Total Energy: -30034.265632 eV
Step: 64840, Temperature: 317.32 K, Total Energy: -30033.271284 eV
Step: 64860, Temperature: 315.84 K, Total Energy: -30033.206397 eV
Step: 64880, Temperature: 309.26 K, Total Energy: -30033.176308 eV
Step: 64900, Temperature: 315.26 K, Total Energy: -30033.500189 eV
Step: 64920, Temperature: 299.54 K, Total Energy: -30033.972182 eV
Step: 64940, Temperature: 290.40 K, Total Energy: -30034.685500 eV
Step: 64960, Temperature: 285.16 K, Total Energy: -30034.635914 eV
Step: 64980, Temperature: 277.97 K, Total Energy: -30035.138505 eV
Step: 65000, Temperature: 284.63 K, Total Energy: -30035.014172 eV
Step: 65020, Temperature: 273.90 K, Total Energy: -30034.727872 eV
Step: 65040, Temperature: 303.95 K, Total Energy: -30034.605045 eV
Step: 65060, Temperature: 294.44 K, Total Energy: -30034.385850 eV
Step: 65080, Temperature: 295.31 K, Total Energy: -30034.848692 eV
Step: 65100, Temperature: 281.26 K, Total Energy: -30034.553027 eV
Step: 65120, Temperature: 291.11 K, Total Energy: -30033.968674 eV
Step: 65140, Temperature: 316.67 K, Total Energy: -30033.504291 eV
Step: 65160, Temperature: 304.78 K, Total Energy: -30033.699618 eV
Step: 65180, Temperature: 301.49 K, Total Energy: -30033.806652 eV
Step: 65200, Temperature: 317.74 K, Total Energy: -30033.641578 eV
Step: 65220, Temperature: 291.37 K, Total Energy: -30033.882171 eV
Step: 65240, Temperature: 299.69 K, Total Energy: -30033.849405 eV
Step: 65260, Temperature: 257.94 K, Total Energy: -30034.444068 eV
Step: 65280, Temperature: 303.71 K, Total Energy: -30034.075859 eV
Step: 65300, Temperature: 293.53 K, Total Energy: -30034.607884 eV
Step: 65320, Temperature: 289.64 K, Total Energy: -30034.674958 eV
Step: 65340, Temperature: 306.63 K, Total Energy: -30034.520833 eV
Step: 65360, Temperature: 292.72 K, Total Energy: -30035.200117 eV
Step: 65380, Temperature: 290.73 K, Total Energy: -30034.919425 eV
Step: 65400, Temperature: 279.69 K, Total Energy: -30034.292989 eV
Step: 65420, Temperature: 282.18 K, Total Energy: -30034.043775 eV
Step: 65440, Temperature: 275.27 K, Total Energy: -30034.025712 eV
Step: 65460, Temperature: 292.25 K, Total Energy: -30033.624036 eV
Step: 65480, Temperature: 277.34 K, Total Energy: -30034.310458 eV
Step: 65500, Temperature: 257.94 K, Total Energy: -30034.379640 eV
Step: 65520, Temperature: 273.63 K, Total Energy: -30034.437550 eV
Step: 65540, Temperature: 303.62 K, Total Energy: -30034.396463 eV
Step: 65560, Temperature: 271.36 K, Total Energy: -30034.636483 eV
Step: 65580, Temperature: 278.66 K, Total Energy: -30034.080391 eV
Step: 65600, Temperature: 293.64 K, Total Energy: -30034.542636 eV
Step: 65620, Temperature: 301.00 K, Total Energy: -30034.006383 eV
Step: 65640, Temperature: 274.29 K, Total Energy: -30034.639904 eV
Step: 65660, Temperature: 281.18 K, Total Energy: -30034.330334 eV
Step: 65680, Temperature: 281.14 K, Total Energy: -30034.743422 eV
Step: 65700, Temperature: 276.28 K, Total Energy: -30034.325026 eV
Step: 65720, Temperature: 288.74 K, Total Energy: -30033.914135 eV
Step: 65740, Temperature: 276.04 K, Total Energy: -30034.114032 eV
Step: 65760, Temperature: 306.74 K, Total Energy: -30034.055367 eV
Step: 65780, Temperature: 293.09 K, Total Energy: -30033.913573 eV
Step: 65800, Temperature: 261.35 K, Total Energy: -30034.509897 eV
Step: 65820, Temperature: 293.69 K, Total Energy: -30033.681992 eV
Step: 65840, Temperature: 299.53 K, Total Energy: -30033.894321 eV
Step: 65860, Temperature: 291.19 K, Total Energy: -30034.357249 eV
Step: 65880, Temperature: 278.94 K, Total Energy: -30034.469920 eV
Step: 65900, Temperature: 260.98 K, Total Energy: -30035.271126 eV
Step: 65920, Temperature: 279.02 K, Total Energy: -30034.663248 eV
Step: 65940, Temperature: 265.47 K, Total Energy: -30034.759170 eV
Step: 65960, Temperature: 280.45 K, Total Energy: -30034.584709 eV
Step: 65980, Temperature: 286.46 K, Total Energy: -30034.945400 eV
Step: 66000, Temperature: 286.82 K, Total Energy: -30034.762607 eV
Step: 66020, Temperature: 286.10 K, Total Energy: -30034.141781 eV
Step: 66040, Temperature: 291.83 K, Total Energy: -30033.960474 eV
Step: 66060, Temperature: 281.93 K, Total Energy: -30034.048107 eV
Step: 66080, Temperature: 296.43 K, Total Energy: -30034.108102 eV
Step: 66100, Temperature: 270.59 K, Total Energy: -30034.743531 eV
Step: 66120, Temperature: 299.13 K, Total Energy: -30034.490197 eV
Step: 66140, Temperature: 285.11 K, Total Energy: -30034.525787 eV
Step: 66160, Temperature: 288.00 K, Total Energy: -30034.643420 eV
Step: 66180, Temperature: 278.90 K, Total Energy: -30034.013754 eV
Step: 66200, Temperature: 302.49 K, Total Energy: -30033.313050 eV
Step: 66220, Temperature: 326.14 K, Total Energy: -30033.263382 eV
Step: 66240, Temperature: 291.80 K, Total Energy: -30033.990577 eV
Step: 66260, Temperature: 271.81 K, Total Energy: -30034.494504 eV
Step: 66280, Temperature: 274.67 K, Total Energy: -30034.591419 eV
Step: 66300, Temperature: 322.59 K, Total Energy: -30033.589776 eV
Step: 66320, Temperature: 316.31 K, Total Energy: -30033.509261 eV
Step: 66340, Temperature: 320.10 K, Total Energy: -30033.383808 eV
Step: 66360, Temperature: 303.93 K, Total Energy: -30033.574158 eV
Step: 66380, Temperature: 323.90 K, Total Energy: -30033.172461 eV
Step: 66400, Temperature: 290.73 K, Total Energy: -30033.095274 eV
Step: 66420, Temperature: 330.87 K, Total Energy: -30032.796195 eV
Step: 66440, Temperature: 321.49 K, Total Energy: -30032.736240 eV
Step: 66460, Temperature: 302.29 K, Total Energy: -30032.242042 eV
Step: 66480, Temperature: 310.12 K, Total Energy: -30032.815280 eV
Step: 66500, Temperature: 309.24 K, Total Energy: -30032.760844 eV
Step: 66520, Temperature: 273.40 K, Total Energy: -30033.183605 eV
Step: 66540, Temperature: 310.27 K, Total Energy: -30033.016634 eV
Step: 66560, Temperature: 321.21 K, Total Energy: -30033.096528 eV
Step: 66580, Temperature: 299.83 K, Total Energy: -30033.080400 eV
Step: 66600, Temperature: 291.54 K, Total Energy: -30033.037947 eV
Step: 66620, Temperature: 327.14 K, Total Energy: -30032.650552 eV
Step: 66640, Temperature: 323.40 K, Total Energy: -30032.407501 eV
Step: 66660, Temperature: 311.88 K, Total Energy: -30032.277247 eV
Step: 66680, Temperature: 289.16 K, Total Energy: -30032.149836 eV
Step: 66700, Temperature: 317.48 K, Total Energy: -30031.589444 eV
Step: 66720, Temperature: 320.76 K, Total Energy: -30031.228880 eV
Step: 66740, Temperature: 326.99 K, Total Energy: -30031.914058 eV
Step: 66760, Temperature: 307.81 K, Total Energy: -30032.216209 eV
Step: 66780, Temperature: 310.80 K, Total Energy: -30032.612741 eV
Step: 66800, Temperature: 303.48 K, Total Energy: -30032.327732 eV
Step: 66820, Temperature: 321.78 K, Total Energy: -30032.639124 eV
Step: 66840, Temperature: 305.32 K, Total Energy: -30032.569014 eV
Step: 66860, Temperature: 295.79 K, Total Energy: -30032.350495 eV
Step: 66880, Temperature: 313.70 K, Total Energy: -30032.093592 eV
Step: 66900, Temperature: 314.91 K, Total Energy: -30031.508811 eV
Step: 66920, Temperature: 302.41 K, Total Energy: -30032.508446 eV
Step: 66940, Temperature: 292.94 K, Total Energy: -30032.573556 eV
Step: 66960, Temperature: 296.09 K, Total Energy: -30032.106696 eV
Step: 66980, Temperature: 311.00 K, Total Energy: -30031.668232 eV
Step: 67000, Temperature: 318.20 K, Total Energy: -30031.505352 eV
Step: 67020, Temperature: 313.46 K, Total Energy: -30032.036912 eV
Step: 67040, Temperature: 304.16 K, Total Energy: -30032.791350 eV
Step: 67060, Temperature: 283.73 K, Total Energy: -30032.800127 eV
Step: 67080, Temperature: 280.41 K, Total Energy: -30033.068233 eV
Step: 67100, Temperature: 314.17 K, Total Energy: -30032.464664 eV
Step: 67120, Temperature: 332.46 K, Total Energy: -30032.436563 eV
Step: 67140, Temperature: 294.83 K, Total Energy: -30033.098980 eV
Step: 67160, Temperature: 296.70 K, Total Energy: -30033.273138 eV
Step: 67180, Temperature: 283.90 K, Total Energy: -30033.462071 eV
Step: 67200, Temperature: 277.18 K, Total Energy: -30034.167852 eV
Step: 67220, Temperature: 260.42 K, Total Energy: -30034.339617 eV
Step: 67240, Temperature: 285.89 K, Total Energy: -30033.881468 eV
Step: 67260, Temperature: 266.02 K, Total Energy: -30033.853066 eV
Step: 67280, Temperature: 306.44 K, Total Energy: -30033.814713 eV
Step: 67300, Temperature: 262.51 K, Total Energy: -30034.647073 eV
Step: 67320, Temperature: 284.70 K, Total Energy: -30034.559262 eV
Step: 67340, Temperature: 274.61 K, Total Energy: -30034.249118 eV
Step: 67360, Temperature: 282.12 K, Total Energy: -30034.199443 eV
Step: 67380, Temperature: 302.02 K, Total Energy: -30034.547385 eV
Step: 67400, Temperature: 330.01 K, Total Energy: -30033.966093 eV
Step: 67420, Temperature: 298.03 K, Total Energy: -30033.605512 eV
Step: 67440, Temperature: 312.34 K, Total Energy: -30033.668264 eV
Step: 67460, Temperature: 301.84 K, Total Energy: -30033.958247 eV
Step: 67480, Temperature: 291.64 K, Total Energy: -30034.404666 eV
Step: 67500, Temperature: 300.77 K, Total Energy: -30033.658646 eV
Step: 67520, Temperature: 309.42 K, Total Energy: -30034.451702 eV
Step: 67540, Temperature: 286.72 K, Total Energy: -30034.517057 eV
Step: 67560, Temperature: 284.71 K, Total Energy: -30034.131352 eV
Step: 67580, Temperature: 291.20 K, Total Energy: -30034.753475 eV
Step: 67600, Temperature: 272.89 K, Total Energy: -30034.498878 eV
Step: 67620, Temperature: 294.45 K, Total Energy: -30034.518597 eV
Step: 67640, Temperature: 279.52 K, Total Energy: -30034.508189 eV
Step: 67660, Temperature: 299.68 K, Total Energy: -30034.363250 eV
Step: 67680, Temperature: 300.91 K, Total Energy: -30034.221555 eV
Step: 67700, Temperature: 290.44 K, Total Energy: -30034.133571 eV
Step: 67720, Temperature: 299.67 K, Total Energy: -30034.183930 eV
Step: 67740, Temperature: 302.51 K, Total Energy: -30034.148460 eV
Step: 67760, Temperature: 301.47 K, Total Energy: -30034.232909 eV
Step: 67780, Temperature: 315.17 K, Total Energy: -30034.250334 eV
Step: 67800, Temperature: 282.55 K, Total Energy: -30034.786635 eV
Step: 67820, Temperature: 271.39 K, Total Energy: -30034.815495 eV
Step: 67840, Temperature: 271.72 K, Total Energy: -30035.233134 eV
Step: 67860, Temperature: 251.62 K, Total Energy: -30035.237810 eV
Step: 67880, Temperature: 262.82 K, Total Energy: -30035.065332 eV
Step: 67900, Temperature: 258.23 K, Total Energy: -30035.263066 eV
Step: 67920, Temperature: 279.17 K, Total Energy: -30034.925076 eV
Step: 67940, Temperature: 277.26 K, Total Energy: -30034.626754 eV
Step: 67960, Temperature: 278.89 K, Total Energy: -30034.600100 eV
Step: 67980, Temperature: 274.08 K, Total Energy: -30034.746684 eV
Step: 68000, Temperature: 270.56 K, Total Energy: -30034.613401 eV
Step: 68020, Temperature: 287.29 K, Total Energy: -30033.788010 eV
Step: 68040, Temperature: 309.91 K, Total Energy: -30033.089859 eV
Step: 68060, Temperature: 350.22 K, Total Energy: -30032.626507 eV
Step: 68080, Temperature: 299.37 K, Total Energy: -30033.097539 eV
Step: 68100, Temperature: 284.97 K, Total Energy: -30033.415819 eV
Step: 68120, Temperature: 295.45 K, Total Energy: -30033.775073 eV
Step: 68140, Temperature: 294.92 K, Total Energy: -30033.749077 eV
Step: 68160, Temperature: 271.50 K, Total Energy: -30033.396661 eV
Step: 68180, Temperature: 314.66 K, Total Energy: -30032.968146 eV
Step: 68200, Temperature: 345.42 K, Total Energy: -30032.538671 eV
Step: 68220, Temperature: 314.49 K, Total Energy: -30032.691146 eV
Step: 68240, Temperature: 334.23 K, Total Energy: -30032.707021 eV
Step: 68260, Temperature: 325.89 K, Total Energy: -30032.371169 eV
Step: 68280, Temperature: 315.71 K, Total Energy: -30031.803409 eV
Step: 68300, Temperature: 325.31 K, Total Energy: -30031.840435 eV
Step: 68320, Temperature: 351.48 K, Total Energy: -30031.958697 eV
Step: 68340, Temperature: 312.59 K, Total Energy: -30031.916081 eV
Step: 68360, Temperature: 309.41 K, Total Energy: -30032.049700 eV
Step: 68380, Temperature: 321.98 K, Total Energy: -30032.204502 eV
Step: 68400, Temperature: 333.44 K, Total Energy: -30032.167953 eV
Step: 68420, Temperature: 330.81 K, Total Energy: -30032.450232 eV
Step: 68440, Temperature: 316.76 K, Total Energy: -30032.638753 eV
Step: 68460, Temperature: 304.58 K, Total Energy: -30033.042464 eV
Step: 68480, Temperature: 311.09 K, Total Energy: -30033.269686 eV
Step: 68500, Temperature: 290.90 K, Total Energy: -30033.366376 eV
Step: 68520, Temperature: 295.20 K, Total Energy: -30033.269343 eV
Step: 68540, Temperature: 280.55 K, Total Energy: -30033.967036 eV
Step: 68560, Temperature: 278.43 K, Total Energy: -30034.046980 eV
Step: 68580, Temperature: 258.80 K, Total Energy: -30034.284155 eV
Step: 68600, Temperature: 295.53 K, Total Energy: -30034.052360 eV
Step: 68620, Temperature: 274.84 K, Total Energy: -30033.706306 eV
Step: 68640, Temperature: 255.38 K, Total Energy: -30033.746078 eV
Step: 68660, Temperature: 268.46 K, Total Energy: -30034.267014 eV
Step: 68680, Temperature: 276.65 K, Total Energy: -30033.931066 eV
Step: 68700, Temperature: 298.91 K, Total Energy: -30033.251662 eV
Step: 68720, Temperature: 303.03 K, Total Energy: -30033.338856 eV
Step: 68740, Temperature: 303.21 K, Total Energy: -30032.590237 eV
Step: 68760, Temperature: 329.20 K, Total Energy: -30032.546785 eV
Step: 68780, Temperature: 297.68 K, Total Energy: -30032.053696 eV
Step: 68800, Temperature: 304.92 K, Total Energy: -30032.370085 eV
Step: 68820, Temperature: 294.11 K, Total Energy: -30032.620839 eV
Step: 68840, Temperature: 312.86 K, Total Energy: -30032.114462 eV
Step: 68860, Temperature: 292.62 K, Total Energy: -30033.138246 eV
Step: 68880, Temperature: 271.60 K, Total Energy: -30032.710682 eV
Step: 68900, Temperature: 286.14 K, Total Energy: -30032.808699 eV
Step: 68920, Temperature: 279.76 K, Total Energy: -30032.863672 eV
Step: 68940, Temperature: 262.18 K, Total Energy: -30033.036191 eV
Step: 68960, Temperature: 272.43 K, Total Energy: -30033.145172 eV
Step: 68980, Temperature: 280.43 K, Total Energy: -30033.048183 eV
Step: 69000, Temperature: 312.51 K, Total Energy: -30032.959044 eV
Step: 69020, Temperature: 312.48 K, Total Energy: -30032.442263 eV
Step: 69040, Temperature: 316.77 K, Total Energy: -30032.349414 eV
Step: 69060, Temperature: 318.59 K, Total Energy: -30031.690856 eV
Step: 69080, Temperature: 332.62 K, Total Energy: -30031.733351 eV
Step: 69100, Temperature: 322.81 K, Total Energy: -30031.801118 eV
Step: 69120, Temperature: 305.10 K, Total Energy: -30032.164399 eV
Step: 69140, Temperature: 318.41 K, Total Energy: -30032.279249 eV
Step: 69160, Temperature: 307.77 K, Total Energy: -30031.885129 eV
Step: 69180, Temperature: 320.94 K, Total Energy: -30031.542770 eV
Step: 69200, Temperature: 307.36 K, Total Energy: -30031.377794 eV
Step: 69220, Temperature: 341.19 K, Total Energy: -30032.290138 eV
Step: 69240, Temperature: 327.64 K, Total Energy: -30032.485819 eV
Step: 69260, Temperature: 315.47 K, Total Energy: -30032.659093 eV
Step: 69280, Temperature: 317.21 K, Total Energy: -30032.969204 eV
Step: 69300, Temperature: 283.26 K, Total Energy: -30033.962340 eV
Step: 69320, Temperature: 291.23 K, Total Energy: -30033.719488 eV
Step: 69340, Temperature: 291.02 K, Total Energy: -30033.254019 eV
Step: 69360, Temperature: 279.35 K, Total Energy: -30033.239010 eV
Step: 69380, Temperature: 288.13 K, Total Energy: -30033.499680 eV
Step: 69400, Temperature: 321.94 K, Total Energy: -30033.058883 eV
Step: 69420, Temperature: 280.70 K, Total Energy: -30033.496453 eV
Step: 69440, Temperature: 293.18 K, Total Energy: -30034.155637 eV
Step: 69460, Temperature: 269.08 K, Total Energy: -30034.003556 eV
Step: 69480, Temperature: 288.04 K, Total Energy: -30033.734315 eV
Step: 69500, Temperature: 301.74 K, Total Energy: -30033.947086 eV
Step: 69520, Temperature: 302.94 K, Total Energy: -30033.901699 eV
Step: 69540, Temperature: 295.89 K, Total Energy: -30033.908664 eV
Step: 69560, Temperature: 273.97 K, Total Energy: -30034.354812 eV
Step: 69580, Temperature: 268.32 K, Total Energy: -30034.165196 eV
Step: 69600, Temperature: 287.16 K, Total Energy: -30034.252246 eV
Step: 69620, Temperature: 267.94 K, Total Energy: -30033.807254 eV
Step: 69640, Temperature: 323.42 K, Total Energy: -30033.139516 eV
Step: 69660, Temperature: 296.41 K, Total Energy: -30033.176925 eV
Step: 69680, Temperature: 327.17 K, Total Energy: -30032.843233 eV
Step: 69700, Temperature: 309.60 K, Total Energy: -30032.714840 eV
Step: 69720, Temperature: 302.68 K, Total Energy: -30033.167708 eV
Step: 69740, Temperature: 344.98 K, Total Energy: -30032.598397 eV
Step: 69760, Temperature: 344.48 K, Total Energy: -30032.573649 eV
Step: 69780, Temperature: 316.04 K, Total Energy: -30032.551002 eV
Step: 69800, Temperature: 307.78 K, Total Energy: -30033.418208 eV
Step: 69820, Temperature: 318.30 K, Total Energy: -30033.250904 eV
Step: 69840, Temperature: 278.41 K, Total Energy: -30033.430381 eV
Step: 69860, Temperature: 291.06 K, Total Energy: -30033.352673 eV
Step: 69880, Temperature: 321.26 K, Total Energy: -30033.583707 eV
Step: 69900, Temperature: 292.15 K, Total Energy: -30033.253332 eV
Step: 69920, Temperature: 287.88 K, Total Energy: -30032.835841 eV
Step: 69940, Temperature: 299.24 K, Total Energy: -30033.005228 eV
Step: 69960, Temperature: 320.90 K, Total Energy: -30032.828809 eV
Step: 69980, Temperature: 327.80 K, Total Energy: -30032.692843 eV
Step: 70000, Temperature: 311.81 K, Total Energy: -30032.831718 eV
Step: 70020, Temperature: 297.52 K, Total Energy: -30033.016560 eV
Step: 70040, Temperature: 322.52 K, Total Energy: -30033.064050 eV
Step: 70060, Temperature: 285.96 K, Total Energy: -30033.086781 eV
Step: 70080, Temperature: 299.62 K, Total Energy: -30032.851164 eV
Step: 70100, Temperature: 294.49 K, Total Energy: -30033.376968 eV
Step: 70120, Temperature: 300.21 K, Total Energy: -30033.531953 eV
Step: 70140, Temperature: 311.82 K, Total Energy: -30033.626461 eV
Step: 70160, Temperature: 302.10 K, Total Energy: -30033.309097 eV
Step: 70180, Temperature: 287.75 K, Total Energy: -30032.526681 eV
Step: 70200, Temperature: 311.88 K, Total Energy: -30032.212918 eV
Step: 70220, Temperature: 316.82 K, Total Energy: -30032.186060 eV
Step: 70240, Temperature: 335.45 K, Total Energy: -30032.038089 eV
Step: 70260, Temperature: 322.03 K, Total Energy: -30032.312545 eV
Step: 70280, Temperature: 342.26 K, Total Energy: -30032.376922 eV
Step: 70300, Temperature: 330.70 K, Total Energy: -30032.025035 eV
Step: 70320, Temperature: 329.98 K, Total Energy: -30032.083906 eV
Step: 70340, Temperature: 325.53 K, Total Energy: -30032.221829 eV
Step: 70360, Temperature: 315.89 K, Total Energy: -30032.523566 eV
Step: 70380, Temperature: 325.32 K, Total Energy: -30032.283759 eV
Step: 70400, Temperature: 321.83 K, Total Energy: -30033.090910 eV
Step: 70420, Temperature: 306.91 K, Total Energy: -30033.490600 eV
Step: 70440, Temperature: 311.43 K, Total Energy: -30033.835523 eV
Step: 70460, Temperature: 282.43 K, Total Energy: -30033.746451 eV
Step: 70480, Temperature: 336.63 K, Total Energy: -30032.790085 eV
Step: 70500, Temperature: 306.37 K, Total Energy: -30032.603555 eV
Step: 70520, Temperature: 299.23 K, Total Energy: -30033.183149 eV
Step: 70540, Temperature: 314.45 K, Total Energy: -30033.442005 eV
Step: 70560, Temperature: 304.31 K, Total Energy: -30033.545324 eV
Step: 70580, Temperature: 301.60 K, Total Energy: -30033.620460 eV
Step: 70600, Temperature: 329.43 K, Total Energy: -30033.357503 eV
Step: 70620, Temperature: 291.43 K, Total Energy: -30033.318103 eV
Step: 70640, Temperature: 303.01 K, Total Energy: -30033.532719 eV
Step: 70660, Temperature: 303.21 K, Total Energy: -30033.982815 eV
Step: 70680, Temperature: 284.70 K, Total Energy: -30033.850425 eV
Step: 70700, Temperature: 305.65 K, Total Energy: -30033.582460 eV
Step: 70720, Temperature: 318.85 K, Total Energy: -30033.364126 eV
Step: 70740, Temperature: 310.02 K, Total Energy: -30033.761092 eV
Step: 70760, Temperature: 285.66 K, Total Energy: -30034.310844 eV
Step: 70780, Temperature: 293.28 K, Total Energy: -30034.342512 eV
Step: 70800, Temperature: 300.16 K, Total Energy: -30034.265558 eV
Step: 70820, Temperature: 299.63 K, Total Energy: -30033.956502 eV
Step: 70840, Temperature: 302.54 K, Total Energy: -30033.653800 eV
Step: 70860, Temperature: 291.82 K, Total Energy: -30033.954910 eV
Step: 70880, Temperature: 289.01 K, Total Energy: -30033.868487 eV
Step: 70900, Temperature: 276.98 K, Total Energy: -30034.063494 eV
Step: 70920, Temperature: 286.12 K, Total Energy: -30034.278004 eV
Step: 70940, Temperature: 289.55 K, Total Energy: -30033.667491 eV
Step: 70960, Temperature: 314.18 K, Total Energy: -30033.476183 eV
Step: 70980, Temperature: 278.05 K, Total Energy: -30033.694974 eV
Step: 71000, Temperature: 284.65 K, Total Energy: -30034.257936 eV
Step: 71020, Temperature: 300.06 K, Total Energy: -30034.713307 eV
Step: 71040, Temperature: 277.98 K, Total Energy: -30034.909739 eV
Step: 71060, Temperature: 276.36 K, Total Energy: -30034.729185 eV
Step: 71080, Temperature: 297.30 K, Total Energy: -30034.819020 eV
Step: 71100, Temperature: 264.45 K, Total Energy: -30034.692806 eV
Step: 71120, Temperature: 293.17 K, Total Energy: -30034.739636 eV
Step: 71140, Temperature: 315.69 K, Total Energy: -30034.223722 eV
Step: 71160, Temperature: 294.83 K, Total Energy: -30034.161357 eV
Step: 71180, Temperature: 304.55 K, Total Energy: -30034.330308 eV
Step: 71200, Temperature: 318.75 K, Total Energy: -30033.968278 eV
Step: 71220, Temperature: 322.41 K, Total Energy: -30033.371617 eV
Step: 71240, Temperature: 324.27 K, Total Energy: -30033.442532 eV
Step: 71260, Temperature: 290.47 K, Total Energy: -30034.310633 eV
Step: 71280, Temperature: 280.20 K, Total Energy: -30034.407428 eV
Step: 71300, Temperature: 276.62 K, Total Energy: -30034.451299 eV
Step: 71320, Temperature: 316.30 K, Total Energy: -30034.642197 eV
Step: 71340, Temperature: 284.94 K, Total Energy: -30034.643206 eV
Step: 71360, Temperature: 299.96 K, Total Energy: -30034.028319 eV
Step: 71380, Temperature: 311.74 K, Total Energy: -30033.888235 eV
Step: 71400, Temperature: 297.12 K, Total Energy: -30034.553795 eV
Step: 71420, Temperature: 292.42 K, Total Energy: -30034.830747 eV
Step: 71440, Temperature: 272.86 K, Total Energy: -30034.882569 eV
Step: 71460, Temperature: 302.42 K, Total Energy: -30034.086451 eV
Step: 71480, Temperature: 327.25 K, Total Energy: -30033.696731 eV
Step: 71500, Temperature: 297.77 K, Total Energy: -30034.111954 eV
Step: 71520, Temperature: 339.68 K, Total Energy: -30033.653831 eV
Step: 71540, Temperature: 284.01 K, Total Energy: -30034.191781 eV
Step: 71560, Temperature: 306.83 K, Total Energy: -30034.019869 eV
Step: 71580, Temperature: 304.29 K, Total Energy: -30033.961823 eV
Step: 71600, Temperature: 306.33 K, Total Energy: -30033.458144 eV
Step: 71620, Temperature: 322.97 K, Total Energy: -30033.480597 eV
Step: 71640, Temperature: 315.20 K, Total Energy: -30033.353114 eV
Step: 71660, Temperature: 308.49 K, Total Energy: -30033.668084 eV
Step: 71680, Temperature: 333.96 K, Total Energy: -30033.190339 eV
Step: 71700, Temperature: 317.47 K, Total Energy: -30033.810584 eV
Step: 71720, Temperature: 302.27 K, Total Energy: -30033.555012 eV
Step: 71740, Temperature: 299.08 K, Total Energy: -30033.198578 eV
Step: 71760, Temperature: 295.78 K, Total Energy: -30033.395694 eV
Step: 71780, Temperature: 319.34 K, Total Energy: -30033.033630 eV
Step: 71800, Temperature: 332.83 K, Total Energy: -30033.173570 eV
Step: 71820, Temperature: 337.52 K, Total Energy: -30033.455535 eV
Step: 71840, Temperature: 317.59 K, Total Energy: -30032.905143 eV
Step: 71860, Temperature: 341.73 K, Total Energy: -30032.636256 eV
Step: 71880, Temperature: 322.34 K, Total Energy: -30032.871189 eV
Step: 71900, Temperature: 320.89 K, Total Energy: -30032.995178 eV
Step: 71920, Temperature: 308.48 K, Total Energy: -30032.863606 eV
Step: 71940, Temperature: 335.37 K, Total Energy: -30032.983382 eV
Step: 71960, Temperature: 347.74 K, Total Energy: -30032.602207 eV
Step: 71980, Temperature: 313.85 K, Total Energy: -30033.162039 eV
Step: 72000, Temperature: 303.76 K, Total Energy: -30033.605941 eV
Step: 72020, Temperature: 289.95 K, Total Energy: -30034.097001 eV
Step: 72040, Temperature: 308.31 K, Total Energy: -30034.223451 eV
Step: 72060, Temperature: 313.51 K, Total Energy: -30034.026036 eV
Step: 72080, Temperature: 323.80 K, Total Energy: -30033.874233 eV
Step: 72100, Temperature: 291.51 K, Total Energy: -30034.411878 eV
Step: 72120, Temperature: 283.12 K, Total Energy: -30034.664868 eV
Step: 72140, Temperature: 281.04 K, Total Energy: -30034.595402 eV
Step: 72160, Temperature: 275.90 K, Total Energy: -30035.295256 eV
Step: 72180, Temperature: 245.55 K, Total Energy: -30035.417587 eV
Step: 72200, Temperature: 278.95 K, Total Energy: -30035.196303 eV
Step: 72220, Temperature: 307.38 K, Total Energy: -30034.793411 eV
Step: 72240, Temperature: 318.06 K, Total Energy: -30034.401386 eV
Step: 72260, Temperature: 327.88 K, Total Energy: -30034.608899 eV
Step: 72280, Temperature: 307.86 K, Total Energy: -30034.582134 eV
Step: 72300, Temperature: 292.64 K, Total Energy: -30034.379927 eV
Step: 72320, Temperature: 303.54 K, Total Energy: -30034.041106 eV
Step: 72340, Temperature: 306.55 K, Total Energy: -30034.501383 eV
Step: 72360, Temperature: 294.26 K, Total Energy: -30035.232133 eV
Step: 72380, Temperature: 251.73 K, Total Energy: -30035.229179 eV
Step: 72400, Temperature: 283.43 K, Total Energy: -30035.176776 eV
Step: 72420, Temperature: 274.05 K, Total Energy: -30035.325596 eV
Step: 72440, Temperature: 290.08 K, Total Energy: -30034.923894 eV
Step: 72460, Temperature: 284.39 K, Total Energy: -30035.412700 eV
Step: 72480, Temperature: 298.37 K, Total Energy: -30034.868584 eV
Step: 72500, Temperature: 291.01 K, Total Energy: -30035.064737 eV
Step: 72520, Temperature: 294.01 K, Total Energy: -30034.959266 eV
Step: 72540, Temperature: 279.99 K, Total Energy: -30035.207600 eV
Step: 72560, Temperature: 289.26 K, Total Energy: -30035.149410 eV
Step: 72580, Temperature: 289.27 K, Total Energy: -30035.113957 eV
Step: 72600, Temperature: 297.70 K, Total Energy: -30034.541387 eV
Step: 72620, Temperature: 281.47 K, Total Energy: -30034.827001 eV
Step: 72640, Temperature: 306.02 K, Total Energy: -30034.346734 eV
Step: 72660, Temperature: 298.53 K, Total Energy: -30034.134108 eV
Step: 72680, Temperature: 291.70 K, Total Energy: -30034.524243 eV
Step: 72700, Temperature: 305.89 K, Total Energy: -30034.466992 eV
Step: 72720, Temperature: 328.10 K, Total Energy: -30034.447194 eV
Step: 72740, Temperature: 331.57 K, Total Energy: -30034.464480 eV
Step: 72760, Temperature: 314.20 K, Total Energy: -30034.303864 eV
Step: 72780, Temperature: 309.10 K, Total Energy: -30034.402922 eV
Step: 72800, Temperature: 283.42 K, Total Energy: -30034.237486 eV
Step: 72820, Temperature: 304.19 K, Total Energy: -30034.116540 eV
Step: 72840, Temperature: 304.42 K, Total Energy: -30033.763358 eV
Step: 72860, Temperature: 303.23 K, Total Energy: -30033.849581 eV
Step: 72880, Temperature: 301.75 K, Total Energy: -30034.136184 eV
Step: 72900, Temperature: 312.25 K, Total Energy: -30033.365760 eV
Step: 72920, Temperature: 269.75 K, Total Energy: -30033.691964 eV
Step: 72940, Temperature: 280.74 K, Total Energy: -30033.993486 eV
Step: 72960, Temperature: 285.25 K, Total Energy: -30034.920800 eV
Step: 72980, Temperature: 288.25 K, Total Energy: -30034.895009 eV
Step: 73000, Temperature: 278.22 K, Total Energy: -30034.905822 eV
Step: 73020, Temperature: 300.28 K, Total Energy: -30034.119882 eV
Step: 73040, Temperature: 293.06 K, Total Energy: -30033.996285 eV
Step: 73060, Temperature: 308.61 K, Total Energy: -30033.835008 eV
Step: 73080, Temperature: 298.29 K, Total Energy: -30033.802026 eV
Step: 73100, Temperature: 288.99 K, Total Energy: -30033.843409 eV
Step: 73120, Temperature: 263.86 K, Total Energy: -30033.736798 eV
Step: 73140, Temperature: 317.83 K, Total Energy: -30033.438250 eV
Step: 73160, Temperature: 327.66 K, Total Energy: -30033.645461 eV
Step: 73180, Temperature: 283.02 K, Total Energy: -30034.642070 eV
Step: 73200, Temperature: 294.27 K, Total Energy: -30034.388190 eV
Step: 73220, Temperature: 297.04 K, Total Energy: -30034.147550 eV
Step: 73240, Temperature: 308.05 K, Total Energy: -30034.526775 eV
Step: 73260, Temperature: 309.32 K, Total Energy: -30034.358412 eV
Step: 73280, Temperature: 298.31 K, Total Energy: -30034.200009 eV
Step: 73300, Temperature: 304.15 K, Total Energy: -30034.604096 eV
Step: 73320, Temperature: 287.58 K, Total Energy: -30034.261218 eV
Step: 73340, Temperature: 307.34 K, Total Energy: -30034.388155 eV
Step: 73360, Temperature: 316.55 K, Total Energy: -30034.235725 eV
Step: 73380, Temperature: 287.16 K, Total Energy: -30034.336258 eV
Step: 73400, Temperature: 314.53 K, Total Energy: -30033.981076 eV
Step: 73420, Temperature: 275.79 K, Total Energy: -30034.303832 eV
Step: 73440, Temperature: 281.75 K, Total Energy: -30033.982182 eV
Step: 73460, Temperature: 318.77 K, Total Energy: -30034.098498 eV
Step: 73480, Temperature: 304.44 K, Total Energy: -30034.432752 eV
Step: 73500, Temperature: 319.11 K, Total Energy: -30033.881243 eV
Step: 73520, Temperature: 303.35 K, Total Energy: -30033.426587 eV
Step: 73540, Temperature: 330.60 K, Total Energy: -30033.883141 eV
Step: 73560, Temperature: 308.89 K, Total Energy: -30034.720816 eV
Step: 73580, Temperature: 290.86 K, Total Energy: -30034.375255 eV
Step: 73600, Temperature: 308.95 K, Total Energy: -30034.078698 eV
Step: 73620, Temperature: 304.51 K, Total Energy: -30033.942751 eV
Step: 73640, Temperature: 278.26 K, Total Energy: -30034.947706 eV
Step: 73660, Temperature: 294.66 K, Total Energy: -30035.345296 eV
Step: 73680, Temperature: 272.02 K, Total Energy: -30035.266685 eV
Step: 73700, Temperature: 283.28 K, Total Energy: -30035.381713 eV
Step: 73720, Temperature: 290.15 K, Total Energy: -30034.476747 eV
Step: 73740, Temperature: 283.88 K, Total Energy: -30034.441018 eV
Step: 73760, Temperature: 297.81 K, Total Energy: -30033.917692 eV
Step: 73780, Temperature: 310.67 K, Total Energy: -30033.303504 eV
Step: 73800, Temperature: 320.59 K, Total Energy: -30033.254480 eV
Step: 73820, Temperature: 339.95 K, Total Energy: -30033.049400 eV
Step: 73840, Temperature: 310.56 K, Total Energy: -30033.605148 eV
Step: 73860, Temperature: 305.81 K, Total Energy: -30033.756028 eV
Step: 73880, Temperature: 291.03 K, Total Energy: -30033.804503 eV
Step: 73900, Temperature: 340.76 K, Total Energy: -30033.714941 eV
Step: 73920, Temperature: 283.79 K, Total Energy: -30034.361268 eV
Step: 73940, Temperature: 269.09 K, Total Energy: -30034.481854 eV
Step: 73960, Temperature: 297.73 K, Total Energy: -30033.968506 eV
Step: 73980, Temperature: 288.12 K, Total Energy: -30033.642529 eV
Step: 74000, Temperature: 294.53 K, Total Energy: -30033.774293 eV
Step: 74020, Temperature: 315.89 K, Total Energy: -30033.181807 eV
Step: 74040, Temperature: 295.52 K, Total Energy: -30033.478205 eV
Step: 74060, Temperature: 298.64 K, Total Energy: -30033.443763 eV
Step: 74080, Temperature: 310.83 K, Total Energy: -30034.332657 eV
Step: 74100, Temperature: 311.54 K, Total Energy: -30034.239027 eV
Step: 74120, Temperature: 318.65 K, Total Energy: -30034.224483 eV
Step: 74140, Temperature: 288.21 K, Total Energy: -30034.400048 eV
Step: 74160, Temperature: 290.62 K, Total Energy: -30034.293189 eV
Step: 74180, Temperature: 297.68 K, Total Energy: -30034.670719 eV
Step: 74200, Temperature: 281.63 K, Total Energy: -30034.627638 eV
Step: 74220, Temperature: 288.40 K, Total Energy: -30034.293672 eV
Step: 74240, Temperature: 294.98 K, Total Energy: -30034.243603 eV
Step: 74260, Temperature: 308.04 K, Total Energy: -30034.513206 eV
Step: 74280, Temperature: 283.94 K, Total Energy: -30034.248034 eV
Step: 74300, Temperature: 299.49 K, Total Energy: -30034.637650 eV
Step: 74320, Temperature: 330.57 K, Total Energy: -30034.719880 eV
Step: 74340, Temperature: 288.88 K, Total Energy: -30034.994582 eV
Step: 74360, Temperature: 310.28 K, Total Energy: -30035.115867 eV
Step: 74380, Temperature: 303.49 K, Total Energy: -30035.647689 eV
Step: 74400, Temperature: 284.05 K, Total Energy: -30035.909431 eV
Step: 74420, Temperature: 300.92 K, Total Energy: -30035.043416 eV
Step: 74440, Temperature: 295.16 K, Total Energy: -30035.065331 eV
Step: 74460, Temperature: 281.76 K, Total Energy: -30035.355035 eV
Step: 74480, Temperature: 298.36 K, Total Energy: -30035.622577 eV
Step: 74500, Temperature: 290.92 K, Total Energy: -30035.379476 eV
Step: 74520, Temperature: 287.07 K, Total Energy: -30035.522045 eV
Step: 74540, Temperature: 298.34 K, Total Energy: -30035.599782 eV
Step: 74560, Temperature: 325.57 K, Total Energy: -30035.041051 eV
Step: 74580, Temperature: 293.09 K, Total Energy: -30034.696835 eV
Step: 74600, Temperature: 285.39 K, Total Energy: -30035.413201 eV
Step: 74620, Temperature: 288.88 K, Total Energy: -30035.221237 eV
Step: 74640, Temperature: 283.67 K, Total Energy: -30034.868003 eV
Step: 74660, Temperature: 302.93 K, Total Energy: -30035.132281 eV
Step: 74680, Temperature: 292.13 K, Total Energy: -30035.298673 eV
Step: 74700, Temperature: 284.04 K, Total Energy: -30035.306300 eV
Step: 74720, Temperature: 287.80 K, Total Energy: -30034.988357 eV
Step: 74740, Temperature: 300.91 K, Total Energy: -30035.151235 eV
Step: 74760, Temperature: 276.25 K, Total Energy: -30035.458522 eV
Step: 74780, Temperature: 263.39 K, Total Energy: -30035.256168 eV
Step: 74800, Temperature: 302.50 K, Total Energy: -30034.162516 eV
Step: 74820, Temperature: 293.51 K, Total Energy: -30033.612243 eV
Step: 74840, Temperature: 317.70 K, Total Energy: -30033.462902 eV
Step: 74860, Temperature: 254.87 K, Total Energy: -30034.659031 eV
Step: 74880, Temperature: 310.11 K, Total Energy: -30034.309664 eV
Step: 74900, Temperature: 301.63 K, Total Energy: -30034.231007 eV
Step: 74920, Temperature: 311.80 K, Total Energy: -30034.343853 eV
Step: 74940, Temperature: 279.72 K, Total Energy: -30034.958235 eV
Step: 74960, Temperature: 289.20 K, Total Energy: -30034.879198 eV
Step: 74980, Temperature: 318.09 K, Total Energy: -30034.232580 eV
Step: 75000, Temperature: 308.60 K, Total Energy: -30034.349025 eV
Step: 75020, Temperature: 326.39 K, Total Energy: -30033.927006 eV
Step: 75040, Temperature: 321.35 K, Total Energy: -30033.987672 eV
Step: 75060, Temperature: 329.43 K, Total Energy: -30033.656237 eV
Step: 75080, Temperature: 303.94 K, Total Energy: -30034.072120 eV
Step: 75100, Temperature: 287.81 K, Total Energy: -30034.429500 eV
Step: 75120, Temperature: 318.17 K, Total Energy: -30034.875218 eV
Step: 75140, Temperature: 286.91 K, Total Energy: -30034.772033 eV
Step: 75160, Temperature: 288.99 K, Total Energy: -30034.909784 eV
Step: 75180, Temperature: 293.51 K, Total Energy: -30034.836738 eV
Step: 75200, Temperature: 294.71 K, Total Energy: -30034.955455 eV
Step: 75220, Temperature: 300.44 K, Total Energy: -30034.700073 eV
Step: 75240, Temperature: 295.02 K, Total Energy: -30034.842340 eV
Step: 75260, Temperature: 289.13 K, Total Energy: -30034.720945 eV
Step: 75280, Temperature: 294.27 K, Total Energy: -30034.487834 eV
Step: 75300, Temperature: 295.29 K, Total Energy: -30034.491870 eV
Step: 75320, Temperature: 298.94 K, Total Energy: -30034.711766 eV
Step: 75340, Temperature: 284.11 K, Total Energy: -30034.450838 eV
Step: 75360, Temperature: 305.17 K, Total Energy: -30034.520172 eV
Step: 75380, Temperature: 299.54 K, Total Energy: -30034.327691 eV
Step: 75400, Temperature: 295.66 K, Total Energy: -30034.488573 eV
Step: 75420, Temperature: 259.20 K, Total Energy: -30034.817114 eV
Step: 75440, Temperature: 289.36 K, Total Energy: -30034.736762 eV
Step: 75460, Temperature: 312.72 K, Total Energy: -30035.057412 eV
Step: 75480, Temperature: 293.35 K, Total Energy: -30035.172777 eV
Step: 75500, Temperature: 285.57 K, Total Energy: -30035.031837 eV
Step: 75520, Temperature: 275.79 K, Total Energy: -30035.030418 eV
Step: 75540, Temperature: 317.55 K, Total Energy: -30035.037106 eV
Step: 75560, Temperature: 280.27 K, Total Energy: -30035.171215 eV
Step: 75580, Temperature: 279.03 K, Total Energy: -30035.510586 eV
Step: 75600, Temperature: 280.88 K, Total Energy: -30035.204816 eV
Step: 75620, Temperature: 310.96 K, Total Energy: -30034.968135 eV
Step: 75640, Temperature: 304.49 K, Total Energy: -30034.720612 eV
Step: 75660, Temperature: 309.36 K, Total Energy: -30034.611500 eV
Step: 75680, Temperature: 319.79 K, Total Energy: -30034.334945 eV
Step: 75700, Temperature: 314.09 K, Total Energy: -30033.779058 eV
Step: 75720, Temperature: 303.74 K, Total Energy: -30033.830952 eV
Step: 75740, Temperature: 279.42 K, Total Energy: -30034.581109 eV
Step: 75760, Temperature: 278.90 K, Total Energy: -30034.615511 eV
Step: 75780, Temperature: 291.72 K, Total Energy: -30034.305152 eV
Step: 75800, Temperature: 288.32 K, Total Energy: -30034.406955 eV
Step: 75820, Temperature: 294.50 K, Total Energy: -30034.464521 eV
Step: 75840, Temperature: 293.86 K, Total Energy: -30034.646339 eV
Step: 75860, Temperature: 308.29 K, Total Energy: -30033.786439 eV
Step: 75880, Temperature: 306.47 K, Total Energy: -30033.794550 eV
Step: 75900, Temperature: 310.72 K, Total Energy: -30033.937013 eV
Step: 75920, Temperature: 293.15 K, Total Energy: -30034.165956 eV
Step: 75940, Temperature: 288.75 K, Total Energy: -30035.029085 eV
Step: 75960, Temperature: 289.92 K, Total Energy: -30034.543004 eV
Step: 75980, Temperature: 295.92 K, Total Energy: -30034.439102 eV
Step: 76000, Temperature: 307.76 K, Total Energy: -30033.955865 eV
Step: 76020, Temperature: 288.86 K, Total Energy: -30034.196233 eV
Step: 76040, Temperature: 267.23 K, Total Energy: -30034.981227 eV
Step: 76060, Temperature: 270.01 K, Total Energy: -30034.789223 eV
Step: 76080, Temperature: 290.51 K, Total Energy: -30034.751051 eV
Step: 76100, Temperature: 281.51 K, Total Energy: -30034.593494 eV
Step: 76120, Temperature: 298.87 K, Total Energy: -30034.192075 eV
Step: 76140, Temperature: 288.87 K, Total Energy: -30034.123825 eV
Step: 76160, Temperature: 296.49 K, Total Energy: -30034.204236 eV
Step: 76180, Temperature: 289.08 K, Total Energy: -30034.241699 eV
Step: 76200, Temperature: 309.52 K, Total Energy: -30034.230410 eV
Step: 76220, Temperature: 294.25 K, Total Energy: -30034.511699 eV
Step: 76240, Temperature: 315.22 K, Total Energy: -30034.421014 eV
Step: 76260, Temperature: 304.33 K, Total Energy: -30034.523299 eV
Step: 76280, Temperature: 305.40 K, Total Energy: -30034.393311 eV
Step: 76300, Temperature: 306.39 K, Total Energy: -30034.353152 eV
Step: 76320, Temperature: 302.01 K, Total Energy: -30034.233324 eV
Step: 76340, Temperature: 303.85 K, Total Energy: -30034.445496 eV
Step: 76360, Temperature: 304.92 K, Total Energy: -30034.436420 eV
Step: 76380, Temperature: 310.46 K, Total Energy: -30034.115358 eV
Step: 76400, Temperature: 305.15 K, Total Energy: -30034.372021 eV
Step: 76420, Temperature: 282.87 K, Total Energy: -30035.057938 eV
Step: 76440, Temperature: 283.64 K, Total Energy: -30034.990035 eV
Step: 76460, Temperature: 309.92 K, Total Energy: -30034.535078 eV
Step: 76480, Temperature: 276.36 K, Total Energy: -30035.340551 eV
Step: 76500, Temperature: 297.98 K, Total Energy: -30034.932893 eV
Step: 76520, Temperature: 297.29 K, Total Energy: -30034.885462 eV
Step: 76540, Temperature: 322.92 K, Total Energy: -30034.581467 eV
Step: 76560, Temperature: 291.67 K, Total Energy: -30034.476258 eV
Step: 76580, Temperature: 285.43 K, Total Energy: -30034.982565 eV
Step: 76600, Temperature: 300.03 K, Total Energy: -30034.542119 eV
Step: 76620, Temperature: 315.42 K, Total Energy: -30034.267700 eV
Step: 76640, Temperature: 311.61 K, Total Energy: -30034.385593 eV
Step: 76660, Temperature: 315.72 K, Total Energy: -30034.494655 eV
Step: 76680, Temperature: 316.29 K, Total Energy: -30035.238328 eV
Step: 76700, Temperature: 276.33 K, Total Energy: -30035.099062 eV
Step: 76720, Temperature: 287.39 K, Total Energy: -30035.344212 eV
Step: 76740, Temperature: 270.92 K, Total Energy: -30035.135756 eV
Step: 76760, Temperature: 263.18 K, Total Energy: -30034.620838 eV
Step: 76780, Temperature: 302.57 K, Total Energy: -30034.526119 eV
Step: 76800, Temperature: 287.57 K, Total Energy: -30034.490036 eV
Step: 76820, Temperature: 306.74 K, Total Energy: -30034.596344 eV
Step: 76840, Temperature: 280.79 K, Total Energy: -30035.400519 eV
Step: 76860, Temperature: 295.11 K, Total Energy: -30034.914329 eV
Step: 76880, Temperature: 294.57 K, Total Energy: -30034.449177 eV
Step: 76900, Temperature: 298.24 K, Total Energy: -30034.018249 eV
Step: 76920, Temperature: 283.42 K, Total Energy: -30033.784432 eV
Step: 76940, Temperature: 295.80 K, Total Energy: -30034.174373 eV
Step: 76960, Temperature: 274.65 K, Total Energy: -30034.841908 eV
Step: 76980, Temperature: 277.68 K, Total Energy: -30034.764873 eV
Step: 77000, Temperature: 308.03 K, Total Energy: -30034.386545 eV
Step: 77020, Temperature: 299.63 K, Total Energy: -30033.794381 eV
Step: 77040, Temperature: 293.00 K, Total Energy: -30034.142295 eV
Step: 77060, Temperature: 301.99 K, Total Energy: -30034.173323 eV
Step: 77080, Temperature: 308.68 K, Total Energy: -30034.011093 eV
Step: 77100, Temperature: 319.51 K, Total Energy: -30033.574374 eV
Step: 77120, Temperature: 329.52 K, Total Energy: -30033.632548 eV
Step: 77140, Temperature: 304.08 K, Total Energy: -30033.867408 eV
Step: 77160, Temperature: 294.70 K, Total Energy: -30033.811268 eV
Step: 77180, Temperature: 314.03 K, Total Energy: -30033.827492 eV
Step: 77200, Temperature: 304.61 K, Total Energy: -30033.514362 eV
Step: 77220, Temperature: 317.89 K, Total Energy: -30033.212167 eV
Step: 77240, Temperature: 312.00 K, Total Energy: -30033.653239 eV
Step: 77260, Temperature: 322.95 K, Total Energy: -30033.741021 eV
Step: 77280, Temperature: 332.78 K, Total Energy: -30033.487141 eV
Step: 77300, Temperature: 326.49 K, Total Energy: -30032.887540 eV
Step: 77320, Temperature: 316.60 K, Total Energy: -30033.334168 eV
Step: 77340, Temperature: 293.82 K, Total Energy: -30033.950287 eV
Step: 77360, Temperature: 317.16 K, Total Energy: -30033.818105 eV
Step: 77380, Temperature: 296.68 K, Total Energy: -30033.988515 eV
Step: 77400, Temperature: 296.61 K, Total Energy: -30034.351564 eV
Step: 77420, Temperature: 302.77 K, Total Energy: -30034.360803 eV
Step: 77440, Temperature: 313.05 K, Total Energy: -30034.388964 eV
Step: 77460, Temperature: 282.31 K, Total Energy: -30034.394035 eV
Step: 77480, Temperature: 285.66 K, Total Energy: -30034.992467 eV
Step: 77500, Temperature: 286.75 K, Total Energy: -30034.947836 eV
Step: 77520, Temperature: 275.14 K, Total Energy: -30034.710550 eV
Step: 77540, Temperature: 287.95 K, Total Energy: -30034.500055 eV
Step: 77560, Temperature: 303.82 K, Total Energy: -30034.213714 eV
Step: 77580, Temperature: 291.22 K, Total Energy: -30034.120152 eV
Step: 77600, Temperature: 295.78 K, Total Energy: -30034.030569 eV
Step: 77620, Temperature: 308.69 K, Total Energy: -30034.042165 eV
Step: 77640, Temperature: 287.77 K, Total Energy: -30033.942153 eV
Step: 77660, Temperature: 271.82 K, Total Energy: -30034.394529 eV
Step: 77680, Temperature: 265.38 K, Total Energy: -30034.532862 eV
Step: 77700, Temperature: 270.06 K, Total Energy: -30034.621783 eV
Step: 77720, Temperature: 292.49 K, Total Energy: -30035.082903 eV
Step: 77740, Temperature: 269.23 K, Total Energy: -30034.857322 eV
Step: 77760, Temperature: 310.00 K, Total Energy: -30034.527047 eV
Step: 77780, Temperature: 287.42 K, Total Energy: -30034.122666 eV
Step: 77800, Temperature: 308.87 K, Total Energy: -30033.853977 eV
Step: 77820, Temperature: 320.44 K, Total Energy: -30033.373400 eV
Step: 77840, Temperature: 283.87 K, Total Energy: -30033.466594 eV
Step: 77860, Temperature: 313.70 K, Total Energy: -30033.474310 eV
Step: 77880, Temperature: 294.55 K, Total Energy: -30033.732955 eV
Step: 77900, Temperature: 290.00 K, Total Energy: -30033.894621 eV
Step: 77920, Temperature: 312.81 K, Total Energy: -30033.691906 eV
Step: 77940, Temperature: 296.89 K, Total Energy: -30034.141676 eV
Step: 77960, Temperature: 298.61 K, Total Energy: -30034.157526 eV
Step: 77980, Temperature: 307.79 K, Total Energy: -30033.902355 eV
Step: 78000, Temperature: 318.90 K, Total Energy: -30033.776868 eV
Step: 78020, Temperature: 310.70 K, Total Energy: -30034.148434 eV
Step: 78040, Temperature: 309.63 K, Total Energy: -30033.780473 eV
Step: 78060, Temperature: 285.21 K, Total Energy: -30034.077988 eV
Step: 78080, Temperature: 282.98 K, Total Energy: -30034.047327 eV
Step: 78100, Temperature: 293.53 K, Total Energy: -30034.486765 eV
Step: 78120, Temperature: 300.33 K, Total Energy: -30034.419440 eV
Step: 78140, Temperature: 324.86 K, Total Energy: -30034.685766 eV
Step: 78160, Temperature: 313.90 K, Total Energy: -30034.830649 eV
Step: 78180, Temperature: 292.79 K, Total Energy: -30034.305907 eV
Step: 78200, Temperature: 301.24 K, Total Energy: -30033.885129 eV
Step: 78220, Temperature: 293.07 K, Total Energy: -30034.052871 eV
Step: 78240, Temperature: 314.82 K, Total Energy: -30033.347069 eV
Step: 78260, Temperature: 296.43 K, Total Energy: -30033.717438 eV
Step: 78280, Temperature: 287.72 K, Total Energy: -30033.910205 eV
Step: 78300, Temperature: 298.92 K, Total Energy: -30033.772780 eV
Step: 78320, Temperature: 281.84 K, Total Energy: -30033.532565 eV
Step: 78340, Temperature: 304.56 K, Total Energy: -30033.845750 eV
Step: 78360, Temperature: 306.33 K, Total Energy: -30033.899505 eV
Step: 78380, Temperature: 290.43 K, Total Energy: -30034.758846 eV
Step: 78400, Temperature: 281.84 K, Total Energy: -30034.544296 eV
Step: 78420, Temperature: 306.10 K, Total Energy: -30034.241201 eV
Step: 78440, Temperature: 294.54 K, Total Energy: -30034.291728 eV
Step: 78460, Temperature: 329.69 K, Total Energy: -30034.663365 eV
Step: 78480, Temperature: 276.95 K, Total Energy: -30034.601269 eV
Step: 78500, Temperature: 321.78 K, Total Energy: -30034.328663 eV
Step: 78520, Temperature: 310.99 K, Total Energy: -30034.459550 eV
Step: 78540, Temperature: 305.08 K, Total Energy: -30034.059513 eV
Step: 78560, Temperature: 307.79 K, Total Energy: -30033.999861 eV
Step: 78580, Temperature: 289.80 K, Total Energy: -30034.629955 eV
Step: 78600, Temperature: 291.89 K, Total Energy: -30034.605625 eV
Step: 78620, Temperature: 314.25 K, Total Energy: -30034.767301 eV
Step: 78640, Temperature: 323.16 K, Total Energy: -30034.628381 eV
Step: 78660, Temperature: 322.93 K, Total Energy: -30034.178952 eV
Step: 78680, Temperature: 304.35 K, Total Energy: -30034.399909 eV
Step: 78700, Temperature: 295.07 K, Total Energy: -30034.854637 eV
Step: 78720, Temperature: 276.03 K, Total Energy: -30035.198324 eV
Step: 78740, Temperature: 331.49 K, Total Energy: -30033.966455 eV
Step: 78760, Temperature: 310.03 K, Total Energy: -30034.145587 eV
Step: 78780, Temperature: 310.79 K, Total Energy: -30033.948879 eV
Step: 78800, Temperature: 304.43 K, Total Energy: -30034.204421 eV
Step: 78820, Temperature: 286.62 K, Total Energy: -30033.935515 eV
Step: 78840, Temperature: 295.97 K, Total Energy: -30033.742476 eV
Step: 78860, Temperature: 287.03 K, Total Energy: -30033.622592 eV
Step: 78880, Temperature: 274.21 K, Total Energy: -30033.925152 eV
Step: 78900, Temperature: 282.98 K, Total Energy: -30034.314925 eV
Step: 78920, Temperature: 266.48 K, Total Energy: -30035.165902 eV
Step: 78940, Temperature: 273.00 K, Total Energy: -30035.543094 eV
Step: 78960, Temperature: 282.67 K, Total Energy: -30035.314709 eV
Step: 78980, Temperature: 305.93 K, Total Energy: -30035.563725 eV
Step: 79000, Temperature: 281.84 K, Total Energy: -30035.437068 eV
Step: 79020, Temperature: 327.05 K, Total Energy: -30034.647015 eV
Step: 79040, Temperature: 306.64 K, Total Energy: -30034.645785 eV
Step: 79060, Temperature: 308.74 K, Total Energy: -30034.310495 eV
Step: 79080, Temperature: 308.71 K, Total Energy: -30034.223195 eV
Step: 79100, Temperature: 298.23 K, Total Energy: -30034.334934 eV
Step: 79120, Temperature: 312.70 K, Total Energy: -30034.278387 eV
Step: 79140, Temperature: 298.14 K, Total Energy: -30034.569577 eV
Step: 79160, Temperature: 318.53 K, Total Energy: -30033.965863 eV
Step: 79180, Temperature: 301.56 K, Total Energy: -30034.183790 eV
Step: 79200, Temperature: 273.13 K, Total Energy: -30033.715517 eV
Step: 79220, Temperature: 298.25 K, Total Energy: -30033.726887 eV
Step: 79240, Temperature: 314.90 K, Total Energy: -30033.188799 eV
Step: 79260, Temperature: 327.09 K, Total Energy: -30033.319696 eV
Step: 79280, Temperature: 328.41 K, Total Energy: -30033.683601 eV
Step: 79300, Temperature: 298.03 K, Total Energy: -30034.175840 eV
Step: 79320, Temperature: 295.65 K, Total Energy: -30034.313013 eV
Step: 79340, Temperature: 320.72 K, Total Energy: -30034.407492 eV
Step: 79360, Temperature: 276.86 K, Total Energy: -30034.398413 eV
Step: 79380, Temperature: 292.23 K, Total Energy: -30034.952570 eV
Step: 79400, Temperature: 287.37 K, Total Energy: -30034.633765 eV
Step: 79420, Temperature: 299.69 K, Total Energy: -30034.622750 eV
Step: 79440, Temperature: 273.26 K, Total Energy: -30034.548274 eV
Step: 79460, Temperature: 261.83 K, Total Energy: -30035.089841 eV
Step: 79480, Temperature: 285.21 K, Total Energy: -30035.607140 eV
Step: 79500, Temperature: 275.76 K, Total Energy: -30035.753787 eV
Step: 79520, Temperature: 247.61 K, Total Energy: -30036.071628 eV
Step: 79540, Temperature: 265.66 K, Total Energy: -30035.918623 eV
Step: 79560, Temperature: 249.50 K, Total Energy: -30035.831401 eV
Step: 79580, Temperature: 277.36 K, Total Energy: -30035.565617 eV
Step: 79600, Temperature: 287.09 K, Total Energy: -30035.127010 eV
Step: 79620, Temperature: 286.06 K, Total Energy: -30034.935757 eV
Step: 79640, Temperature: 288.18 K, Total Energy: -30034.488605 eV
Step: 79660, Temperature: 311.59 K, Total Energy: -30034.358812 eV
Step: 79680, Temperature: 296.05 K, Total Energy: -30034.529626 eV
Step: 79700, Temperature: 297.74 K, Total Energy: -30034.444663 eV
Step: 79720, Temperature: 286.73 K, Total Energy: -30034.405402 eV
Step: 79740, Temperature: 304.98 K, Total Energy: -30034.329452 eV
Step: 79760, Temperature: 268.99 K, Total Energy: -30034.474684 eV
Step: 79780, Temperature: 318.45 K, Total Energy: -30034.346816 eV
Step: 79800, Temperature: 301.37 K, Total Energy: -30034.253102 eV
Step: 79820, Temperature: 288.94 K, Total Energy: -30035.004989 eV
Step: 79840, Temperature: 274.33 K, Total Energy: -30035.330443 eV
Step: 79860, Temperature: 268.26 K, Total Energy: -30035.276038 eV
Step: 79880, Temperature: 281.91 K, Total Energy: -30035.618918 eV
Step: 79900, Temperature: 291.56 K, Total Energy: -30035.156691 eV
Step: 79920, Temperature: 302.64 K, Total Energy: -30034.590677 eV
Step: 79940, Temperature: 302.58 K, Total Energy: -30034.467068 eV
Step: 79960, Temperature: 284.84 K, Total Energy: -30035.225707 eV
Step: 79980, Temperature: 293.73 K, Total Energy: -30034.651520 eV
Step: 80000, Temperature: 297.29 K, Total Energy: -30033.912849 eV
Step: 80020, Temperature: 306.19 K, Total Energy: -30033.934202 eV
Step: 80040, Temperature: 321.58 K, Total Energy: -30033.044387 eV
Step: 80060, Temperature: 323.00 K, Total Energy: -30032.497457 eV
Step: 80080, Temperature: 317.82 K, Total Energy: -30032.547856 eV
Step: 80100, Temperature: 309.95 K, Total Energy: -30032.758917 eV
Step: 80120, Temperature: 322.73 K, Total Energy: -30032.328417 eV
Step: 80140, Temperature: 317.44 K, Total Energy: -30032.842566 eV
Step: 80160, Temperature: 309.37 K, Total Energy: -30032.183396 eV
Step: 80180, Temperature: 315.86 K, Total Energy: -30033.162957 eV
Step: 80200, Temperature: 279.48 K, Total Energy: -30033.554082 eV
Step: 80220, Temperature: 288.20 K, Total Energy: -30033.224545 eV
Step: 80240, Temperature: 314.79 K, Total Energy: -30032.627011 eV
Step: 80260, Temperature: 320.77 K, Total Energy: -30032.711131 eV
Step: 80280, Temperature: 340.02 K, Total Energy: -30032.670863 eV
Step: 80300, Temperature: 334.85 K, Total Energy: -30033.041239 eV
Step: 80320, Temperature: 316.67 K, Total Energy: -30033.092200 eV
Step: 80340, Temperature: 328.78 K, Total Energy: -30033.049456 eV
Step: 80360, Temperature: 307.47 K, Total Energy: -30033.322272 eV
Step: 80380, Temperature: 327.07 K, Total Energy: -30033.234461 eV
Step: 80400, Temperature: 307.61 K, Total Energy: -30033.289502 eV
Step: 80420, Temperature: 321.23 K, Total Energy: -30033.312822 eV
Step: 80440, Temperature: 312.31 K, Total Energy: -30033.124033 eV
Step: 80460, Temperature: 292.59 K, Total Energy: -30033.906553 eV
Step: 80480, Temperature: 309.84 K, Total Energy: -30033.363248 eV
Step: 80500, Temperature: 327.11 K, Total Energy: -30033.598689 eV
Step: 80520, Temperature: 300.47 K, Total Energy: -30033.753828 eV
Step: 80540, Temperature: 299.74 K, Total Energy: -30034.033703 eV
Step: 80560, Temperature: 293.00 K, Total Energy: -30034.259481 eV
Step: 80580, Temperature: 317.79 K, Total Energy: -30033.665854 eV
Step: 80600, Temperature: 301.67 K, Total Energy: -30033.921262 eV
Step: 80620, Temperature: 312.01 K, Total Energy: -30034.114067 eV
Step: 80640, Temperature: 285.46 K, Total Energy: -30033.679032 eV
Step: 80660, Temperature: 309.89 K, Total Energy: -30033.615836 eV
Step: 80680, Temperature: 278.85 K, Total Energy: -30034.436938 eV
Step: 80700, Temperature: 291.12 K, Total Energy: -30034.095332 eV
Step: 80720, Temperature: 296.53 K, Total Energy: -30034.000197 eV
Step: 80740, Temperature: 319.61 K, Total Energy: -30033.618731 eV
Step: 80760, Temperature: 293.06 K, Total Energy: -30033.543300 eV
Step: 80780, Temperature: 307.83 K, Total Energy: -30034.147304 eV
Step: 80800, Temperature: 298.09 K, Total Energy: -30034.297300 eV
Step: 80820, Temperature: 319.42 K, Total Energy: -30034.269975 eV
Step: 80840, Temperature: 329.30 K, Total Energy: -30034.216096 eV
Step: 80860, Temperature: 294.44 K, Total Energy: -30034.089215 eV
Step: 80880, Temperature: 297.04 K, Total Energy: -30034.331189 eV
Step: 80900, Temperature: 298.14 K, Total Energy: -30034.442529 eV
Step: 80920, Temperature: 273.37 K, Total Energy: -30034.422629 eV
Step: 80940, Temperature: 305.00 K, Total Energy: -30034.344527 eV
Step: 80960, Temperature: 270.08 K, Total Energy: -30034.752302 eV
Step: 80980, Temperature: 284.59 K, Total Energy: -30034.847276 eV
Step: 81000, Temperature: 288.73 K, Total Energy: -30034.957311 eV
Step: 81020, Temperature: 289.79 K, Total Energy: -30034.474010 eV
Step: 81040, Temperature: 286.57 K, Total Energy: -30034.671163 eV
Step: 81060, Temperature: 319.43 K, Total Energy: -30034.783337 eV
Step: 81080, Temperature: 293.98 K, Total Energy: -30034.567311 eV
Step: 81100, Temperature: 294.84 K, Total Energy: -30034.506891 eV
Step: 81120, Temperature: 316.22 K, Total Energy: -30033.812196 eV
Step: 81140, Temperature: 315.34 K, Total Energy: -30033.431643 eV
Step: 81160, Temperature: 287.51 K, Total Energy: -30034.294320 eV
Step: 81180, Temperature: 312.38 K, Total Energy: -30033.786388 eV
Step: 81200, Temperature: 314.41 K, Total Energy: -30033.247836 eV
Step: 81220, Temperature: 319.09 K, Total Energy: -30032.616020 eV
Step: 81240, Temperature: 319.09 K, Total Energy: -30032.887517 eV
Step: 81260, Temperature: 334.04 K, Total Energy: -30033.326907 eV
Step: 81280, Temperature: 300.08 K, Total Energy: -30033.363240 eV
Step: 81300, Temperature: 327.70 K, Total Energy: -30032.882887 eV
Step: 81320, Temperature: 301.31 K, Total Energy: -30033.555374 eV
Step: 81340, Temperature: 284.30 K, Total Energy: -30034.053601 eV
Step: 81360, Temperature: 319.91 K, Total Energy: -30033.033111 eV
Step: 81380, Temperature: 294.67 K, Total Energy: -30033.555930 eV
Step: 81400, Temperature: 337.09 K, Total Energy: -30033.766857 eV
Step: 81420, Temperature: 294.00 K, Total Energy: -30034.070682 eV
Step: 81440, Temperature: 311.79 K, Total Energy: -30033.781643 eV
Step: 81460, Temperature: 291.61 K, Total Energy: -30034.086955 eV
Step: 81480, Temperature: 292.69 K, Total Energy: -30034.157960 eV
Step: 81500, Temperature: 296.06 K, Total Energy: -30034.621056 eV
Step: 81520, Temperature: 309.67 K, Total Energy: -30034.244315 eV
Step: 81540, Temperature: 306.10 K, Total Energy: -30034.696105 eV
Step: 81560, Temperature: 286.47 K, Total Energy: -30034.616858 eV
Step: 81580, Temperature: 299.33 K, Total Energy: -30034.711834 eV
Step: 81600, Temperature: 312.33 K, Total Energy: -30034.358084 eV
Step: 81620, Temperature: 273.77 K, Total Energy: -30034.725036 eV
Step: 81640, Temperature: 293.09 K, Total Energy: -30034.239705 eV
Step: 81660, Temperature: 311.70 K, Total Energy: -30034.059115 eV
Step: 81680, Temperature: 316.21 K, Total Energy: -30033.884706 eV
Step: 81700, Temperature: 282.64 K, Total Energy: -30033.309595 eV
Step: 81720, Temperature: 333.96 K, Total Energy: -30033.461811 eV
Step: 81740, Temperature: 321.38 K, Total Energy: -30033.764152 eV
Step: 81760, Temperature: 329.99 K, Total Energy: -30033.326005 eV
Step: 81780, Temperature: 321.35 K, Total Energy: -30033.284413 eV
Step: 81800, Temperature: 311.48 K, Total Energy: -30033.853724 eV
Step: 81820, Temperature: 281.41 K, Total Energy: -30033.852043 eV
Step: 81840, Temperature: 295.05 K, Total Energy: -30033.675418 eV
Step: 81860, Temperature: 309.79 K, Total Energy: -30033.819421 eV
Step: 81880, Temperature: 299.00 K, Total Energy: -30033.673082 eV
Step: 81900, Temperature: 290.68 K, Total Energy: -30034.287882 eV
Step: 81920, Temperature: 311.38 K, Total Energy: -30034.196003 eV
Step: 81940, Temperature: 307.51 K, Total Energy: -30033.958175 eV
Step: 81960, Temperature: 304.80 K, Total Energy: -30034.009697 eV
Step: 81980, Temperature: 298.99 K, Total Energy: -30034.329591 eV
Step: 82000, Temperature: 291.06 K, Total Energy: -30033.805805 eV
Step: 82020, Temperature: 277.67 K, Total Energy: -30034.554011 eV
Step: 82040, Temperature: 300.36 K, Total Energy: -30033.698080 eV
Step: 82060, Temperature: 282.36 K, Total Energy: -30034.242400 eV
Step: 82080, Temperature: 305.33 K, Total Energy: -30034.101947 eV
Step: 82100, Temperature: 287.01 K, Total Energy: -30034.781221 eV
Step: 82120, Temperature: 252.23 K, Total Energy: -30035.187524 eV
Step: 82140, Temperature: 282.47 K, Total Energy: -30034.690909 eV
Step: 82160, Temperature: 275.05 K, Total Energy: -30034.564530 eV
Step: 82180, Temperature: 294.82 K, Total Energy: -30034.290669 eV
Step: 82200, Temperature: 298.31 K, Total Energy: -30034.231387 eV
Step: 82220, Temperature: 288.12 K, Total Energy: -30034.075971 eV
Step: 82240, Temperature: 307.69 K, Total Energy: -30034.228975 eV
Step: 82260, Temperature: 318.58 K, Total Energy: -30034.542757 eV
Step: 82280, Temperature: 271.74 K, Total Energy: -30034.753968 eV
Step: 82300, Temperature: 293.97 K, Total Energy: -30034.538172 eV
Step: 82320, Temperature: 277.53 K, Total Energy: -30034.493236 eV
Step: 82340, Temperature: 274.54 K, Total Energy: -30034.469576 eV
Step: 82360, Temperature: 275.89 K, Total Energy: -30034.885409 eV
Step: 82380, Temperature: 293.57 K, Total Energy: -30034.663322 eV
Step: 82400, Temperature: 280.99 K, Total Energy: -30035.004983 eV
Step: 82420, Temperature: 270.24 K, Total Energy: -30035.431942 eV
Step: 82440, Temperature: 264.62 K, Total Energy: -30035.565521 eV
Step: 82460, Temperature: 254.88 K, Total Energy: -30035.713355 eV
Step: 82480, Temperature: 255.88 K, Total Energy: -30036.387847 eV
Step: 82500, Temperature: 267.01 K, Total Energy: -30036.092050 eV
Step: 82520, Temperature: 293.73 K, Total Energy: -30035.665208 eV
Step: 82540, Temperature: 275.88 K, Total Energy: -30035.155298 eV
Step: 82560, Temperature: 289.24 K, Total Energy: -30035.300110 eV
Step: 82580, Temperature: 276.45 K, Total Energy: -30035.547302 eV
Step: 82600, Temperature: 267.77 K, Total Energy: -30035.381897 eV
Step: 82620, Temperature: 285.71 K, Total Energy: -30035.067451 eV
Step: 82640, Temperature: 278.79 K, Total Energy: -30034.954071 eV
Step: 82660, Temperature: 269.67 K, Total Energy: -30035.408912 eV
Step: 82680, Temperature: 257.28 K, Total Energy: -30035.677466 eV
Step: 82700, Temperature: 268.99 K, Total Energy: -30035.562463 eV
Step: 82720, Temperature: 305.25 K, Total Energy: -30035.033642 eV
Step: 82740, Temperature: 302.03 K, Total Energy: -30034.775819 eV
Step: 82760, Temperature: 314.83 K, Total Energy: -30035.233568 eV
Step: 82780, Temperature: 293.08 K, Total Energy: -30035.040706 eV
Step: 82800, Temperature: 286.94 K, Total Energy: -30035.349342 eV
Step: 82820, Temperature: 283.41 K, Total Energy: -30034.821896 eV
Step: 82840, Temperature: 290.66 K, Total Energy: -30034.520757 eV
Step: 82860, Temperature: 296.10 K, Total Energy: -30034.504971 eV
Step: 82880, Temperature: 273.34 K, Total Energy: -30034.352881 eV
Step: 82900, Temperature: 307.39 K, Total Energy: -30033.808774 eV
Step: 82920, Temperature: 300.30 K, Total Energy: -30034.117384 eV
Step: 82940, Temperature: 311.35 K, Total Energy: -30034.347194 eV
Step: 82960, Temperature: 285.17 K, Total Energy: -30034.198034 eV
Step: 82980, Temperature: 311.21 K, Total Energy: -30033.575236 eV
Step: 83000, Temperature: 277.33 K, Total Energy: -30033.890655 eV
Step: 83020, Temperature: 293.38 K, Total Energy: -30033.949282 eV
Step: 83040, Temperature: 304.72 K, Total Energy: -30033.921950 eV
Step: 83060, Temperature: 292.54 K, Total Energy: -30033.530890 eV
Step: 83080, Temperature: 288.20 K, Total Energy: -30034.341696 eV
Step: 83100, Temperature: 299.47 K, Total Energy: -30034.265137 eV
Step: 83120, Temperature: 279.43 K, Total Energy: -30034.559343 eV
Step: 83140, Temperature: 288.68 K, Total Energy: -30034.376481 eV
Step: 83160, Temperature: 314.85 K, Total Energy: -30033.426411 eV
Step: 83180, Temperature: 318.37 K, Total Energy: -30033.727736 eV
Step: 83200, Temperature: 316.03 K, Total Energy: -30034.069002 eV
Step: 83220, Temperature: 318.70 K, Total Energy: -30033.963643 eV
Step: 83240, Temperature: 267.80 K, Total Energy: -30035.131211 eV
Step: 83260, Temperature: 281.48 K, Total Energy: -30035.199721 eV
Step: 83280, Temperature: 264.03 K, Total Energy: -30035.142637 eV
Step: 83300, Temperature: 291.01 K, Total Energy: -30034.695786 eV
Step: 83320, Temperature: 289.91 K, Total Energy: -30034.988549 eV
Step: 83340, Temperature: 255.59 K, Total Energy: -30034.977155 eV
Step: 83360, Temperature: 298.22 K, Total Energy: -30034.438767 eV
Step: 83380, Temperature: 277.45 K, Total Energy: -30035.249110 eV
Step: 83400, Temperature: 271.87 K, Total Energy: -30035.743109 eV
Step: 83420, Temperature: 264.84 K, Total Energy: -30035.651898 eV
Step: 83440, Temperature: 265.60 K, Total Energy: -30035.761757 eV
Step: 83460, Temperature: 294.75 K, Total Energy: -30035.405606 eV
Step: 83480, Temperature: 264.50 K, Total Energy: -30035.992311 eV
Step: 83500, Temperature: 282.80 K, Total Energy: -30035.667008 eV
Step: 83520, Temperature: 290.58 K, Total Energy: -30034.899822 eV
Step: 83540, Temperature: 299.85 K, Total Energy: -30034.921681 eV
Step: 83560, Temperature: 261.69 K, Total Energy: -30035.700611 eV
Step: 83580, Temperature: 262.90 K, Total Energy: -30035.836743 eV
Step: 83600, Temperature: 271.64 K, Total Energy: -30035.662659 eV
Step: 83620, Temperature: 279.55 K, Total Energy: -30035.519118 eV
Step: 83640, Temperature: 298.75 K, Total Energy: -30035.353224 eV
Step: 83660, Temperature: 328.06 K, Total Energy: -30034.807412 eV
Step: 83680, Temperature: 293.28 K, Total Energy: -30034.832672 eV
Step: 83700, Temperature: 285.12 K, Total Energy: -30034.755908 eV
Step: 83720, Temperature: 294.78 K, Total Energy: -30034.608073 eV
Step: 83740, Temperature: 299.65 K, Total Energy: -30035.573163 eV
Step: 83760, Temperature: 290.73 K, Total Energy: -30035.857065 eV
Step: 83780, Temperature: 288.82 K, Total Energy: -30034.943403 eV
Step: 83800, Temperature: 300.23 K, Total Energy: -30034.414158 eV
Step: 83820, Temperature: 309.82 K, Total Energy: -30034.352032 eV
Step: 83840, Temperature: 304.15 K, Total Energy: -30034.135212 eV
Step: 83860, Temperature: 301.07 K, Total Energy: -30033.889506 eV
Step: 83880, Temperature: 301.95 K, Total Energy: -30034.006218 eV
Step: 83900, Temperature: 296.50 K, Total Energy: -30033.797731 eV
Step: 83920, Temperature: 300.29 K, Total Energy: -30033.914618 eV
Step: 83940, Temperature: 277.01 K, Total Energy: -30034.142848 eV
Step: 83960, Temperature: 311.25 K, Total Energy: -30033.548813 eV
Step: 83980, Temperature: 293.16 K, Total Energy: -30033.757556 eV
Step: 84000, Temperature: 277.01 K, Total Energy: -30033.652445 eV
Step: 84020, Temperature: 299.65 K, Total Energy: -30033.491064 eV
Step: 84040, Temperature: 290.11 K, Total Energy: -30033.182977 eV
Step: 84060, Temperature: 336.92 K, Total Energy: -30032.923615 eV
Step: 84080, Temperature: 300.32 K, Total Energy: -30033.363210 eV
Step: 84100, Temperature: 302.49 K, Total Energy: -30033.637477 eV
Step: 84120, Temperature: 284.35 K, Total Energy: -30033.917753 eV
Step: 84140, Temperature: 332.06 K, Total Energy: -30033.514939 eV
Step: 84160, Temperature: 293.08 K, Total Energy: -30033.913790 eV
Step: 84180, Temperature: 300.46 K, Total Energy: -30034.178016 eV
Step: 84200, Temperature: 293.26 K, Total Energy: -30033.897609 eV
Step: 84220, Temperature: 283.21 K, Total Energy: -30034.295483 eV
Step: 84240, Temperature: 287.74 K, Total Energy: -30034.241826 eV
Step: 84260, Temperature: 285.17 K, Total Energy: -30034.452023 eV
Step: 84280, Temperature: 293.80 K, Total Energy: -30034.386211 eV
Step: 84300, Temperature: 313.33 K, Total Energy: -30033.968055 eV
Step: 84320, Temperature: 330.11 K, Total Energy: -30034.057318 eV
Step: 84340, Temperature: 304.69 K, Total Energy: -30034.403017 eV
Step: 84360, Temperature: 284.12 K, Total Energy: -30034.413547 eV
Step: 84380, Temperature: 300.67 K, Total Energy: -30034.360238 eV
Step: 84400, Temperature: 293.97 K, Total Energy: -30034.725705 eV
Step: 84420, Temperature: 306.25 K, Total Energy: -30034.387673 eV
Step: 84440, Temperature: 321.46 K, Total Energy: -30034.094339 eV
Step: 84460, Temperature: 302.02 K, Total Energy: -30034.086407 eV
Step: 84480, Temperature: 289.59 K, Total Energy: -30033.758393 eV
Step: 84500, Temperature: 319.09 K, Total Energy: -30033.524206 eV
Step: 84520, Temperature: 308.69 K, Total Energy: -30033.446444 eV
Step: 84540, Temperature: 333.88 K, Total Energy: -30033.295704 eV
Step: 84560, Temperature: 287.02 K, Total Energy: -30034.021406 eV
Step: 84580, Temperature: 315.66 K, Total Energy: -30034.345579 eV
Step: 84600, Temperature: 315.50 K, Total Energy: -30034.298822 eV
Step: 84620, Temperature: 295.82 K, Total Energy: -30034.045028 eV
Step: 84640, Temperature: 302.07 K, Total Energy: -30034.303940 eV
Step: 84660, Temperature: 320.03 K, Total Energy: -30033.237243 eV
Step: 84680, Temperature: 296.54 K, Total Energy: -30033.048690 eV
Step: 84700, Temperature: 317.76 K, Total Energy: -30032.965302 eV
Step: 84720, Temperature: 334.86 K, Total Energy: -30033.103630 eV
Step: 84740, Temperature: 292.38 K, Total Energy: -30033.331734 eV
Step: 84760, Temperature: 299.56 K, Total Energy: -30033.563591 eV
Step: 84780, Temperature: 292.53 K, Total Energy: -30033.544648 eV
Step: 84800, Temperature: 295.76 K, Total Energy: -30033.521183 eV
Step: 84820, Temperature: 316.02 K, Total Energy: -30033.828974 eV
Step: 84840, Temperature: 332.57 K, Total Energy: -30034.054820 eV
Step: 84860, Temperature: 323.47 K, Total Energy: -30033.808026 eV
Step: 84880, Temperature: 286.09 K, Total Energy: -30033.989776 eV
Step: 84900, Temperature: 326.52 K, Total Energy: -30034.146427 eV
Step: 84920, Temperature: 301.80 K, Total Energy: -30033.914293 eV
Step: 84940, Temperature: 325.33 K, Total Energy: -30034.070643 eV
Step: 84960, Temperature: 320.06 K, Total Energy: -30034.189615 eV
Step: 84980, Temperature: 332.86 K, Total Energy: -30034.157094 eV
Step: 85000, Temperature: 284.48 K, Total Energy: -30034.646784 eV
Step: 85020, Temperature: 286.88 K, Total Energy: -30035.456530 eV
Step: 85040, Temperature: 265.40 K, Total Energy: -30035.618472 eV
Step: 85060, Temperature: 264.37 K, Total Energy: -30035.542441 eV
Step: 85080, Temperature: 279.82 K, Total Energy: -30035.434282 eV
Step: 85100, Temperature: 309.58 K, Total Energy: -30035.125371 eV
Step: 85120, Temperature: 306.28 K, Total Energy: -30035.068740 eV
Step: 85140, Temperature: 287.05 K, Total Energy: -30034.905252 eV
Step: 85160, Temperature: 270.30 K, Total Energy: -30034.572855 eV
Step: 85180, Temperature: 287.91 K, Total Energy: -30034.509096 eV
Step: 85200, Temperature: 296.62 K, Total Energy: -30034.489968 eV
Step: 85220, Temperature: 281.44 K, Total Energy: -30034.944909 eV
Step: 85240, Temperature: 286.68 K, Total Energy: -30034.551273 eV
Step: 85260, Temperature: 302.86 K, Total Energy: -30034.188848 eV
Step: 85280, Temperature: 315.68 K, Total Energy: -30034.114791 eV
Step: 85300, Temperature: 312.80 K, Total Energy: -30034.574907 eV
Step: 85320, Temperature: 291.53 K, Total Energy: -30034.278628 eV
Step: 85340, Temperature: 277.05 K, Total Energy: -30034.405464 eV
Step: 85360, Temperature: 275.14 K, Total Energy: -30034.862897 eV
Step: 85380, Temperature: 274.73 K, Total Energy: -30035.068448 eV
Step: 85400, Temperature: 277.28 K, Total Energy: -30034.643874 eV
Step: 85420, Temperature: 294.04 K, Total Energy: -30034.419383 eV
Step: 85440, Temperature: 286.45 K, Total Energy: -30034.707365 eV
Step: 85460, Temperature: 288.51 K, Total Energy: -30034.683592 eV
Step: 85480, Temperature: 254.52 K, Total Energy: -30034.714543 eV
Step: 85500, Temperature: 296.20 K, Total Energy: -30034.064910 eV
Step: 85520, Temperature: 295.48 K, Total Energy: -30033.690307 eV
Step: 85540, Temperature: 291.86 K, Total Energy: -30033.885572 eV
Step: 85560, Temperature: 307.12 K, Total Energy: -30034.252899 eV
Step: 85580, Temperature: 273.84 K, Total Energy: -30034.139425 eV
Step: 85600, Temperature: 313.48 K, Total Energy: -30034.272742 eV
Step: 85620, Temperature: 288.76 K, Total Energy: -30034.321875 eV
Step: 85640, Temperature: 304.29 K, Total Energy: -30033.327096 eV
Step: 85660, Temperature: 310.66 K, Total Energy: -30033.418914 eV
Step: 85680, Temperature: 315.03 K, Total Energy: -30032.873097 eV
Step: 85700, Temperature: 299.37 K, Total Energy: -30033.459043 eV
Step: 85720, Temperature: 295.43 K, Total Energy: -30033.132867 eV
Step: 85740, Temperature: 325.02 K, Total Energy: -30032.757876 eV
Step: 85760, Temperature: 314.35 K, Total Energy: -30033.231728 eV
Step: 85780, Temperature: 305.39 K, Total Energy: -30033.059616 eV
Step: 85800, Temperature: 285.96 K, Total Energy: -30033.248705 eV
Step: 85820, Temperature: 328.32 K, Total Energy: -30033.463088 eV
Step: 85840, Temperature: 309.31 K, Total Energy: -30033.298217 eV
Step: 85860, Temperature: 322.77 K, Total Energy: -30033.095110 eV
Step: 85880, Temperature: 323.35 K, Total Energy: -30033.809095 eV
Step: 85900, Temperature: 300.06 K, Total Energy: -30034.170366 eV
Step: 85920, Temperature: 313.82 K, Total Energy: -30034.049544 eV
Step: 85940, Temperature: 302.25 K, Total Energy: -30033.901103 eV
Step: 85960, Temperature: 284.78 K, Total Energy: -30033.881617 eV
Step: 85980, Temperature: 313.35 K, Total Energy: -30033.740832 eV
Step: 86000, Temperature: 294.01 K, Total Energy: -30034.255999 eV
Step: 86020, Temperature: 260.82 K, Total Energy: -30035.194966 eV
Step: 86040, Temperature: 270.09 K, Total Energy: -30035.031306 eV
Step: 86060, Temperature: 284.18 K, Total Energy: -30034.308571 eV
Step: 86080, Temperature: 291.52 K, Total Energy: -30033.831476 eV
Step: 86100, Temperature: 324.22 K, Total Energy: -30032.775735 eV
Step: 86120, Temperature: 324.68 K, Total Energy: -30032.692033 eV
Step: 86140, Temperature: 293.96 K, Total Energy: -30033.272780 eV
Step: 86160, Temperature: 280.47 K, Total Energy: -30033.763950 eV
Step: 86180, Temperature: 283.14 K, Total Energy: -30033.674293 eV
Step: 86200, Temperature: 296.83 K, Total Energy: -30033.777758 eV
Step: 86220, Temperature: 288.87 K, Total Energy: -30033.766308 eV
Step: 86240, Temperature: 317.09 K, Total Energy: -30033.458495 eV
Step: 86260, Temperature: 323.56 K, Total Energy: -30033.411320 eV
Step: 86280, Temperature: 299.74 K, Total Energy: -30033.555271 eV
Step: 86300, Temperature: 316.46 K, Total Energy: -30033.384299 eV
Step: 86320, Temperature: 302.76 K, Total Energy: -30032.892389 eV
Step: 86340, Temperature: 347.53 K, Total Energy: -30032.830001 eV
Step: 86360, Temperature: 282.69 K, Total Energy: -30033.136577 eV
Step: 86380, Temperature: 308.31 K, Total Energy: -30033.098340 eV
Step: 86400, Temperature: 305.40 K, Total Energy: -30033.069145 eV
Step: 86420, Temperature: 301.13 K, Total Energy: -30033.196524 eV
Step: 86440, Temperature: 300.87 K, Total Energy: -30033.884611 eV
Step: 86460, Temperature: 287.30 K, Total Energy: -30033.781836 eV
Step: 86480, Temperature: 298.13 K, Total Energy: -30033.810118 eV
Step: 86500, Temperature: 290.02 K, Total Energy: -30033.913635 eV
Step: 86520, Temperature: 288.64 K, Total Energy: -30033.912640 eV
Step: 86540, Temperature: 312.68 K, Total Energy: -30033.193016 eV
Step: 86560, Temperature: 292.19 K, Total Energy: -30033.281592 eV
Step: 86580, Temperature: 298.25 K, Total Energy: -30033.521846 eV
Step: 86600, Temperature: 324.63 K, Total Energy: -30032.880853 eV
Step: 86620, Temperature: 307.90 K, Total Energy: -30032.108507 eV
Step: 86640, Temperature: 306.46 K, Total Energy: -30032.687369 eV
Step: 86660, Temperature: 328.43 K, Total Energy: -30032.210263 eV
Step: 86680, Temperature: 314.27 K, Total Energy: -30033.040279 eV
Step: 86700, Temperature: 303.19 K, Total Energy: -30033.487239 eV
Step: 86720, Temperature: 296.56 K, Total Energy: -30033.882263 eV
Step: 86740, Temperature: 279.52 K, Total Energy: -30034.699714 eV
Step: 86760, Temperature: 289.95 K, Total Energy: -30034.366443 eV
Step: 86780, Temperature: 302.62 K, Total Energy: -30034.202446 eV
Step: 86800, Temperature: 275.58 K, Total Energy: -30034.565003 eV
Step: 86820, Temperature: 268.30 K, Total Energy: -30035.153826 eV
Step: 86840, Temperature: 284.72 K, Total Energy: -30034.197509 eV
Step: 86860, Temperature: 287.65 K, Total Energy: -30034.404191 eV
Step: 86880, Temperature: 288.11 K, Total Energy: -30034.437684 eV
Step: 86900, Temperature: 293.66 K, Total Energy: -30034.153493 eV
Step: 86920, Temperature: 299.49 K, Total Energy: -30033.996997 eV
Step: 86940, Temperature: 299.04 K, Total Energy: -30033.721054 eV
Step: 86960, Temperature: 299.32 K, Total Energy: -30033.883891 eV
Step: 86980, Temperature: 315.76 K, Total Energy: -30033.386249 eV
Step: 87000, Temperature: 322.35 K, Total Energy: -30033.236194 eV
Step: 87020, Temperature: 305.50 K, Total Energy: -30033.136925 eV
Step: 87040, Temperature: 300.28 K, Total Energy: -30033.190254 eV
Step: 87060, Temperature: 310.31 K, Total Energy: -30033.005739 eV
Step: 87080, Temperature: 307.23 K, Total Energy: -30033.299119 eV
Step: 87100, Temperature: 313.08 K, Total Energy: -30033.235918 eV
Step: 87120, Temperature: 293.95 K, Total Energy: -30033.257627 eV
Step: 87140, Temperature: 300.37 K, Total Energy: -30033.320879 eV
Step: 87160, Temperature: 287.21 K, Total Energy: -30033.555734 eV
Step: 87180, Temperature: 298.96 K, Total Energy: -30033.057034 eV
Step: 87200, Temperature: 314.21 K, Total Energy: -30032.317286 eV
Step: 87220, Temperature: 313.38 K, Total Energy: -30032.849519 eV
Step: 87240, Temperature: 319.74 K, Total Energy: -30032.773813 eV
Step: 87260, Temperature: 307.54 K, Total Energy: -30033.351950 eV
Step: 87280, Temperature: 325.82 K, Total Energy: -30033.046538 eV
Step: 87300, Temperature: 336.84 K, Total Energy: -30032.841575 eV
Step: 87320, Temperature: 318.47 K, Total Energy: -30033.258241 eV
Step: 87340, Temperature: 290.67 K, Total Energy: -30033.928756 eV
Step: 87360, Temperature: 293.70 K, Total Energy: -30034.195434 eV
Step: 87380, Temperature: 276.08 K, Total Energy: -30033.722391 eV
Step: 87400, Temperature: 306.31 K, Total Energy: -30033.765253 eV
Step: 87420, Temperature: 308.22 K, Total Energy: -30033.469646 eV
Step: 87440, Temperature: 287.85 K, Total Energy: -30033.961671 eV
Step: 87460, Temperature: 299.59 K, Total Energy: -30033.900768 eV
Step: 87480, Temperature: 288.05 K, Total Energy: -30034.271163 eV
Step: 87500, Temperature: 281.82 K, Total Energy: -30034.171835 eV
Step: 87520, Temperature: 298.53 K, Total Energy: -30033.921153 eV
Step: 87540, Temperature: 281.79 K, Total Energy: -30034.270181 eV
Step: 87560, Temperature: 269.49 K, Total Energy: -30034.764885 eV
Step: 87580, Temperature: 279.56 K, Total Energy: -30034.538362 eV
Step: 87600, Temperature: 294.64 K, Total Energy: -30034.343789 eV
Step: 87620, Temperature: 291.27 K, Total Energy: -30034.148209 eV
Step: 87640, Temperature: 300.19 K, Total Energy: -30034.213866 eV
Step: 87660, Temperature: 281.41 K, Total Energy: -30034.318644 eV
Step: 87680, Temperature: 309.31 K, Total Energy: -30034.063855 eV
Step: 87700, Temperature: 299.41 K, Total Energy: -30033.717717 eV
Step: 87720, Temperature: 290.66 K, Total Energy: -30033.409514 eV
Step: 87740, Temperature: 331.88 K, Total Energy: -30033.792691 eV
Step: 87760, Temperature: 335.44 K, Total Energy: -30033.354675 eV
Step: 87780, Temperature: 348.79 K, Total Energy: -30032.624891 eV
Step: 87800, Temperature: 318.54 K, Total Energy: -30032.920646 eV
Step: 87820, Temperature: 313.68 K, Total Energy: -30033.011921 eV
Step: 87840, Temperature: 278.36 K, Total Energy: -30033.644457 eV
Step: 87860, Temperature: 287.96 K, Total Energy: -30033.771289 eV
Step: 87880, Temperature: 285.09 K, Total Energy: -30033.520423 eV
Step: 87900, Temperature: 310.01 K, Total Energy: -30033.190956 eV
Step: 87920, Temperature: 290.75 K, Total Energy: -30033.805683 eV
Step: 87940, Temperature: 310.98 K, Total Energy: -30034.321244 eV
Step: 87960, Temperature: 322.64 K, Total Energy: -30034.027863 eV
Step: 87980, Temperature: 300.30 K, Total Energy: -30034.211191 eV
Step: 88000, Temperature: 288.97 K, Total Energy: -30034.207298 eV
Step: 88020, Temperature: 280.29 K, Total Energy: -30035.116067 eV
Step: 88040, Temperature: 290.96 K, Total Energy: -30034.905914 eV
Step: 88060, Temperature: 298.85 K, Total Energy: -30034.768639 eV
Step: 88080, Temperature: 286.66 K, Total Energy: -30035.208046 eV
Step: 88100, Temperature: 278.70 K, Total Energy: -30035.048076 eV
Step: 88120, Temperature: 282.22 K, Total Energy: -30035.378776 eV
Step: 88140, Temperature: 271.80 K, Total Energy: -30035.276046 eV
Step: 88160, Temperature: 275.27 K, Total Energy: -30035.053061 eV
Step: 88180, Temperature: 274.80 K, Total Energy: -30034.818598 eV
Step: 88200, Temperature: 291.22 K, Total Energy: -30034.653464 eV
Step: 88220, Temperature: 287.61 K, Total Energy: -30034.780091 eV
Step: 88240, Temperature: 300.76 K, Total Energy: -30034.434159 eV
Step: 88260, Temperature: 291.70 K, Total Energy: -30035.160927 eV
Step: 88280, Temperature: 304.56 K, Total Energy: -30034.957175 eV
Step: 88300, Temperature: 280.05 K, Total Energy: -30034.735360 eV
Step: 88320, Temperature: 303.37 K, Total Energy: -30035.176103 eV
Step: 88340, Temperature: 290.70 K, Total Energy: -30034.695699 eV
Step: 88360, Temperature: 295.08 K, Total Energy: -30034.979460 eV
Step: 88380, Temperature: 289.72 K, Total Energy: -30034.573363 eV
Step: 88400, Temperature: 306.06 K, Total Energy: -30034.921814 eV
Step: 88420, Temperature: 263.95 K, Total Energy: -30035.677833 eV
Step: 88440, Temperature: 263.77 K, Total Energy: -30035.738912 eV
Step: 88460, Temperature: 261.68 K, Total Energy: -30035.905945 eV
Step: 88480, Temperature: 309.54 K, Total Energy: -30035.364709 eV
Step: 88500, Temperature: 268.41 K, Total Energy: -30035.426490 eV
Step: 88520, Temperature: 264.72 K, Total Energy: -30035.500605 eV
Step: 88540, Temperature: 294.62 K, Total Energy: -30035.070980 eV
Step: 88560, Temperature: 254.93 K, Total Energy: -30035.385957 eV
Step: 88580, Temperature: 281.21 K, Total Energy: -30034.872485 eV
Step: 88600, Temperature: 294.61 K, Total Energy: -30034.856473 eV
Step: 88620, Temperature: 286.90 K, Total Energy: -30034.297671 eV
Step: 88640, Temperature: 296.32 K, Total Energy: -30034.020915 eV
Step: 88660, Temperature: 287.39 K, Total Energy: -30034.521757 eV
Step: 88680, Temperature: 277.36 K, Total Energy: -30034.508962 eV
Step: 88700, Temperature: 294.52 K, Total Energy: -30034.333089 eV
Step: 88720, Temperature: 292.40 K, Total Energy: -30034.352589 eV
Step: 88740, Temperature: 281.58 K, Total Energy: -30034.568520 eV
Step: 88760, Temperature: 302.84 K, Total Energy: -30033.810230 eV
Step: 88780, Temperature: 304.45 K, Total Energy: -30033.436276 eV
Step: 88800, Temperature: 313.25 K, Total Energy: -30032.131958 eV
Step: 88820, Temperature: 340.06 K, Total Energy: -30031.921702 eV
Step: 88840, Temperature: 310.60 K, Total Energy: -30032.701812 eV
Step: 88860, Temperature: 319.89 K, Total Energy: -30032.787630 eV
Step: 88880, Temperature: 303.85 K, Total Energy: -30033.668124 eV
Step: 88900, Temperature: 299.05 K, Total Energy: -30033.601691 eV
Step: 88920, Temperature: 299.65 K, Total Energy: -30033.174593 eV
Step: 88940, Temperature: 282.75 K, Total Energy: -30033.476917 eV
Step: 88960, Temperature: 326.15 K, Total Energy: -30032.911472 eV
Step: 88980, Temperature: 316.08 K, Total Energy: -30032.563671 eV
Step: 89000, Temperature: 338.35 K, Total Energy: -30032.528703 eV
Step: 89020, Temperature: 324.18 K, Total Energy: -30032.397776 eV
Step: 89040, Temperature: 330.20 K, Total Energy: -30032.621547 eV
Step: 89060, Temperature: 292.59 K, Total Energy: -30032.937695 eV
Step: 89080, Temperature: 328.98 K, Total Energy: -30032.884187 eV
Step: 89100, Temperature: 325.35 K, Total Energy: -30032.982032 eV
Step: 89120, Temperature: 302.19 K, Total Energy: -30033.318552 eV
Step: 89140, Temperature: 330.19 K, Total Energy: -30032.891310 eV
Step: 89160, Temperature: 340.06 K, Total Energy: -30032.955044 eV
Step: 89180, Temperature: 298.45 K, Total Energy: -30033.911547 eV
Step: 89200, Temperature: 304.24 K, Total Energy: -30033.746385 eV
Step: 89220, Temperature: 313.55 K, Total Energy: -30033.519068 eV
Step: 89240, Temperature: 307.49 K, Total Energy: -30033.437071 eV
Step: 89260, Temperature: 321.75 K, Total Energy: -30033.251209 eV
Step: 89280, Temperature: 294.91 K, Total Energy: -30033.821478 eV
Step: 89300, Temperature: 285.41 K, Total Energy: -30034.051366 eV
Step: 89320, Temperature: 296.69 K, Total Energy: -30033.964782 eV
Step: 89340, Temperature: 303.35 K, Total Energy: -30033.367903 eV
Step: 89360, Temperature: 313.60 K, Total Energy: -30033.402589 eV
Step: 89380, Temperature: 306.83 K, Total Energy: -30033.349883 eV
Step: 89400, Temperature: 317.51 K, Total Energy: -30033.715687 eV
Step: 89420, Temperature: 326.85 K, Total Energy: -30033.734011 eV
Step: 89440, Temperature: 307.90 K, Total Energy: -30033.905471 eV
Step: 89460, Temperature: 291.05 K, Total Energy: -30034.554181 eV
Step: 89480, Temperature: 310.38 K, Total Energy: -30034.236410 eV
Step: 89500, Temperature: 285.41 K, Total Energy: -30034.438192 eV
Step: 89520, Temperature: 284.09 K, Total Energy: -30034.123361 eV
Step: 89540, Temperature: 312.36 K, Total Energy: -30033.865112 eV
Step: 89560, Temperature: 309.30 K, Total Energy: -30033.677218 eV
Step: 89580, Temperature: 282.97 K, Total Energy: -30033.826816 eV
Step: 89600, Temperature: 289.18 K, Total Energy: -30034.166961 eV
Step: 89620, Temperature: 253.44 K, Total Energy: -30034.913178 eV
Step: 89640, Temperature: 287.21 K, Total Energy: -30034.641600 eV
Step: 89660, Temperature: 271.97 K, Total Energy: -30034.078516 eV
Step: 89680, Temperature: 296.25 K, Total Energy: -30033.934796 eV
Step: 89700, Temperature: 292.61 K, Total Energy: -30033.896269 eV
Step: 89720, Temperature: 302.04 K, Total Energy: -30034.757912 eV
Step: 89740, Temperature: 318.32 K, Total Energy: -30034.162356 eV
Step: 89760, Temperature: 273.54 K, Total Energy: -30034.187921 eV
Step: 89780, Temperature: 313.03 K, Total Energy: -30034.428483 eV
Step: 89800, Temperature: 288.50 K, Total Energy: -30034.500284 eV
Step: 89820, Temperature: 296.60 K, Total Energy: -30033.781538 eV
Step: 89840, Temperature: 313.34 K, Total Energy: -30033.936413 eV
Step: 89860, Temperature: 305.13 K, Total Energy: -30033.644193 eV
Step: 89880, Temperature: 309.80 K, Total Energy: -30033.786032 eV
Step: 89900, Temperature: 333.65 K, Total Energy: -30033.432390 eV
Step: 89920, Temperature: 292.62 K, Total Energy: -30034.015090 eV
Step: 89940, Temperature: 318.02 K, Total Energy: -30033.626882 eV
Step: 89960, Temperature: 312.64 K, Total Energy: -30033.324990 eV
Step: 89980, Temperature: 315.08 K, Total Energy: -30032.996809 eV
Step: 90000, Temperature: 334.08 K, Total Energy: -30033.124787 eV
Step: 90020, Temperature: 296.81 K, Total Energy: -30033.389714 eV
Step: 90040, Temperature: 316.13 K, Total Energy: -30033.720754 eV
Step: 90060, Temperature: 313.20 K, Total Energy: -30034.031650 eV
Step: 90080, Temperature: 311.01 K, Total Energy: -30033.916264 eV
Step: 90100, Temperature: 327.40 K, Total Energy: -30033.411827 eV
Step: 90120, Temperature: 310.82 K, Total Energy: -30033.850543 eV
Step: 90140, Temperature: 328.22 K, Total Energy: -30034.213563 eV
Step: 90160, Temperature: 327.45 K, Total Energy: -30034.306938 eV
Step: 90180, Temperature: 300.12 K, Total Energy: -30034.285915 eV
Step: 90200, Temperature: 297.51 K, Total Energy: -30034.442655 eV
Step: 90220, Temperature: 267.58 K, Total Energy: -30034.310410 eV
Step: 90240, Temperature: 288.62 K, Total Energy: -30034.764887 eV
Step: 90260, Temperature: 270.35 K, Total Energy: -30034.780822 eV
Step: 90280, Temperature: 289.29 K, Total Energy: -30034.492180 eV
Step: 90300, Temperature: 266.50 K, Total Energy: -30034.280498 eV
Step: 90320, Temperature: 294.34 K, Total Energy: -30033.929386 eV
Step: 90340, Temperature: 297.83 K, Total Energy: -30033.885853 eV
Step: 90360, Temperature: 277.59 K, Total Energy: -30034.097034 eV
Step: 90380, Temperature: 258.67 K, Total Energy: -30034.422158 eV
Step: 90400, Temperature: 302.23 K, Total Energy: -30033.893921 eV
Step: 90420, Temperature: 274.16 K, Total Energy: -30034.314977 eV
Step: 90440, Temperature: 289.67 K, Total Energy: -30034.142944 eV
Step: 90460, Temperature: 298.18 K, Total Energy: -30033.691512 eV
Step: 90480, Temperature: 314.36 K, Total Energy: -30033.817317 eV
Step: 90500, Temperature: 302.70 K, Total Energy: -30033.194592 eV
Step: 90520, Temperature: 291.75 K, Total Energy: -30033.651982 eV
Step: 90540, Temperature: 297.45 K, Total Energy: -30033.489014 eV
Step: 90560, Temperature: 300.77 K, Total Energy: -30033.855797 eV
Step: 90580, Temperature: 295.81 K, Total Energy: -30033.625346 eV
Step: 90600, Temperature: 305.49 K, Total Energy: -30033.515941 eV
Step: 90620, Temperature: 313.33 K, Total Energy: -30032.770763 eV
Step: 90640, Temperature: 307.44 K, Total Energy: -30033.379705 eV
Step: 90660, Temperature: 275.63 K, Total Energy: -30034.251130 eV
Step: 90680, Temperature: 255.28 K, Total Energy: -30034.219239 eV
Step: 90700, Temperature: 289.01 K, Total Energy: -30034.227789 eV
Step: 90720, Temperature: 315.36 K, Total Energy: -30032.958537 eV
Step: 90740, Temperature: 299.03 K, Total Energy: -30033.211615 eV
Step: 90760, Temperature: 321.62 K, Total Energy: -30032.973168 eV
Step: 90780, Temperature: 319.65 K, Total Energy: -30033.031698 eV
Step: 90800, Temperature: 305.74 K, Total Energy: -30033.179775 eV
Step: 90820, Temperature: 310.72 K, Total Energy: -30033.210463 eV
Step: 90840, Temperature: 313.37 K, Total Energy: -30033.207096 eV
Step: 90860, Temperature: 338.59 K, Total Energy: -30033.053902 eV
Step: 90880, Temperature: 302.66 K, Total Energy: -30033.517960 eV
Step: 90900, Temperature: 288.69 K, Total Energy: -30033.757152 eV
Step: 90920, Temperature: 299.95 K, Total Energy: -30033.964068 eV
Step: 90940, Temperature: 292.66 K, Total Energy: -30034.000382 eV
Step: 90960, Temperature: 294.00 K, Total Energy: -30034.375343 eV
Step: 90980, Temperature: 324.82 K, Total Energy: -30033.579219 eV
Step: 91000, Temperature: 311.63 K, Total Energy: -30034.170205 eV
Step: 91020, Temperature: 274.00 K, Total Energy: -30034.215565 eV
Step: 91040, Temperature: 281.80 K, Total Energy: -30034.611839 eV
Step: 91060, Temperature: 292.84 K, Total Energy: -30034.109309 eV
Step: 91080, Temperature: 315.00 K, Total Energy: -30033.959592 eV
Step: 91100, Temperature: 304.11 K, Total Energy: -30033.966263 eV
Step: 91120, Temperature: 289.34 K, Total Energy: -30033.639395 eV
Step: 91140, Temperature: 324.35 K, Total Energy: -30033.651491 eV
Step: 91160, Temperature: 285.69 K, Total Energy: -30033.532911 eV
Step: 91180, Temperature: 284.19 K, Total Energy: -30033.821924 eV
Step: 91200, Temperature: 293.39 K, Total Energy: -30033.994013 eV
Step: 91220, Temperature: 286.40 K, Total Energy: -30034.317967 eV
Step: 91240, Temperature: 285.34 K, Total Energy: -30034.793356 eV
Step: 91260, Temperature: 293.95 K, Total Energy: -30034.874689 eV
Step: 91280, Temperature: 291.04 K, Total Energy: -30034.900073 eV
Step: 91300, Temperature: 272.67 K, Total Energy: -30034.619724 eV
Step: 91320, Temperature: 289.20 K, Total Energy: -30034.289444 eV
Step: 91340, Temperature: 280.34 K, Total Energy: -30034.921555 eV
Step: 91360, Temperature: 275.68 K, Total Energy: -30034.748146 eV
Step: 91380, Temperature: 298.52 K, Total Energy: -30034.267020 eV
Step: 91400, Temperature: 277.29 K, Total Energy: -30034.436583 eV
Step: 91420, Temperature: 275.97 K, Total Energy: -30034.502681 eV
Step: 91440, Temperature: 287.04 K, Total Energy: -30034.606614 eV
Step: 91460, Temperature: 276.58 K, Total Energy: -30034.563524 eV
Step: 91480, Temperature: 286.92 K, Total Energy: -30034.473011 eV
Step: 91500, Temperature: 304.67 K, Total Energy: -30034.657550 eV
Step: 91520, Temperature: 299.87 K, Total Energy: -30034.634089 eV
Step: 91540, Temperature: 276.66 K, Total Energy: -30034.596727 eV
Step: 91560, Temperature: 282.72 K, Total Energy: -30034.460131 eV
Step: 91580, Temperature: 290.05 K, Total Energy: -30034.176661 eV
Step: 91600, Temperature: 274.78 K, Total Energy: -30034.819142 eV
Step: 91620, Temperature: 299.05 K, Total Energy: -30034.810610 eV
Step: 91640, Temperature: 309.94 K, Total Energy: -30034.593133 eV
Step: 91660, Temperature: 306.53 K, Total Energy: -30034.900476 eV
Step: 91680, Temperature: 294.66 K, Total Energy: -30034.534704 eV
Step: 91700, Temperature: 299.41 K, Total Energy: -30034.305629 eV
Step: 91720, Temperature: 270.16 K, Total Energy: -30034.484744 eV
Step: 91740, Temperature: 321.87 K, Total Energy: -30033.726773 eV
Step: 91760, Temperature: 294.91 K, Total Energy: -30033.628330 eV
Step: 91780, Temperature: 275.76 K, Total Energy: -30034.316380 eV
Step: 91800, Temperature: 277.36 K, Total Energy: -30034.936693 eV
Step: 91820, Temperature: 275.96 K, Total Energy: -30034.907067 eV
Step: 91840, Temperature: 273.25 K, Total Energy: -30034.982133 eV
Step: 91860, Temperature: 289.32 K, Total Energy: -30034.524670 eV
Step: 91880, Temperature: 284.82 K, Total Energy: -30034.525010 eV
Step: 91900, Temperature: 286.51 K, Total Energy: -30034.184337 eV
Step: 91920, Temperature: 272.40 K, Total Energy: -30034.661539 eV
Step: 91940, Temperature: 300.58 K, Total Energy: -30033.967951 eV
Step: 91960, Temperature: 296.50 K, Total Energy: -30033.340791 eV
Step: 91980, Temperature: 322.27 K, Total Energy: -30032.855510 eV
Step: 92000, Temperature: 304.20 K, Total Energy: -30032.266883 eV
Step: 92020, Temperature: 334.77 K, Total Energy: -30032.668359 eV
Step: 92040, Temperature: 340.90 K, Total Energy: -30032.437905 eV
Step: 92060, Temperature: 314.51 K, Total Energy: -30032.983556 eV
Step: 92080, Temperature: 284.92 K, Total Energy: -30033.573311 eV
Step: 92100, Temperature: 307.57 K, Total Energy: -30033.073807 eV
Step: 92120, Temperature: 310.22 K, Total Energy: -30033.344026 eV
Step: 92140, Temperature: 319.89 K, Total Energy: -30033.281715 eV
Step: 92160, Temperature: 307.42 K, Total Energy: -30033.024848 eV
Step: 92180, Temperature: 310.36 K, Total Energy: -30032.850206 eV
Step: 92200, Temperature: 337.76 K, Total Energy: -30032.951396 eV
Step: 92220, Temperature: 284.17 K, Total Energy: -30033.847905 eV
Step: 92240, Temperature: 300.61 K, Total Energy: -30033.594104 eV
Step: 92260, Temperature: 316.61 K, Total Energy: -30033.480347 eV
Step: 92280, Temperature: 293.98 K, Total Energy: -30033.444171 eV
Step: 92300, Temperature: 285.45 K, Total Energy: -30033.968525 eV
Step: 92320, Temperature: 287.53 K, Total Energy: -30033.699930 eV
Step: 92340, Temperature: 298.91 K, Total Energy: -30033.441045 eV
Step: 92360, Temperature: 290.67 K, Total Energy: -30033.639770 eV
Step: 92380, Temperature: 336.88 K, Total Energy: -30033.438217 eV
Step: 92400, Temperature: 314.34 K, Total Energy: -30033.437055 eV
Step: 92420, Temperature: 310.42 K, Total Energy: -30033.516746 eV
Step: 92440, Temperature: 310.88 K, Total Energy: -30033.358765 eV
Step: 92460, Temperature: 294.43 K, Total Energy: -30034.017128 eV
Step: 92480, Temperature: 290.05 K, Total Energy: -30034.463785 eV
Step: 92500, Temperature: 272.29 K, Total Energy: -30034.943600 eV
Step: 92520, Temperature: 272.51 K, Total Energy: -30035.260261 eV
Step: 92540, Temperature: 294.03 K, Total Energy: -30034.609141 eV
Step: 92560, Temperature: 273.66 K, Total Energy: -30034.864699 eV
Step: 92580, Temperature: 305.56 K, Total Energy: -30034.590588 eV
Step: 92600, Temperature: 304.42 K, Total Energy: -30034.017291 eV
Step: 92620, Temperature: 317.63 K, Total Energy: -30033.718772 eV
Step: 92640, Temperature: 290.89 K, Total Energy: -30033.839408 eV
Step: 92660, Temperature: 291.72 K, Total Energy: -30034.414453 eV
Step: 92680, Temperature: 289.75 K, Total Energy: -30034.723194 eV
Step: 92700, Temperature: 281.98 K, Total Energy: -30035.259769 eV
Step: 92720, Temperature: 287.54 K, Total Energy: -30035.707666 eV
Step: 92740, Temperature: 276.42 K, Total Energy: -30035.182689 eV
Step: 92760, Temperature: 313.48 K, Total Energy: -30034.680946 eV
Step: 92780, Temperature: 315.15 K, Total Energy: -30034.799796 eV
Step: 92800, Temperature: 276.64 K, Total Energy: -30035.802394 eV
Step: 92820, Temperature: 277.26 K, Total Energy: -30035.208764 eV
Step: 92840, Temperature: 301.19 K, Total Energy: -30035.564145 eV
Step: 92860, Temperature: 313.61 K, Total Energy: -30035.126950 eV
Step: 92880, Temperature: 286.01 K, Total Energy: -30034.778823 eV
Step: 92900, Temperature: 295.36 K, Total Energy: -30035.162057 eV
Step: 92920, Temperature: 313.52 K, Total Energy: -30035.017866 eV
Step: 92940, Temperature: 305.70 K, Total Energy: -30035.219922 eV
Step: 92960, Temperature: 269.28 K, Total Energy: -30034.986944 eV
Step: 92980, Temperature: 302.66 K, Total Energy: -30035.080320 eV
Step: 93000, Temperature: 299.56 K, Total Energy: -30034.907246 eV
Step: 93020, Temperature: 271.56 K, Total Energy: -30035.317037 eV
Step: 93040, Temperature: 311.93 K, Total Energy: -30034.672559 eV
Step: 93060, Temperature: 277.79 K, Total Energy: -30034.340110 eV
Step: 93080, Temperature: 283.86 K, Total Energy: -30034.101658 eV
Step: 93100, Temperature: 299.36 K, Total Energy: -30034.443670 eV
Step: 93120, Temperature: 307.01 K, Total Energy: -30034.118955 eV
Step: 93140, Temperature: 298.79 K, Total Energy: -30033.862099 eV
Step: 93160, Temperature: 328.70 K, Total Energy: -30033.562968 eV
Step: 93180, Temperature: 318.85 K, Total Energy: -30033.953978 eV
Step: 93200, Temperature: 316.14 K, Total Energy: -30033.234249 eV
Step: 93220, Temperature: 318.56 K, Total Energy: -30033.877192 eV
Step: 93240, Temperature: 279.88 K, Total Energy: -30034.468140 eV
Step: 93260, Temperature: 281.78 K, Total Energy: -30034.698218 eV
Step: 93280, Temperature: 266.84 K, Total Energy: -30034.541550 eV
Step: 93300, Temperature: 292.70 K, Total Energy: -30034.681146 eV
Step: 93320, Temperature: 272.47 K, Total Energy: -30035.323832 eV
Step: 93340, Temperature: 277.46 K, Total Energy: -30034.506600 eV
Step: 93360, Temperature: 304.99 K, Total Energy: -30034.923067 eV
Step: 93380, Temperature: 288.06 K, Total Energy: -30034.223966 eV
Step: 93400, Temperature: 305.82 K, Total Energy: -30034.341745 eV
Step: 93420, Temperature: 299.40 K, Total Energy: -30034.577385 eV
Step: 93440, Temperature: 273.92 K, Total Energy: -30034.830735 eV
Step: 93460, Temperature: 286.73 K, Total Energy: -30034.985556 eV
Step: 93480, Temperature: 289.45 K, Total Energy: -30034.666008 eV
Step: 93500, Temperature: 310.11 K, Total Energy: -30034.315485 eV
Step: 93520, Temperature: 320.69 K, Total Energy: -30034.097906 eV
Step: 93540, Temperature: 298.25 K, Total Energy: -30034.303101 eV
Step: 93560, Temperature: 298.95 K, Total Energy: -30033.592387 eV
Step: 93580, Temperature: 300.85 K, Total Energy: -30033.513902 eV
Step: 93600, Temperature: 310.76 K, Total Energy: -30033.705625 eV
Step: 93620, Temperature: 339.02 K, Total Energy: -30032.904572 eV
Step: 93640, Temperature: 306.38 K, Total Energy: -30033.267475 eV
Step: 93660, Temperature: 316.01 K, Total Energy: -30033.022440 eV
Step: 93680, Temperature: 290.51 K, Total Energy: -30033.110495 eV
Step: 93700, Temperature: 326.27 K, Total Energy: -30033.043275 eV
Step: 93720, Temperature: 326.47 K, Total Energy: -30032.522648 eV
Step: 93740, Temperature: 303.75 K, Total Energy: -30032.367747 eV
Step: 93760, Temperature: 296.19 K, Total Energy: -30032.299519 eV
Step: 93780, Temperature: 293.42 K, Total Energy: -30032.891772 eV
Step: 93800, Temperature: 320.88 K, Total Energy: -30032.927027 eV
Step: 93820, Temperature: 324.38 K, Total Energy: -30033.080533 eV
Step: 93840, Temperature: 330.16 K, Total Energy: -30032.868704 eV
Step: 93860, Temperature: 305.99 K, Total Energy: -30033.351244 eV
Step: 93880, Temperature: 311.61 K, Total Energy: -30033.690441 eV
Step: 93900, Temperature: 312.51 K, Total Energy: -30033.787162 eV
Step: 93920, Temperature: 295.22 K, Total Energy: -30033.800105 eV
Step: 93940, Temperature: 290.68 K, Total Energy: -30033.877660 eV
Step: 93960, Temperature: 277.45 K, Total Energy: -30033.821246 eV
Step: 93980, Temperature: 320.53 K, Total Energy: -30033.873181 eV
Step: 94000, Temperature: 314.17 K, Total Energy: -30033.570139 eV
Step: 94020, Temperature: 300.70 K, Total Energy: -30034.005881 eV
Step: 94040, Temperature: 312.93 K, Total Energy: -30034.106663 eV
Step: 94060, Temperature: 296.04 K, Total Energy: -30033.764312 eV
Step: 94080, Temperature: 257.24 K, Total Energy: -30034.313105 eV
Step: 94100, Temperature: 287.14 K, Total Energy: -30034.668759 eV
Step: 94120, Temperature: 250.01 K, Total Energy: -30034.951539 eV
Step: 94140, Temperature: 306.95 K, Total Energy: -30034.694599 eV
Step: 94160, Temperature: 290.26 K, Total Energy: -30034.686985 eV
Step: 94180, Temperature: 294.72 K, Total Energy: -30034.603684 eV
Step: 94200, Temperature: 305.02 K, Total Energy: -30034.496428 eV
Step: 94220, Temperature: 288.13 K, Total Energy: -30034.706703 eV
Step: 94240, Temperature: 253.03 K, Total Energy: -30034.948796 eV
Step: 94260, Temperature: 259.10 K, Total Energy: -30035.179020 eV
Step: 94280, Temperature: 286.38 K, Total Energy: -30035.230580 eV
Step: 94300, Temperature: 273.15 K, Total Energy: -30035.717021 eV
Step: 94320, Temperature: 297.14 K, Total Energy: -30035.467289 eV
Step: 94340, Temperature: 292.74 K, Total Energy: -30035.461463 eV
Step: 94360, Temperature: 303.47 K, Total Energy: -30035.314295 eV
Step: 94380, Temperature: 276.44 K, Total Energy: -30034.924613 eV
Step: 94400, Temperature: 280.10 K, Total Energy: -30034.405804 eV
Step: 94420, Temperature: 287.24 K, Total Energy: -30034.424092 eV
Step: 94440, Temperature: 297.18 K, Total Energy: -30034.202675 eV
Step: 94460, Temperature: 314.63 K, Total Energy: -30034.337970 eV
Step: 94480, Temperature: 283.79 K, Total Energy: -30034.673668 eV
Step: 94500, Temperature: 307.84 K, Total Energy: -30034.832688 eV
Step: 94520, Temperature: 285.30 K, Total Energy: -30035.511316 eV
Step: 94540, Temperature: 289.21 K, Total Energy: -30035.306817 eV
Step: 94560, Temperature: 291.55 K, Total Energy: -30035.176539 eV
Step: 94580, Temperature: 291.19 K, Total Energy: -30034.718478 eV
Step: 94600, Temperature: 318.01 K, Total Energy: -30034.543133 eV
Step: 94620, Temperature: 299.76 K, Total Energy: -30034.134734 eV
Step: 94640, Temperature: 293.79 K, Total Energy: -30034.595559 eV
Step: 94660, Temperature: 284.29 K, Total Energy: -30034.417262 eV
Step: 94680, Temperature: 294.54 K, Total Energy: -30034.639308 eV
Step: 94700, Temperature: 271.16 K, Total Energy: -30034.916805 eV
Step: 94720, Temperature: 299.42 K, Total Energy: -30034.619853 eV
Step: 94740, Temperature: 297.65 K, Total Energy: -30034.095284 eV
Step: 94760, Temperature: 332.47 K, Total Energy: -30033.820931 eV
Step: 94780, Temperature: 307.77 K, Total Energy: -30033.984836 eV
Step: 94800, Temperature: 307.05 K, Total Energy: -30033.449947 eV
Step: 94820, Temperature: 311.34 K, Total Energy: -30034.021204 eV
Step: 94840, Temperature: 298.03 K, Total Energy: -30033.775336 eV
Step: 94860, Temperature: 321.32 K, Total Energy: -30032.847750 eV
Step: 94880, Temperature: 347.32 K, Total Energy: -30032.767083 eV
Step: 94900, Temperature: 326.09 K, Total Energy: -30032.551600 eV
Step: 94920, Temperature: 318.49 K, Total Energy: -30033.527427 eV
Step: 94940, Temperature: 335.94 K, Total Energy: -30033.303258 eV
Step: 94960, Temperature: 327.37 K, Total Energy: -30033.144895 eV
Step: 94980, Temperature: 318.95 K, Total Energy: -30034.045282 eV
Step: 95000, Temperature: 304.32 K, Total Energy: -30034.029416 eV
Step: 95020, Temperature: 289.00 K, Total Energy: -30034.196790 eV
Step: 95040, Temperature: 275.66 K, Total Energy: -30034.037696 eV
Step: 95060, Temperature: 310.99 K, Total Energy: -30033.821061 eV
Step: 95080, Temperature: 300.92 K, Total Energy: -30033.697735 eV
Step: 95100, Temperature: 285.07 K, Total Energy: -30033.573697 eV
Step: 95120, Temperature: 288.97 K, Total Energy: -30033.519893 eV
Step: 95140, Temperature: 299.87 K, Total Energy: -30033.251205 eV
Step: 95160, Temperature: 303.26 K, Total Energy: -30032.467889 eV
Step: 95180, Temperature: 297.06 K, Total Energy: -30033.149067 eV
Step: 95200, Temperature: 317.51 K, Total Energy: -30033.397427 eV
Step: 95220, Temperature: 273.11 K, Total Energy: -30034.618425 eV
Step: 95240, Temperature: 287.46 K, Total Energy: -30034.811086 eV
Step: 95260, Temperature: 304.83 K, Total Energy: -30034.714022 eV
Step: 95280, Temperature: 275.23 K, Total Energy: -30034.538408 eV
Step: 95300, Temperature: 293.14 K, Total Energy: -30034.299156 eV
Step: 95320, Temperature: 292.75 K, Total Energy: -30034.262017 eV
Step: 95340, Temperature: 287.69 K, Total Energy: -30033.586786 eV
Step: 95360, Temperature: 285.08 K, Total Energy: -30034.081042 eV
Step: 95380, Temperature: 279.55 K, Total Energy: -30034.644212 eV
Step: 95400, Temperature: 280.21 K, Total Energy: -30034.981427 eV
Step: 95420, Temperature: 288.01 K, Total Energy: -30035.088612 eV
Step: 95440, Temperature: 282.88 K, Total Energy: -30034.924739 eV
Step: 95460, Temperature: 287.05 K, Total Energy: -30034.840758 eV
Step: 95480, Temperature: 276.11 K, Total Energy: -30034.299804 eV
Step: 95500, Temperature: 293.17 K, Total Energy: -30033.948670 eV
Step: 95520, Temperature: 281.90 K, Total Energy: -30034.314279 eV
Step: 95540, Temperature: 301.49 K, Total Energy: -30033.601534 eV
Step: 95560, Temperature: 306.88 K, Total Energy: -30033.571386 eV
Step: 95580, Temperature: 296.05 K, Total Energy: -30034.146895 eV
Step: 95600, Temperature: 289.74 K, Total Energy: -30034.463663 eV
Step: 95620, Temperature: 303.43 K, Total Energy: -30033.854200 eV
Step: 95640, Temperature: 278.52 K, Total Energy: -30034.279115 eV
Step: 95660, Temperature: 310.11 K, Total Energy: -30033.776457 eV
Step: 95680, Temperature: 287.98 K, Total Energy: -30033.759249 eV
Step: 95700, Temperature: 318.09 K, Total Energy: -30033.351780 eV
Step: 95720, Temperature: 258.41 K, Total Energy: -30033.617992 eV
Step: 95740, Temperature: 288.66 K, Total Energy: -30033.304830 eV
Step: 95760, Temperature: 304.82 K, Total Energy: -30033.202700 eV
Step: 95780, Temperature: 284.53 K, Total Energy: -30033.336985 eV
Step: 95800, Temperature: 302.47 K, Total Energy: -30032.852582 eV
Step: 95820, Temperature: 296.21 K, Total Energy: -30033.570457 eV
Step: 95840, Temperature: 303.70 K, Total Energy: -30034.177695 eV
Step: 95860, Temperature: 285.88 K, Total Energy: -30033.957811 eV
Step: 95880, Temperature: 281.65 K, Total Energy: -30034.285458 eV
Step: 95900, Temperature: 293.11 K, Total Energy: -30033.807622 eV
Step: 95920, Temperature: 301.94 K, Total Energy: -30033.016299 eV
Step: 95940, Temperature: 300.01 K, Total Energy: -30032.337673 eV
Step: 95960, Temperature: 329.41 K, Total Energy: -30032.484786 eV
Step: 95980, Temperature: 334.14 K, Total Energy: -30032.849998 eV
Step: 96000, Temperature: 339.17 K, Total Energy: -30032.342343 eV
Step: 96020, Temperature: 320.26 K, Total Energy: -30032.038020 eV
Step: 96040, Temperature: 341.97 K, Total Energy: -30032.565859 eV
Step: 96060, Temperature: 293.83 K, Total Energy: -30033.078836 eV
Step: 96080, Temperature: 320.68 K, Total Energy: -30032.996581 eV
Step: 96100, Temperature: 309.61 K, Total Energy: -30032.884460 eV
Step: 96120, Temperature: 321.83 K, Total Energy: -30033.425071 eV
Step: 96140, Temperature: 315.10 K, Total Energy: -30032.853713 eV
Step: 96160, Temperature: 284.20 K, Total Energy: -30033.337330 eV
Step: 96180, Temperature: 288.69 K, Total Energy: -30032.907568 eV
Step: 96200, Temperature: 293.85 K, Total Energy: -30032.988594 eV
Step: 96220, Temperature: 302.54 K, Total Energy: -30033.183109 eV
Step: 96240, Temperature: 305.99 K, Total Energy: -30033.112924 eV
Step: 96260, Temperature: 315.95 K, Total Energy: -30033.090398 eV
Step: 96280, Temperature: 308.94 K, Total Energy: -30032.699880 eV
Step: 96300, Temperature: 299.75 K, Total Energy: -30032.828420 eV
Step: 96320, Temperature: 340.36 K, Total Energy: -30032.515800 eV
Step: 96340, Temperature: 328.92 K, Total Energy: -30032.420967 eV
Step: 96360, Temperature: 299.71 K, Total Energy: -30033.257119 eV
Step: 96380, Temperature: 312.34 K, Total Energy: -30033.441726 eV
Step: 96400, Temperature: 319.53 K, Total Energy: -30033.380549 eV
Step: 96420, Temperature: 306.99 K, Total Energy: -30033.197467 eV
Step: 96440, Temperature: 284.85 K, Total Energy: -30034.178698 eV
Step: 96460, Temperature: 288.86 K, Total Energy: -30034.165078 eV
Step: 96480, Temperature: 274.27 K, Total Energy: -30033.626678 eV
Step: 96500, Temperature: 289.04 K, Total Energy: -30033.871638 eV
Step: 96520, Temperature: 327.03 K, Total Energy: -30032.954022 eV
Step: 96540, Temperature: 308.20 K, Total Energy: -30033.684988 eV
Step: 96560, Temperature: 291.66 K, Total Energy: -30033.806448 eV
Step: 96580, Temperature: 281.00 K, Total Energy: -30034.240990 eV
Step: 96600, Temperature: 279.84 K, Total Energy: -30033.980729 eV
Step: 96620, Temperature: 276.81 K, Total Energy: -30034.561888 eV
Step: 96640, Temperature: 290.53 K, Total Energy: -30034.604094 eV
Step: 96660, Temperature: 283.18 K, Total Energy: -30034.268963 eV
Step: 96680, Temperature: 282.48 K, Total Energy: -30034.202273 eV
Step: 96700, Temperature: 291.65 K, Total Energy: -30034.068533 eV
Step: 96720, Temperature: 270.72 K, Total Energy: -30034.199167 eV
Step: 96740, Temperature: 297.80 K, Total Energy: -30033.644302 eV
Step: 96760, Temperature: 290.84 K, Total Energy: -30033.940110 eV
Step: 96780, Temperature: 304.51 K, Total Energy: -30033.735587 eV
Step: 96800, Temperature: 297.20 K, Total Energy: -30033.458043 eV
Step: 96820, Temperature: 319.49 K, Total Energy: -30033.621783 eV
Step: 96840, Temperature: 299.62 K, Total Energy: -30034.062043 eV
Step: 96860, Temperature: 266.12 K, Total Energy: -30034.012600 eV
Step: 96880, Temperature: 286.84 K, Total Energy: -30033.797335 eV
Step: 96900, Temperature: 298.18 K, Total Energy: -30033.990541 eV
Step: 96920, Temperature: 288.66 K, Total Energy: -30033.662190 eV
Step: 96940, Temperature: 307.81 K, Total Energy: -30033.579590 eV
Step: 96960, Temperature: 317.06 K, Total Energy: -30033.269831 eV
Step: 96980, Temperature: 316.26 K, Total Energy: -30032.883409 eV
Step: 97000, Temperature: 344.93 K, Total Energy: -30032.783215 eV
Step: 97020, Temperature: 311.49 K, Total Energy: -30032.722630 eV
Step: 97040, Temperature: 285.15 K, Total Energy: -30033.026752 eV
Step: 97060, Temperature: 310.19 K, Total Energy: -30032.878024 eV
Step: 97080, Temperature: 315.49 K, Total Energy: -30032.945600 eV
Step: 97100, Temperature: 269.99 K, Total Energy: -30033.063103 eV
Step: 97120, Temperature: 290.17 K, Total Energy: -30033.226234 eV
Step: 97140, Temperature: 322.58 K, Total Energy: -30032.435535 eV
Step: 97160, Temperature: 310.75 K, Total Energy: -30032.682298 eV
Step: 97180, Temperature: 285.94 K, Total Energy: -30032.805835 eV
Step: 97200, Temperature: 327.64 K, Total Energy: -30033.032729 eV
Step: 97220, Temperature: 296.95 K, Total Energy: -30032.968142 eV
Step: 97240, Temperature: 331.79 K, Total Energy: -30032.777286 eV
Step: 97260, Temperature: 299.69 K, Total Energy: -30032.599407 eV
Step: 97280, Temperature: 307.27 K, Total Energy: -30032.682806 eV
Step: 97300, Temperature: 326.92 K, Total Energy: -30032.874821 eV
Step: 97320, Temperature: 330.84 K, Total Energy: -30032.328424 eV
Step: 97340, Temperature: 304.66 K, Total Energy: -30032.534775 eV
Step: 97360, Temperature: 312.41 K, Total Energy: -30032.609907 eV
Step: 97380, Temperature: 315.59 K, Total Energy: -30032.699052 eV
Step: 97400, Temperature: 304.36 K, Total Energy: -30033.194364 eV
Step: 97420, Temperature: 311.71 K, Total Energy: -30033.123384 eV
Step: 97440, Temperature: 337.81 K, Total Energy: -30033.049906 eV
Step: 97460, Temperature: 320.58 K, Total Energy: -30033.493062 eV
Step: 97480, Temperature: 291.62 K, Total Energy: -30033.862104 eV
Step: 97500, Temperature: 285.92 K, Total Energy: -30033.771223 eV
Step: 97520, Temperature: 310.46 K, Total Energy: -30033.541120 eV
Step: 97540, Temperature: 314.31 K, Total Energy: -30033.308845 eV
Step: 97560, Temperature: 312.39 K, Total Energy: -30032.901309 eV
Step: 97580, Temperature: 322.76 K, Total Energy: -30033.380282 eV
Step: 97600, Temperature: 307.00 K, Total Energy: -30033.814437 eV
Step: 97620, Temperature: 327.26 K, Total Energy: -30033.036353 eV
Step: 97640, Temperature: 309.61 K, Total Energy: -30033.257593 eV
Step: 97660, Temperature: 316.30 K, Total Energy: -30033.300536 eV
Step: 97680, Temperature: 315.09 K, Total Energy: -30033.609773 eV
Step: 97700, Temperature: 299.13 K, Total Energy: -30033.925890 eV
Step: 97720, Temperature: 327.31 K, Total Energy: -30033.861208 eV
Step: 97740, Temperature: 308.07 K, Total Energy: -30034.131596 eV
Step: 97760, Temperature: 299.94 K, Total Energy: -30034.138214 eV
Step: 97780, Temperature: 302.11 K, Total Energy: -30034.324644 eV
Step: 97800, Temperature: 324.05 K, Total Energy: -30033.578741 eV
Step: 97820, Temperature: 311.50 K, Total Energy: -30033.904036 eV
Step: 97840, Temperature: 299.09 K, Total Energy: -30034.137775 eV
Step: 97860, Temperature: 316.50 K, Total Energy: -30033.699901 eV
Step: 97880, Temperature: 296.99 K, Total Energy: -30034.100022 eV
Step: 97900, Temperature: 288.28 K, Total Energy: -30034.060424 eV
Step: 97920, Temperature: 293.75 K, Total Energy: -30034.197952 eV
Step: 97940, Temperature: 303.78 K, Total Energy: -30034.273341 eV
Step: 97960, Temperature: 274.06 K, Total Energy: -30034.901542 eV
Step: 97980, Temperature: 282.78 K, Total Energy: -30034.874572 eV
Step: 98000, Temperature: 262.38 K, Total Energy: -30035.119102 eV
Step: 98020, Temperature: 265.91 K, Total Energy: -30035.056934 eV
Step: 98040, Temperature: 279.31 K, Total Energy: -30034.345386 eV
Step: 98060, Temperature: 317.14 K, Total Energy: -30033.592033 eV
Step: 98080, Temperature: 292.78 K, Total Energy: -30033.852868 eV
Step: 98100, Temperature: 289.38 K, Total Energy: -30033.607168 eV
Step: 98120, Temperature: 256.55 K, Total Energy: -30033.876996 eV
Step: 98140, Temperature: 323.69 K, Total Energy: -30033.337756 eV
Step: 98160, Temperature: 292.92 K, Total Energy: -30033.541001 eV
Step: 98180, Temperature: 308.44 K, Total Energy: -30033.395951 eV
Step: 98200, Temperature: 282.22 K, Total Energy: -30033.654156 eV
Step: 98220, Temperature: 285.30 K, Total Energy: -30033.655726 eV
Step: 98240, Temperature: 270.02 K, Total Energy: -30033.523196 eV
Step: 98260, Temperature: 278.78 K, Total Energy: -30033.182728 eV
Step: 98280, Temperature: 318.90 K, Total Energy: -30032.647973 eV
Step: 98300, Temperature: 305.29 K, Total Energy: -30033.087333 eV
Step: 98320, Temperature: 300.62 K, Total Energy: -30033.484641 eV
Step: 98340, Temperature: 301.19 K, Total Energy: -30033.398170 eV
Step: 98360, Temperature: 310.59 K, Total Energy: -30033.416743 eV
Step: 98380, Temperature: 307.70 K, Total Energy: -30033.547060 eV
Step: 98400, Temperature: 271.85 K, Total Energy: -30034.083245 eV
Step: 98420, Temperature: 258.51 K, Total Energy: -30034.594167 eV
Step: 98440, Temperature: 297.90 K, Total Energy: -30033.966105 eV
Step: 98460, Temperature: 301.65 K, Total Energy: -30033.521543 eV
Step: 98480, Temperature: 291.69 K, Total Energy: -30033.493381 eV
Step: 98500, Temperature: 281.50 K, Total Energy: -30033.427779 eV
Step: 98520, Temperature: 270.20 K, Total Energy: -30033.768711 eV
Step: 98540, Temperature: 289.90 K, Total Energy: -30034.125710 eV
Step: 98560, Temperature: 307.69 K, Total Energy: -30033.525862 eV
Step: 98580, Temperature: 286.90 K, Total Energy: -30033.186302 eV
Step: 98600, Temperature: 324.78 K, Total Energy: -30033.080218 eV
Step: 98620, Temperature: 304.50 K, Total Energy: -30032.741724 eV
Step: 98640, Temperature: 301.13 K, Total Energy: -30032.954239 eV
Step: 98660, Temperature: 324.31 K, Total Energy: -30032.921885 eV
Step: 98680, Temperature: 318.71 K, Total Energy: -30032.506318 eV
Step: 98700, Temperature: 321.99 K, Total Energy: -30032.864367 eV
Step: 98720, Temperature: 292.38 K, Total Energy: -30032.880410 eV
Step: 98740, Temperature: 287.07 K, Total Energy: -30032.746547 eV
Step: 98760, Temperature: 308.66 K, Total Energy: -30033.271315 eV
Step: 98780, Temperature: 286.18 K, Total Energy: -30033.555819 eV
Step: 98800, Temperature: 303.13 K, Total Energy: -30033.549206 eV
Step: 98820, Temperature: 318.88 K, Total Energy: -30032.914166 eV
Step: 98840, Temperature: 329.38 K, Total Energy: -30032.341105 eV
Step: 98860, Temperature: 320.07 K, Total Energy: -30032.542805 eV
Step: 98880, Temperature: 299.44 K, Total Energy: -30032.884998 eV
Step: 98900, Temperature: 293.43 K, Total Energy: -30032.942250 eV
Step: 98920, Temperature: 289.76 K, Total Energy: -30033.091975 eV
Step: 98940, Temperature: 281.27 K, Total Energy: -30033.876787 eV
Step: 98960, Temperature: 287.70 K, Total Energy: -30033.262349 eV
Step: 98980, Temperature: 281.77 K, Total Energy: -30033.493354 eV
Step: 99000, Temperature: 315.34 K, Total Energy: -30033.197394 eV
Step: 99020, Temperature: 307.79 K, Total Energy: -30033.347719 eV
Step: 99040, Temperature: 280.05 K, Total Energy: -30033.555639 eV
Step: 99060, Temperature: 296.32 K, Total Energy: -30033.970192 eV
Step: 99080, Temperature: 286.11 K, Total Energy: -30033.973689 eV
Step: 99100, Temperature: 284.19 K, Total Energy: -30034.011406 eV
Step: 99120, Temperature: 283.03 K, Total Energy: -30033.913295 eV
Step: 99140, Temperature: 295.71 K, Total Energy: -30034.211765 eV
Step: 99160, Temperature: 275.25 K, Total Energy: -30034.582866 eV
Step: 99180, Temperature: 304.97 K, Total Energy: -30034.103147 eV
Step: 99200, Temperature: 285.37 K, Total Energy: -30033.937325 eV
Step: 99220, Temperature: 286.08 K, Total Energy: -30033.720513 eV
Step: 99240, Temperature: 277.84 K, Total Energy: -30033.850657 eV
Step: 99260, Temperature: 275.05 K, Total Energy: -30034.623030 eV
Step: 99280, Temperature: 276.85 K, Total Energy: -30034.898740 eV
Step: 99300, Temperature: 285.22 K, Total Energy: -30035.042495 eV
Step: 99320, Temperature: 236.15 K, Total Energy: -30035.223280 eV
Step: 99340, Temperature: 292.74 K, Total Energy: -30034.943683 eV
Step: 99360, Temperature: 265.53 K, Total Energy: -30035.255698 eV
Step: 99380, Temperature: 258.91 K, Total Energy: -30035.199294 eV
Step: 99400, Temperature: 246.77 K, Total Energy: -30035.287712 eV
Step: 99420, Temperature: 277.95 K, Total Energy: -30034.845964 eV
Step: 99440, Temperature: 294.02 K, Total Energy: -30034.382641 eV
Step: 99460, Temperature: 260.31 K, Total Energy: -30035.141192 eV
Step: 99480, Temperature: 287.49 K, Total Energy: -30034.603448 eV
Step: 99500, Temperature: 296.21 K, Total Energy: -30033.884897 eV
Step: 99520, Temperature: 277.88 K, Total Energy: -30034.132909 eV
Step: 99540, Temperature: 313.69 K, Total Energy: -30034.085924 eV
Step: 99560, Temperature: 327.21 K, Total Energy: -30033.529785 eV
Step: 99580, Temperature: 305.14 K, Total Energy: -30033.259036 eV
Step: 99600, Temperature: 306.05 K, Total Energy: -30033.332334 eV
Step: 99620, Temperature: 324.33 K, Total Energy: -30032.927393 eV
Step: 99640, Temperature: 312.74 K, Total Energy: -30033.769806 eV
Step: 99660, Temperature: 318.17 K, Total Energy: -30033.744198 eV
Step: 99680, Temperature: 301.68 K, Total Energy: -30033.307772 eV
Step: 99700, Temperature: 282.45 K, Total Energy: -30033.269453 eV
Step: 99720, Temperature: 314.76 K, Total Energy: -30032.955916 eV
Step: 99740, Temperature: 311.87 K, Total Energy: -30033.117533 eV
Step: 99760, Temperature: 326.29 K, Total Energy: -30033.292705 eV
Step: 99780, Temperature: 322.62 K, Total Energy: -30033.403289 eV
Step: 99800, Temperature: 293.95 K, Total Energy: -30033.189144 eV
Step: 99820, Temperature: 352.18 K, Total Energy: -30032.501776 eV
Step: 99840, Temperature: 337.01 K, Total Energy: -30032.571715 eV
Step: 99860, Temperature: 318.38 K, Total Energy: -30032.485277 eV
Step: 99880, Temperature: 333.87 K, Total Energy: -30032.467996 eV
Step: 99900, Temperature: 356.75 K, Total Energy: -30032.011404 eV
Step: 99920, Temperature: 335.32 K, Total Energy: -30032.597930 eV
Step: 99940, Temperature: 320.97 K, Total Energy: -30032.721783 eV
Step: 99960, Temperature: 317.28 K, Total Energy: -30033.623698 eV
Step: 99980, Temperature: 305.47 K, Total Energy: -30033.946239 eV
Step: 100000, Temperature: 279.69 K, Total Energy: -30034.281226 eV
