,T,E
0,314.223786440832,-30040.107871917393
1,201.22261961931753,-30038.69357486041
2,208.41762735134694,-30037.956416046203
3,222.78659450691865,-30037.162308292838
4,207.9351014210138,-30036.984016331975
5,237.02180458427608,-30035.666441985788
6,263.2680316733424,-30035.020924823064
7,261.80960988087486,-30034.512197930853
8,247.52588580978792,-30034.1850495039
9,257.6519831235134,-30033.98842841823
10,256.5782539729552,-30034.288513633124
11,267.644032771598,-30033.961149740648
12,262.90029219016105,-30034.332785723967
13,234.083131021635,-30034.370233100817
14,268.83057106959967,-30033.93170233833
15,242.67089095905789,-30033.957884085812
16,269.2329829131742,-30034.32991844186
17,281.582655813491,-30033.457019104357
18,258.1670848492071,-30033.403379044255
19,271.68837693202954,-30033.49749631572
20,290.1271864301685,-30032.854336700806
21,282.79050842943974,-30032.925089600187
22,285.9891515628716,-30032.873049708393
23,298.90620558042895,-30032.210678531606
24,300.8919686057836,-30031.80202104084
25,305.8580943385191,-30032.14752217255
26,298.10152159986006,-30032.175961607318
27,279.64654418939386,-30032.15155372605
28,313.1157133518019,-30032.26232510211
29,286.70456861621403,-30032.40412267637
30,299.7689934287708,-30032.281062814254
31,305.5671174839727,-30031.930134235336
32,293.9652151568169,-30032.454397344027
33,307.0571405560807,-30033.25838934979
34,285.6889520411686,-30033.068000033516
35,295.2986460691889,-30033.022866873824
36,276.0359115863349,-30033.204052710986
37,266.4699763045967,-30033.19731861999
38,316.2392385553538,-30033.27660260544
39,284.69161845105384,-30033.196267395164
40,286.9033482291967,-30033.48317375655
41,270.8259338831243,-30033.10483785087
42,291.4132662564372,-30033.01773138566
43,294.64966958676547,-30032.769441864646
44,295.85199741556136,-30032.94663384915
45,296.4065103575764,-30032.760996996105
46,290.281649308853,-30033.231362629773
47,272.1107764179036,-30033.645216367717
48,288.45567247958735,-30033.444648310884
49,278.2953809518474,-30033.315946150527
50,277.7050588614606,-30033.063018586847
51,279.73697674729897,-30032.99891875384
52,287.3652359136127,-30033.172882543935
53,286.3359226858973,-30033.186709198395
54,276.32169710837195,-30033.29461636123
55,305.6230467254752,-30032.831089938376
56,278.56620479286966,-30033.061177993444
57,313.34828317680433,-30033.143271954807
58,279.11959974385564,-30033.168537636597
59,269.2006398717369,-30033.744783628597
60,266.1193863828177,-30033.506800779596
61,264.5228435583919,-30033.524939262912
62,298.2471121507916,-30032.576645228928
63,289.7349610083842,-30032.20977404156
64,305.57128670201536,-30032.50424951405
65,288.7187947360876,-30032.445930666043
66,305.5763205226693,-30031.922093335135
67,313.9587579351065,-30031.59296499636
68,316.21401524268543,-30030.85340047038
69,321.366086281853,-30031.24311495295
70,303.41636504227193,-30031.303823918814
71,299.26499800288076,-30031.62560217807
72,315.0765118505866,-30031.92850592875
73,279.0115020880343,-30032.440751644637
74,293.1169012357371,-30032.045763223734
75,322.6945255251902,-30031.36248961555
76,295.4818086036767,-30031.795664912275
77,303.11731691143996,-30032.35421441882
78,299.4123134822768,-30032.623899240556
79,265.5838768714482,-30032.848216007187
80,283.4526674365011,-30032.949671821636
81,276.90489762429036,-30033.444205042513
82,285.5339938088401,-30033.003486398193
83,278.6777544752374,-30032.812315813313
84,281.48539512989,-30032.848104786382
85,295.20541658982484,-30032.76932125978
86,294.73131100107616,-30032.947103195263
87,287.0218980086239,-30033.24390347363
88,287.52281757893854,-30033.069362321134
89,285.1762457007071,-30032.53384933403
90,299.52182336205135,-30033.214931434064
91,258.80283025071145,-30033.401273046227
92,299.4733335518174,-30032.296212974878
93,292.6660598108284,-30032.756170916262
94,292.9505035688215,-30032.413174116286
95,301.2954307085293,-30033.247086079133
96,251.6118780535198,-30033.39223746053
97,277.45724986702385,-30033.264481188507
98,261.4934310645748,-30033.480982328692
99,267.06975980095325,-30033.397276996337
100,264.29421379682907,-30033.41928525107
101,281.5094938470435,-30033.579928581556
102,285.88770151800236,-30033.383379986615
103,288.0235890614341,-30033.11748109386
104,291.4649162984418,-30032.746918289497
105,285.66608848481593,-30032.65450495923
106,300.6507044504712,-30032.345118088262
107,306.5114474413975,-30032.400838563146
108,294.5113086356778,-30032.392016319467
109,286.5291406383474,-30033.031523307374
110,309.90633863470384,-30032.257990704395
111,301.5574378504035,-30032.351911734106
112,301.96615274348653,-30032.173799534114
113,329.8582798923804,-30031.88391894458
114,302.72487000680877,-30032.246766631317
115,271.97460318492125,-30033.33023652794
116,282.7924406904931,-30033.264885395503
117,278.7157403410534,-30033.078951208463
118,301.93055814884144,-30032.618042292608
119,298.24085399542713,-30032.752581793276
120,272.21851618600647,-30032.9765268667
121,293.93401348059723,-30032.974702954463
122,304.33794901004114,-30032.925483379582
123,300.51396283790234,-30032.717652354484
124,313.0689504906686,-30032.495907533652
125,269.95960260725843,-30033.208369633692
126,285.293495951456,-30033.919611302703
127,277.78027661883,-30033.50060496421
128,263.84937187081385,-30033.270169048566
129,265.2114894838364,-30033.01566100937
130,297.54138769617157,-30032.6703317109
131,316.39610476341704,-30032.737553263793
132,271.21975071214445,-30032.59897038971
133,319.16195668512387,-30031.752894970934
134,301.9258245852634,-30031.842769144772
135,313.31400786070594,-30031.70271634656
136,295.328488450912,-30032.067048123237
137,265.27392093297874,-30032.918408466197
138,287.1441302611812,-30032.440088674422
139,288.25569013429003,-30032.705470830006
140,293.42336770723887,-30032.715891741005
141,320.5762585705205,-30032.792013702092
142,292.49008367239816,-30032.666788276467
143,278.5708241765305,-30032.30129772499
144,302.7755267070204,-30032.27090006282
145,286.1859995354995,-30032.299804977854
146,300.0536285527543,-30032.570873764977
147,329.18580198372365,-30031.998264691716
148,312.78372834569785,-30032.35259552657
149,335.43182723488974,-30032.23778264061
150,288.932367607691,-30032.628130233446
151,291.71978446222715,-30032.590202368996
152,302.0845059493677,-30032.48531537974
153,300.0534520285164,-30032.59236252094
154,284.8206598887684,-30032.902049231197
155,328.19779509434693,-30033.23176933413
156,294.6875694095605,-30033.331001270202
157,313.9400659800788,-30033.001632016643
158,296.5130616958798,-30033.076711989434
159,298.2112125128228,-30033.362692432962
160,272.834057839378,-30033.5921097835
161,282.73660888882154,-30033.180333524208
162,264.04616431123117,-30033.396144446222
163,275.39336380669306,-30033.09304627983
164,272.96474581788726,-30032.977538255833
165,293.80828537460667,-30032.573526388453
166,289.7211470718789,-30033.133944999612
167,298.3280913735481,-30032.678151118755
168,308.58068606224475,-30032.60534375745
169,283.60603418065534,-30031.74859995437
170,311.40164430092494,-30032.162286590898
171,315.7905630720666,-30032.28578466882
172,289.96171883038454,-30032.04008388603
173,299.75153612172323,-30032.318605443154
174,303.7575987766704,-30032.635198960237
175,288.9256386243989,-30032.671265982757
176,302.26677556781283,-30032.781573078504
177,278.32802261449126,-30032.953807927635
178,297.5987135832843,-30032.79195587711
179,301.9501529340396,-30032.906618490968
180,292.19244505774674,-30032.935893795227
181,309.281031403328,-30032.630931398842
182,308.0910682840385,-30032.679995048074
183,303.7909431367254,-30032.230074547864
184,304.07297309136317,-30032.045340778444
185,314.12587127791846,-30032.305614467226
186,287.23209049373247,-30032.308999435165
187,291.4031129377155,-30032.588295869824
188,301.20194333288583,-30032.499406240535
189,302.51597344929496,-30032.47460725757
190,310.4836900991909,-30032.56397454692
191,306.11558619676407,-30032.29933488743
192,298.1710958902411,-30032.203531793748
193,309.71743097212504,-30032.499007123024
194,297.1624881149538,-30032.210985207123
195,299.82786247205564,-30032.842101807557
196,290.3416246079398,-30032.952530418115
197,293.8580475194271,-30032.947291395954
198,287.4123955846016,-30032.4842121394
199,304.7925034337386,-30032.28334291318
200,296.23440309976115,-30032.944955838775
201,285.67433270940063,-30032.990237854796
202,286.29537585229207,-30032.826387361118
203,313.8919013448723,-30032.16884298729
204,319.639293835203,-30031.72151720985
205,323.2617416137216,-30031.699974996936
206,282.11458701684217,-30032.5395208079
207,289.7846905597542,-30032.745649232962
208,282.13629512464684,-30032.837810183002
209,289.0562180235342,-30033.0508377748
210,280.6873041290634,-30033.155021113107
211,300.2233735358642,-30033.17017667403
212,286.1566547394743,-30033.0544395044
213,297.39330534750025,-30033.3478349305
214,294.46386059168856,-30032.54944388082
215,308.82478151731675,-30032.306317068076
216,310.509333186905,-30032.08091626404
217,317.03655987387555,-30032.370096005623
218,342.6253787197489,-30032.240894342416
219,281.42549137060223,-30032.89256022257
220,303.1718636296511,-30032.4563763082
221,283.0050894042004,-30032.685389148573
222,296.3016213365817,-30032.90031887253
223,261.42273444212526,-30032.990549371203
224,318.42502663167375,-30032.265324660686
225,277.5612133770782,-30032.31854165633
226,322.76802394558507,-30031.384103038265
227,329.72055792564254,-30031.801399416145
228,331.0626786518903,-30032.08059078291
229,322.3112202465305,-30031.813408701983
230,307.1946203001197,-30032.044039889686
231,319.20302129380303,-30032.408125833117
232,327.79956149795623,-30031.518996410232
233,301.3243553903301,-30031.79324322894
234,292.3250237539903,-30032.043931593893
235,312.34280441385516,-30032.730725837628
236,283.10719849704276,-30033.264886264154
237,278.3077986847627,-30033.36251296833
238,284.858330887357,-30034.080801815693
239,274.8614883212803,-30033.80937131849
240,298.89755652909764,-30033.242143182997
241,279.04727514699835,-30033.19181695703
242,275.84572946378694,-30033.345491384047
243,295.7552720358668,-30032.679503121053
244,295.7539652516895,-30032.474457427707
245,301.421427893106,-30032.45684971717
246,320.2279482290503,-30032.204954912275
247,292.92419821944844,-30032.695076960114
248,322.67077097277803,-30031.902141653925
249,319.01699603623763,-30032.13930509147
250,305.7321988254441,-30032.072521636233
251,328.1851584255579,-30032.405911074857
252,307.5311755774004,-30032.754437290645
253,294.2210350659611,-30032.678517178196
254,304.6497896526613,-30033.19118164615
255,273.05033290161913,-30033.463695413175
256,307.924822528051,-30033.303261545512
257,284.30231435614724,-30033.246944734685
258,300.9062175479786,-30033.161042411855
259,310.6209374459969,-30033.16603710443
260,284.21037703130105,-30033.128132677066
261,316.65909176004163,-30033.20954210082
262,276.55578435298764,-30033.40208805474
263,295.35322440793374,-30033.09182485345
264,297.3321979330614,-30032.486070238898
265,299.74078673812727,-30032.400903470403
266,313.10559545360934,-30031.85437308221
267,312.3579358730062,-30032.079959681418
268,307.32931258232566,-30031.198900233565
269,329.3853085123244,-30031.26675085637
270,313.67873885376844,-30031.9182738601
271,305.65197230453384,-30032.297168940917
272,302.5426599122757,-30032.993476205294
273,279.0915217603289,-30033.788375098502
274,290.2611838991657,-30033.593198663497
275,282.67614449515185,-30033.48066224917
276,317.1408110254058,-30032.859696209787
277,287.2829199149379,-30032.807737955096
278,289.3039482973488,-30033.099377126822
279,299.12326927493604,-30032.916228964077
280,308.40063023859096,-30033.00043736692
281,291.22913833948365,-30032.739097930986
282,299.2735206097301,-30032.828515664765
283,283.1829212857174,-30032.9641788577
284,281.0973907767483,-30032.91828111903
285,293.74485943506454,-30033.0594754878
286,296.68552483337123,-30032.738447439573
287,285.642551516826,-30033.024229722618
288,267.83501653572614,-30032.868519297517
289,294.08349386280537,-30032.332321288584
290,320.1614298370834,-30032.88434013483
291,300.20133010571817,-30033.137520620923
292,275.68789002428315,-30033.704877379267
293,288.69939181231206,-30033.669068456085
294,290.19506900973136,-30033.29601137196
295,306.381230831028,-30033.42164839244
296,284.01860865058836,-30033.589923217743
297,306.2480577424591,-30033.58510972035
298,265.86306951661595,-30033.255349528867
299,282.22443990662646,-30033.486013238617
300,297.14572799892954,-30033.088354283194
301,283.81030264138184,-30033.192749187816
302,306.345880751996,-30032.40690070757
303,304.7816572021089,-30032.543377718994
304,313.317960260355,-30032.60691513126
305,317.0956968567773,-30032.960425224224
306,295.6714023631188,-30033.52533459116
307,279.6093484939155,-30033.984508095524
308,311.7811310343185,-30033.355993522782
309,309.23110774013753,-30033.16927977489
310,321.06282496783484,-30032.977203765367
311,304.4922034881343,-30033.605248855616
312,307.5140354209042,-30033.95798767353
313,295.22237704783635,-30033.509134711636
314,325.40029139257257,-30032.881275658063
315,323.08493953630125,-30032.649675355224
316,319.0300240545005,-30032.93585676327
317,284.3460571958791,-30033.075937253765
318,307.491914896351,-30033.202677283745
319,313.2319760845278,-30032.790689703914
320,290.28229105046296,-30032.864159203084
321,302.2592684047076,-30032.90090001561
322,299.8554939536387,-30032.855087926895
323,314.31789467953945,-30032.859442597466
324,305.4539043454493,-30032.821615823974
325,309.35982191079347,-30033.53717910801
326,309.9163060770225,-30032.818290208295
327,308.8734025631749,-30033.12542289527
328,299.98867556547356,-30033.056860762455
329,296.3982452363563,-30032.83346774415
330,309.20896773989944,-30032.859282368456
331,322.95123775260333,-30032.256509179242
332,308.2311075599236,-30031.578863315735
333,323.1222489543135,-30031.664374413394
334,327.9333504496625,-30031.240285422886
335,327.1173329898749,-30031.80155289688
336,284.3079657151429,-30031.81125760476
337,303.05639555275434,-30031.8654919847
338,307.4687232935694,-30031.51575285089
339,323.65240146050706,-30031.36215463548
340,320.7153548553356,-30031.700670997823
341,264.1877353561889,-30032.775443448576
342,247.8401407138384,-30033.302250353543
343,274.1730059675646,-30032.572551762525
344,328.20766388487607,-30032.37410253636
345,316.94400950497834,-30032.29817416248
346,330.25254907379633,-30032.43468088198
347,324.97003923606275,-30031.64976611795
348,325.81690775939967,-30031.874842359994
349,293.55362847651475,-30032.32203394078
350,268.13291783849206,-30033.482219759386
351,304.0762134803078,-30033.23276035876
352,291.02951396058336,-30032.746005316127
353,293.6464319313666,-30032.79238700286
354,292.6134998831021,-30032.58950659389
355,282.08966964837066,-30032.42685795494
356,299.5194387756259,-30032.58608436452
357,310.182278077112,-30032.43473621377
358,314.21136166386486,-30032.51638339941
359,288.1483505043354,-30032.73157227543
360,302.7994074110969,-30032.504682393625
361,305.89980385067145,-30032.57031515457
362,274.53373098901113,-30032.946411820914
363,278.78885193824544,-30033.11424610632
364,295.5884662810882,-30032.97465851649
365,294.63645443422683,-30033.11547296213
366,289.4932577297576,-30033.446241362108
367,283.9079107696208,-30033.36024863294
368,273.1727202404348,-30033.564173640047
369,293.8523252453966,-30033.22673028584
370,275.9613387333259,-30032.897309703443
371,278.13190954883646,-30033.23015941932
372,266.22325926235317,-30033.572582246677
373,270.6509120827118,-30033.7986346514
374,286.0963280532644,-30033.677030436753
375,281.89453275411205,-30033.800841470085
376,251.7194590725434,-30033.846598774337
377,275.21568971443804,-30034.13651827971
378,270.1980625956905,-30033.012998429833
379,261.6051073091103,-30033.247742007552
380,295.0769153572282,-30033.20610414198
381,296.58416110346957,-30033.057369325637
382,287.4610742514114,-30032.461519661563
383,334.50444706203245,-30032.040095154545
384,309.5094286729822,-30031.99635680565
385,307.5131700904114,-30032.237306024224
386,286.1132484223143,-30032.543798008533
387,306.2131469310168,-30032.224648008774
388,298.9107587084174,-30032.12072178248
389,302.4954119893038,-30032.04347692506
390,323.22306833669654,-30031.9157785369
391,306.53092643790865,-30032.054652010138
392,281.90973563537347,-30031.94304229133
393,253.95653656687136,-30032.50787605835
394,290.01455635513156,-30032.417678819023
395,280.2467133421301,-30032.779236906208
396,286.81713675774836,-30032.63179772021
397,281.02191257974096,-30033.297107455233
398,277.33335891304336,-30033.25388402822
399,277.8813433277159,-30034.226612324586
400,272.772458694152,-30034.03895104563
401,291.3079994092643,-30033.145343888944
402,269.92221070656825,-30032.81867262257
403,272.0394006803157,-30033.008315889445
404,312.7085725887273,-30032.56149198548
405,287.5150373974756,-30032.598852283987
406,300.8812230706556,-30032.485881472578
407,291.3201495620393,-30032.03762047253
408,318.8544972701283,-30031.662869221447
409,308.66443058379065,-30031.644281018333
410,295.3210178242679,-30032.00473352859
411,312.3751970183773,-30032.27875004584
412,296.57128528103584,-30032.088938876655
413,307.0789901057383,-30031.697300214604
414,341.19433752347106,-30031.51859729599
415,313.1545691785548,-30031.857063906646
416,287.56743003659574,-30031.841692633112
417,292.6908615722502,-30031.997742888343
418,297.36612361245216,-30031.934447024392
419,297.1416530955728,-30032.02595541379
420,304.13678710485254,-30032.123835172915
421,307.0602383071852,-30031.961437470076
422,271.5572240549949,-30032.408954381197
423,282.80683421034206,-30032.508668803403
424,282.131683609469,-30032.646518381178
425,295.95559798612953,-30032.653047074375
426,295.74610860735896,-30032.91605866321
427,303.5243899332511,-30032.053096091644
428,308.95235344695624,-30031.967213499232
429,296.1297569355906,-30032.539349813003
430,291.4964701942167,-30032.410197687706
431,306.5793629196217,-30031.805403042825
432,299.66365015048166,-30031.8071147144
433,305.0215371779867,-30032.170236899015
434,296.4309152136446,-30032.27211006855
435,286.9865931303563,-30032.670560916973
436,295.47942408957186,-30032.528145965935
437,279.94604332109253,-30032.50349578314
438,322.9940338477221,-30032.919509569547
439,285.67674870190825,-30032.783146644906
440,321.8306886377309,-30032.24135011786
441,280.0958329168923,-30032.02516894323
442,291.02340979114797,-30032.619203683862
443,296.28871421066935,-30032.789311075438
444,298.64659586898694,-30032.832355877417
445,289.0198669544259,-30032.864239932413
446,305.43866463402765,-30032.97238466678
447,300.96819397268854,-30032.45833241144
448,295.35516301060244,-30032.35154236638
449,284.97056714582436,-30032.22450072118
450,306.7799190065679,-30032.624644409636
451,283.0325490017047,-30032.577285783715
452,275.8336788604332,-30032.810634204852
453,294.10351937596363,-30032.915808672173
454,284.7679892714111,-30033.33304390591
455,293.122312513096,-30033.15500392713
456,278.68740344212955,-30032.89996697111
457,274.4794787354681,-30032.891117623534
458,298.1860765418455,-30032.52151938026
459,303.3891058199232,-30032.054500435777
460,294.16214287088053,-30032.308885009472
461,318.51683057668066,-30031.936874403516
462,318.4596614951967,-30031.774230720715
463,297.70289089636776,-30032.09405791379
464,309.08021243502736,-30032.2589621812
465,287.81084122862086,-30032.929401675723
466,305.519286545013,-30032.987961924337
467,277.6611444959762,-30033.39028032468
468,305.73757578589147,-30032.736450691304
469,321.5159088672608,-30032.469865419305
470,322.6982355243888,-30032.569428791117
471,327.0170955699788,-30032.612634330282
472,311.29221429830034,-30032.875939915004
473,290.8125983483136,-30032.518966833566
474,301.7840702238644,-30032.940037191947
475,284.94587686915344,-30033.416519732276
476,280.764340832931,-30033.748812348018
477,276.5481356444362,-30033.718684129708
478,294.34334502638933,-30033.509466075437
479,298.56350392731173,-30033.461371170863
480,261.0025201205792,-30033.928712587993
481,333.36725832150023,-30033.33784905392
482,305.01021559077833,-30032.934189752163
483,303.294009634383,-30032.80490739948
484,292.69228247381454,-30032.181301374534
485,299.70099212375567,-30032.481969214616
486,336.6779501281327,-30032.001778348087
487,308.20073819890894,-30032.649929519845
488,313.5476065302152,-30032.114887665484
489,289.7440165531262,-30032.238846176853
490,301.68800449059125,-30031.868202592803
491,291.0054970523067,-30031.859882615627
492,312.1739990402919,-30032.17436835943
493,331.5866447809573,-30031.522665162956
494,287.0007765088943,-30032.49052141514
495,285.8834545082512,-30032.662782263527
496,293.4808061616185,-30033.001575613536
497,286.949892326796,-30033.013268629264
498,303.42778863560153,-30032.483227909088
499,303.7902412736812,-30032.749623216638
500,262.96712448458493,-30033.133861461007
501,302.3236363301673,-30032.934458788142
502,266.5314177019933,-30032.812981272837
503,289.52308528509275,-30033.15643860448
504,286.64977160740295,-30033.292201373675
505,247.8746114332446,-30033.797488612283
506,280.03026881710895,-30033.813905482246
507,299.13153806544454,-30033.595711249964
508,294.6184945628382,-30033.30732493863
509,297.1777805957689,-30033.357090054687
510,294.33635845324676,-30033.76940509259
511,288.9773609293908,-30033.507872968174
512,298.3705376346894,-30032.89389456621
513,331.7361141494092,-30031.811924395417
514,323.73244659030354,-30031.774230582545
515,324.8306603627815,-30031.936428335473
516,318.38692580710995,-30032.420567118574
517,312.46706854753825,-30032.577251236373
518,307.36261680680263,-30032.397292442274
519,292.0240591515102,-30033.151010281723
520,296.5582788833276,-30033.464261668283
521,300.5732757822156,-30033.32946158109
522,283.3266003508591,-30033.228191168393
523,307.2512367802605,-30033.0856035369
524,305.1791887402557,-30032.748355566513
525,305.7570692214151,-30033.02698252995
526,302.2244836504493,-30032.77090392556
527,288.86152189697566,-30033.372075976014
528,293.1789083979837,-30032.919224335477
529,308.16762656031284,-30032.88707940656
530,300.57777529057466,-30032.356693662692
531,302.9279217972609,-30032.435086684978
532,293.59712906053124,-30032.379548097142
533,290.83784593324356,-30033.035918366244
534,285.5460449628893,-30033.68482793872
535,303.422879641401,-30033.27241224007
536,279.0019058339051,-30033.41950542862
537,281.0092714673486,-30033.365780556243
538,289.10550607655927,-30032.78594267327
539,290.2511976018807,-30033.278993377535
540,274.1091384868794,-30033.48819932
541,282.8407969025163,-30034.11915404532
542,306.4640778223632,-30033.47818605315
543,282.05479003026966,-30033.43944234421
544,323.1440282532321,-30033.054458896684
545,310.10382742223123,-30032.88785507017
546,299.976171627746,-30033.318889834074
547,286.6615080964916,-30033.60441009853
548,299.49768888781824,-30033.528030401307
549,317.88487889440654,-30032.979901874358
550,279.12543581713095,-30032.572689672448
551,319.8292153123275,-30031.792975630462
552,317.75470848680294,-30032.119851181997
553,314.6019506800343,-30031.76450229582
554,325.32008533365286,-30032.307094329924
555,305.91116033408383,-30032.28683018537
556,313.55329270685615,-30032.425293421456
557,317.19860720439135,-30032.346543079337
558,310.2811509280133,-30032.49673552112
559,316.7303395138609,-30031.88746138038
560,326.133817402174,-30032.036899199567
561,296.9881914237128,-30032.225076511957
562,310.9065621368794,-30032.494885996166
563,318.3320353048274,-30032.492241886197
564,282.80701661227715,-30033.010617401567
565,280.22256207067005,-30033.414601915323
566,320.131330737413,-30033.24250900662
567,298.4862743052025,-30033.33633472378
568,280.8493636635985,-30033.832639758944
569,288.48265066730147,-30033.594369393613
570,298.63138451704697,-30033.983124016402
571,287.7851668992046,-30033.953476358955
572,292.39056568859775,-30033.72199247997
573,285.8721660990506,-30034.002906168265
574,276.35150940524835,-30033.930595232287
575,281.8523178901037,-30034.09681102984
576,286.9343653653088,-30033.330060226017
577,288.86462115751067,-30033.942311558843
578,312.2013829030606,-30033.95689187415
579,296.58008049475325,-30033.82700184782
580,268.6405407076014,-30033.96180912001
581,273.84598985388203,-30033.67637074445
582,272.9064760346093,-30033.16257814015
583,301.4908892449294,-30032.9004383315
584,293.4465143135545,-30032.799301665582
585,317.87187729247887,-30032.544677671962
586,299.16126075358943,-30032.800051719925
587,310.53213882315214,-30032.44753777578
588,310.12708147288396,-30032.684152953203
589,319.4599638678255,-30032.921280305087
590,309.9078361109865,-30033.39467229016
591,301.35420899973633,-30033.20070544971
592,304.867678966623,-30033.090070963466
593,279.8016216624542,-30033.782470652066
594,275.45559099730946,-30034.103220680932
595,278.3524842767061,-30033.54109146527
596,318.20077645757306,-30033.173233831632
597,293.7055053038781,-30033.986233425137
598,316.7745546365834,-30033.503551553382
599,281.0507777327557,-30033.743656707426
600,291.98374898346265,-30033.218416945903
601,292.9143138795153,-30032.945322268788
602,288.91373001794534,-30033.587577154496
603,296.1852242555758,-30033.97352010497
604,291.59979121131016,-30033.83927410086
605,314.18585572483204,-30033.54045390354
606,272.18333071952014,-30033.97935322149
607,276.5606994610996,-30034.337512947022
608,284.56739339917476,-30034.00208477649
609,264.07919979834134,-30034.69219957443
610,269.69677740504824,-30034.021533031268
611,296.146733198397,-30034.048694122615
612,288.01901871006135,-30033.984782020438
613,314.5801221097252,-30033.821684660343
614,301.5466080014634,-30033.793586758336
615,280.79173868649264,-30033.701257390516
616,284.0280073755304,-30033.92953371102
617,268.5143670709813,-30034.44931548614
618,285.0814310371821,-30034.41120243595
619,274.6946524607484,-30034.56351183609
620,284.6395312390223,-30033.820606965975
621,297.9145492295401,-30033.383726871034
622,286.0101843243832,-30033.35494959418
623,283.8160215774742,-30033.58909163077
624,280.1954228513193,-30033.292228579063
625,319.57609131119295,-30033.00238263949
626,295.05320625321013,-30032.829739427423
627,302.9811498134129,-30032.96110942679
628,293.2899026149711,-30032.824672815837
629,308.21441371065754,-30032.436699497208
630,304.2508636721361,-30032.085847780778
631,313.2794688652115,-30032.08443290729
632,312.1026715307333,-30031.74840418424
633,282.6279403679544,-30032.487717949927
634,312.4692407877664,-30032.413134825907
635,309.4245346132922,-30032.670338698896
636,301.3377131540622,-30032.339786717148
637,300.25446003975327,-30032.61276454693
638,269.16839490368835,-30033.647927631355
639,279.8095090492858,-30033.7197749036
640,278.2279693854496,-30033.507072289805
641,273.0622527248579,-30033.734883963058
642,305.1508890640866,-30033.26663603037
643,310.64790115418197,-30032.819664796512
644,329.67736593825265,-30032.562236976057
645,329.027131434933,-30032.220952563333
646,311.38804719281393,-30032.95949904272
647,323.3775963656043,-30032.802568473973
648,306.0550089634901,-30032.949275787836
649,274.53857500305213,-30032.895510352602
650,324.41749401633774,-30032.86465101124
651,304.8202337093425,-30032.886170330657
652,305.32696607899317,-30033.027891166617
653,305.5974722549825,-30032.857115268318
654,303.45332837861827,-30033.08025031601
655,303.2907068978522,-30033.217098741505
656,286.4295738582736,-30033.5671974719
657,284.4920142786153,-30033.619189903824
658,269.56020265967635,-30034.292500656193
659,292.7837054483323,-30033.612626197257
660,305.5269854683433,-30033.700661478142
661,294.2051738972212,-30033.395707694275
662,297.60220324262616,-30033.198119271055
663,317.2865664368748,-30032.8150632399
664,313.5777790553762,-30033.54577947143
665,305.56287000241474,-30032.764224023955
666,309.07367851630505,-30032.923186839416
667,290.4883515578014,-30033.712560836677
668,300.41652382942146,-30033.380226837162
669,318.2774677838577,-30031.985783638094
670,330.78871367736576,-30031.792468146366
671,350.94051504961976,-30031.64195190094
672,307.01354255393255,-30031.915721361143
673,313.86822899889904,-30031.929196110475
674,289.1698583112967,-30032.364423710213
675,274.18857589897647,-30033.26161847435
676,294.7650676699085,-30033.067359175246
677,305.4298548045738,-30032.755806433346
678,290.430676923162,-30033.079226575646
679,308.6012271590573,-30032.960302720327
680,286.3450033925564,-30032.938436959223
681,298.95609478366873,-30032.713346635785
682,299.1671993544249,-30032.721779336258
683,325.5969218222898,-30032.868583201485
684,313.4739095461714,-30032.882341670706
685,286.4366054400266,-30033.131476087725
686,295.7283638780636,-30033.594233425327
687,287.48592391981185,-30033.191371694695
688,278.77294431507283,-30033.757219025305
689,295.345037673167,-30033.556871781107
690,296.6812828746618,-30033.914333966128
691,261.66612153564296,-30034.062634011887
692,283.0499543677793,-30033.858103818882
693,297.4821512233615,-30033.85930183643
694,275.9796273880539,-30033.72498081723
695,304.86355506553747,-30033.56868893508
696,266.42673632682454,-30033.719876120926
697,310.02215662145846,-30033.630116343866
698,311.0475215098644,-30033.23552830394
699,307.8987725634439,-30033.315626801224
700,282.2145576702106,-30033.257742870082
701,283.64785151062915,-30033.96045276058
702,298.09338842496595,-30033.682022830733
703,284.6219035684014,-30033.81713819794
704,305.3368381314037,-30032.986630537896
705,307.7216458268746,-30033.548538341875
706,328.8625905502659,-30033.305114249426
707,285.9656207103947,-30033.559180570002
708,282.39239418971556,-30033.712313714102
709,287.13350462854555,-30034.112227380432
710,282.38328615350724,-30033.98597725654
711,292.0760579992518,-30033.80792290393
712,289.32312406307926,-30033.667260599366
713,297.1141925035775,-30033.458277553324
714,302.53909714119783,-30033.76504900083
715,301.7978546892954,-30033.511960715306
716,282.54255256982793,-30033.972258971735
717,328.40043761528756,-30033.416193295005
718,318.3396293854028,-30033.564319041976
719,305.02472983340454,-30033.302970163975
720,281.20183766272055,-30033.413735840473
721,305.18521623717174,-30033.11929972663
722,298.04379354782327,-30033.142238047
723,312.2924578650033,-30033.007365958816
724,302.21650346039104,-30032.65196135221
725,307.62473986002084,-30032.83805272057
726,294.8269124920852,-30033.31387119093
727,298.50937944302626,-30033.105292552515
728,315.3200083344972,-30032.793556604593
729,315.81664395248373,-30033.142559270844
730,303.45962545277877,-30032.81056278578
731,308.3139423395742,-30033.215479404516
732,287.200666939437,-30033.20821680215
733,306.35122677750553,-30033.57278365538
734,268.05577518257115,-30034.066165528984
735,292.49931720498944,-30033.822809119476
736,293.6328428471834,-30033.67748988055
737,278.78235983914766,-30033.69643847666
738,263.4616343678321,-30033.793463758553
739,264.0330982177194,-30033.917953094373
740,290.1266313244074,-30033.63560047737
741,248.4137992860106,-30034.25090397094
742,264.9504783019691,-30033.61393563675
743,265.57981534520184,-30033.641285555786
744,285.7515560015231,-30033.347696333974
745,279.3508238896346,-30033.51826788624
746,283.52813773017,-30033.311080056574
747,300.7494235294066,-30032.840714961912
748,283.146772520609,-30032.943591619547
749,300.8150854935652,-30032.874241619105
750,263.97563493754024,-30033.845160462966
751,291.0865082505175,-30033.24654396189
752,278.7219679625839,-30033.072937276902
753,304.3643739539045,-30032.530296317665
754,279.70759617393907,-30032.943007293306
755,307.86639697822295,-30032.83986779563
756,289.20273252200445,-30032.814779715965
757,328.05976406312476,-30031.88558560103
758,302.45973355234116,-30031.679128014344
759,311.76294630602035,-30032.50878857976
760,305.57269442195013,-30032.50226145238
761,326.1465181925299,-30032.255333992478
762,307.1349560006776,-30032.459583132983
763,309.6507480398755,-30032.848318304124
764,304.6722327645106,-30032.536327779988
765,282.90752809768776,-30032.82257604143
766,287.02080835928734,-30033.35330551645
767,299.41531425876246,-30033.05351226755
768,300.9385005036983,-30033.371178716323
769,301.9692181952079,-30033.308489081006
770,304.685587101932,-30033.09459010323
771,314.3025949405705,-30033.293416055032
772,289.22894003518536,-30034.017254300226
773,292.54792204243574,-30034.243477848926
774,289.7301327600846,-30034.6923157436
775,276.84545399959177,-30034.449586559123
776,283.5560721602763,-30034.177574282367
777,269.37825866367655,-30034.105609876162
778,281.8210675131396,-30033.888602223928
779,299.76532474994025,-30034.1659194882
780,270.0037734179799,-30033.970945281428
781,286.3240378424406,-30033.462394780385
782,297.07589138074366,-30032.967040607196
783,300.94200934465704,-30032.414060384217
784,328.3939424422814,-30032.168307616634
785,314.4160969263504,-30032.235911672808
786,308.4172995579108,-30032.199242419232
787,324.1343962358132,-30031.606051906867
788,306.291583672124,-30032.255904497684
789,306.3385315598201,-30031.94614559917
790,299.3072485117798,-30032.165569233683
791,269.05306940268997,-30033.074617894417
792,279.66639728123266,-30032.742857888774
793,286.2310159748206,-30032.658062763854
794,302.58980870831874,-30032.775509195653
795,299.2686117860588,-30032.357934366515
796,303.09518641637493,-30032.526638651485
797,314.36451872012213,-30032.23523861116
798,309.61268956397,-30032.249653461007
799,289.47971633766997,-30032.608686806176
800,284.86442635976914,-30032.5454942888
801,306.148244792558,-30032.171571244293
802,290.4931049666732,-30032.093302241996
803,299.4015424833535,-30032.08119780425
804,297.13591604126555,-30032.092504045493
805,317.2328625333969,-30031.892567933617
806,321.82822934658253,-30031.532426777332
807,321.5865153323183,-30031.454441239315
808,328.9807816333828,-30031.3373372436
809,303.3304935965636,-30031.499314443743
810,302.1617304119454,-30031.64355507987
811,316.8509752591144,-30032.015326828146
812,324.9060012470575,-30031.166980407084
813,316.09066832803927,-30031.292008558175
814,305.9274605738768,-30031.595019397464
815,328.74180099582776,-30031.976080743883
816,287.54013960877467,-30032.709557424532
817,310.0674303149061,-30032.095789620354
818,317.9078137087672,-30031.99886393017
819,295.7365921973125,-30032.32059171563
820,307.01964217732194,-30032.03080435623
821,298.5009212491148,-30031.98636184222
822,289.3485415205245,-30032.59045791616
823,297.4628298148416,-30032.725015728432
824,298.13445021340885,-30032.985691262907
825,288.68160540625985,-30032.495681752534
826,311.9854200915444,-30032.747407870065
827,276.05772124781635,-30032.79530831574
828,283.37767323616254,-30032.953486146052
829,301.067640317012,-30032.14531748588
830,327.19795371966467,-30032.229239558754
831,307.74370639550483,-30031.952287719636
832,305.3494598936311,-30032.76756729212
833,281.5562646595309,-30033.22915845268
834,287.4680172011807,-30033.27189422705
835,332.3417649327415,-30032.419940282954
836,335.95863978469697,-30031.671973878438
837,325.5351859897921,-30031.8955059809
838,311.81495723859217,-30032.025075902042
839,283.12720076529007,-30032.155014849635
840,330.6168553601262,-30031.480327060854
841,317.7955605221765,-30031.429384194806
842,312.2243068604361,-30031.27077607441
843,311.433925851527,-30031.222032305235
844,304.0052657426491,-30031.459130508425
845,317.0331492943992,-30031.592836899083
846,293.45077369906335,-30032.13318033153
847,284.03159050321665,-30032.036866660274
848,316.0297134519278,-30032.39508383089
849,280.05136531746695,-30033.12978816117
850,314.3659554259818,-30032.70395295512
851,293.92863692680316,-30032.715070764298
852,281.6852087239673,-30032.925177080313
853,263.90894539031524,-30032.95033118324
854,279.96488350766015,-30033.403418834063
855,284.3999781489795,-30033.22694279833
856,301.56868000387414,-30033.06452335234
857,305.0522671912297,-30033.14603674427
858,288.8050795046556,-30033.273867383305
859,254.61088112671294,-30033.79632409306
860,287.19461930108594,-30034.239616891904
861,257.1631850198084,-30034.461496866246
862,300.1528181955438,-30034.248099585213
863,285.3756286495363,-30034.534760440678
864,287.20546811005033,-30034.844816397126
865,290.6222259387599,-30034.252207104157
866,291.74412777096956,-30034.788816968918
867,265.4244868204564,-30034.539671735347
868,312.8354965124919,-30033.558341998792
869,285.1564172222213,-30033.821450810454
870,294.91606561856366,-30033.74525234654
871,299.1957475199431,-30033.609742705416
872,291.79851035824,-30033.553092306684
873,290.59297574776247,-30033.372073657803
874,310.37179942769376,-30033.25229831469
875,286.2128476679595,-30032.898748038282
876,286.34506347812726,-30032.907185468022
877,305.81664331848634,-30033.25401965029
878,288.50468146514714,-30033.584057010226
879,275.7987566571551,-30033.868141526
880,273.99749432825604,-30034.004641969834
881,299.37123449566093,-30033.880778110204
882,281.52902385507235,-30034.13608451255
883,294.14447287268337,-30033.854245416922
884,274.8486115729409,-30034.28625339249
885,297.85585409472515,-30033.824636686688
886,297.55431523697763,-30033.802823376336
887,288.0011596239925,-30033.799678370655
888,316.58779413470074,-30033.375374058967
889,296.0957287411437,-30033.458163071715
890,317.16828852381843,-30032.925420525666
891,282.7308129409133,-30033.88164924253
892,285.76377374514516,-30033.5427056151
893,304.43615995088334,-30033.245311614155
894,309.9652638148976,-30032.863950179497
895,303.70961986496394,-30033.288733446614
896,289.13191067233515,-30033.025521741354
897,314.85459806745143,-30032.947685240353
898,301.8988231240206,-30033.13445488964
899,314.3603832087669,-30032.795888120912
900,307.7539395006335,-30032.39344000534
901,302.76230570800084,-30032.4001344304
902,300.18718725953454,-30032.571465366826
903,304.7474039215787,-30032.419227813876
904,335.2280779752854,-30031.664714271676
905,330.56231362079694,-30032.229727547907
906,335.9129316075052,-30032.53248325993
907,307.1472887382244,-30031.984667685196
908,279.60746603774766,-30032.183773564153
909,336.01530390355987,-30032.49088009336
910,320.4502386428518,-30032.217016253486
911,299.58345406647504,-30031.945823763705
912,303.4359817926252,-30032.33263394704
913,282.2062681212183,-30033.166151724374
914,274.05169172675534,-30033.5736094036
915,277.83111872605167,-30033.3528587943
916,285.53557731611534,-30033.700712723847
917,296.4387262094871,-30033.158634965945
918,292.4061190851162,-30033.204028352153
919,278.1246208360817,-30033.191277809947
920,312.6424248942267,-30032.918602383103
921,293.02540474133184,-30033.049987100625
922,297.8942137226314,-30033.169387805843
923,283.7936749480706,-30033.866989977436
924,255.0706228119355,-30033.74780488966
925,300.7234172349456,-30033.886282258823
926,274.1814370970387,-30033.830155019503
927,271.80005074028554,-30033.787693555045
928,295.13540771962965,-30033.997621233717
929,278.12128172592196,-30033.742141929684
930,283.67965673668897,-30033.0846634213
931,317.514706797308,-30033.450026272658
932,268.3477812306796,-30034.058918548762
933,296.47031855287594,-30033.230116534967
934,304.02187423782243,-30032.663796445264
935,290.47848033071784,-30032.939368319916
936,308.2641465117816,-30033.054605857957
937,290.90075646731697,-30033.116388308183
938,307.06897087457446,-30033.078408245994
939,295.6092236597988,-30033.495627736706
940,315.5153399514828,-30032.917615131835
941,288.5824344176284,-30033.265721094343
942,302.9581544529405,-30033.289805123608
943,308.3738804501995,-30033.1065699908
944,313.88361161673316,-30033.53818934603
945,291.37482925271775,-30033.74915406181
946,319.2569778177672,-30033.428271119887
947,288.8761267184132,-30033.54358851485
948,303.785160523218,-30033.515374310253
949,304.55110722582447,-30033.424099487875
950,299.5532864855648,-30033.803994335052
951,305.54541910288464,-30033.483407118834
952,307.8428927969874,-30033.926388620315
953,334.62790379714886,-30033.454999966238
954,315.08523990401073,-30033.594304941693
955,315.36625042339676,-30033.884205847527
956,295.8900156428962,-30034.195690316155
957,296.21540093492155,-30034.191521182816
958,302.94420033330977,-30034.153432685715
959,307.9338028357523,-30034.07842929803
960,279.249541249109,-30034.257109634837
961,293.1789195239316,-30033.602817809355
962,295.1706528190756,-30033.52994964896
963,301.7488481322969,-30033.145989455694
964,318.3042827843862,-30032.58277439579
965,278.9437867039493,-30032.524463449037
966,300.9271726217037,-30032.965209850692
967,307.1298249454508,-30032.115960475057
968,335.0806760749553,-30032.016028728976
969,308.6452484271634,-30032.047100829397
970,327.0818525731802,-30032.540714696715
971,303.0664809878406,-30033.658210435267
972,291.23260476459075,-30033.844480651554
973,309.45105838436564,-30033.267336684297
974,287.07049894760917,-30033.500509799836
975,279.04441523724284,-30033.58055980902
976,306.8774870528781,-30033.27847297451
977,300.8905123565464,-30033.237604056903
978,296.5274742782461,-30033.420104299243
979,272.73778875858693,-30033.391373981016
980,285.8070677439457,-30033.338506148473
981,293.1073123782698,-30033.22373557415
982,297.89400027069087,-30033.642049353275
983,280.0318737394427,-30034.059959401427
984,289.0426789750977,-30033.496486285705
985,294.6205763192978,-30033.41274202378
986,300.4548606253683,-30033.783572272958
987,290.68534521365626,-30033.994781240584
988,285.9864563916766,-30034.00202284691
989,286.7768110199933,-30034.134751645794
990,295.70215831968727,-30033.817540042553
991,275.94177786155166,-30033.999357663426
992,311.48281905417707,-30033.562615753068
993,321.01709422628034,-30032.892401206856
994,285.6017772789255,-30033.11899165404
995,292.3207268949796,-30033.55185073296
996,291.71598014909154,-30033.937953034103
997,314.6823162873309,-30034.049617164303
998,283.5961052568981,-30033.653143244523
999,310.00861815516026,-30033.554280465323
1000,275.20445298132694,-30033.884844026954
1001,301.729346372463,-30033.830067198644
1002,303.96557810423764,-30034.147615472717
1003,282.2743854785524,-30034.05117994384
1004,290.4460094879183,-30033.555408553413
1005,318.3076342371792,-30033.73894121973
1006,304.529702944683,-30033.885568197424
1007,314.7684299776087,-30033.53966750237
1008,319.37348877617507,-30033.896082686246
1009,297.6349293180502,-30033.820353953215
1010,287.4417207482636,-30034.19246872509
1011,322.2110276510203,-30033.96628589794
1012,313.0963753865007,-30034.02452378002
1013,309.1798710522208,-30033.713520112473
1014,304.8766100439364,-30033.947271187782
1015,283.4555330999018,-30034.346085076853
1016,284.55776947615425,-30034.705448622157
1017,271.3051829789934,-30034.807787639285
1018,261.7178867441301,-30035.16486493253
1019,291.81472978037436,-30034.179642899504
1020,300.5039773235577,-30033.549931424095
1021,304.2297942097316,-30033.18012068083
1022,323.75537683488926,-30033.217020876767
1023,304.79976344847086,-30033.962850234777
1024,307.7429581737454,-30033.22574378894
1025,310.2501071837632,-30033.208443462012
1026,309.32256722899893,-30033.292009941404
1027,294.828237772763,-30032.979853925233
1028,291.15736772992335,-30033.71744162761
1029,309.81536657730476,-30032.986810940853
1030,283.0261779565939,-30033.376272024747
1031,327.71864411595243,-30033.343270235644
1032,298.71354410660456,-30033.78186623699
1033,288.6996399640899,-30033.69835917248
1034,296.33016431991155,-30033.9367198703
1035,281.92306341803396,-30034.0423208986
1036,291.13864212761905,-30033.63001573295
1037,313.2423440477555,-30033.55801051772
1038,322.4573062577154,-30032.577361277305
1039,322.9343119469637,-30032.284272992387
1040,305.65813382967866,-30032.36732852473
1041,310.7685770778759,-30032.588154247132
1042,290.86588557850683,-30033.179753730812
1043,299.4466401465093,-30032.955078574443
1044,326.6291157101669,-30032.758981930056
1045,304.18829790779444,-30032.57763490737
1046,319.0414430259484,-30033.103542118246
1047,303.7897297433351,-30033.245729661754
1048,325.71851034519545,-30032.705409378297
1049,307.5080688937369,-30032.690557625272
1050,294.79960204450646,-30032.5918927292
1051,308.1740209733911,-30032.82051446058
1052,291.10104227467775,-30033.59774575777
1053,271.12654089262793,-30033.536830537752
1054,330.3993383576689,-30033.03650662854
1055,296.2009292983072,-30033.35984908861
1056,283.8993701223995,-30033.100694968965
1057,316.73231040143395,-30032.934287467066
1058,283.6895178318116,-30033.400824939516
1059,304.7091921456985,-30033.537363650343
1060,301.30399442891195,-30034.11992042048
1061,295.59115486258526,-30034.033185541513
1062,266.99023281158793,-30034.28011006511
1063,313.1615573315033,-30034.130327975283
1064,291.39512967133516,-30034.35607212282
1065,301.6831498063785,-30034.253088700923
1066,303.3474771373074,-30034.016471072733
1067,300.0115786734887,-30033.55043298015
1068,289.6925161629253,-30033.704968058973
1069,281.1174369108645,-30034.275205490852
1070,324.1486008949837,-30033.476793126894
1071,293.6331544685072,-30033.48998214676
1072,311.9805615052418,-30033.62057532503
1073,271.49935590818137,-30034.164296797735
1074,330.8670071768445,-30033.556150065237
1075,296.5400379112951,-30033.816276871108
1076,313.72421630923327,-30033.669098329643
1077,314.3308313480357,-30033.917715286374
1078,302.86209789472645,-30033.43086092176
1079,309.6797257265761,-30033.662052263466
1080,317.0939379282896,-30033.597187627154
1081,300.70232548518413,-30033.734461961998
1082,284.84759273033086,-30034.231458939325
1083,299.3979168946826,-30034.01878778379
1084,275.2523833716114,-30034.123888869777
1085,311.334042183716,-30033.833886209253
1086,314.33482478277574,-30033.476209927663
1087,313.34109953048926,-30033.4657158629
1088,305.0653338885578,-30034.02852495613
1089,274.13945690785016,-30033.965962505117
1090,289.2016264774498,-30033.78160404068
1091,283.1969945863615,-30034.11812646277
1092,300.90958257953025,-30033.7722870238
1093,306.462847150636,-30033.528997845853
1094,317.7555077152085,-30033.42451884682
1095,329.2258895421121,-30033.319535427243
1096,303.06915703197984,-30033.17376902144
1097,294.8764591706966,-30033.416157170854
1098,282.97600634194407,-30034.004470304433
1099,300.2815407515536,-30033.836701835226
1100,300.0791867376124,-30033.662036339207
1101,316.42837351909355,-30033.713314920675
1102,310.48488637521564,-30033.304179232848
1103,304.0887677555713,-30033.67971441287
1104,303.66593383351426,-30033.92458326767
1105,300.7665698645251,-30033.730914425687
1106,304.7892647823165,-30033.877173289744
1107,304.83103950586576,-30033.758949028357
1108,280.6020523385996,-30034.02432438449
1109,292.9701526226341,-30033.916592717807
1110,294.04994763474565,-30034.137841335898
1111,309.46822902895053,-30034.32745741976
1112,298.1570220426919,-30034.782006077246
1113,304.688676896091,-30034.55935717099
1114,293.0768352944706,-30035.048710701714
1115,276.24093463154026,-30035.18724571722
1116,270.73051318336843,-30034.83962786834
1117,284.927945194957,-30034.657199133977
1118,313.5746543317159,-30034.702107020545
1119,293.57553685655625,-30034.596880845547
1120,305.2864186056026,-30034.39803809522
1121,277.60538108931564,-30034.11822675596
1122,319.75155150733707,-30033.544903083894
1123,309.56573089361746,-30033.576990752124
1124,303.69239156898254,-30034.14658289194
1125,305.27874266580756,-30033.710728596012
1126,294.492103541697,-30034.324133574788
1127,279.3408585366263,-30035.012655830487
1128,277.6334510726424,-30034.951514492604
1129,271.110183888218,-30034.927861484437
1130,276.35745784956754,-30035.00857260432
1131,275.11581292804254,-30034.52180951294
1132,285.25104033687893,-30034.93433683738
1133,280.24001330769704,-30034.70127818707
1134,300.0600183779726,-30034.580480807857
1135,278.8225311141846,-30035.095832134517
1136,290.63508238702246,-30035.222591158963
1137,284.60079559201716,-30034.93484955383
1138,277.6378081669769,-30034.99437510862
1139,277.65103498936355,-30034.494046846517
1140,277.71458739741576,-30034.572547733485
1141,300.42938493857207,-30034.399438901295
1142,294.5619054523819,-30034.218885612154
1143,265.43399181531174,-30034.885138966227
1144,298.60960484040544,-30033.792258292488
1145,281.32930339601216,-30033.6488536572
1146,314.59940900587685,-30033.641518499866
1147,285.5447338543033,-30033.936813602697
1148,278.92270359447747,-30034.030846062782
1149,300.699324061408,-30033.82633332607
1150,279.18940219527144,-30033.867977160542
1151,291.5536941443626,-30033.723230633783
1152,297.8641977406979,-30032.947476489822
1153,296.31116918182835,-30033.75555066495
1154,303.68772306818676,-30033.429901879375
1155,307.1154685391735,-30033.235457396073
1156,306.46432925897415,-30033.56607043802
1157,312.747038101388,-30032.642568601797
1158,312.27923854625436,-30032.7323034097
1159,312.8621040186268,-30032.565494156064
1160,310.3226492817737,-30032.792580618654
1161,295.84798474484654,-30033.42134281026
1162,293.58591415519925,-30034.004826427667
1163,268.6005412328878,-30034.38077057343
1164,284.3889578177347,-30034.674481924936
1165,283.81898214985415,-30035.026518155544
1166,295.1829008095378,-30034.87339567942
1167,245.99765575918954,-30035.012039481848
1168,268.3940181930991,-30034.87222416893
1169,256.7766150545935,-30035.068746975383
1170,281.73489162140635,-30034.851678429568
1171,277.7500625335306,-30035.2630735647
1172,251.0064571966303,-30034.946325241697
1173,278.42178740287176,-30035.472965256427
1174,261.84885430134983,-30035.390130216303
1175,275.70340345190215,-30035.444726743397
1176,277.0585836890876,-30035.403281500377
1177,269.9513317690659,-30035.15779364862
1178,290.17008881945026,-30034.72241257811
1179,292.6563349056781,-30034.100162268096
1180,327.1535441552715,-30033.734247961384
1181,306.16842553854883,-30033.989429775327
1182,288.3980651764689,-30033.662874878828
1183,261.75335491015056,-30034.30851593673
1184,280.76643938563956,-30034.641338391324
1185,289.81790661272527,-30034.252637379905
1186,332.70658582524374,-30032.82690181538
1187,318.859645893862,-30032.977194568357
1188,306.9756106938389,-30033.088537750686
1189,287.81541772614014,-30033.632413096613
1190,281.4087404368288,-30033.93203844576
1191,310.47193817692437,-30033.253719330085
1192,285.26867013464005,-30033.13897742762
1193,303.9292400981902,-30033.73445480613
1194,278.97979744011303,-30034.03528848778
1195,274.9437917039567,-30034.381547470435
1196,261.70680555785447,-30034.02646806943
1197,282.09688096617015,-30033.807538360095
1198,276.9944035365159,-30033.170499317715
1199,287.5152528903569,-30032.811737560904
1200,321.163666374901,-30033.211029217262
1201,304.0407153208121,-30033.512938223936
1202,320.1411451889545,-30033.71882793243
1203,287.79373421907644,-30034.14662311097
1204,308.27007355134515,-30034.474380636213
1205,282.83496052357464,-30034.619298892052
1206,285.1514875509171,-30034.1418856546
1207,307.8344260835285,-30033.98909874646
1208,297.8744530227725,-30033.68355010014
1209,292.4381535123964,-30033.910264574577
1210,310.63341938585603,-30033.310258578753
1211,302.44130755670295,-30033.322163434073
1212,289.4420415763237,-30033.377199940063
1213,288.53396318138107,-30033.95833029919
1214,312.2101149782113,-30034.101206412284
1215,287.94716472966905,-30034.090080911155
1216,290.6109453485116,-30034.303268314845
1217,282.8091402581354,-30033.961736572113
1218,290.90896748515826,-30033.78220015287
1219,305.4967785796196,-30033.26586427503
1220,297.16234514605475,-30033.152395005312
1221,320.04196300575006,-30032.932226927063
1222,305.0570247143136,-30032.585371797482
1223,314.0530390019661,-30032.912890762196
1224,299.336849038654,-30033.19217836043
1225,323.9466401713404,-30033.157586620233
1226,279.1467239795138,-30033.02333321972
1227,322.2628115266337,-30032.959141355303
1228,311.5386319364938,-30033.2135743439
1229,319.93206905904066,-30032.704485515293
1230,323.09140895120316,-30032.930764797857
1231,301.08758049378764,-30033.55302573734
1232,277.9503558212253,-30033.50419645364
1233,300.7819156633923,-30033.79498670001
1234,299.2378039350676,-30034.11846457803
1235,287.81807387991904,-30034.190940926423
1236,297.2621966979515,-30034.011245023346
1237,292.63537532305224,-30034.08701056616
1238,292.2485520119874,-30034.067313837808
1239,279.1145921624487,-30033.707724414307
1240,322.7376679341632,-30033.365325161067
1241,300.90435780843495,-30033.428666691707
1242,298.345536260475,-30032.812483798098
1243,295.45923813486996,-30033.440756314172
1244,292.3906227089949,-30033.718084814842
1245,298.08529688108524,-30033.943942395952
1246,310.11831184888104,-30033.79765184695
1247,293.14658467299193,-30034.20127654282
1248,298.53110518274855,-30033.73365961503
1249,267.1884362598101,-30033.822066069497
1250,309.60345884617925,-30034.32996067314
1251,292.1435199969231,-30034.42929551305
1252,293.8457080947953,-30034.3265038847
1253,289.95951419281874,-30034.422951100532
1254,317.6229567998307,-30033.546949108688
1255,299.3910497634171,-30033.858801961644
1256,295.39617025378243,-30033.836852777255
1257,302.45862938961363,-30033.724077292358
1258,302.9272126289108,-30033.200729285054
1259,323.44265185809985,-30033.090016432525
1260,316.16544142736257,-30033.176871596024
1261,321.8082811175952,-30032.84737497571
1262,308.8637199043018,-30032.62371007364
1263,298.7114618861009,-30032.906917913355
1264,320.5302961499448,-30032.61737314337
1265,322.75480294700213,-30032.187165530835
1266,298.8455555926027,-30032.72390248763
1267,300.8559467477201,-30033.42400877812
1268,291.5606319341242,-30033.87540220233
1269,288.37619672078455,-30034.190761358223
1270,321.1650036137617,-30034.291074154786
1271,291.1454248943381,-30034.985316148846
1272,289.39117095037295,-30034.65580619275
1273,311.385487780476,-30034.17050006199
1274,289.45766989001436,-30034.73032770296
1275,320.6520714463362,-30034.15146030986
1276,308.25108207235314,-30033.681883215057
1277,327.9520199754865,-30033.146072084248
1278,312.9228193572979,-30032.90969045317
1279,330.19918751707485,-30032.885223954363
1280,329.3853673927495,-30033.272608770083
1281,308.3636056190069,-30033.13416874065
1282,301.3885678036018,-30033.52993086096
1283,312.20492002886687,-30033.728288465074
1284,309.49126441990654,-30033.80344822947
1285,299.9601333886274,-30033.819287869672
1286,281.683470765499,-30033.745532712815
1287,301.93297811596676,-30034.01251348408
1288,317.3989484288225,-30033.943133528584
1289,293.27509817084774,-30033.27230585622
1290,306.13747315895387,-30033.216760448744
1291,294.93250417098284,-30033.994844376004
1292,311.14231053356235,-30034.03395708835
1293,263.4567517708444,-30034.88147555941
1294,280.2814884819324,-30034.59673323487
1295,295.21179643571725,-30034.65392855033
1296,284.1082562483094,-30034.671682726606
1297,292.46472669121084,-30034.22210508378
1298,300.7881669036766,-30034.216706557283
1299,277.1139371949415,-30033.726126491976
1300,307.4338702479107,-30033.254899080686
1301,287.0622978388449,-30033.717510209226
1302,293.3947084948433,-30033.7908217528
1303,272.9337951455705,-30033.933384511874
1304,308.70653236875614,-30033.639329889967
1305,281.6257124472916,-30033.510638028638
1306,319.8736223626707,-30032.901248540224
1307,275.63208056369587,-30032.952356203514
1308,292.72811394465947,-30033.039787112266
1309,321.53563096398364,-30032.66664158306
1310,288.1497472233385,-30032.70028761178
1311,302.1820739976285,-30032.768050194565
1312,327.6250008854206,-30032.74012551504
1313,305.76811553318265,-30033.063817758564
1314,273.6097957743776,-30033.471295088184
1315,283.68947782680715,-30033.219185307356
1316,272.444603813955,-30032.781462718987
1317,316.51280832121364,-30032.07254755024
1318,313.6997556583809,-30032.71072101691
1319,285.25636571480453,-30033.527954672623
1320,294.8109090335434,-30033.03692461335
1321,263.37248271723564,-30033.227316941313
1322,300.48192794561567,-30032.761416143603
1323,301.4683521316086,-30032.62951328058
1324,302.9522536683401,-30032.157139068757
1325,311.6409563793073,-30032.826269239948
1326,301.08789580013917,-30033.267861662094
1327,291.29323767970993,-30033.34883524424
1328,306.0395491392857,-30032.951612593384
1329,299.5942017319789,-30032.537353904096
1330,289.6349453974295,-30032.82553747013
1331,295.0902988154597,-30032.4167094925
1332,307.99415036189356,-30032.471462848476
1333,296.1459500993892,-30032.5096510575
1334,309.7026635053727,-30032.442732995703
1335,278.56773379773557,-30032.580671296735
1336,288.44397723212825,-30032.8140791875
1337,322.00710332605877,-30032.62564374876
1338,315.1876270727699,-30032.583951406014
1339,339.8879022613295,-30032.80492654054
1340,310.29922679086627,-30032.736521290957
1341,328.2896611980689,-30032.20605190931
1342,324.0126844961931,-30031.978213163035
1343,330.69201253952247,-30032.529243066634
1344,308.1026530873445,-30032.240254412452
1345,304.5356415886365,-30032.830733312687
1346,311.8398394662319,-30032.678755252124
1347,284.9050659490511,-30033.206595074076
1348,283.67541073205945,-30033.010550048268
1349,292.74428033419275,-30032.633135896245
1350,305.596544383975,-30032.736044546138
1351,275.58863035798487,-30033.656559546867
1352,269.0340879209331,-30034.43641710015
1353,275.3066227775203,-30034.530745886008
1354,268.523589500675,-30034.337758479698
1355,280.13318571668697,-30033.924632549755
1356,313.0482823040546,-30033.609701724876
1357,287.5342030743361,-30033.696032881915
1358,266.09502346619763,-30033.5816241663
1359,300.7929304822698,-30033.550572710214
1360,293.0863664591194,-30033.425427283113
1361,278.5778188522396,-30033.760108506747
1362,275.21365791895454,-30033.781099954627
1363,292.8177562264352,-30033.660609253064
1364,299.03721228584413,-30033.359770968804
1365,288.95742583368894,-30034.078680215614
1366,273.19716748229376,-30033.815520035565
1367,263.7913293573498,-30033.81457829252
1368,306.9792334581031,-30033.65680721624
1369,291.90147609670754,-30033.769286912113
1370,289.2457627789747,-30033.60863366986
1371,290.5610923267964,-30033.47052118772
1372,309.75396627509485,-30033.57427226811
1373,286.6367527793425,-30034.151899473796
1374,303.8625165021857,-30033.566188871424
1375,270.8563478593992,-30034.332598664503
1376,308.90898306414783,-30034.13039923655
1377,300.96498443574023,-30033.710365190444
1378,313.07877172732253,-30033.569882541073
1379,302.953602100207,-30033.412964978495
1380,299.35815587381126,-30033.603758944282
1381,281.2531053092906,-30033.863635359565
1382,288.8702338254232,-30034.514437889145
1383,269.9063077571019,-30034.94211417556
1384,275.8372591278312,-30035.037107850094
1385,284.6979231086684,-30034.45782967673
1386,292.2036084889306,-30034.013741742183
1387,295.0004890189527,-30034.10057900907
1388,304.53508063547383,-30033.811215984373
1389,295.44421841126325,-30033.74386344734
1390,298.9522029691633,-30033.584536972492
1391,316.0760297042216,-30033.188856233246
1392,312.9134914262642,-30033.601328202934
1393,300.94401435667896,-30033.54096374901
1394,273.4949567531145,-30034.077660777835
1395,286.5184551395879,-30033.85796037414
1396,300.64123464147934,-30033.464493734144
1397,290.2568430002574,-30033.983931395538
1398,274.7290524111779,-30033.73257997617
1399,324.44987840774826,-30033.379472298286
1400,298.2284965008412,-30033.65913848048
1401,273.4240900502719,-30033.702466416384
1402,301.9067938543878,-30033.335428947765
1403,316.9337567136602,-30033.825772365344
1404,291.779572776131,-30034.29184354792
1405,296.519785496341,-30034.209357618747
1406,285.3560354532127,-30034.26962170289
1407,300.7164246971901,-30033.935283924005
1408,299.08303605041965,-30034.385977468675
1409,275.01711141210075,-30034.844571578415
1410,275.4496617460233,-30034.536961582566
1411,285.7977085884959,-30034.63170717316
1412,290.03176095534366,-30034.43092371178
1413,285.9062191480646,-30034.533311042713
1414,279.85520722582305,-30034.538953270305
1415,313.4011835713493,-30034.1107090775
1416,294.2014128373628,-30034.229785410924
1417,274.0196724608814,-30034.693544679903
1418,281.95706038096716,-30034.529758414985
1419,286.81208619222866,-30034.692469939695
1420,294.2492257850674,-30034.289145668426
1421,286.7280048626775,-30034.366431662682
1422,292.4304888630546,-30033.822564170165
1423,277.29713822582767,-30034.07900170003
1424,306.1395188907958,-30033.939365927952
1425,304.0819212738104,-30033.832228078245
1426,303.7964270730169,-30033.852985323017
1427,320.7403212856021,-30033.56919200817
1428,312.4851815747653,-30033.35219233387
1429,297.4601819669586,-30033.805159567488
1430,278.2209118264012,-30034.128341193682
1431,274.34330073661175,-30033.99020040204
1432,297.7703164703827,-30033.494728301866
1433,318.41540099654424,-30033.269469798848
1434,307.70149899943914,-30033.847866469052
1435,290.05037793175813,-30033.94413355231
1436,301.6070541597309,-30033.561617860938
1437,297.048162528881,-30033.901322529386
1438,286.89473460261013,-30033.911121903773
1439,307.0407210891329,-30034.315437471665
1440,266.12526684461375,-30034.254701713817
1441,314.62884893721724,-30034.01774098726
1442,295.98961169208536,-30033.238140425234
1443,297.4390573115881,-30033.217793212312
1444,288.5381459961485,-30033.34299211546
1445,316.18532064020667,-30033.674425110483
1446,303.5706215137695,-30033.745308095375
1447,337.8096629982752,-30033.194394723378
1448,288.8864430398976,-30033.4866918603
1449,300.06979653333616,-30033.888831884466
1450,308.00772268376255,-30034.053157261795
1451,300.04884166807784,-30033.512398815456
1452,325.861356113004,-30033.082723619693
1453,309.0881646304263,-30033.38181169932
1454,298.6120974642479,-30033.749227680768
1455,307.29362722486394,-30033.301348369605
1456,302.48323397411014,-30033.18049790796
1457,310.85578675394123,-30033.37505238512
1458,285.60599305572856,-30033.685293277264
1459,284.2985595800808,-30033.471647295384
1460,306.4543821744711,-30033.07217667888
1461,304.8454763782946,-30033.061325110335
1462,288.610454675883,-30033.513072565056
1463,267.3887160309318,-30033.53975179389
1464,293.0178634791097,-30033.470096134002
1465,283.697308248591,-30033.166256597644
1466,310.06551726351057,-30033.16029022329
1467,305.92755593295107,-30032.755173280853
1468,308.4219868600942,-30032.51357921518
1469,287.3584589738523,-30032.987503858425
1470,320.76020873088953,-30032.648776568312
1471,306.42523773088976,-30032.8014156081
1472,320.57998520084817,-30033.12785871491
1473,320.9747749503729,-30033.176654607894
1474,310.3215684857633,-30033.505498066752
1475,293.32642584981977,-30033.142125760434
1476,297.5396796915188,-30033.119592850006
1477,325.1712355794286,-30032.94750721993
1478,279.25575475544855,-30033.296017928587
1479,279.0088502417446,-30033.446676832926
1480,292.7086175936903,-30033.466052220978
1481,310.71111194671914,-30032.999736661663
1482,294.4332737047116,-30032.880281108468
1483,309.37277449751116,-30033.234123276863
1484,303.9763371045036,-30033.0457859568
1485,304.61765979841516,-30033.047447792025
1486,301.73350284666486,-30032.878792168634
1487,302.11073623826553,-30033.164351898755
1488,308.02880767721604,-30032.886618351295
1489,305.45899804943855,-30033.198442533878
1490,296.15730642691875,-30032.76132234217
1491,285.2994939406392,-30032.599149945137
1492,293.6856576548614,-30033.201569752335
1493,294.50173142033884,-30032.70084775595
1494,309.3207040820425,-30032.69830618082
1495,288.40026207533606,-30033.18235160639
1496,286.3206244383884,-30033.308182618945
1497,299.12575944140855,-30033.273589038345
1498,300.4706377966001,-30033.13669634152
1499,269.3612402156629,-30033.871657238495
1500,276.9783442754077,-30033.387694750036
1501,272.5080050293736,-30032.936139233243
1502,292.3051136551702,-30032.76317572096
1503,289.6353894712289,-30032.639979574145
1504,302.22569260251584,-30032.370483296894
1505,323.35540929476406,-30032.45350973573
1506,292.43842084921107,-30032.566507939835
1507,293.47594287267333,-30032.56224318521
1508,317.066583905229,-30031.461147746875
1509,333.8536616110968,-30031.31405879019
1510,313.30398681440886,-30031.324058798
1511,305.20866364450137,-30031.495670935954
1512,308.0748515886143,-30031.613991262584
1513,337.39425061301745,-30031.484001266137
1514,339.3885701635795,-30031.256772045286
1515,333.74332421142674,-30031.930078383997
1516,284.7840836935437,-30032.43030072597
1517,326.1058152973228,-30032.205562903324
1518,318.3086560812308,-30033.026025234696
1519,266.3295718133333,-30033.19299066621
1520,300.3408225740554,-30032.79226183421
1521,320.79207587374606,-30032.503454442387
1522,304.30027284658985,-30032.623684048267
1523,286.43508007961,-30032.879560818987
1524,310.1470822049069,-30033.054750326806
1525,265.6295768311895,-30033.651769329637
1526,274.99168871738505,-30033.2885618916
1527,275.54407328292507,-30033.44868098541
1528,301.03074411096446,-30033.02904567265
1529,284.6452274291173,-30033.461090598434
1530,327.0011638527198,-30032.78881097223
1531,315.1244643889318,-30032.749581471904
1532,312.73634620064314,-30032.865490202443
1533,327.8319937488928,-30033.0670196345
1534,317.59128232946586,-30032.705938327887
1535,323.00779714013316,-30032.551980493376
1536,311.83773243834173,-30032.405370044155
1537,298.33939019804825,-30032.84583945553
1538,318.40711044688675,-30032.636863052972
1539,292.24949039610226,-30032.969634299076
1540,289.3529930482766,-30032.88722243854
1541,322.11894307617194,-30032.191227494757
1542,317.39150888430424,-30032.806599412543
1543,310.3118448742174,-30033.03503626148
1544,293.6916301367596,-30033.240484027807
1545,293.7145649969055,-30033.33757108248
1546,304.53892687348497,-30033.39510490378
1547,267.6395859184382,-30033.492510102256
1548,278.9430996140223,-30033.975652376175
1549,314.542430620986,-30033.57457320937
1550,292.6527571751182,-30033.873688559896
1551,297.18592981510733,-30033.686965933084
1552,294.96943036922755,-30033.575959194888
1553,280.6569945980842,-30034.23780458236
1554,291.70382924593054,-30034.16872334414
1555,308.9940031517902,-30033.73766421555
1556,305.3962310068457,-30033.772265905776
1557,269.01396121823376,-30034.429104102874
1558,335.9499247398771,-30033.81476829265
1559,307.3368199345615,-30034.06394829176
1560,284.0100196470579,-30033.49052700387
1561,300.32276001891273,-30033.4020851091
1562,307.67340408396745,-30033.260673101173
1563,318.2831882920458,-30033.26884479203
1564,279.36261841724377,-30033.4476626707
1565,322.4298896485837,-30032.59171357528
1566,310.28651415690035,-30032.78761804198
1567,295.30150174820534,-30033.251311626835
1568,304.3048273664626,-30033.092321014596
1569,296.31111839123565,-30032.96648942547
1570,298.8884812436602,-30033.218930912626
1571,288.49963072846765,-30033.35176048396
1572,308.5746425308705,-30033.49416562027
1573,278.0021019445991,-30034.250959097935
1574,288.7389748204539,-30033.8165235885
1575,287.5755377554444,-30033.435241416464
1576,307.52188613592335,-30033.02224596018
1577,315.8013702980848,-30033.160516456042
1578,327.316825265112,-30032.900117540274
1579,273.8510283848759,-30033.293433198636
1580,279.7083130987165,-30033.57580200073
1581,291.0466844082336,-30033.64401668148
1582,289.82568660039396,-30034.090334921857
1583,287.0884567104991,-30034.09967350067
1584,290.2767799256482,-30033.50882722769
1585,272.15257743718996,-30034.228163328724
1586,284.98666555445675,-30033.6830855673
1587,302.22936446026614,-30032.792267169054
1588,296.1883313935393,-30033.242974242297
1589,291.52909834227523,-30033.56368480022
1590,314.7971649031666,-30033.17567311153
1591,334.8849103445635,-30033.14002785052
1592,323.5558175561529,-30033.03056727126
1593,283.73596213064764,-30033.409437914022
1594,283.37663129337676,-30034.168355754897
1595,297.5626099329603,-30033.689336269304
1596,294.60950542548767,-30033.873954280243
1597,286.22752171582437,-30034.04486823406
1598,286.78940795687873,-30034.257485891132
1599,296.7790606632761,-30033.839641700633
1600,308.1298098948968,-30033.55793981221
1601,306.0367226471169,-30033.676292116015
1602,302.9284752972283,-30033.460463573265
1603,304.7919981552593,-30033.252105453135
1604,286.50511217194196,-30033.313369643725
1605,301.6019169149573,-30033.438698481626
1606,305.6959699084995,-30033.41521763728
1607,287.92638643079687,-30033.721455960134
1608,306.4972191531253,-30033.703926054543
1609,290.45168402299726,-30033.658783348306
1610,288.04493015009484,-30033.572029577615
1611,307.9320458233381,-30034.04722290341
1612,265.833486851048,-30034.51780245884
1613,295.39108917156665,-30034.569400754102
1614,311.6532821601807,-30034.04861958981
1615,277.4477673898064,-30033.774482148787
1616,286.57624040333206,-30034.034260639582
1617,278.76180247841677,-30034.214526792417
1618,290.2157832342326,-30033.492762913174
1619,284.2234047590965,-30033.825074981072
1620,316.2113961116753,-30033.51166859674
1621,292.096092466289,-30033.750785065302
1622,299.36258756035056,-30033.763805209077
1623,309.79554125665385,-30033.706052963906
1624,312.5978991928809,-30033.570098043012
1625,316.1534577238642,-30033.241622131514
1626,321.0168734672752,-30033.413891060634
1627,347.15933917890356,-30033.20844903858
1628,305.14452588930476,-30033.397653326076
1629,282.7438635128089,-30033.371559729592
1630,313.7327033324008,-30033.475528324456
1631,318.6454556704753,-30033.607510322337
1632,292.7325726140278,-30033.873660832407
1633,303.80814219432153,-30034.176913328178
1634,308.23615377087293,-30034.15295682932
1635,288.6913138911658,-30033.92903455822
1636,300.54399949210097,-30033.584094407463
1637,305.2806393726155,-30033.697009648713
1638,322.48633609837196,-30033.402812692293
1639,281.053331899906,-30034.218202693333
1640,292.2956819484862,-30033.952862921222
1641,297.2507367224733,-30033.439263811
1642,316.4646420484747,-30033.188977311525
1643,285.4761416331139,-30032.985390918362
1644,295.0090935720066,-30033.360131087036
1645,278.6422618649224,-30033.08468104077
1646,305.8010567139342,-30032.89893772726
1647,309.5165165268858,-30032.644618399918
1648,315.70307008591635,-30032.399284186995
1649,347.6703839539751,-30031.660609724644
1650,352.04402318602075,-30031.319643258812
1651,313.38577872567345,-30031.943122643595
1652,320.770707564135,-30031.9610160092
1653,341.3196425813254,-30032.093612486173
1654,326.2527605670296,-30032.338634778644
1655,314.5176291068984,-30032.52245435615
1656,328.0667547111384,-30032.777990232746
1657,313.5263699448132,-30032.84588346318
1658,301.8599414085308,-30032.998701102613
1659,291.03859391768407,-30033.864920595555
1660,308.16362455758485,-30033.357881852906
1661,289.1240079907099,-30032.937827244405
1662,302.51260295589447,-30032.836019031172
1663,297.6760214944418,-30032.887693506225
1664,307.08208665257706,-30033.05659836478
1665,323.01918795662397,-30032.725525922102
1666,269.4363996625791,-30033.338541938003
1667,313.8253139970448,-30033.072839296186
1668,326.67273729898454,-30033.11727433333
1669,317.3588453958667,-30033.291785052104
1670,322.92445566524293,-30032.591158229712
1671,318.3204299932753,-30032.37924865579
1672,296.31474805266924,-30032.476164969852
1673,320.25966790330307,-30032.19440207121
1674,304.57339687920535,-30033.396202555232
1675,290.93249370155746,-30033.260131906318
1676,282.71015354614866,-30032.639974465557
1677,308.1195345274972,-30032.526944825364
1678,283.94040534515193,-30032.158270310447
1679,296.4371048149982,-30032.50828458057
1680,288.1169514950816,-30032.552664033257
1681,321.4400848889637,-30032.19440346208
1682,301.6284957086397,-30032.24467947648
1683,324.84650253978583,-30032.117675790727
1684,317.72231121884556,-30032.257373964523
1685,333.31713305023663,-30032.20237430846
1686,299.3835815639668,-30032.622659181758
1687,291.1069196816636,-30033.3124436428
1688,270.0894438562325,-30034.105537870084
1689,266.3588062667145,-30033.87585887814
1690,258.39565593508325,-30034.227784512303
1691,260.8607971892068,-30033.83262048014
1692,277.2015511116688,-30034.305983347556
1693,277.4087888284266,-30034.19341826527
1694,306.2569321545315,-30033.823170725977
1695,285.79746236678244,-30033.71569765887
1696,303.50168841521776,-30033.666940745905
1697,305.8785763495189,-30033.393107601813
1698,302.3098553465141,-30033.772691428374
1699,278.5648797627665,-30033.578789002924
1700,294.4014834901967,-30032.931851325196
1701,308.26765110111575,-30032.40412825637
1702,328.40215347941785,-30031.86536946084
1703,296.5465817682009,-30031.989942591248
1704,315.9989466835798,-30032.19467552282
1705,308.8423591370779,-30032.71994332827
1706,329.8278299131785,-30033.107330899464
1707,290.673326234025,-30033.457970151558
1708,308.9307148290097,-30033.131813024538
1709,309.7518710907098,-30032.68955864121
1710,317.7354568594285,-30032.06759459218
1711,331.93347471365115,-30032.086323193427
1712,310.7028052890803,-30032.109317815557
1713,317.84077182532394,-30031.88919964469
1714,319.5247242561794,-30032.27514183751
1715,307.9669864094748,-30032.227996376037
1716,302.97786366267417,-30032.465097232187
1717,292.8035547445363,-30032.711742954183
1718,307.7685870738021,-30032.600107733168
1719,293.15248054864037,-30032.910114594502
1720,331.56543668813555,-30033.046629003526
1721,293.0524567325506,-30033.799315726705
1722,293.15940293509,-30034.322052170326
1723,307.3341959318952,-30034.487841539027
1724,299.31371717880336,-30034.071658694877
1725,288.75343256034375,-30033.726321027592
1726,267.8601614851487,-30033.95969212739
1727,291.14472262325705,-30034.202130452748
1728,288.0113342014964,-30033.78966023389
1729,315.2047517536474,-30033.9057920322
1730,294.81061519411566,-30034.200994405826
1731,278.26812051707657,-30034.07638832258
1732,309.35180991316906,-30033.70144044906
1733,303.8572803425312,-30034.15225632197
1734,303.33233536414104,-30033.58520623492
1735,320.44147961292657,-30033.367624259314
1736,267.1681601956565,-30033.961241154062
1737,289.7692369557455,-30033.822204634136
1738,293.8886260076923,-30033.35278250174
1739,309.7978601088541,-30033.227479789835
1740,299.2077169501738,-30033.134836274156
1741,303.7704167909206,-30032.861443343896
1742,313.16347612183176,-30032.839264729915
1743,291.91107943181464,-30033.435064202393
1744,291.1587716008723,-30033.190063036465
1745,310.9070679296905,-30033.492920318447
1746,287.5004437703467,-30034.222261342333
1747,286.6159202391815,-30034.171947743933
1748,277.99776641629893,-30034.022551071692
1749,272.6062174303631,-30033.980576806578
1750,286.47384409686697,-30033.638364402042
1751,284.74383302165296,-30033.370752788578
1752,290.5484765157142,-30033.6895842858
1753,306.9753496576302,-30033.139325479056
1754,306.7972694673844,-30033.051948182438
1755,311.7363188399698,-30032.80827754285
1756,296.0472464812356,-30032.838272550147
1757,317.44940256483034,-30032.77586573731
1758,296.35288076553536,-30032.945921720566
1759,290.11576648678397,-30033.081182619946
1760,283.07378193800764,-30033.091887468356
1761,284.2188786139924,-30032.90917168554
1762,286.84252487640794,-30033.21515201513
1763,270.5152323012972,-30033.444580065192
1764,280.3916913744731,-30033.50024822925
1765,271.34807274484143,-30033.824301329878
1766,275.09216646918344,-30033.348568243662
1767,285.1632434294483,-30032.973625148246
1768,274.5321111184756,-30033.450358272716
1769,260.506146153153,-30033.43712530312
1770,289.013772788869,-30032.600719301874
1771,303.2172956137945,-30032.494311281247
1772,298.4107129226695,-30032.219069374474
1773,293.4286544252689,-30032.366151160706
1774,279.83570317356936,-30032.730843570145
1775,304.4873383872066,-30032.44326022226
1776,294.532841788881,-30032.59851316158
1777,305.21505481979284,-30032.442777945333
1778,288.8541426979587,-30032.516790362322
1779,307.5695490587114,-30032.433172440986
1780,299.8672545742194,-30032.854796052856
1781,262.1339296066484,-30032.99633649264
1782,280.8027953750944,-30033.4939517366
1783,282.41287533118236,-30033.40907103995
1784,285.09513530178987,-30033.346409199723
1785,304.0648951845874,-30033.17054125522
1786,292.61763796215064,-30033.66557577041
1787,281.07334265343235,-30033.561456068222
1788,288.4730370959035,-30033.682498607377
1789,312.93722934394145,-30033.0733953274
1790,301.38554565307015,-30033.176490239424
1791,280.34253590934793,-30033.07959316523
1792,277.5344391612764,-30033.459831136443
1793,290.7343433887084,-30033.41544020822
1794,285.13733593794234,-30033.292627493076
1795,284.68156809406094,-30033.58518869903
1796,275.3602281182492,-30033.05871238841
1797,294.47944565758786,-30032.652572717034
1798,288.7035586608429,-30032.59865254361
1799,305.74251939858436,-30032.693359251163
1800,297.20223123737577,-30033.122108240834
1801,278.8306028153131,-30033.076100561757
1802,286.37705882426,-30032.945453910357
1803,297.0559675750118,-30032.81519132444
1804,301.3415998944119,-30033.43929963137
1805,253.09178394956385,-30034.138712412165
1806,282.9151135537018,-30033.554809661255
1807,297.71679753463866,-30033.27730653007
1808,311.0925003525617,-30032.67191202301
1809,329.83872643585283,-30032.90002922053
1810,296.66213453644065,-30032.43629356289
1811,295.39567126898754,-30032.977490161014
1812,332.02139164265486,-30033.095860028876
1813,296.60873208431536,-30033.31457202521
1814,301.92206673631324,-30032.612393656735
1815,304.15800374402096,-30032.447527370245
1816,311.8795223024895,-30032.61917665701
1817,311.24706730990715,-30032.191513493963
1818,321.5709298427058,-30032.134515538615
1819,295.79061372420966,-30032.618079139163
1820,267.2016339901432,-30032.579551029397
1821,288.9165116116403,-30032.36485187115
1822,311.06281684704953,-30031.76249245562
1823,303.7047245566215,-30031.890417437942
1824,302.8965743330402,-30032.109692788566
1825,307.5635121378814,-30032.05050976475
1826,307.73989688026523,-30032.792226013848
1827,269.31807762376746,-30033.236009693876
1828,306.566157780122,-30032.19635576681
1829,337.78894445439005,-30032.243737039364
1830,297.44552533186936,-30032.397320189557
1831,306.48932225031064,-30032.352559539177
1832,289.14447805524446,-30032.503725470156
1833,286.03585631354525,-30032.83087496903
1834,306.86438144146985,-30032.907704478414
1835,299.5731819500913,-30033.01248494618
1836,325.62567008532494,-30032.10224472964
1837,310.310794595425,-30033.19717170221
1838,304.00059391933473,-30032.728777703323
1839,331.9861631245188,-30033.137749952115
1840,308.09177835950027,-30033.082321175483
1841,326.23644709486,-30032.04216464495
1842,315.7952916368311,-30032.76027669072
1843,314.35405129871003,-30032.758935890695
1844,322.1283492806761,-30032.085525302406
1845,311.9998570923635,-30032.85447144886
1846,278.55657651788505,-30033.32899507212
1847,304.24596034293586,-30033.23636009617
1848,302.52639667213634,-30033.150129824946
1849,312.4207925871335,-30033.12527470906
1850,279.59703583041636,-30033.365673045115
1851,292.1303572716072,-30033.3768878094
1852,297.2575532595517,-30033.43909463879
1853,266.87474290638033,-30033.152116908343
1854,267.535157143662,-30033.438461181333
1855,298.3235195183467,-30033.199748957653
1856,305.74212254949816,-30033.48829097513
1857,299.88321263424046,-30033.268462507138
1858,285.4891844610011,-30033.875692222617
1859,272.7331454822846,-30033.368051717436
1860,288.9072052769574,-30033.25570783494
1861,325.3890479459977,-30032.694054696924
1862,303.4057633974236,-30032.864633904497
1863,299.3280632638887,-30033.077162030007
1864,324.73843937650304,-30032.909420192736
1865,309.88150516840705,-30032.81329451916
1866,277.99808499139135,-30033.266683790323
1867,314.13154862942594,-30032.977348567223
1868,317.4544363589271,-30032.754256434055
1869,316.9690315135116,-30032.791693793486
1870,281.6977333403269,-30033.063538120496
1871,284.5127086459956,-30032.907738812846
1872,315.06861318546953,-30032.35643633212
1873,348.1899757154947,-30032.137948917356
1874,311.12454591242727,-30032.075413594146
1875,337.1437529396028,-30032.281233720198
1876,328.4565796582183,-30031.99683121676
1877,310.7044925045748,-30031.931541567392
1878,304.1813128801495,-30032.00749576117
1879,296.00719125158776,-30032.403719762286
1880,277.16147120760684,-30032.99057179706
1881,310.6529635044185,-30033.01094540955
1882,321.4885394624936,-30032.492029045767
1883,335.1516639012341,-30032.565048209395
1884,299.61405867959166,-30033.38061109613
1885,294.3390335111177,-30033.44902620324
1886,314.3425384017846,-30033.19867474175
1887,298.4754120216337,-30033.170588677967
1888,303.31134240058117,-30032.993930361426
1889,309.6301933824083,-30032.565625302792
1890,322.2372209158457,-30033.158995210815
1891,275.7193358655169,-30033.20409695917
1892,309.21480200646573,-30033.085700074145
1893,286.1064792276888,-30032.797872255804
1894,266.77102926340706,-30033.08047211434
1895,310.5002921400494,-30032.682703143942
1896,319.11707161763815,-30032.69736829956
1897,341.56663076754523,-30032.474201505258
1898,311.9691556315515,-30032.517342769992
1899,300.9163757614951,-30032.244774681214
1900,309.6350484110861,-30032.852614186122
1901,315.12624209640677,-30032.312037352916
1902,325.51744878600147,-30031.847118056256
1903,316.7368074284035,-30032.43808211025
1904,311.0498828253743,-30033.165157201023
1905,304.97603583462774,-30033.868631772322
1906,285.0495299147283,-30033.91394728018
1907,294.7814417971065,-30033.35601530361
1908,340.92118719528514,-30032.62107944163
1909,288.08545589481184,-30032.748758188274
1910,294.4732660353755,-30032.63905420735
1911,283.6712211579864,-30032.608310274743
1912,285.9283330685865,-30032.75541847139
1913,298.1699033541433,-30032.873483265
1914,297.61393360443395,-30032.492750022975
1915,296.2506849099918,-30033.09884863325
1916,299.08655313827944,-30032.7726089319
1917,292.6462642771708,-30033.20392782506
1918,273.1486006289638,-30032.781569113427
1919,288.2093856553591,-30032.77497938546
1920,295.33295630357566,-30032.906780990466
1921,269.36623404535874,-30033.121533302074
1922,299.1519763125967,-30032.80418839036
1923,342.68520787878873,-30032.31753450765
1924,323.18166775142856,-30032.526181012952
1925,310.80935652929344,-30032.48557968632
1926,288.4653555231521,-30032.63776737297
1927,306.0181738544489,-30032.70800245831
1928,309.7891258265755,-30033.214024681478
1929,330.7134314503351,-30032.192773994004
1930,325.18380255794466,-30033.06047658377
1931,299.23677697696854,-30032.929036939986
1932,324.5758253171036,-30032.19470593405
1933,335.434703954271,-30032.208414371442
1934,305.38907541979967,-30032.407209117504
1935,323.50398213007105,-30032.086541218272
1936,315.3277156946408,-30032.89102157401
1937,311.8342049444654,-30032.641785714182
1938,319.038795822467,-30032.50204531631
1939,279.68739404593674,-30033.40835241793
1940,321.0855506487176,-30033.339921011433
1941,307.5586213555381,-30033.462740518753
1942,293.1257364726618,-30033.692028326608
1943,292.81914954380244,-30033.297293423835
1944,288.52342057069797,-30033.187107569764
1945,305.17317469503496,-30032.846161072554
1946,280.0448975489508,-30033.813542427677
1947,313.8089416743633,-30033.35644874804
1948,303.58506542131033,-30033.30159025276
1949,291.3447904644939,-30034.021383936797
1950,296.27442522339146,-30034.160759448256
1951,311.36097268480705,-30033.91329597546
1952,304.4912225289062,-30034.421679450974
1953,313.5058948075572,-30034.028032238322
1954,289.5916533105375,-30033.955518139304
1955,288.1860614190056,-30034.09782386929
1956,317.61874309222344,-30033.79119430911
1957,300.34721258189137,-30033.88194699756
1958,309.0621659554376,-30033.94886318213
1959,306.20263519913385,-30033.322565138005
1960,303.8983351542591,-30033.14537805229
1961,303.14550425311876,-30033.04101486787
1962,305.3901917174527,-30032.881790788328
1963,317.6718142428162,-30032.774252193998
1964,311.74954496088264,-30032.796230548152
1965,323.02833381462034,-30032.877642691008
1966,294.13905306470974,-30033.422739300237
1967,276.8313740800163,-30033.672592243318
1968,310.40983110013303,-30033.407604448013
1969,321.7047692469325,-30032.857756424142
1970,318.6937413111483,-30032.764515098588
1971,300.91162043958747,-30032.66481457337
1972,319.81487750009205,-30032.734737715014
1973,311.655790803764,-30032.911838580516
1974,311.7048067027598,-30032.775856483277
1975,294.8776035761614,-30032.4923006441
1976,294.01612097165435,-30032.699227718025
1977,284.0688573111178,-30032.84062927594
1978,326.2310586230487,-30032.616517125563
1979,298.2968757340187,-30033.02658207573
1980,284.0126587676534,-30033.289289631408
1981,295.8893971709499,-30033.053127540337
1982,276.5819166209284,-30032.82136138143
1983,304.612977342915,-30032.73311087579
1984,296.2794216063042,-30032.68602607347
1985,293.6439817279625,-30032.790494686793
1986,287.5958126875134,-30032.94841011
1987,296.81231883699155,-30032.72748817723
1988,282.3964293499508,-30032.987604194852
1989,314.7759968862472,-30032.965260957502
1990,310.24421801237753,-30032.745698993946
1991,314.2233029949419,-30032.76022766551
1992,294.8876223555149,-30032.57017699892
1993,286.9613234491835,-30032.83915680768
1994,316.76258303666623,-30033.040958038488
1995,310.5758592613084,-30032.770671475824
1996,304.89014514430716,-30032.91568527486
1997,309.3693325282757,-30033.095536824352
1998,304.9870965029673,-30032.997263519635
1999,288.603545208467,-30032.985900293606
2000,306.5686968961684,-30033.40137087625
2001,285.3458094404999,-30033.705422366165
2002,285.593163232797,-30033.582096061673
2003,297.8038054950609,-30033.714600299223
2004,293.4305723322363,-30033.68836918726
2005,282.1085497145244,-30033.51818626613
2006,319.6108796633076,-30032.95073801525
2007,302.9278853464662,-30033.630400089613
2008,296.8916832676421,-30033.395440392822
2009,304.0107150210817,-30032.812510893717
2010,304.1389036152367,-30032.733157645547
2011,310.8733319647089,-30032.480085699633
2012,300.58044614090585,-30032.776549252765
2013,337.3541807732793,-30032.39515196587
2014,311.8322322551455,-30032.425037797213
2015,332.96701748457525,-30032.71692282054
2016,320.538247125541,-30032.853503941762
2017,321.3441669469487,-30032.845221445063
2018,299.06120402363877,-30032.99589429398
2019,297.14164388698265,-30033.158768142326
2020,311.22624693450285,-30032.908827087194
2021,307.7109966026907,-30033.091771383377
2022,329.2558490242912,-30033.01019814547
2023,297.83819099801735,-30032.87195004786
2024,277.9164109018888,-30032.92300764564
2025,304.60440290058006,-30032.91887055054
2026,295.32263021714573,-30032.807427887365
2027,293.8971850745633,-30032.752960708578
2028,292.8213416351851,-30032.754270270707
2029,292.1271065973757,-30033.136734109346
2030,283.31119200150044,-30032.820370446443
2031,308.8755582473383,-30032.664431895693
2032,323.59906760035966,-30031.816603270498
2033,295.85438997681507,-30032.505168220778
2034,281.16295890269646,-30033.621731980093
2035,296.78082576432104,-30033.445066644515
2036,291.31371834029636,-30033.15887383202
2037,311.46991978980896,-30033.199654635868
2038,284.5161546888126,-30032.97210641426
2039,293.71681174875874,-30033.060171572793
2040,288.420092567491,-30032.91818757999
2041,304.7063901587653,-30033.174151939806
2042,307.24484693670036,-30033.26544961947
2043,284.01863404296006,-30033.28132883756
2044,279.4431398320918,-30033.35191429736
2045,268.99672220714353,-30033.181485064124
2046,287.02451230031,-30032.970401092374
2047,294.7441378886558,-30032.519050483705
2048,323.770433886404,-30031.867037817196
2049,338.4128406480863,-30031.060284488925
2050,333.506417013376,-30031.41447355084
2051,325.0064604044553,-30031.75433097062
2052,324.5763640600642,-30032.321645688575
2053,279.238326008447,-30032.616762973685
2054,287.7557385647578,-30033.33115983375
2055,284.89626430855463,-30033.35915726241
2056,277.4853528364712,-30032.9922993565
2057,264.27037392963734,-30033.124955031784
2058,301.7284080552086,-30032.466809235717
2059,320.5055783208782,-30032.803533463262
2060,299.2096232676358,-30032.492210838336
2061,319.8013186995175,-30032.48507421613
2062,323.32543291729536,-30032.565581811807
2063,304.2742702298377,-30032.653626253905
2064,310.1553762016721,-30032.37485698713
2065,325.6484923055411,-30032.6016783298
2066,294.55463289449756,-30032.576487976854
2067,299.9187675428182,-30032.640626983568
2068,309.05195392864164,-30032.714741623306
2069,291.225885964333,-30033.086834898142
2070,286.84327095277735,-30033.445602249074
2071,286.62139338165997,-30033.06243691197
2072,286.2793572768058,-30033.283816158706
2073,268.8036167397655,-30033.727293163498
2074,280.85073549624303,-30033.357996337923
2075,299.5465891080086,-30033.206504299975
2076,290.9779985483641,-30032.887908821063
2077,274.6975788589007,-30033.469689209
2078,291.2156302404838,-30033.06755817379
2079,308.79965850060336,-30033.41045619388
2080,276.1471534571647,-30033.076291920093
2081,294.3809015340106,-30033.678455876357
2082,275.4344990040282,-30033.48265039015
2083,294.6387349263679,-30032.96111949008
2084,330.0341998309543,-30032.369787354135
2085,313.63954696075376,-30032.47979339603
2086,321.6769573045378,-30032.31938415846
2087,304.4084232308958,-30031.783109356613
2088,298.60855049108943,-30031.991503209232
2089,303.97748413625453,-30032.155132489872
2090,293.4888500367321,-30031.821688481356
2091,302.1581021794132,-30031.624113875027
2092,319.9718271904097,-30032.11560817651
2093,284.0168291576826,-30032.261842381038
2094,303.93156448339727,-30032.443381494744
2095,305.1338518639457,-30032.53659010809
2096,296.4604252108001,-30032.558487067054
2097,287.4567576893336,-30033.080767414616
2098,263.17647536136474,-30033.0056189345
2099,292.4324708461852,-30033.082280606483
2100,320.0098737727167,-30032.112710814803
2101,280.278449168859,-30032.544074289275
2102,296.1186543657907,-30032.121656605595
2103,299.8038505843543,-30032.278244607456
2104,317.84692972617836,-30031.84803119345
2105,326.10965950148557,-30031.332420623206
2106,331.42814921115814,-30031.639879941962
2107,320.678376800906,-30031.9730730909
2108,303.3506313052765,-30032.617955292873
2109,268.06965754962164,-30032.811914747628
2110,305.60044542644226,-30032.732041480413
2111,306.6031167069824,-30032.75207914844
2112,296.5955021514694,-30032.676228489512
2113,286.2589343845277,-30032.503073012234
2114,294.2216403678782,-30032.248814655864
2115,333.6588294358451,-30031.54545661785
2116,332.3968144114118,-30031.457636569874
2117,315.3780292203679,-30031.56555414739
2118,315.2741364297818,-30031.96461692446
2119,287.7796907092121,-30032.494627891552
2120,306.58497266659833,-30032.352138820625
2121,292.8762222933525,-30032.260720747396
2122,283.92947885713295,-30032.347994608055
2123,315.8765224528855,-30032.195760711526
2124,321.87418658623966,-30032.08011433963
2125,318.490541473035,-30031.76369871916
2126,306.86816073287144,-30031.56386068429
2127,334.52147598618467,-30031.108031907217
2128,336.1104287763623,-30031.449456792696
2129,330.5315159730811,-30031.203148131197
2130,318.2940785683593,-30031.67091826812
2131,314.1422989769806,-30031.63528489105
2132,331.8999997700972,-30031.43871647161
2133,318.6096584058265,-30031.25097686068
2134,328.03669079329325,-30030.645923856395
2135,325.69312177963013,-30030.702133219467
2136,323.2257074187861,-30030.92352554039
2137,297.2010793734843,-30031.15924620269
2138,308.557826159179,-30031.527786092494
2139,304.8181207150248,-30031.11473839576
2140,328.28918848675295,-30031.071298016017
2141,290.1140410540658,-30031.487475441583
2142,293.4657982048218,-30032.01366682968
2143,311.14543581947214,-30032.383488900283
2144,290.080919147699,-30032.69142245812
2145,308.35883990125325,-30032.481943265808
2146,317.5624069256358,-30032.0816549551
2147,290.4892636055396,-30031.49378820156
2148,313.1277583357282,-30031.406557420767
2149,296.19687582213317,-30031.496668437423
2150,310.4168421328442,-30031.145711698824
2151,286.3870396494577,-30031.351456207125
2152,304.9751276568851,-30031.755373061394
2153,288.6080512095326,-30032.00336658907
2154,291.5550910449176,-30032.25249284063
2155,285.58581281633093,-30032.215090983656
2156,324.2374865667892,-30031.76560279517
2157,319.2787951708049,-30031.701167158753
2158,307.2416952574645,-30032.290918462568
2159,304.3840057626497,-30032.535668472177
2160,292.73610540820977,-30032.988807530834
2161,292.98778099118556,-30033.21303021852
2162,296.0884426627014,-30033.350922021964
2163,309.92596488780873,-30033.454769246786
2164,276.9277971839711,-30033.36746484827
2165,294.4993787374857,-30033.634499894622
2166,280.07413298983766,-30032.9202387401
2167,280.1120393346748,-30032.80211048379
2168,286.16764542154334,-30033.304166738628
2169,268.29042169536604,-30033.466592092627
2170,305.6433244959872,-30033.508321061465
2171,285.96066247138316,-30033.64524112314
2172,292.8020378044007,-30033.31920247647
2173,288.573393245345,-30033.138992352353
2174,290.1612430929835,-30033.123022735566
2175,301.258394098824,-30033.23433337543
2176,260.4788281739007,-30033.28936577831
2177,298.838817450516,-30033.479929089244
2178,288.8676889497791,-30033.418797922644
2179,268.5271957655615,-30033.288840854737
2180,283.03960804356404,-30033.18257934304
2181,300.8343359661885,-30033.043685737583
2182,295.1903300893348,-30032.89274255021
2183,286.3047102489581,-30032.83396820089
2184,329.0255093516195,-30033.086227195054
2185,314.8070702905311,-30033.08558353051
2186,309.67555317410773,-30032.757858942503
2187,253.82620967579106,-30032.97790737458
2188,271.39671778831325,-30033.2488753115
2189,289.78070045042705,-30033.10121700914
2190,279.51305434144933,-30032.541585415263
2191,281.28802829742625,-30032.73190926894
2192,306.19261575824765,-30032.3560169246
2193,291.82160943861135,-30032.843534660755
2194,322.76291214212677,-30032.05610490255
2195,303.06885823784404,-30032.111276436888
2196,311.1754199603875,-30032.41594788153
2197,287.74151780638687,-30032.24752838827
2198,299.0965069732689,-30033.051658773507
2199,284.5631320896284,-30032.426018658294
2200,287.65228921748894,-30032.89427410548
2201,286.8201589921938,-30033.16101958966
2202,274.2307484474737,-30033.657056214775
2203,293.6021807539307,-30033.25637584966
2204,274.370389239254,-30033.157496871983
2205,303.3183443799294,-30032.759381586926
2206,300.845155373385,-30031.844198472492
2207,330.4659927477849,-30031.132508655795
2208,294.95574609570707,-30031.289189434974
2209,307.44316806485296,-30030.99490270329
2210,310.21327344078037,-30031.734748223582
2211,297.6220229679999,-30031.646846136868
2212,300.14780598282385,-30031.381036477862
2213,309.45257863609777,-30031.228236454823
2214,311.6180468573747,-30031.53582218143
2215,273.5370770666117,-30032.623490439626
2216,307.52253528879595,-30031.72340172456
2217,320.24713415576775,-30031.057994382645
2218,330.58133148827017,-30030.965583689154
2219,306.6216051585657,-30031.542635928683
2220,300.56089909494835,-30031.587581244617
2221,321.8425091064488,-30031.428556758518
2222,272.39461855852534,-30031.714343873628
2223,302.8264004433695,-30031.754012482943
2224,291.56865617991326,-30031.603718682312
2225,311.34763821707423,-30032.3218300341
2226,296.17649745441514,-30032.487408560948
2227,334.38978007263586,-30031.693331574726
2228,356.4188015961738,-30031.123179770962
2229,324.942408169992,-30031.392639363297
2230,292.6734698458056,-30031.75794013967
2231,300.3826894640372,-30032.273644660443
2232,330.3357116467184,-30031.975585710614
2233,324.51617001959704,-30031.682514578937
2234,282.5319359652096,-30032.253772453685
2235,309.73378025150214,-30031.629460743057
2236,295.7789716744006,-30031.698446195525
2237,298.2294820030342,-30031.416926522375
2238,293.7227201697415,-30032.233853063124
2239,296.6418411962562,-30032.729765951208
2240,278.53128934007475,-30033.233919522056
2241,279.2141324031709,-30033.097832158437
2242,267.8522721996784,-30032.868091047978
2243,282.63845286542363,-30032.5148008017
2244,299.3348976800658,-30032.371914289073
2245,274.501077683957,-30032.601519082746
2246,304.3169486465619,-30032.38498893974
2247,280.2505190918968,-30032.47054870545
2248,268.0327351819216,-30032.46712795868
2249,308.14901423421475,-30032.243010075617
2250,288.23153371391453,-30031.72364846691
2251,307.549001712088,-30031.373135508213
2252,283.9999383556385,-30031.975152200466
2253,323.9596596343346,-30031.643591629356
2254,305.1648526385561,-30031.574883233614
2255,332.86852040923253,-30031.467414187227
2256,277.40003079449934,-30031.523713746377
2257,284.45625995503406,-30031.676717876457
2258,274.4745025742332,-30031.943975496462
2259,310.0303355713243,-30031.76858523441
2260,299.3726461834004,-30032.476446200064
2261,306.2633407239403,-30032.54176167867
2262,285.53134636881725,-30032.437145852124
2263,272.2850117034669,-30032.914329711843
2264,269.28484039708474,-30032.88917832242
2265,292.61750802089506,-30032.776907120282
2266,293.6929845435361,-30032.871309789258
2267,294.91445376934666,-30032.96599547427
2268,290.89384587762555,-30033.397809814585
2269,276.1284365467548,-30032.98495955972
2270,270.66875042670347,-30032.81186381596
2271,289.12392096197203,-30032.545251279276
2272,315.6334650622579,-30032.098277263303
2273,288.7920916546273,-30031.655049089615
2274,302.6539362173249,-30032.44383955982
2275,309.13340868548426,-30032.468579461372
2276,283.130336872299,-30032.87368701801
2277,287.8436231395366,-30032.963744347162
2278,292.08628790345927,-30032.920950269072
2279,298.23675629278625,-30032.365964739696
2280,285.2521553198269,-30032.856184165834
2281,281.1910569119981,-30032.60931589619
2282,297.3463110262513,-30032.643923106403
2283,291.51892037249934,-30033.11862489617
2284,284.8649736610613,-30032.781808830925
2285,286.5691233832706,-30032.485609144154
2286,315.1456363677362,-30032.04983727761
2287,310.9596337940298,-30031.99161574348
2288,310.8203124591399,-30031.844682783027
2289,304.7251232465587,-30031.962749523693
2290,300.7847986049885,-30032.177727651422
2291,302.3375836293425,-30032.738800145307
2292,283.02060714136894,-30032.528754030747
2293,304.59263838021974,-30032.901584396364
2294,275.58691084249705,-30033.103867846654
2295,313.39822109500136,-30032.79047009998
2296,292.9518446839182,-30032.98345333261
2297,296.54155394207675,-30032.972489246393
2298,302.295052395336,-30032.735949431706
2299,285.8307359845157,-30033.650418752175
2300,299.33682810023583,-30033.389444505076
2301,323.33174027314516,-30032.68651902641
2302,284.2856605287896,-30032.962201797898
2303,315.0607178158666,-30032.444522903705
2304,336.4794967907802,-30031.774281670427
2305,308.0043650275713,-30032.080584341806
2306,293.4430663303083,-30031.900949737326
2307,273.525434026095,-30033.313232520577
2308,283.99980846150015,-30033.62749917417
2309,292.1252379155386,-30033.445374236126
2310,300.0591360791632,-30032.941830829674
2311,301.06250677685637,-30032.918882389626
2312,279.043115659913,-30032.64699831181
2313,294.0627560091724,-30032.635570333798
2314,302.04466064212977,-30032.505835507043
2315,285.1420540779952,-30031.874541648696
2316,287.66821663179485,-30032.374347570327
2317,275.6623989030953,-30032.447697515654
2318,301.8115221043926,-30032.87294964361
2319,305.3136904161975,-30032.50087689084
2320,333.41357946607104,-30031.983183834862
2321,315.5432850866554,-30032.893484091946
2322,304.55551342419477,-30032.627115135234
2323,296.5184508660866,-30032.859781366486
2324,261.274557719903,-30033.37899243296
2325,301.381245370948,-30032.868003213447
2326,283.3341213549159,-30032.57370763778
2327,309.218058973729,-30032.31413486802
2328,289.9122326879986,-30031.871390153727
2329,284.2967404810832,-30032.317395566624
2330,297.53102116192025,-30032.049495236624
2331,297.08929901300564,-30031.890535982766
2332,311.3968745148894,-30031.935842467024
2333,308.8675659306651,-30032.1216614983
2334,303.942985822355,-30032.148176165967
2335,315.70617019759345,-30031.291785373698
2336,343.7389946016249,-30031.207397347156
2337,305.1825309629733,-30032.508038244527
2338,310.65123486074106,-30031.835207060878
2339,293.15051916911324,-30032.050788271845
2340,307.7986568528282,-30032.583736464057
2341,286.18127856947694,-30032.91320339237
2342,299.662159441542,-30032.42824546068
2343,315.77665814686344,-30032.45800476002
2344,319.1908147424811,-30032.191631899226
2345,287.20967998173535,-30032.331039992267
2346,311.79929089224004,-30032.468824083036
2347,307.3758056036631,-30032.25634012388
2348,302.1459325649523,-30032.192775274438
2349,323.0909936368036,-30032.075306355095
2350,301.12262718264634,-30031.669343451722
2351,279.14979724946625,-30032.001772572577
2352,296.53019239648654,-30032.119255591224
2353,269.24523907610916,-30032.462426769496
2354,282.76899211636186,-30033.060389215138
2355,299.2487962730506,-30032.668973021162
2356,278.06022029144725,-30033.108891721953
2357,282.17968689213797,-30033.73517078996
2358,280.8271540726307,-30033.926940954603
2359,289.9920648233577,-30034.441674511865
2360,257.3703503435569,-30034.911433580604
2361,284.4611991463987,-30034.291829671045
2362,289.10717826700153,-30034.184338672996
2363,273.86035320544096,-30033.859608026065
2364,295.61508145505445,-30033.864622983463
2365,275.58441573535544,-30033.85002352
2366,278.5697043501055,-30033.723200516743
2367,290.27381395406456,-30033.92296333691
2368,289.3413420546313,-30033.190245966867
2369,322.74284697907,-30032.75386850299
2370,314.8248044798845,-30032.50897152997
2371,285.7190924876931,-30033.096548885584
2372,288.4039037421547,-30032.861948727823
2373,270.0483935772967,-30032.921009777267
2374,274.5326139502958,-30033.34683016848
2375,281.8092994996251,-30033.86740990644
2376,285.48088392656854,-30033.99113259954
2377,262.23456480794573,-30034.140323312135
2378,252.79186594125213,-30034.044593250714
2379,274.96743501017244,-30033.353616942954
2380,286.61980704767757,-30032.957007531466
2381,280.630706234616,-30032.588066379638
2382,303.80910939636186,-30032.68079557424
2383,292.56044438790343,-30033.000979570465
2384,304.2954658236002,-30032.662865848535
2385,277.79942101854124,-30032.338020465195
2386,327.74250310944524,-30032.28408435526
2387,331.66507125009804,-30032.159390656798
2388,319.2829827128358,-30032.099500732704
2389,316.930882375333,-30032.25357807542
2390,331.5893117625235,-30032.124161474047
2391,323.2968364595433,-30031.244025891163
2392,298.93468452372696,-30031.342784243716
2393,328.7807028047484,-30031.439959032235
2394,313.0523295206037,-30031.552960656416
2395,311.32980798468896,-30031.824225668228
2396,304.9142005192976,-30031.942432020696
2397,306.9995999104249,-30032.002004888433
2398,299.05675568852956,-30032.046785942366
2399,309.87990611813535,-30031.65122482925
2400,309.66200358552396,-30031.357804589992
2401,309.749635442269,-30031.49234850034
2402,294.93829391733226,-30032.23298193659
2403,324.8730238292144,-30032.101392587716
2404,289.6181205520591,-30032.36111127765
2405,279.8034208850535,-30032.67109787412
2406,287.4657491330842,-30032.760231765762
2407,297.56345141011155,-30032.9139247606
2408,291.23146849184445,-30032.66091510147
2409,309.2478684816496,-30032.344645058296
2410,299.32904655736655,-30032.72752825172
2411,303.7627850334665,-30033.054992123176
2412,288.07044475713866,-30033.54405260836
2413,292.20263634904546,-30033.63681274366
2414,270.3807749540237,-30034.309245140717
2415,266.3759493647358,-30034.35004279725
2416,282.98538196331566,-30034.142909496095
2417,259.5125993150484,-30034.760611185495
2418,292.6625098040228,-30034.031649645014
2419,279.902144955466,-30033.70771024889
2420,327.0911763737336,-30033.03267079946
2421,290.6515718290738,-30033.411635050452
2422,295.8598883387045,-30033.01284426292
2423,316.53966188993667,-30033.00938110075
2424,296.6330960598815,-30033.153811112225
2425,289.89242854853967,-30033.838678526106
2426,286.6188498115522,-30034.060546913064
2427,284.4438393878291,-30033.938744878993
2428,298.22307780568747,-30034.081147961177
2429,274.914821572236,-30033.999453948596
2430,276.99198208209475,-30034.686184413156
2431,288.09856723245497,-30034.67616716726
2432,283.8827381042654,-30035.07767024092
2433,294.6617356206176,-30034.29648616089
2434,269.37389241468253,-30034.34204636234
2435,284.9030110830148,-30034.159771071558
2436,295.9457051485821,-30034.00094884394
2437,297.7822493324579,-30033.873338403155
2438,295.2001265076435,-30033.66398379857
2439,275.39331179591306,-30033.41726632063
2440,254.44826362739715,-30033.476141169744
2441,293.45390882142794,-30032.88896189934
2442,302.48673188790605,-30033.287832972048
2443,279.00132026535306,-30033.54061371121
2444,303.88918972114516,-30033.69443314784
2445,286.1330714438354,-30033.330415417542
2446,317.18070761199886,-30033.343081059837
2447,274.86067723791723,-30033.985172697885
2448,280.82313823427603,-30034.114540619325
2449,277.5739051582797,-30034.56627354783
2450,275.6205890785552,-30034.905766398173
2451,274.39428656562336,-30034.783856915255
2452,278.4497486148179,-30034.599224442547
2453,281.39229432433046,-30034.963696603925
2454,270.6293618062436,-30034.535497609253
2455,299.33877969862505,-30034.50658357048
2456,296.590921773603,-30034.195873414923
2457,273.80600897271194,-30034.57580048642
2458,270.19040127833193,-30034.89990731773
2459,269.5766623616229,-30034.69248278577
2460,286.44012544930945,-30034.02201372845
2461,310.5040250640386,-30033.856438625564
2462,282.7390416857101,-30033.84628877227
2463,276.43932673131724,-30033.502634539673
2464,285.1217530781053,-30033.64848297711
2465,293.9494273138438,-30033.614945415313
2466,272.13817505068084,-30033.466802015875
2467,287.18141878528536,-30033.763382001136
2468,256.3222408571034,-30033.790961093946
2469,278.0447684294505,-30033.386618954897
2470,319.9888543629239,-30033.447216847653
2471,332.2987729351184,-30032.587022879543
2472,335.3392318156301,-30032.251799415517
2473,310.1657782305317,-30032.964442580498
2474,298.3556525932375,-30033.13645148185
2475,280.02846807271305,-30033.597153297964
2476,304.37950449409396,-30033.338514559262
2477,296.14981056066006,-30033.55057087391
2478,305.687830442993,-30033.520888391817
2479,252.23227065700678,-30033.63855936188
2480,306.6871398993506,-30033.312493868296
2481,275.4901433331977,-30033.094550664122
2482,288.3800960514469,-30033.41918020998
2483,274.73180033967026,-30033.759855528322
2484,271.2181299177009,-30032.792369989445
2485,310.9078713006587,-30033.121806630457
2486,311.21279381855965,-30032.65916096543
2487,311.4554659748639,-30032.082825849364
2488,339.2128717492067,-30031.862695012962
2489,341.644834644481,-30031.63241689837
2490,330.20754909406014,-30031.68189143749
2491,322.5965148427846,-30032.163750160977
2492,339.44081657033604,-30031.696881648593
2493,317.41813156757803,-30031.79617306815
2494,310.98321276577377,-30032.10626493765
2495,318.77633698839696,-30031.91285587139
2496,286.86871476723394,-30032.265283286742
2497,301.01625182084075,-30032.812608466025
2498,304.44361047684214,-30032.80176733266
2499,289.4658120018879,-30032.81606313275
2500,310.1780117442211,-30032.59304522024
2501,300.4257561643169,-30032.952263334893
2502,265.7151690205995,-30033.43284823527
2503,296.03897897658334,-30033.397071482344
2504,274.42232330273276,-30032.898395476997
2505,279.7649723985553,-30032.84002083525
2506,266.4089976860619,-30033.06601948194
2507,269.55971210449275,-30033.173372205747
2508,307.66713607976675,-30032.598719284946
2509,275.5420631697266,-30033.02490274722
2510,295.81085820640885,-30033.146873588397
2511,292.53829545263807,-30033.25738863578
2512,314.74294453510214,-30032.90553437282
2513,276.16646557269087,-30033.593390758724
2514,276.33248050051367,-30033.741614364957
2515,302.92802745054445,-30033.575709062883
2516,288.77101535901187,-30032.909478409252
2517,290.5082565218307,-30032.889801212044
2518,308.36994435344815,-30032.8644801765
2519,292.87750561762573,-30033.166938897968
2520,284.3518413997046,-30033.304309326908
2521,270.14358365396515,-30033.231147358383
2522,324.9682524051687,-30032.70645108836
2523,275.56871074646347,-30032.79572578502
2524,313.07846919698204,-30032.454655674243
2525,296.1897773066094,-30033.158953982755
2526,294.09569153294825,-30033.27342481789
2527,280.55229950049846,-30033.263840396015
2528,306.70400829511516,-30032.589418979944
2529,319.1420641505666,-30032.560029287095
2530,304.3576479841223,-30032.501166367187
2531,298.8040736124607,-30032.971025733736
2532,286.0045434971021,-30033.720323962734
2533,303.5117855037836,-30033.569033907257
2534,319.7526987751432,-30033.8085464861
2535,294.24170386273346,-30033.187769846827
2536,299.6818153389823,-30033.152367017363
2537,317.53567652141425,-30032.9709902229
2538,274.70938152830485,-30032.9869744164
2539,289.70258870093664,-30032.689093079618
2540,303.96697235108974,-30032.559690245424
2541,292.5869393211736,-30032.379228271562
2542,317.77175695955583,-30031.99442807451
2543,302.2726958310995,-30032.632988649933
2544,308.0177289783396,-30032.07829955146
2545,322.8128980185955,-30032.1310362325
2546,312.4191664638447,-30032.54133069104
2547,322.7608098716817,-30032.390141451513
2548,299.6807573938852,-30032.640674523347
2549,287.74326638284634,-30032.683031867255
2550,303.61682504814536,-30032.607442670156
2551,297.3566607213981,-30032.532338123583
2552,295.3347014815352,-30032.578612678797
2553,316.58538544832726,-30031.60980883753
2554,321.3638660159061,-30031.608404430317
2555,293.33347282563017,-30032.774763369212
2556,290.35280126846595,-30032.573346786743
2557,301.4489145850879,-30032.696401929887
2558,311.12047000003247,-30031.925124124777
2559,299.6926511714769,-30032.45678559463
2560,296.9969568253993,-30032.582280847997
2561,283.1134298141653,-30033.50301286588
2562,285.60495159422754,-30033.822037874164
2563,285.7463980402548,-30033.1525118438
2564,289.0032964209911,-30033.302151178443
2565,291.7822713502026,-30032.987089074948
2566,282.0827769516086,-30032.798122767275
2567,311.88374203831535,-30032.43938443198
2568,312.8233836629864,-30032.40629886442
2569,327.191621460815,-30032.28017796219
2570,313.06274859873344,-30032.949186451657
2571,307.7693139095494,-30032.81493344462
2572,305.0186968538035,-30033.107807389926
2573,282.58678918784744,-30033.47897361127
2574,316.3825786353789,-30032.75546707904
2575,298.8138703364112,-30032.58601697451
2576,291.9978519420555,-30032.827441939924
2577,262.76384475708585,-30033.636953314268
2578,248.64954539026417,-30033.92864699502
2579,280.6823874593165,-30034.680533759583
2580,270.17512378465835,-30034.249895848214
2581,286.4151751946556,-30034.09685169166
2582,290.67475342062073,-30033.471606606767
2583,267.1715957323961,-30034.056859016215
2584,300.99376814941564,-30033.651057088788
2585,278.14964802257407,-30033.45628168745
2586,282.4736302598604,-30033.386078854513
2587,279.7047139621111,-30033.054406948784
2588,294.2135330294869,-30032.62206273807
2589,300.13524579287105,-30033.295410695544
2590,272.3211759114063,-30033.485697816734
2591,330.15449909608697,-30032.710551777636
2592,296.45283060133374,-30032.6348474244
2593,291.59970323233256,-30032.919354409318
2594,283.5766425953104,-30033.108704392132
2595,313.1406513131032,-30032.105456193996
2596,322.29209819053693,-30031.460367646472
2597,302.13127192692076,-30031.667748495853
2598,307.4214009135522,-30031.42513041852
2599,334.9148801651947,-30031.46545593717
2600,323.0988468777413,-30031.883705204054
2601,315.5803395483785,-30031.5136582276
2602,297.36530607124746,-30032.47352981406
2603,298.33220569346605,-30031.89093963493
2604,294.0357363764579,-30032.19092840465
2605,299.23418582776225,-30031.675194996897
2606,288.579616098347,-30031.74821291414
2607,358.3763549973672,-30030.639050509148
2608,343.5573992665074,-30030.817372914087
2609,303.19650841566465,-30031.194045926088
2610,311.8182486859109,-30031.235931715193
2611,293.3011278539428,-30032.007987978854
2612,310.3929139588974,-30031.857243046124
2613,278.18510083409535,-30032.314776822714
2614,318.85939889972246,-30031.83852882324
2615,302.34630261902663,-30031.832333758197
2616,323.75422538089214,-30031.44361195345
2617,331.70657935854143,-30031.49625113724
2618,338.1078585918249,-30031.394025381567
2619,330.35061557292255,-30031.824825201296
2620,284.4769929129536,-30032.232843952745
2621,315.6156879128129,-30031.924890330025
2622,306.32985862504074,-30032.221751468296
2623,290.73320505019626,-30032.745546584403
2624,309.78562897913224,-30032.483642715928
2625,335.6594139650699,-30032.380571913312
2626,309.28011854232074,-30032.093844679148
2627,337.89237757894864,-30031.389607545247
2628,363.95296720908215,-30031.352213141527
2629,286.00615056091584,-30031.546455953765
2630,304.9233726830175,-30031.88947001175
2631,322.25472659387395,-30031.48668575645
2632,303.0553211428069,-30031.887003024312
2633,290.7516052802301,-30031.577121179125
2634,327.321018597075,-30031.07970097053
2635,314.60934753487254,-30031.287756221333
2636,298.25185824595735,-30031.46324619076
2637,300.052790961442,-30031.707613302242
2638,299.1411735857521,-30032.187268991478
2639,282.10658270104767,-30032.0338600833
2640,320.34235334219943,-30031.674771866317
2641,315.05203889597914,-30031.64005079637
2642,288.28161493822574,-30032.05638993052
2643,278.29821087532554,-30032.026813417735
2644,273.26572739756716,-30031.993506021663
2645,291.81847860982197,-30032.156112361386
2646,271.71859950033553,-30031.9811212547
2647,284.42924578861385,-30031.532857061644
2648,283.22113979925246,-30031.656589729017
2649,288.86155583542404,-30031.868168883735
2650,315.99051707460825,-30031.114806603106
2651,299.8684770813524,-30030.753203212782
2652,301.6203594147142,-30030.6413657773
2653,324.68573846090146,-30030.91658749439
2654,309.4795191815584,-30031.436552221756
2655,301.5029926965127,-30031.27123169911
2656,285.3941091829914,-30030.73742679244
2657,326.0675053059565,-30030.423310552294
2658,309.978511527108,-30030.91244952395
2659,320.36806553125456,-30030.824524368487
2660,301.8297170470452,-30031.183044958136
2661,308.5414288844833,-30031.407099288605
2662,284.95509129497316,-30031.758087924474
2663,289.6202038674592,-30031.898168949112
2664,294.46484016569184,-30031.910747694837
2665,258.57993525864674,-30032.297429834383
2666,273.22881729160963,-30032.1838751784
2667,283.3758189899422,-30032.19181341457
2668,285.79466363068246,-30031.836860867657
2669,329.94826198653544,-30031.35043577694
2670,315.4575607865737,-30031.39561159003
2671,284.7536000352789,-30031.4623072667
2672,314.80325223074504,-30031.845443911778
2673,257.26914580034435,-30032.328007765987
2674,273.6848846284256,-30032.26630653966
2675,302.6083773655868,-30031.964501485363
2676,281.65027429172903,-30031.89088782996
2677,303.4273379287515,-30031.39534846969
2678,296.693722038574,-30031.77730650206
2679,289.76093666140775,-30032.125145005106
2680,275.9650336317302,-30032.38159300378
2681,296.52674864955657,-30032.62715355783
2682,307.2350883728643,-30032.437566806642
2683,279.9968885530384,-30032.847937035684
2684,294.3341370215475,-30032.734303973884
2685,275.7525258046411,-30032.8028826292
2686,300.251024881275,-30032.08941230039
2687,300.19544132250417,-30032.475557393223
2688,314.4197740625691,-30032.208476663967
2689,297.01358261073256,-30032.42171198073
2690,313.99915702979786,-30032.61149362521
2691,302.9205601250436,-30032.905972511307
2692,284.14215995487945,-30033.164981932423
2693,285.2461985177273,-30032.920785126218
2694,277.8283956063837,-30032.948629501443
2695,284.7144952273229,-30032.842184016357
2696,292.77504046953925,-30032.817919368932
2697,284.7746654019238,-30032.772331343294
2698,282.71524675710344,-30032.5500043127
2699,293.41992742226466,-30032.796055246694
2700,276.80803719864446,-30032.870437040972
2701,265.6404729242364,-30033.106577036368
2702,261.41876075397846,-30033.19572611484
2703,262.8296367386567,-30033.3775079947
2704,280.97386446616736,-30033.18697178406
2705,273.96777730757566,-30033.16944198422
2706,275.62152435670436,-30032.954571311526
2707,272.02508339525525,-30033.145389964557
2708,287.2582592617128,-30033.064209356
2709,318.6642431734101,-30032.167590930756
2710,287.52053988012386,-30032.18270009886
2711,288.7665534546218,-30032.1849797694
2712,298.2665261412744,-30031.999991539233
2713,309.2969866078269,-30032.302410423992
2714,280.47677182360144,-30032.656339835205
2715,299.9641381875966,-30032.963719728927
2716,312.0665389259271,-30032.753207170023
2717,305.92018429502934,-30032.44676247951
2718,304.1397921714489,-30032.352276218437
2719,321.5770370122309,-30032.29256709642
2720,312.3893912084782,-30032.217850900688
2721,326.8574435416724,-30031.829487185172
2722,287.7832515682001,-30032.58047701847
2723,325.80909268316884,-30032.324255063864
2724,306.5710659343829,-30032.59857770667
2725,278.7859153768324,-30033.29791273564
2726,295.32936051729183,-30033.363901480374
2727,285.06753747738185,-30033.630297245083
2728,285.59402195626336,-30034.08402787495
2729,288.4793268693095,-30034.59640500834
2730,280.8834611477688,-30033.759527905604
2731,293.03742193621525,-30033.467657608948
2732,289.51878495953696,-30033.37334220458
2733,298.1083532971042,-30032.49805768386
2734,289.2121885716609,-30032.765716911563
2735,291.10241634399046,-30032.791071031235
2736,273.46753577174195,-30033.41623193432
2737,287.62667614788006,-30033.441784768373
2738,277.6711219740222,-30033.141985829512
2739,287.52627258591275,-30033.325135950075
2740,274.4509753814582,-30033.889871892246
2741,254.06306331852983,-30034.41734166187
2742,279.50323502329866,-30034.217610360232
2743,278.20378243829197,-30034.089703809317
2744,273.22294505785584,-30033.68988028998
2745,306.73873352272057,-30033.276057172323
2746,307.8102547160817,-30032.767042379313
2747,310.17490508002385,-30033.06968482116
2748,275.6217543108083,-30033.136206229545
2749,279.23958408564033,-30033.159700500837
2750,289.93872612875924,-30032.987920141863
2751,305.84323222000756,-30032.778750394285
2752,294.65152375267127,-30032.99595834812
2753,269.18963374499174,-30032.971619277676
2754,275.491232809083,-30032.897258000605
2755,317.8083354819372,-30032.306020271986
2756,322.43536699917985,-30032.40798388888
2757,335.7739734717199,-30031.78593191063
2758,343.3749616038981,-30031.31213501083
2759,334.69986533781747,-30030.9219640311
2760,332.65363904813535,-30030.9297783438
2761,322.6396143645034,-30031.16268052087
2762,336.18671032560485,-30031.137016768967
2763,318.13227175128907,-30031.385871475362
2764,296.60918774882276,-30031.70323259157
2765,294.58095558189103,-30032.21841282773
2766,267.1568805452091,-30032.430271091427
2767,305.7751647262452,-30032.356611562314
2768,286.6235336161407,-30032.87488379582
2769,307.59626572323987,-30032.37977501417
2770,322.13922215518653,-30032.38017733537
2771,311.70740118964767,-30032.766026468533
2772,294.107074106107,-30032.806345451198
2773,300.6023018940976,-30032.85608496362
2774,313.33000888933043,-30032.872241109453
2775,309.6026303866005,-30032.17177810878
2776,305.5440515281662,-30031.99906605918
2777,307.40542098366694,-30032.484120757006
2778,302.6171411715522,-30032.278737111003
2779,298.4243842378774,-30032.332011330982
2780,324.0431207583463,-30031.483317173577
2781,293.8503394700624,-30031.47092019364
2782,307.1470249498929,-30031.46904923187
2783,284.7709354194708,-30031.74117391367
2784,294.54889817508047,-30032.47116155061
2785,283.22011177218735,-30032.7210683675
2786,288.64118447122263,-30032.07676304072
2787,312.0433419338599,-30031.665892245917
2788,310.5159162394068,-30031.069034136428
2789,334.41116021495327,-30030.60686346425
2790,345.01496784636186,-30030.814402231255
2791,327.78501774455935,-30031.601388605814
2792,322.99693186575035,-30031.50537514679
2793,303.89081295774236,-30031.461970987497
2794,294.47138132848124,-30031.44574160684
2795,305.1987823936714,-30032.01740054296
2796,278.38256859103126,-30032.405579210426
2797,293.70865637957075,-30031.78498334702
2798,293.8298394520073,-30031.69603833627
2799,306.14728829767046,-30031.2106574825
2800,346.0114582474244,-30031.1080307958
2801,326.92830763678876,-30030.96640036134
2802,327.5854694358422,-30030.879778478055
2803,337.3817351881487,-30030.951108747842
2804,310.70758554849255,-30030.788886679504
2805,322.96701576884567,-30031.01197697683
2806,295.3647782479568,-30031.26927248627
2807,324.4367118607742,-30031.37979906448
2808,313.52736326799027,-30031.798983810975
2809,301.63907450839366,-30031.701448182765
2810,276.0948561647563,-30032.054152329663
2811,286.5156212053507,-30032.012327581466
2812,315.6791192684908,-30031.45456609626
2813,300.5814649870015,-30032.16324271713
2814,295.46935300440236,-30032.481520909234
2815,260.8267083604599,-30032.837372743674
2816,243.97753973004248,-30032.90397141742
2817,258.84684858177565,-30033.00564935319
2818,280.91039311662917,-30032.809640760388
2819,260.8246913208909,-30032.966329052382
2820,271.0247252705621,-30032.406544888836
2821,273.1414585232757,-30032.162605740574
2822,287.0608016661618,-30031.864031716108
2823,297.1687614087898,-30031.710829517073
2824,286.2479452100813,-30031.86467386559
2825,275.66374499702783,-30032.223054733415
2826,301.2004339593312,-30032.380303075035
2827,301.9295324997637,-30032.444239622077
2828,305.04418554236617,-30031.982174813915
2829,296.469266341977,-30031.730142648645
2830,281.277414299097,-30031.74193831121
2831,274.8330383476843,-30031.917499262414
2832,287.64528783623626,-30032.185463490143
2833,259.4683976144109,-30032.611317554383
2834,267.49641982801427,-30032.460906935597
2835,304.07484812040263,-30032.44763799414
2836,287.8260772743846,-30031.846992298888
2837,315.55922001194756,-30031.36574487038
2838,320.8799932770672,-30031.114553766063
2839,282.02287406230147,-30031.508593806873
2840,312.04980384869714,-30031.060263124687
2841,315.57703664462815,-30031.900458948774
2842,292.7807176699481,-30031.952544097676
2843,306.93332206469233,-30032.312243516135
2844,298.5071191449839,-30032.45105177339
2845,294.8519528227276,-30032.114030992223
2846,317.43679075710156,-30031.815241236036
2847,312.4063389615422,-30031.975242792854
2848,312.5312538492422,-30032.194798916244
2849,310.2568101582653,-30031.741480233184
2850,316.56018975384916,-30031.655356017043
2851,285.07316913205574,-30032.028594979176
2852,282.5256343484313,-30032.378928846654
2853,278.04080482247986,-30032.49804544834
2854,261.443280445697,-30033.355273837307
2855,280.87711154436573,-30033.0409354895
2856,295.2166160902633,-30032.51904331157
2857,294.3718533426254,-30032.73532105857
2858,284.1350027541662,-30032.354612684194
2859,272.94277845808296,-30032.999567814823
2860,291.6618088492925,-30033.01742245262
2861,294.2764695807181,-30032.62831328432
2862,312.4254429200029,-30032.81265929751
2863,290.42739268175234,-30032.69649558366
2864,283.8099972154814,-30032.72205364285
2865,314.2794266538969,-30032.653366043516
2866,302.9121938547015,-30032.220633269662
2867,270.76948028978745,-30032.672645161147
2868,300.0161385778104,-30031.81399168785
2869,312.85974270993677,-30031.751099633813
2870,303.6908510200222,-30031.699355500146
2871,306.0118379951839,-30032.001128451102
2872,318.7262224288082,-30031.70316211009
2873,329.4673001353375,-30032.063544120538
2874,301.5767532936196,-30032.14830736515
2875,288.364589737029,-30032.628549419318
2876,288.1527904530006,-30033.05958708518
2877,317.75409500859087,-30032.729241407247
2878,278.20405785268963,-30032.460790724108
2879,284.0627296645044,-30032.63179697633
2880,284.8535575104526,-30032.80748278094
2881,279.7619114106337,-30033.297128052578
2882,310.4631253983611,-30032.591828669843
2883,297.08811378569004,-30032.642518522633
2884,306.29475043858946,-30032.486294655155
2885,311.2208390135403,-30032.287867550494
2886,319.4481364224925,-30032.739933212575
2887,309.0951215658464,-30032.723435917713
2888,311.84474579060503,-30032.500899112398
2889,327.1539548776475,-30032.234237768113
2890,313.4374900814339,-30032.26410490075
2891,299.54688362760714,-30032.567825115617
2892,325.2686412486012,-30031.948996064668
2893,280.3161323203685,-30032.16227969716
2894,319.11747386223794,-30031.88095206669
2895,306.4886311199846,-30032.32523294159
2896,309.33902342881834,-30032.606054657896
2897,300.80099891717697,-30032.333575593508
2898,289.5350796335266,-30032.425672179805
2899,301.4306112895679,-30032.319903054453
2900,315.7230705775546,-30032.310897191568
2901,285.63685195274957,-30032.80171492389
2902,307.3492982867192,-30032.770669855123
2903,320.25819414319614,-30032.366313646857
2904,273.5492530033183,-30032.60365700831
2905,303.7893076930131,-30032.30042763616
2906,290.3242758219011,-30033.02522660375
2907,293.32374703107087,-30033.40781724312
2908,273.18276182725594,-30033.306111928836
2909,272.9722093862316,-30033.807431150657
2910,235.6808952860317,-30034.73292367891
2911,275.62443021572386,-30033.862702319173
2912,264.1460986677847,-30034.05772678422
2913,270.5797618957564,-30033.941025450436
2914,266.26293182840664,-30033.55597265645
2915,284.0770706168758,-30033.693941063844
2916,271.8614529041708,-30033.62796655658
2917,290.9127841168947,-30033.30163668204
2918,277.34072668900245,-30033.070107425414
2919,301.4028963747365,-30032.918247130754
2920,317.3569372362964,-30032.43050428364
2921,306.1617909972654,-30031.870453805786
2922,324.8646949466243,-30031.416052418186
2923,312.5460013251389,-30031.629979789694
2924,332.62361918140124,-30032.006695249194
2925,314.6195171527813,-30032.264066332657
2926,330.685257742073,-30032.4258950816
2927,317.3897481875056,-30032.39453373436
2928,302.9414061733907,-30032.516783280927
2929,304.8144560527103,-30032.335532470028
2930,307.1967421351553,-30032.335002855172
2931,301.7546929085303,-30032.47982877556
2932,275.1599532431047,-30033.022667167512
2933,304.5030750217123,-30032.493650921857
2934,306.2812484482352,-30032.875301621356
2935,271.6663055429872,-30032.955075331498
2936,278.8790626127618,-30033.584663515798
2937,294.0231774977852,-30033.134599464785
2938,294.93051732503733,-30033.19801868537
2939,289.4091202690924,-30033.58114197815
2940,312.54480907605216,-30033.049931253827
2941,295.843708627865,-30033.13824580955
2942,314.73533332728357,-30032.423301392104
2943,298.69091980484984,-30032.809771474906
2944,292.78626056523115,-30033.02076590959
2945,292.06291393163923,-30032.886374112233
2946,295.3556158929235,-30032.857390501787
2947,282.6238800731718,-30032.353053092964
2948,299.9326559366537,-30032.47426667764
2949,298.56607527703085,-30032.699588605334
2950,295.5610833511624,-30032.86205685362
2951,322.98721324035574,-30032.736085092776
2952,315.41325892973236,-30032.103742319585
2953,337.6052131352099,-30031.86939061696
2954,298.77196831951034,-30032.051900645052
2955,331.9011104183494,-30031.995329532638
2956,309.88651035427864,-30032.561217175902
2957,311.76119048996435,-30032.856488405443
2958,321.4795814185124,-30032.78522011571
2959,300.116648160007,-30032.766575374946
2960,312.1796922963947,-30032.420320814705
2961,314.84120206470016,-30032.14528332616
2962,313.4947351470556,-30032.387684197787
2963,329.4480852041304,-30032.081599119996
2964,328.23473818817456,-30032.207414983703
2965,330.5946932503522,-30032.182048953127
2966,287.55603715627024,-30032.644709755605
2967,312.8159778614431,-30032.404529535943
2968,297.3846572882953,-30032.54726830727
2969,311.2588447219411,-30032.400205578193
2970,309.3909455986092,-30032.245391058088
2971,324.4851044860403,-30031.628598060597
2972,305.24478521883685,-30032.236961973922
2973,328.0796028315867,-30032.533530744233
2974,287.7848640963617,-30033.326530748887
2975,275.2231422630222,-30033.56016144802
2976,297.6703370902238,-30033.782365831263
2977,284.0174540155129,-30033.384873748375
2978,283.8109164970309,-30033.0716402032
2979,283.58414370586934,-30032.487424480234
2980,323.11197808660603,-30032.160723064877
2981,315.66853558453096,-30031.86693813619
2982,325.3194355443116,-30031.10593858134
2983,300.7033500920637,-30031.418030283396
2984,300.56882667527395,-30032.01121262363
2985,307.3662386721844,-30032.110093180137
2986,286.2188684237126,-30032.3614892407
2987,325.64546591843373,-30031.61542531341
2988,344.8529708304312,-30031.443422658842
2989,343.3071402679128,-30031.487646319736
2990,348.4796717021448,-30031.509665518035
2991,307.50004879564364,-30032.018881667354
2992,308.8478359665128,-30032.1826980298
2993,302.9100158765553,-30032.71678107253
2994,315.437260867785,-30032.974240391613
2995,309.2476643973734,-30032.90715012324
2996,309.5440450560355,-30032.85096644932
2997,310.71504975552074,-30032.860967058474
2998,312.1143688436577,-30032.660223256364
2999,332.26419415053635,-30032.306631052754
3000,314.2483952074001,-30032.163901804204
3001,303.80954003553273,-30032.878050511677
3002,304.2799566213127,-30032.954266379544
3003,309.05334252431993,-30033.085800911264
3004,312.94871829068205,-30033.034047695735
3005,316.9417814510975,-30032.59705758312
3006,314.3760899028935,-30032.77401393857
3007,330.48531146089636,-30032.841013580684
3008,264.1144390838802,-30033.521403133967
3009,300.3897809873945,-30033.490265538647
3010,306.6553431146911,-30033.24492362308
3011,281.2052734055916,-30033.48786932251
3012,285.29551293010036,-30033.491826870504
3013,309.61223349001875,-30032.83560227981
3014,291.20665801037427,-30032.8998120958
3015,292.08104617672046,-30032.165220982784
3016,337.68059199737326,-30031.87337924604
3017,321.50548999431595,-30031.83535836897
3018,337.2808599519436,-30031.977049760517
3019,322.0998869292826,-30032.16045042852
3020,311.7422047498908,-30032.24758459186
3021,283.33675749378756,-30032.71817346432
3022,299.8726456687469,-30032.88005288215
3023,308.4093719117058,-30032.254126666852
3024,300.06755838489914,-30032.416231180636
3025,316.2668077244582,-30032.594277771248
3026,316.31201087725873,-30032.300187173405
3027,286.5318375338856,-30033.025597001062
3028,299.57282183776596,-30033.133587633416
3029,284.0913332058291,-30033.062727721175
3030,332.599675520593,-30032.620570730844
3031,300.08021164783963,-30033.058495278077
3032,298.806767227948,-30033.244396383827
3033,268.66733482470005,-30033.30294102099
3034,291.2451816431779,-30033.678152894696
3035,288.7608267897683,-30034.23199689326
3036,290.9968477192828,-30033.91087852401
3037,298.9963779078672,-30033.73187814278
3038,286.9357713802325,-30033.792915956663
3039,295.5346842565003,-30033.325602649013
3040,295.0186154525095,-30034.06301977385
3041,299.0880814796777,-30033.91905537666
3042,307.8347698752451,-30033.328933964265
3043,297.15108178173824,-30033.389002663487
3044,302.7117284441339,-30033.446311527456
3045,295.20050745723665,-30034.107333719196
3046,307.2644216687334,-30033.352854440505
3047,301.55681623808977,-30032.769895911228
3048,315.4607968494095,-30032.950218777707
3049,310.5421163423919,-30032.427758904592
3050,307.19221493088685,-30032.053865210928
3051,300.2929989329038,-30032.168448717097
3052,297.61685484718447,-30032.82080252383
3053,288.96765785816365,-30033.238582528138
3054,301.83765224254967,-30032.870348023156
3055,286.14787222112784,-30033.34176684316
3056,311.7649724846614,-30033.592722669237
3057,295.27205113539344,-30033.560636279533
3058,297.58983106977786,-30033.635926322546
3059,322.5922906693357,-30033.34354249614
3060,284.4337989809465,-30034.00540031092
3061,283.76175572170155,-30033.582625895968
3062,317.8888786960514,-30033.184880732635
3063,298.92508313414277,-30033.003178780153
3064,311.47332506139503,-30033.62730449914
3065,281.3141957083586,-30033.416806723453
3066,299.25476707506994,-30033.196168588325
3067,303.66849429281467,-30033.00459784742
3068,315.9091839339055,-30032.931278246786
3069,337.92308623376056,-30032.851736045573
3070,316.8294189162138,-30033.510002436553
3071,292.6084326225767,-30033.548616727712
3072,302.32717861697506,-30033.166792750984
3073,290.9380942545983,-30033.896711662288
3074,292.66783749901606,-30033.900658047754
3075,291.1667628824991,-30034.086349084548
3076,267.0224707987768,-30033.923841235603
3077,277.2570016168827,-30033.64640405683
3078,295.8980695435746,-30033.295099810162
3079,281.85348088433364,-30033.58115716675
3080,281.50278437670744,-30033.712907596597
3081,306.7216292355248,-30033.72179416501
3082,328.5973811901972,-30033.180836816817
3083,283.2592265720599,-30033.587285119866
3084,285.78349903809914,-30033.858622324526
3085,299.52690083503893,-30033.68746167179
3086,302.2279188430125,-30033.458318671255
3087,281.49487023513217,-30033.81466650906
3088,276.3234144010308,-30034.263323741612
3089,264.9250970120788,-30034.659487422352
3090,276.6763254802547,-30033.891283975725
3091,296.14714511974944,-30033.67173077459
3092,307.8048610769665,-30033.884363738172
3093,286.634221793194,-30034.08946228759
3094,290.8326262405881,-30033.575110408114
3095,287.8263323232867,-30033.085267219107
3096,279.64744425593074,-30032.917156388277
3097,293.52013360258115,-30033.02794333859
3098,276.2348744883972,-30033.453021117315
3099,292.3534973956754,-30033.900646812577
3100,312.8893862915452,-30033.193723317032
3101,313.14396793173194,-30033.37099888245
3102,315.8356573077096,-30033.356931149076
3103,304.48734831896166,-30033.33779122577
3104,274.3650408874542,-30034.479895231903
3105,278.3406401804737,-30034.683963536
3106,265.98935762505675,-30034.797137196783
3107,286.5250763250629,-30034.889046050142
3108,272.0380311894482,-30034.14506862735
3109,258.7982462998231,-30034.616230560314
3110,294.83112281633817,-30034.339157324477
3111,289.5082624832863,-30034.168525225465
3112,269.19044289743425,-30034.5673023212
3113,287.40637222016056,-30034.275377251724
3114,310.63495827716946,-30033.609048511684
3115,316.5304056647812,-30033.718595195925
3116,301.9288000529123,-30033.432539049878
3117,319.98195212185624,-30033.060669396862
3118,321.0508200516685,-30033.383751702313
3119,303.68456542318523,-30033.48466774553
3120,324.2135491213689,-30033.87361874757
3121,277.17060454548374,-30033.56456387669
3122,307.7699675799397,-30033.695776596887
3123,318.97365338103566,-30033.677490140646
3124,302.0850157584473,-30033.557568352342
3125,307.906751492235,-30033.583006905876
3126,278.70074433108215,-30033.694557753108
3127,282.8281757124301,-30033.808920401894
3128,309.7739845975995,-30033.85502545516
3129,304.9141022126136,-30034.014700085463
3130,289.5109940182496,-30033.627441809473
3131,274.1003715251109,-30034.537245022682
3132,298.52133823713336,-30033.989761385223
3133,318.96088071626485,-30034.07233838151
3134,304.7104005499476,-30033.51584928527
3135,283.5348488560022,-30033.71130412545
3136,270.1753410780108,-30034.324109205445
3137,256.6110205044599,-30034.856059811253
3138,267.3232558458271,-30035.074579503962
3139,272.8238917731268,-30034.527908959033
3140,283.3643826681114,-30034.656940990193
3141,291.80840380575563,-30034.63683114698
3142,267.7470617191541,-30035.57773340236
3143,271.47298861545596,-30035.44620117887
3144,279.7191162819572,-30035.27279951329
3145,318.7122989925475,-30034.746476410695
3146,278.0399508132948,-30035.156269768067
3147,279.2502271041124,-30034.60084261335
3148,293.644210917526,-30034.013145248788
3149,306.8951139412941,-30033.787801136954
3150,294.6710315753662,-30034.38414607971
3151,279.45030662308324,-30034.283377057578
3152,314.2368939693526,-30034.627077865913
3153,291.3317614607408,-30034.566629164456
3154,272.52530101953454,-30034.675944357892
3155,295.0417726394839,-30034.378851310837
3156,292.9410067671432,-30034.593097307068
3157,265.6891084385238,-30034.611229379483
3158,266.2561861667479,-30034.151843194682
3159,281.4108406237353,-30034.42026757351
3160,262.48605759987174,-30034.692675536313
3161,299.62274503182687,-30034.06789551901
3162,278.8742103810921,-30034.31915893805
3163,291.9982048493731,-30034.009073806505
3164,286.2746165556139,-30034.3718244385
3165,285.41397558886274,-30034.428339999737
3166,292.4302297643688,-30034.457336225452
3167,316.589785779784,-30033.512043380495
3168,288.63057919709667,-30033.989135616474
3169,299.0935826974958,-30034.370090722925
3170,292.35538869708665,-30034.95724049943
3171,265.61089150553295,-30035.183483060395
3172,281.840969416525,-30034.392014550252
3173,302.187987532024,-30033.722981557992
3174,290.53875047355615,-30033.857794415853
3175,294.3111255528282,-30033.316906320477
3176,327.4986973621652,-30032.811619479686
3177,309.0725869915245,-30033.18493267878
3178,288.3735113920708,-30033.524812377473
3179,300.2984747966789,-30033.631203442594
3180,306.5911223072228,-30033.32464244939
3181,291.31757940585646,-30033.545496758437
3182,304.0741976039152,-30033.474997888603
3183,319.516082831662,-30033.117153174615
3184,291.13526027292784,-30033.12814653852
3185,278.90336005633975,-30033.580154253996
3186,286.53585832052664,-30033.703231588534
3187,284.3974201898709,-30033.799271906533
3188,287.72456594275576,-30033.74404284812
3189,288.715814148037,-30033.940145263015
3190,298.68886499404783,-30033.39771309602
3191,312.12911758769894,-30033.55438847334
3192,301.0226563721787,-30033.468699518435
3193,315.4088548119401,-30033.12924224559
3194,298.29338308892187,-30032.899715630887
3195,308.8972554817536,-30032.87483091565
3196,314.26873239075167,-30032.81183457779
3197,321.8661534185668,-30032.961173081072
3198,277.59724441725365,-30033.198506816167
3199,293.7471434307635,-30033.303559428798
3200,307.1637363740087,-30033.09363448923
3201,292.6786123923689,-30032.792968762406
3202,295.7970807968595,-30033.444090514928
3203,311.43564887673176,-30032.776677043348
3204,291.4055271894878,-30033.21518907814
3205,303.5348811499436,-30033.41221072156
3206,305.19440669332704,-30033.208915388703
3207,312.80411425424074,-30032.893105215895
3208,333.91228539778217,-30032.689556995247
3209,315.8754700227756,-30032.88328683064
3210,303.98473575276256,-30033.518233769893
3211,332.9525118326176,-30033.264157820526
3212,319.84154318128867,-30033.136419678503
3213,293.8876962054751,-30034.15163370249
3214,274.44473442485634,-30034.278698654754
3215,274.3679706275251,-30034.686853771873
3216,279.54575109529014,-30034.646242700124
3217,295.68213269930726,-30034.411787036624
3218,318.11981183277686,-30034.253368204514
3219,276.50970055933635,-30034.737216133246
3220,270.95535991407365,-30035.185610142104
3221,298.88026607618656,-30034.869525420923
3222,292.53061262623123,-30034.380626182483
3223,317.36283353136884,-30033.88152982491
3224,287.1315277611073,-30033.918917067153
3225,293.6226446839297,-30034.37500860266
3226,317.593318825099,-30034.268387786316
3227,281.29906280674106,-30034.036322915465
3228,269.92255987665396,-30033.8421014569
3229,285.14015641839336,-30033.942948119642
3230,316.2393034101913,-30033.39964787088
3231,301.5825070481835,-30033.49582081898
3232,306.0015458041851,-30033.227946381787
3233,327.8832110840313,-30033.028639152217
3234,300.755655208539,-30033.674544679652
3235,321.15927951905877,-30033.16621621486
3236,316.8726581541015,-30033.61049182898
3237,299.8159057926147,-30033.893179797367
3238,301.4617192095157,-30033.823037270853
3239,335.5650646631391,-30033.962991590925
3240,278.1333916785689,-30034.306294510952
3241,286.85465942700637,-30034.265632110928
3242,317.3192068147067,-30033.2712844239
3243,315.84142438754367,-30033.2063973972
3244,309.2627199706321,-30033.176307725356
3245,315.25736804838226,-30033.50018933066
3246,299.5444811663298,-30033.972181614685
3247,290.3982704604184,-30034.68549958637
3248,285.15600858715334,-30034.635914076924
3249,277.9687648320104,-30035.138505205443
3250,284.6312512629967,-30035.014171832685
3251,273.89565823681124,-30034.727872453925
3252,303.94953449461593,-30034.6050448916
3253,294.44497821454655,-30034.38585000198
3254,295.3126267116278,-30034.84869177848
3255,281.2556026665122,-30034.553026505375
3256,291.10772813689044,-30033.96867357863
3257,316.6660574330463,-30033.504291102363
3258,304.78204761686436,-30033.699618029717
3259,301.492334404512,-30033.806652465657
3260,317.74492925791895,-30033.641578257033
3261,291.3665857988286,-30033.88217114712
3262,299.6909948721332,-30033.84940482552
3263,257.94416986553716,-30034.444067578563
3264,303.7089561422315,-30034.075859293825
3265,293.52569073981533,-30034.607883547054
3266,289.64253949830334,-30034.674958375406
3267,306.634440087539,-30034.520833017556
3268,292.7210983044317,-30035.200117475804
3269,290.7311839355518,-30034.919424869247
3270,279.69259050009657,-30034.292989077792
3271,282.17925249568464,-30034.043775320773
3272,275.2733556185162,-30034.02571213241
3273,292.24525066776613,-30033.62403639528
3274,277.336038867657,-30034.310458142347
3275,257.9431265303191,-30034.379640346964
3276,273.63161880063166,-30034.437550361254
3277,303.6185098350328,-30034.39646335726
3278,271.36090556731256,-30034.636482846025
3279,278.65773907259205,-30034.080390678802
3280,293.6363858923905,-30034.542636324568
3281,300.9995121472322,-30034.00638328476
3282,274.29229669690426,-30034.63990371578
3283,281.17835915523125,-30034.33033415299
3284,281.13893110931014,-30034.743422049738
3285,276.27687842013637,-30034.32502554246
3286,288.74076348567866,-30033.914135447565
3287,276.0430455651883,-30034.114031910533
3288,306.73819257933167,-30034.055367472407
3289,293.09182029790134,-30033.913573180227
3290,261.3514333382198,-30034.50989704068
3291,293.6875479321077,-30033.6819915896
3292,299.53381328064955,-30033.894321369327
3293,291.19031918579145,-30034.3572488413
3294,278.93796358789416,-30034.469920466618
3295,260.9776708348854,-30035.271126170363
3296,279.0179358068113,-30034.663248223176
3297,265.47305110435707,-30034.759169596255
3298,280.4512119676505,-30034.584708552444
3299,286.45793314207987,-30034.945399903707
3300,286.8191688457057,-30034.76260666303
3301,286.1000783655514,-30034.141781111834
3302,291.8316280863615,-30033.960473518844
3303,281.92603370357574,-30034.048106557315
3304,296.4287313689343,-30034.10810176701
3305,270.58896434237045,-30034.74353143993
3306,299.1333768813371,-30034.490196864397
3307,285.1076233230595,-30034.52578677312
3308,288.001482627449,-30034.643420354383
3309,278.90310394698287,-30034.013754360094
3310,302.49372876876873,-30033.313049949076
3311,326.1370118388183,-30033.263382420322
3312,291.799116118341,-30033.990577272984
3313,271.8089635516672,-30034.494503607682
3314,274.6719443459249,-30034.591419154072
3315,322.5866438187369,-30033.589776389177
3316,316.3083878152242,-30033.50926146524
3317,320.10418503530275,-30033.38380770625
3318,303.93488986153903,-30033.574158340805
3319,323.8981912595783,-30033.172460896032
3320,290.728461578289,-30033.09527368247
3321,330.8746527387227,-30032.796194693357
3322,321.48571631269107,-30032.736239735448
3323,302.28563971131337,-30032.242042409864
3324,310.11629023572357,-30032.81528014417
3325,309.24049259046626,-30032.76084373751
3326,273.39710848547264,-30033.18360479247
3327,310.2663649354069,-30033.016633728574
3328,321.2128249450501,-30033.096527954225
3329,299.8271765379562,-30033.08040008101
3330,291.5430981204681,-30033.037946729964
3331,327.1419143330059,-30032.650552214283
3332,323.3992001423655,-30032.407501063353
3333,311.8848674106808,-30032.27724712759
3334,289.15953288998094,-30032.1498362156
3335,317.4846632168787,-30031.589443766574
3336,320.7592075578456,-30031.228879540336
3337,326.9911927806898,-30031.91405843341
3338,307.81236946487167,-30032.216208645666
3339,310.8009844906509,-30032.612740587832
3340,303.4760949880766,-30032.327732171314
3341,321.7787134730428,-30032.63912440789
3342,305.32266382793244,-30032.569013564505
3343,295.7908370526364,-30032.35049547162
3344,313.6973980352533,-30032.093592028188
3345,314.90998577384795,-30031.508810633164
3346,302.41164586151064,-30032.508446450396
3347,292.94140893734937,-30032.573556076044
3348,296.0918771205403,-30032.106696160896
3349,311.0046938287663,-30031.668231822536
3350,318.1972545082718,-30031.50535248906
3351,313.4628910641978,-30032.036912001415
3352,304.15508978553606,-30032.791349688607
3353,283.73336077095934,-30032.800127474336
3354,280.40679549738104,-30033.06823275147
3355,314.1704530454833,-30032.464664290874
3356,332.4589651373613,-30032.436562868665
3357,294.82883986255285,-30033.09897960762
3358,296.7043081105067,-30033.273137527864
3359,283.8974563620167,-30033.462070589503
3360,277.1797741859783,-30034.167851930368
3361,260.4214678205496,-30034.339617467474
3362,285.8860547770359,-30033.881467730287
3363,266.0180359038905,-30033.853066086802
3364,306.4403432785803,-30033.814712594958
3365,262.5134878951849,-30034.647072898675
3366,284.7031586422422,-30034.55926224172
3367,274.6135524163983,-30034.249118319804
3368,282.1240107911283,-30034.199443179503
3369,302.023158872993,-30034.547384761045
3370,330.0099324862119,-30033.966092743947
3371,298.02833366071724,-30033.605512354105
3372,312.341271416493,-30033.66826388342
3373,301.8373273262945,-30033.9582467119
3374,291.64068215467233,-30034.404665523052
3375,300.76669212987537,-30033.658645766314
3376,309.41997812091074,-30034.45170178152
3377,286.7185274233605,-30034.51705749793
3378,284.71025384096407,-30034.131351778706
3379,291.2007267653336,-30034.753474921912
3380,272.8918772570572,-30034.49887795132
3381,294.44759934126427,-30034.51859745109
3382,279.5208493342642,-30034.508188834825
3383,299.6840190691277,-30034.363249825383
3384,300.9076156099446,-30034.221554589876
3385,290.44450821519285,-30034.133570811868
3386,299.66920682561675,-30034.18392993433
3387,302.51497306364735,-30034.14846021005
3388,301.4731977765691,-30034.232908646794
3389,315.17282411845457,-30034.250334409422
3390,282.54565094960327,-30034.786635201417
3391,271.38813002005315,-30034.81549469197
3392,271.7161815619629,-30035.23313438788
3393,251.61714319123064,-30035.23780991581
3394,262.81659894821735,-30035.065331565427
3395,258.23322661495604,-30035.263065668776
3396,279.1709533250213,-30034.92507564797
3397,277.26178728828586,-30034.626754036464
3398,278.8866723119462,-30034.600099658957
3399,274.08206126619405,-30034.746683820063
3400,270.55959026471555,-30034.613401068185
3401,287.29084283153446,-30033.788010074855
3402,309.9129151708161,-30033.089858738505
3403,350.2249649823046,-30032.626507234094
3404,299.372699218097,-30033.097538633854
3405,284.9741297772817,-30033.415818554105
3406,295.44583663111564,-30033.775073286502
3407,294.91936615687865,-30033.74907668407
3408,271.50168036214296,-30033.396660984643
3409,314.6597472236573,-30032.968146031322
3410,345.4221769190824,-30032.53867115258
3411,314.48852001824525,-30032.691145532932
3412,334.2316758231123,-30032.70702101698
3413,325.8862254182023,-30032.37116891548
3414,315.71000576877117,-30031.803408932836
3415,325.31453857355905,-30031.84043511392
3416,351.477753698656,-30031.95869688476
3417,312.5866144362319,-30031.916081232102
3418,309.40621021767413,-30032.049699722123
3419,321.977541907296,-30032.204502401433
3420,333.44490795431125,-30032.167953202217
3421,330.8064050140304,-30032.450232209343
3422,316.75698714238,-30032.638753166895
3423,304.5823636585869,-30033.042464393497
3424,311.0877377639497,-30033.26968647051
3425,290.90124969571133,-30033.366376067286
3426,295.2045572202236,-30033.269342587537
3427,280.5494701159388,-30033.96703561543
3428,278.4299989620709,-30034.04698021268
3429,258.800021831671,-30034.28415524532
3430,295.5268186232893,-30034.0523603576
3431,274.8433575667521,-30033.706305660948
3432,255.37629018581126,-30033.746078238866
3433,268.4623154713663,-30034.267013548128
3434,276.6473524247333,-30033.93106552645
3435,298.90749570177167,-30033.25166213849
3436,303.0278732650981,-30033.338856098308
3437,303.20833816476625,-30032.59023671142
3438,329.1982086030055,-30032.546784910337
3439,297.67655155005497,-30032.053695976352
3440,304.91747678803614,-30032.37008508555
3441,294.1054476244919,-30032.62083894207
3442,312.8564746131259,-30032.11446199115
3443,292.61706120369956,-30033.13824633435
3444,271.5978001876222,-30032.710681741333
3445,286.1424381539122,-30032.80869858036
3446,279.7563561802471,-30032.863672171792
3447,262.1807196836141,-30033.036190885658
3448,272.42737482913935,-30033.145171556407
3449,280.4276711455272,-30033.048183411483
3450,312.5081760899701,-30032.95904353303
3451,312.4760284828772,-30032.44226324449
3452,316.76811488177583,-30032.349414499648
3453,318.59250453441257,-30031.69085570894
3454,332.6198673443565,-30031.733350861952
3455,322.8064404962885,-30031.801118369716
3456,305.09938917454747,-30032.164398525063
3457,318.4148535704628,-30032.279249009818
3458,307.77404575738194,-30031.885128510043
3459,320.9392577283629,-30031.54277044616
3460,307.3612795872042,-30031.37779437927
3461,341.1920511247169,-30032.290138414635
3462,327.6411343158099,-30032.485818866997
3463,315.46523455979894,-30032.659093018006
3464,317.2141680828372,-30032.969203765835
3465,283.25701105889686,-30033.962340104274
3466,291.2322999557897,-30033.71948821627
3467,291.0213986932272,-30033.254019220112
3468,279.3492446673843,-30033.239010204237
3469,288.12702238273283,-30033.499679719862
3470,321.9427077538612,-30033.058882537363
3471,280.70200875187527,-30033.496453050084
3472,293.1755004292406,-30034.155637039144
3473,269.08326727405193,-30034.003555946325
3474,288.0378395640301,-30033.73431492615
3475,301.7361521148849,-30033.94708579433
3476,302.93533835467366,-30033.901699496513
3477,295.88666817036585,-30033.908664018432
3478,273.9748854061945,-30034.35481245106
3479,268.3152097748011,-30034.165195654266
3480,287.1579564547,-30034.252245537176
3481,267.942676810407,-30033.80725364436
3482,323.4156118066129,-30033.139515635125
3483,296.41005376678805,-30033.176924681087
3484,327.1692487814704,-30032.843233205364
3485,309.5988792775494,-30032.71483995347
3486,302.6837898455356,-30033.16770803012
3487,344.9830735005847,-30032.598396907302
3488,344.4849800056201,-30032.573649172515
3489,316.04308418997084,-30032.551001997097
3490,307.7790438962887,-30033.418207591672
3491,318.2977867869578,-30033.250904362878
3492,278.40630801835607,-30033.43038067242
3493,291.0598968784627,-30033.352673150563
3494,321.2572193330674,-30033.58370742824
3495,292.15086422166087,-30033.253331994732
3496,287.88192309264747,-30032.83584069732
3497,299.2359981378469,-30033.005228144146
3498,320.9036983033432,-30032.82880920682
3499,327.7988305597258,-30032.69284267559
3500,311.8149177723054,-30032.831717506513
3501,297.5202188934181,-30033.016560201366
3502,322.52148818461274,-30033.064049665933
3503,285.9552590010779,-30033.086781475988
3504,299.6201252856461,-30032.851163660638
3505,294.48807769408467,-30033.376967862918
3506,300.20530032681194,-30033.53195333833
3507,311.8220978362685,-30033.626461187323
3508,302.10211527683856,-30033.30909710301
3509,287.7473186281881,-30032.52668129899
3510,311.8798716898456,-30032.212917985944
3511,316.8182889541452,-30032.186059908967
3512,335.450975395891,-30032.038088673246
3513,322.03124244176195,-30032.31254466633
3514,342.2597502422248,-30032.376921602565
3515,330.704192726232,-30032.02503452984
3516,329.9847029420379,-30032.083906388536
3517,325.52907673822403,-30032.221829474765
3518,315.8894137830927,-30032.523565775635
3519,325.3159876213208,-30032.283758526584
3520,321.83267202849817,-30033.090910269246
3521,306.9082533415987,-30033.490600044483
3522,311.42548506970206,-30033.83552303781
3523,282.4334477752327,-30033.746451099854
3524,336.6297268733728,-30032.79008452355
3525,306.3704936259969,-30032.603555492442
3526,299.2284815229317,-30033.18314906583
3527,314.4538885307872,-30033.44200501412
3528,304.30975222470937,-30033.5453237899
3529,301.59706414276417,-30033.620459542297
3530,329.4274227666359,-30033.35750254354
3531,291.42978103359053,-30033.318102773384
3532,303.00759709911534,-30033.532718685397
3533,303.208325074633,-30033.982815161293
3534,284.6972376503617,-30033.850424813372
3535,305.6465553442879,-30033.582459628557
3536,318.85107781132496,-30033.36412596027
3537,310.0174908824037,-30033.761091512763
3538,285.66249131815607,-30034.310844233394
3539,293.27939690282113,-30034.34251167067
3540,300.15765033890085,-30034.265557786504
3541,299.6253963608027,-30033.956501593562
3542,302.5359066458189,-30033.653800057262
3543,291.8196988675304,-30033.95491020214
3544,289.00611799049665,-30033.868487402982
3545,276.97762819919404,-30034.06349377155
3546,286.12007048533945,-30034.27800369918
3547,289.54993499423887,-30033.66749100078
3548,314.17850722942575,-30033.47618315285
3549,278.0544044410654,-30033.694973559213
3550,284.64642436993523,-30034.257935892863
3551,300.0594617228357,-30034.713307122878
3552,277.97885853758464,-30034.909739075752
3553,276.3611320775263,-30034.72918454266
3554,297.2951963774775,-30034.819019790226
3555,264.448239892417,-30034.692806395084
3556,293.17490004841915,-30034.73963631434
3557,315.6942475612418,-30034.22372189363
3558,294.83377220175,-30034.161357197263
3559,304.55276740261985,-30034.330308285753
3560,318.7467534072049,-30033.968277574088
3561,322.4054665794306,-30033.371616579847
3562,324.2699105311094,-30033.442532475096
3563,290.47160493159544,-30034.31063270296
3564,280.1968373262875,-30034.40742784975
3565,276.6190499299155,-30034.451299185257
3566,316.3034247386365,-30034.642197138433
3567,284.94090977792115,-30034.64320550511
3568,299.9582441630363,-30034.028319131306
3569,311.7411904971799,-30033.888234763494
3570,297.1216708855709,-30034.553795080505
3571,292.4155698701944,-30034.83074692841
3572,272.8564862076754,-30034.882568783243
3573,302.4165191451528,-30034.086450505674
3574,327.24866104428816,-30033.696731108863
3575,297.7687967462718,-30034.111953518248
3576,339.6801995166161,-30033.65383128885
3577,284.0066931419282,-30034.19178143578
3578,306.8306664569377,-30034.01986933891
3579,304.29025345082425,-30033.961823333742
3580,306.32727581135947,-30033.458143693337
3581,322.9722664062069,-30033.48059666698
3582,315.2024896920338,-30033.353113796846
3583,308.492319322583,-30033.66808371036
3584,333.95948831259074,-30033.190338642493
3585,317.4670355649804,-30033.810584373074
3586,302.26671325387207,-30033.555012125005
3587,299.07898327793123,-30033.198578050025
3588,295.7796760591918,-30033.395694339164
3589,319.34012207907074,-30033.033629527978
3590,332.82509337210985,-30033.173570080584
3591,337.5181884072695,-30033.455534763947
3592,317.59185589975243,-30032.90514284307
3593,341.72622498168244,-30032.636256335194
3594,322.344001384604,-30032.871188892605
3595,320.889478974463,-30032.995177725865
3596,308.48384715367115,-30032.8636064719
3597,335.3730521277588,-30032.98338194101
3598,347.7413761435134,-30032.602207221775
3599,313.85127734132084,-30033.16203869021
3600,303.7560299901259,-30033.605941019243
3601,289.9505898738154,-30034.097000708487
3602,308.3075404166416,-30034.22345078687
3603,313.5076468424106,-30034.026035631476
3604,323.7952971053314,-30033.874233264032
3605,291.5074728539888,-30034.41187774967
3606,283.123674322607,-30034.66486799358
3607,281.0434067115972,-30034.595402140774
3608,275.9024254113159,-30035.295256184047
3609,245.55376481289375,-30035.417587178013
3610,278.94520529829214,-30035.19630324249
3611,307.37737551862836,-30034.79341053687
3612,318.0580152203654,-30034.401386242367
3613,327.875908941869,-30034.608898501134
3614,307.8632183510124,-30034.582134182518
3615,292.6375003191198,-30034.379926578196
3616,303.5353234428605,-30034.04110599477
3617,306.5524885839735,-30034.501382507708
3618,294.26420177752254,-30035.232133370573
3619,251.72882507204065,-30035.229178829788
3620,283.4308470300067,-30035.17677585855
3621,274.05035018134566,-30035.325595822957
3622,290.0789091982581,-30034.923894215866
3623,284.3915115302468,-30035.412699797125
3624,298.36730830140283,-30034.86858408652
3625,291.01452182850375,-30035.064736764532
3626,294.00513458319347,-30034.95926600224
3627,279.985280971974,-30035.2076001116
3628,289.2554127298215,-30035.149409803234
3629,289.2673452749542,-30035.113957412388
3630,297.70033292061566,-30034.541387022404
3631,281.47006769556634,-30034.82700080629
3632,306.0157524498081,-30034.346734427512
3633,298.5287849820319,-30034.134107822567
3634,291.7017917870298,-30034.524242659612
3635,305.89204372913736,-30034.46699211958
3636,328.0957082026165,-30034.44719354256
3637,331.57019357852283,-30034.464479697443
3638,314.19639889717826,-30034.303864119025
3639,309.1032552051422,-30034.402921557772
3640,283.42425542924946,-30034.237486323313
3641,304.1946408368204,-30034.11653998912
3642,304.4172847837762,-30033.76335818138
3643,303.2252958193024,-30033.849581482857
3644,301.750437208439,-30034.136184393145
3645,312.25330078682987,-30033.365759630713
3646,269.75497490069597,-30033.691963690977
3647,280.7428721086417,-30033.993485781917
3648,285.24560291820575,-30034.920799907755
3649,288.252260539873,-30034.895009070377
3650,278.2154091332051,-30034.905821509034
3651,300.2824793443809,-30034.119881666313
3652,293.0643908662199,-30033.99628517143
3653,308.6130869519281,-30033.83500838504
3654,298.2947245480343,-30033.802026088673
3655,288.9935458329981,-30033.843408792673
3656,263.8561217952159,-30033.73679840454
3657,317.8318177526355,-30033.43824999107
3658,327.661862545839,-30033.64546068562
3659,283.0192039769657,-30034.642070104357
3660,294.2720032902461,-30034.38818975332
3661,297.0427867732342,-30034.14754969441
3662,308.04768173810845,-30034.526774936523
3663,309.3227202436922,-30034.358412393896
3664,298.31305701581107,-30034.200008615113
3665,304.1451613475693,-30034.6040960917
3666,287.58342062548786,-30034.261217655094
3667,307.33731384444144,-30034.388154783952
3668,316.54848291450855,-30034.235724681344
3669,287.1568217958813,-30034.33625807204
3670,314.53222729673894,-30033.981076434568
3671,275.7929660796371,-30034.30383211104
3672,281.7492150720204,-30033.982182326443
3673,318.7724877405462,-30034.098498276682
3674,304.43855465956176,-30034.43275218249
3675,319.1057495833384,-30033.881243038806
3676,303.3491146850364,-30033.42658668222
3677,330.5979133557512,-30033.88314091184
3678,308.88591373933633,-30034.72081551901
3679,290.85828455501417,-30034.37525487234
3680,308.94603718571193,-30034.078698380647
3681,304.5078595909254,-30033.942750928843
3682,278.2590858488744,-30034.947706294177
3683,294.66248263745166,-30035.34529574649
3684,272.0169610325986,-30035.266685294635
3685,283.2791117871747,-30035.381713485356
3686,290.152854378619,-30034.476746550936
3687,283.8800743742116,-30034.441017599136
3688,297.8051556805798,-30033.917691790437
3689,310.669500691666,-30033.303503741103
3690,320.59334318802684,-30033.25448032257
3691,339.95320441752284,-30033.049399627416
3692,310.55602216491053,-30033.605148166123
3693,305.8144038283723,-30033.756028354757
3694,291.03338090454304,-30033.804503096653
3695,340.75929898566676,-30033.714940918868
3696,283.78815647045644,-30034.361267559525
3697,269.09205392801067,-30034.481853504923
3698,297.72511196109673,-30033.96850643337
3699,288.1160893912409,-30033.642529178876
3700,294.53288521242615,-30033.7742933339
3701,315.8878692158949,-30033.181807233566
3702,295.52428159254634,-30033.478204571402
3703,298.643409764386,-30033.44376307488
3704,310.8326993576634,-30034.332656616076
3705,311.53614162992614,-30034.239026773106
3706,318.654113494245,-30034.224482953236
3707,288.20661368063776,-30034.400048180083
3708,290.62359483597623,-30034.293188755986
3709,297.6831810641465,-30034.670718945657
3710,281.6332693077378,-30034.627637983143
3711,288.4005796638094,-30034.293671849504
3712,294.9825426899756,-30034.24360252447
3713,308.04351938292,-30034.513206362488
3714,283.9436399156222,-30034.248033785163
3715,299.48782122342,-30034.63765029613
3716,330.56561616530246,-30034.71987996065
3717,288.8833332724606,-30034.99458153823
3718,310.2815158750335,-30035.115867088898
3719,303.49043896307404,-30035.647688683814
3720,284.0510259744974,-30035.909431187472
3721,300.9238920749623,-30035.04341626701
3722,295.1615998637307,-30035.065330574405
3723,281.7570290409281,-30035.355035275054
3724,298.3637982374489,-30035.622577448972
3725,290.9242945773443,-30035.379476016456
3726,287.06843958188506,-30035.522045283993
3727,298.33792501574754,-30035.599782068297
3728,325.57303327289065,-30035.041051065386
3729,293.08946384345415,-30034.696834787504
3730,285.39440220890936,-30035.41320077015
3731,288.87959630022175,-30035.221236782076
3732,283.67417094935513,-30034.868002692085
3733,302.9307948106732,-30035.132281007787
3734,292.13396266045544,-30035.29867333118
3735,284.035521380957,-30035.3063003541
3736,287.7962657385484,-30034.98835715894
3737,300.9078922070867,-30035.151235225316
3738,276.2493153252024,-30035.458522100907
3739,263.3904493618624,-30035.25616792172
3740,302.49949574939603,-30034.162516199664
3741,293.50743751442377,-30033.61224280398
3742,317.7041851532309,-30033.462901940613
3743,254.870107489612,-30034.65903126116
3744,310.1064732015944,-30034.30966440745
3745,301.6285111015094,-30034.23100721946
3746,311.7981261097621,-30034.343852990507
3747,279.7236179609734,-30034.958234666017
3748,289.20415517874363,-30034.879197533595
3749,318.09176413711964,-30034.23257991474
3750,308.5992141328582,-30034.349024554434
3751,326.3907936496475,-30033.92700596083
3752,321.34931056108894,-30033.987671916304
3753,329.43121586707656,-30033.656236531708
3754,303.9383148760835,-30034.0721202141
3755,287.806882502716,-30034.42949992303
3756,318.1680281114308,-30034.875218452187
3757,286.9115399444789,-30034.772032955287
3758,288.9947983961333,-30034.90978395667
3759,293.5120224353449,-30034.836738390823
3760,294.70957638926313,-30034.955455102932
3761,300.4353125005167,-30034.70007304159
3762,295.01768496685685,-30034.84233974156
3763,289.1274406655195,-30034.720945177585
3764,294.27057874708174,-30034.48783448251
3765,295.2884303245811,-30034.49187040727
3766,298.9410955533815,-30034.711765760352
3767,284.113971670898,-30034.450837756754
3768,305.1658085652686,-30034.52017200951
3769,299.54285861006144,-30034.327690633145
3770,295.6574075252435,-30034.488572538805
3771,259.2033711938899,-30034.8171137066
3772,289.3557895485936,-30034.736762410244
3773,312.71556112509404,-30035.057412294605
3774,293.3505634728558,-30035.172776715044
3775,285.5721265438233,-30035.031836898354
3776,275.7920143364404,-30035.030418231316
3777,317.5473900494094,-30035.037105767602
3778,280.2708748722297,-30035.171215392496
3779,279.03076787224825,-30035.510586008113
3780,280.88442737172386,-30035.204816425943
3781,310.9613819757405,-30034.968134857263
3782,304.48701217541355,-30034.720612068155
3783,309.35570977941194,-30034.611499912524
3784,319.79078920253437,-30034.33494491125
3785,314.0941531776452,-30033.77905789423
3786,303.73986760532046,-30033.830951510874
3787,279.4157895054759,-30034.581108700342
3788,278.89529345067893,-30034.6155107003
3789,291.7155197292301,-30034.30515196076
3790,288.32181068098885,-30034.40695485614
3791,294.5016948305232,-30034.464520539033
3792,293.86495573772805,-30034.646338698403
3793,308.28786087381997,-30033.786439192023
3794,306.4657956369476,-30033.794549670583
3795,310.720126389843,-30033.937012942013
3796,293.1532118140157,-30034.165955821023
3797,288.75224690817765,-30035.029084828002
3798,289.9227531349275,-30034.543004058207
3799,295.9194058512567,-30034.43910153757
3800,307.75697340048856,-30033.955864710282
3801,288.8639951145979,-30034.19623334592
3802,267.2285352068756,-30034.981227147386
3803,270.0070522714727,-30034.789223282132
3804,290.511398795827,-30034.751051352367
3805,281.5138027809791,-30034.593493517816
3806,298.8688374895585,-30034.192074679573
3807,288.86976271127907,-30034.123824581216
3808,296.4900394482554,-30034.204236478534
3809,289.078161017564,-30034.24169944552
3810,309.52238558228134,-30034.23041024222
3811,294.2533720970189,-30034.511699015624
3812,315.220972276393,-30034.421014472704
3813,304.33152046509485,-30034.52329917264
3814,305.3981845648867,-30034.39331117255
3815,306.38677091087595,-30034.35315152423
3816,302.007366774086,-30034.233323562956
3817,303.8463790381367,-30034.445495619577
3818,304.9203696520747,-30034.436419540707
3819,310.45941359449006,-30034.115358289062
3820,305.1542748006264,-30034.37202075346
3821,282.86775527133227,-30035.05793811991
3822,283.63635828016544,-30034.990034873557
3823,309.9166859157174,-30034.535077656492
3824,276.35958452174077,-30035.34055107476
3825,297.9796396479403,-30034.9328927128
3826,297.29374584098946,-30034.88546203951
3827,322.9214577234412,-30034.581467007367
3828,291.6678028435854,-30034.4762580692
3829,285.4325995307104,-30034.9825652924
3830,300.0318051227067,-30034.54211850193
3831,315.4174873580377,-30034.267699878827
3832,311.61153537290323,-30034.385593157876
3833,315.71644714077877,-30034.494655321436
3834,316.2861993296017,-30035.23832776211
3835,276.33142949329306,-30035.099062323763
3836,287.38722404081483,-30035.344211844545
3837,270.9180104490618,-30035.135755827818
3838,263.17709574912135,-30034.62083791277
3839,302.56523742263244,-30034.526119003644
3840,287.5712041270996,-30034.49003646807
3841,306.73977981701864,-30034.596343705485
3842,280.79002225743056,-30035.4005187387
3843,295.107509394997,-30034.914329236864
3844,294.56906095652926,-30034.44917677749
3845,298.23915619973326,-30034.018248929016
3846,283.4213900449462,-30033.784432436165
3847,295.8045799737461,-30034.17437315102
3848,274.6522583579212,-30034.841907719176
3849,277.6775581719608,-30034.764872971522
3850,308.03174406217346,-30034.386545476355
3851,299.62583023052895,-30033.79438145082
3852,293.0048014746412,-30034.14229530567
3853,301.98537360645196,-30034.17332251244
3854,308.6795428637731,-30034.01109346311
3855,319.5084474632366,-30033.574373918513
3856,329.5200448650121,-30033.63254760651
3857,304.0809491473069,-30033.867408454396
3858,294.6956992297108,-30033.81126825505
3859,314.03132938217567,-30033.82749204962
3860,304.6129157550879,-30033.514362404272
3861,317.89119507754276,-30033.212166994887
3862,312.00231087736364,-30033.65323867604
3863,322.9457226365929,-30033.7410210529
3864,332.7819518466203,-30033.48714076314
3865,326.4857461249903,-30032.887540063715
3866,316.59546945762037,-30033.33416794848
3867,293.8160495422985,-30033.950286823027
3868,317.1640179882168,-30033.81810463644
3869,296.68278853035315,-30033.988515348898
3870,296.613458659987,-30034.351564096476
3871,302.77315926342334,-30034.360802567826
3872,313.04969101380516,-30034.38896363864
3873,282.3104357820076,-30034.3940352506
3874,285.66322908835457,-30034.99246654848
3875,286.7532662165034,-30034.94783597864
3876,275.14451393796236,-30034.71055033882
3877,287.9544944955473,-30034.500055251676
3878,303.8205730828395,-30034.213714194488
3879,291.22128316497856,-30034.120152255007
3880,295.7752927694016,-30034.03056874826
3881,308.68674627807843,-30034.04216468941
3882,287.7692489491463,-30033.942152659227
3883,271.8236648886618,-30034.3945293762
3884,265.38407114382653,-30034.532862268028
3885,270.0644381044945,-30034.621783460614
3886,292.4861074267409,-30035.08290258358
3887,269.2305620372984,-30034.857322272943
3888,310.0041872666405,-30034.52704668072
3889,287.42119305714346,-30034.122665679508
3890,308.8718636686737,-30033.853976712417
3891,320.4448305906473,-30033.373400470045
3892,283.8725778947166,-30033.4665942711
3893,313.7030859711281,-30033.4743102405
3894,294.5458768706877,-30033.732955283074
3895,289.9992683928173,-30033.894620734318
3896,312.80523047224517,-30033.691905638698
3897,296.8859853258287,-30034.141675553838
3898,298.6082426511192,-30034.15752647418
3899,307.7882037000791,-30033.902355264476
3900,318.9042999066647,-30033.776867599026
3901,310.70065507948345,-30034.148433679267
3902,309.6300516363619,-30033.780472570634
3903,285.2077846424799,-30034.07798847837
3904,282.980514074149,-30034.047327181936
3905,293.52667900633327,-30034.486765270343
3906,300.3317735657066,-30034.419439536694
3907,324.85736780227023,-30034.685765512608
3908,313.90413166700336,-30034.83064883124
3909,292.7868857043139,-30034.305906644946
3910,301.2420883871462,-30033.885128674137
3911,293.0666015968234,-30034.052870930715
3912,314.81645576256665,-30033.347069352694
3913,296.43030357601106,-30033.717437748117
3914,287.71864680341247,-30033.910205373795
3915,298.9222661511529,-30033.772779941788
3916,281.84397376758267,-30033.532564988534
3917,304.56015423235044,-30033.845749960066
3918,306.3290845333639,-30033.899505054633
3919,290.43342828608536,-30034.758845792567
3920,281.8434701068411,-30034.544296238342
3921,306.0970730721304,-30034.241200594515
3922,294.5386808230686,-30034.291727623946
3923,329.69488292032406,-30034.66336474115
3924,276.9508046340711,-30034.601268851413
3925,321.7752723005579,-30034.328662935604
3926,310.9924852069395,-30034.459550440028
3927,305.0758828251522,-30034.05951315356
3928,307.79427962055905,-30033.99986072282
3929,289.80320510354323,-30034.629955365654
3930,291.88534554625215,-30034.605624738684
3931,314.2531058997138,-30034.76730051966
3932,323.1559733604691,-30034.62838119407
3933,322.92833902935905,-30034.178952477727
3934,304.3453471002893,-30034.399909149433
3935,295.07306004913335,-30034.854637322675
3936,276.0306300571732,-30035.198324412508
3937,331.4905917654102,-30033.966455248185
3938,310.02838775169886,-30034.145586700226
3939,310.79289824956555,-30033.948878771447
3940,304.43111025480016,-30034.204421312064
3941,286.6201359268416,-30033.93551499437
3942,295.9723292085936,-30033.742475590378
3943,287.0306519595406,-30033.622592468855
3944,274.20988295800424,-30033.925152177646
3945,282.9797065721017,-30034.31492534745
3946,266.4766717753942,-30035.16590245239
3947,272.99900849631064,-30035.543094177716
3948,282.6736365609363,-30035.31470886586
3949,305.92923521430436,-30035.563725354597
3950,281.83565946153766,-30035.437068207244
3951,327.04834168061467,-30034.647015117076
3952,306.636382083163,-30034.645784821278
3953,308.7351441698842,-30034.31049480482
3954,308.711321492797,-30034.22319540891
3955,298.22793650484414,-30034.33493362841
3956,312.7046272120209,-30034.278386776492
3957,298.1384055674758,-30034.569577474278
3958,318.5292442067867,-30033.965863198144
3959,301.5636214200887,-30034.183789520823
3960,273.1343122844603,-30033.715517470293
3961,298.2531134896455,-30033.726886913235
3962,314.8978514304277,-30033.188799282223
3963,327.09454858279105,-30033.319696483275
3964,328.4072914228515,-30033.683601322817
3965,298.0277316011443,-30034.175839795967
3966,295.64847385388066,-30034.31301300387
3967,320.723819480963,-30034.407492173494
3968,276.8612783366184,-30034.39841258213
3969,292.22878374930576,-30034.9525700698
3970,287.36744435618243,-30034.633765235005
3971,299.69470394668093,-30034.622750274037
3972,273.26246455803295,-30034.548274498527
3973,261.8290446859307,-30035.089840599583
3974,285.21363115291496,-30035.607140255193
3975,275.7632930934645,-30035.75378728258
3976,247.61023517064535,-30036.071628003938
3977,265.6587801348175,-30035.918622689638
3978,249.49867980102255,-30035.83140137747
3979,277.3642550760214,-30035.565617249988
3980,287.08874898807795,-30035.127009996948
3981,286.05949615197346,-30034.935757027615
3982,288.17977830869756,-30034.488604802966
3983,311.5888839149161,-30034.358811569753
3984,296.0493573272149,-30034.529626413358
3985,297.74146812074576,-30034.444663007653
3986,286.7317260214616,-30034.40540181129
3987,304.98076218563324,-30034.32945197416
3988,268.98744921130134,-30034.474683950513
3989,318.44678391156936,-30034.346815940444
3990,301.36782977710124,-30034.253101785467
3991,288.9361549510186,-30035.004989364494
3992,274.327227586424,-30035.330443054056
3993,268.25609839489533,-30035.276037675256
3994,281.9059414857568,-30035.618917704196
3995,291.559085758558,-30035.15669057518
3996,302.63970691582284,-30034.59067707636
3997,302.5836727083319,-30034.467067728358
3998,284.8432539500501,-30035.225707243786
3999,293.73486753402034,-30034.651520340914
4000,297.2920195768886,-30033.91284863178
4001,306.19019979959364,-30033.934201883647
4002,321.58240379224776,-30033.044387029153
4003,323.0011744686009,-30032.49745735425
4004,317.8225037214549,-30032.547856145873
4005,309.94773146425706,-30032.75891654582
4006,322.7295473198297,-30032.328417322755
4007,317.43757495453696,-30032.842565523893
4008,309.370594972505,-30032.183396118122
4009,315.86041787708723,-30033.16295726846
4010,279.48173073234426,-30033.554081551818
4011,288.19541989409043,-30033.224544736488
4012,314.7904638221367,-30032.627011293367
4013,320.7660936601458,-30032.71113051666
4014,340.01699850906755,-30032.670863266307
4015,334.8518562466827,-30033.041238809194
4016,316.6653289119879,-30033.092199807736
4017,328.775788477722,-30033.04945599557
4018,307.47361324931074,-30033.3222721174
4019,327.06627437551555,-30033.234460690044
4020,307.61355278017567,-30033.289502235526
4021,321.2330673388719,-30033.31282245529
4022,312.3134349682888,-30033.124032850927
4023,292.58769521104256,-30033.906553261953
4024,309.83617660443105,-30033.363247604444
4025,327.1068033982265,-30033.59868921935
4026,300.4728821287922,-30033.753828141882
4027,299.7412934440805,-30034.03370339502
4028,293.004888625746,-30034.259480642762
4029,317.7898352461096,-30033.6658544092
4030,301.6749268442317,-30033.92126152767
4031,312.0067115371226,-30034.114066960858
4032,285.46481035129716,-30033.67903151211
4033,309.8892824478194,-30033.61583587833
4034,278.85036462718676,-30034.436938239858
4035,291.11959585600727,-30034.09533217163
4036,296.5269030275297,-30034.00019660149
4037,319.6099164487848,-30033.618730670223
4038,293.0587651053525,-30033.543299791065
4039,307.8343480968782,-30034.147303806923
4040,298.09167021257923,-30034.297299848175
4041,319.4181146511021,-30034.269975165236
4042,329.3015009332739,-30034.21609641044
4043,294.4352999073436,-30034.08921519735
4044,297.0409501833211,-30034.33118902474
4045,298.1422503696382,-30034.44252892932
4046,273.3671543119974,-30034.42262944249
4047,305.00292013509954,-30034.344527060133
4048,270.0781603885202,-30034.752302277186
4049,284.58801966982423,-30034.84727600053
4050,288.73241407071043,-30034.957311412603
4051,289.7909110245615,-30034.474010479018
4052,286.56885231780376,-30034.671162746436
4053,319.4306020335238,-30034.783337129487
4054,293.98001436871033,-30034.567311308496
4055,294.840614782525,-30034.5068905037
4056,316.22161967983504,-30033.812196119132
4057,315.34359949967325,-30033.431642996147
4058,287.50876940871444,-30034.294320342375
4059,312.38223097153013,-30033.786387977816
4060,314.4078088781216,-30033.247836114853
4061,319.0895596245741,-30032.616019839767
4062,319.0890535012379,-30032.887516775692
4063,334.0442392829914,-30033.32690717542
4064,300.0778997919115,-30033.363240153514
4065,327.69630569477243,-30032.882887128602
4066,301.3077671436604,-30033.555373664578
4067,284.30167112473765,-30034.053601323347
4068,319.91189459855286,-30033.033111203265
4069,294.6747034247437,-30033.555929952076
4070,337.0934405797996,-30033.766857367882
4071,294.00160884148534,-30034.070681628786
4072,311.7864207524804,-30033.781643493025
4073,291.61454448886724,-30034.086954830327
4074,292.6884125915965,-30034.157959916927
4075,296.06414309583295,-30034.621056336462
4076,309.6703972534147,-30034.244315026684
4077,306.1040760672491,-30034.696104919803
4078,286.47472011127195,-30034.616858286194
4079,299.3318222331487,-30034.711834365244
4080,312.3264990814809,-30034.358083626925
4081,273.77386460212017,-30034.72503574256
4082,293.09342118447034,-30034.239705324566
4083,311.7025676439831,-30034.059115177042
4084,316.21178527314356,-30033.884705813565
4085,282.64360438357477,-30033.309594826776
4086,333.959967213566,-30033.46181113217
4087,321.38412356185165,-30033.764151680334
4088,329.9882865733444,-30033.326004950293
4089,321.3547015460654,-30033.284413123314
4090,311.4790704551039,-30033.853724410466
4091,281.40541490374903,-30033.85204285355
4092,295.05419506504956,-30033.67541801218
4093,309.7920326260863,-30033.819421290787
4094,299.0045319280231,-30033.673082027028
4095,290.68000643678045,-30034.287882487875
4096,311.38094300128273,-30034.19600347892
4097,307.5064997891355,-30033.95817469217
4098,304.8008984740244,-30034.009697065812
4099,298.9940869613411,-30034.329591249283
4100,291.05963229116077,-30033.805804717067
4101,277.6745005100516,-30034.554011356304
4102,300.35823414180646,-30033.69807971546
4103,282.3605804219004,-30034.242400140374
4104,305.3335131721747,-30034.10194743144
4105,287.01349922554425,-30034.781221288886
4106,252.22678393608373,-30035.187523655834
4107,282.4678745217323,-30034.69090919991
4108,275.04713694198074,-30034.564529532476
4109,294.81743815503165,-30034.29066882419
4110,298.3078845648081,-30034.231386984546
4111,288.1222183948821,-30034.075970819806
4112,307.69146450785826,-30034.228974879174
4113,318.5788531592413,-30034.54275700756
4114,271.74239888233194,-30034.753968103745
4115,293.9736692304171,-30034.538171906577
4116,277.52631319378054,-30034.493235930986
4117,274.5447529860458,-30034.46957577797
4118,275.8899890258549,-30034.885408579157
4119,293.5741413597808,-30034.66332172886
4120,280.9878902963399,-30035.00498306725
4121,270.23747196895636,-30035.4319422465
4122,264.61901203831,-30035.565521312103
4123,254.88475974865935,-30035.71335512269
4124,255.88108652133891,-30036.38784712315
4125,267.0128094348247,-30036.092049760475
4126,293.73423476849104,-30035.665207919832
4127,275.8755570691056,-30035.155298000183
4128,289.2429497901737,-30035.30010973237
4129,276.4495712738375,-30035.547302166524
4130,267.7681613229614,-30035.38189725426
4131,285.711086453226,-30035.06745070364
4132,278.7896086541227,-30034.954071076216
4133,269.67017663269655,-30035.408911956878
4134,257.27522057860995,-30035.677466377678
4135,268.99195571977856,-30035.562462733385
4136,305.2526581704649,-30035.03364158371
4137,302.02643788140466,-30034.775819007904
4138,314.82531567885417,-30035.23356821808
4139,293.0845719944695,-30035.04070619298
4140,286.9444333507879,-30035.349341609646
4141,283.40710296231435,-30034.82189638672
4142,290.6617480972267,-30034.520757496728
4143,296.09842161273474,-30034.50497124027
4144,273.3444243576533,-30034.352881052484
4145,307.3878989100282,-30033.808774368277
4146,300.30443741650515,-30034.11738358782
4147,311.3487211387035,-30034.347193783247
4148,285.1713302373067,-30034.198033825567
4149,311.210398081489,-30033.57523604762
4150,277.3312664725085,-30033.890654708226
4151,293.38434689407904,-30033.949282031088
4152,304.71641276945763,-30033.921950074542
4153,292.53573303654673,-30033.530889729594
4154,288.196882927861,-30034.341695927043
4155,299.466338515882,-30034.265136577058
4156,279.42711067914416,-30034.559343357458
4157,288.68404538165515,-30034.376480572442
4158,314.84614858660876,-30033.426410563818
4159,318.3656484969771,-30033.72773580197
4160,316.02607752449074,-30034.069002192013
4161,318.697415710418,-30033.963642657673
4162,267.79581723068634,-30035.131210892396
4163,281.4832179157339,-30035.199721320292
4164,264.03008691912675,-30035.142637203513
4165,291.00687737901285,-30034.695785858803
4166,289.91339013385095,-30034.988548928337
4167,255.58788926040205,-30034.977154916785
4168,298.21515335781925,-30034.43876650442
4169,277.4470324614805,-30035.249109763172
4170,271.8651724661071,-30035.743108619823
4171,264.83741965527383,-30035.651897766224
4172,265.6048988290118,-30035.76175678611
4173,294.75072594547646,-30035.405605731892
4174,264.4996675132741,-30035.992311318947
4175,282.8013538186452,-30035.66700794028
4176,290.57669333501786,-30034.89982150328
4177,299.84798194114575,-30034.921680609357
4178,261.6941406044785,-30035.700610512118
4179,262.89824816356366,-30035.836742702435
4180,271.6440301197032,-30035.662659410977
4181,279.55264617289845,-30035.5191184537
4182,298.7501112739774,-30035.35322434127
4183,328.061727751571,-30034.807411866383
4184,293.2823789261335,-30034.83267203808
4185,285.12163021920344,-30034.755907901214
4186,294.777237287494,-30034.608072775754
4187,299.6465967545339,-30035.573162944067
4188,290.72554300033585,-30035.85706486548
4189,288.820632505882,-30034.9434032653
4190,300.22978423495863,-30034.414158198866
4191,309.8159004829253,-30034.35203206543
4192,304.15057248214015,-30034.135211798643
4193,301.06571545806526,-30033.88950588186
4194,301.9505620591429,-30034.006217712336
4195,296.5003427369374,-30033.79773077243
4196,300.2899622388848,-30033.9146178315
4197,277.0067944102494,-30034.14284805211
4198,311.2519880377314,-30033.548813246773
4199,293.161142932402,-30033.757555862227
4200,277.01358504149835,-30033.652445147825
4201,299.64932428164065,-30033.49106400254
4202,290.10643959689185,-30033.182976593875
4203,336.9156020990788,-30032.923614697535
4204,300.31519573866046,-30033.36321033874
4205,302.4853557458525,-30033.63747650002
4206,284.34530355808295,-30033.917752832484
4207,332.05535479233794,-30033.514939009438
4208,293.08310143702005,-30033.913789564143
4209,300.4583943860002,-30034.1780158224
4210,293.2628920752899,-30033.897608786017
4211,283.2122336386303,-30034.29548263632
4212,287.7351979366303,-30034.241825859237
4213,285.16797041751744,-30034.45202345928
4214,293.8008384632655,-30034.386211205237
4215,313.32552806645015,-30033.968055439116
4216,330.1116620837003,-30034.05731802781
4217,304.6923032128009,-30034.403017173383
4218,284.12128989137983,-30034.41354675881
4219,300.6710430918731,-30034.360238325666
4220,293.97234589557763,-30034.725704748984
4221,306.25496780659125,-30034.38767260199
4222,321.4584400395963,-30034.094338550578
4223,302.0247840829094,-30034.08640692673
4224,289.5859890978274,-30033.758393088232
4225,319.090248707224,-30033.524205863174
4226,308.6874374181332,-30033.44644441176
4227,333.88495170598424,-30033.295704110387
4228,287.0154810206427,-30034.02140647987
4229,315.6634902287752,-30034.345578976383
4230,315.5013489029039,-30034.29882173544
4231,295.82227608049425,-30034.04502772061
4232,302.0738208874047,-30034.30393993566
4233,320.02873502777186,-30033.23724271785
4234,296.5404026443877,-30033.048689694195
4235,317.7648585054415,-30032.965302404733
4236,334.85624064010034,-30033.103629997706
4237,292.3758043289751,-30033.331733826086
4238,299.56009551835723,-30033.56359097408
4239,292.53223328075245,-30033.544648461222
4240,295.7599801040377,-30033.521183151635
4241,316.0177500166564,-30033.828974488366
4242,332.5732693370551,-30034.054819827168
4243,323.47246952795933,-30033.808026420236
4244,286.08644468334285,-30033.98977572135
4245,326.52115847929144,-30034.146426828043
4246,301.79833211038294,-30033.91429261671
4247,325.32503433467474,-30034.070643381056
4248,320.05905552228097,-30034.189615226504
4249,332.8593716051983,-30034.157094366434
4250,284.481914151909,-30034.646784317873
4251,286.87514761673555,-30035.45652988685
4252,265.3972865950559,-30035.61847178813
4253,264.3685109724478,-30035.542441350353
4254,279.823078589825,-30035.434281885944
4255,309.5837778726305,-30035.1253709888
4256,306.27805505601435,-30035.06874024968
4257,287.0525409031164,-30034.90525235599
4258,270.3045724281373,-30034.57285507825
4259,287.9050132347076,-30034.50909577322
4260,296.6242461474431,-30034.489968248567
4261,281.4410248640678,-30034.944909088706
4262,286.6777281196293,-30034.551273176436
4263,302.8550817224563,-30034.1888475485
4264,315.67635255968827,-30034.114791010194
4265,312.7976219975075,-30034.574906965147
4266,291.5250911038548,-30034.278628001506
4267,277.04934678179393,-30034.405463866126
4268,275.14440968418546,-30034.86289667618
4269,274.73186039129513,-30035.06844778797
4270,277.2802546482516,-30034.64387384016
4271,294.0381825532176,-30034.41938332065
4272,286.4479990275069,-30034.707365197683
4273,288.50769413757337,-30034.683591616988
4274,254.5221077200638,-30034.714542888596
4275,296.2016113136472,-30034.064910287416
4276,295.4773324897623,-30033.690307250075
4277,291.85913035895203,-30033.88557221988
4278,307.1209652269058,-30034.252899104766
4279,273.8393871381134,-30034.139425235066
4280,313.48297335663995,-30034.272741725857
4281,288.7594269645196,-30034.321875384
4282,304.28870184349825,-30033.327096216395
4283,310.66240029697065,-30033.41891433307
4284,315.02688925317034,-30032.873096832973
4285,299.36559629219346,-30033.459043038638
4286,295.4308576168484,-30033.132866909353
4287,325.02099943450065,-30032.75787639226
4288,314.34856356842783,-30033.2317283347
4289,305.38651545545224,-30033.05961640047
4290,285.9627578576119,-30033.24870474503
4291,328.3209390374893,-30033.463088158664
4292,309.30854939189175,-30033.298217209842
4293,322.7652265644964,-30033.095109963422
4294,323.3507217686469,-30033.809094820335
4295,300.0583650348397,-30034.170365590384
4296,313.8195807380864,-30034.0495440837
4297,302.25109458466846,-30033.901102872755
4298,284.77825949654095,-30033.881617145373
4299,313.35215392047485,-30033.740832141033
4300,294.0108508005843,-30034.255999137666
4301,260.819805671408,-30035.194965928997
4302,270.0899709082154,-30035.031306039753
4303,284.18013131480524,-30034.308570812576
4304,291.52052009523203,-30033.831475819396
4305,324.22270870052296,-30032.775735175946
4306,324.6835083273896,-30032.692033466647
4307,293.9642760740108,-30033.2727800251
4308,280.4691869530004,-30033.76394995085
4309,283.13741647503974,-30033.674292567055
4310,296.8329349658001,-30033.77775777797
4311,288.8735719895196,-30033.766308167887
4312,317.09477856439327,-30033.458494889324
4313,323.56011242422807,-30033.411320056606
4314,299.7379426648861,-30033.555270929362
4315,316.46427435762325,-30033.384298936846
4316,302.7596043964283,-30032.892388971315
4317,347.5343531850057,-30032.83000134921
4318,282.6896445814384,-30033.136577205227
4319,308.3120219876746,-30033.09833956364
4320,305.3960498324968,-30033.069145402147
4321,301.12919020004665,-30033.196524321338
4322,300.86945033736066,-30033.88461114723
4323,287.3035087126463,-30033.78183635914
4324,298.1260513914807,-30033.810118454126
4325,290.020088453877,-30033.91363527389
4326,288.6436383493788,-30033.912639640588
4327,312.68180898769964,-30033.193015577162
4328,292.1926608679246,-30033.281591564268
4329,298.2516243544538,-30033.521845745458
4330,324.63035047675737,-30032.88085273347
4331,307.902342233703,-30032.108506959463
4332,306.4560731045695,-30032.68736908853
4333,328.4347566536479,-30032.210263443154
4334,314.2715853034201,-30033.040279399458
4335,303.18747498696814,-30033.48723886692
4336,296.5569636327769,-30033.882263060055
4337,279.51606853689924,-30034.69971373423
4338,289.95418161075105,-30034.36644281908
4339,302.6219410240157,-30034.20244611369
4340,275.57892966676775,-30034.565003422766
4341,268.3011470748353,-30035.153825911108
4342,284.7202856846863,-30034.1975090593
4343,287.64618486690694,-30034.404191227713
4344,288.10670363094914,-30034.437683988843
4345,293.65537511309515,-30034.15349317677
4346,299.4889500589483,-30033.99699728079
4347,299.03901975880893,-30033.7210542361
4348,299.324517254008,-30033.883890659567
4349,315.7561261759381,-30033.386248695657
4350,322.3532581334518,-30033.23619353443
4351,305.4980994825816,-30033.136925242976
4352,300.28006616277503,-30033.190254056437
4353,310.31185606991613,-30033.00573910863
4354,307.22604246979233,-30033.299119432064
4355,313.0779537683963,-30033.235918466104
4356,293.9452642880773,-30033.257626857918
4357,300.36822378349615,-30033.32087866842
4358,287.20628965216304,-30033.555733508165
4359,298.95860989566955,-30033.057034215955
4360,314.20647800332404,-30032.317285851663
4361,313.3798710055611,-30032.84951926087
4362,319.73566801196597,-30032.773812904074
4363,307.5369428244573,-30033.35195040962
4364,325.8241455742935,-30033.046537732545
4365,336.83726018239855,-30032.84157460528
4366,318.4743638078522,-30033.258240840023
4367,290.67000775886476,-30033.928755634177
4368,293.6967942696369,-30034.195433989815
4369,276.08398528523344,-30033.722390872186
4370,306.3084021316931,-30033.765252723646
4371,308.224742638916,-30033.46964627978
4372,287.84847105092825,-30033.961670907127
4373,299.5888414512289,-30033.900768185067
4374,288.0483639598305,-30034.27116310763
4375,281.81987756663744,-30034.17183488091
4376,298.5313671621821,-30033.92115311325
4377,281.79207515252835,-30034.270181128762
4378,269.49245450961723,-30034.764885148776
4379,279.5642582030431,-30034.538361517367
4380,294.64450533319973,-30034.343788780632
4381,291.2712593541818,-30034.148208825376
4382,300.1943430574329,-30034.21386589987
4383,281.4133055492822,-30034.318643899205
4384,309.3080443368655,-30034.063854744254
4385,299.4095712199597,-30033.71771729778
4386,290.6583517164625,-30033.409513662806
4387,331.88149418525313,-30033.792691366572
4388,335.44373241456873,-30033.354674678914
4389,348.79482043375697,-30032.624891059746
4390,318.54113995100033,-30032.92064609562
4391,313.6829008898017,-30033.01192056706
4392,278.35853731557364,-30033.64445686649
4393,287.96459400532495,-30033.771288977936
4394,285.08763896534174,-30033.520423368136
4395,310.0103575291884,-30033.190956047692
4396,290.74976129444474,-30033.805682568
4397,310.977763676255,-30034.321243922674
4398,322.64169382832375,-30034.02786328792
4399,300.30214210530437,-30034.211190552654
4400,288.96902934285595,-30034.20729849075
4401,280.289440579788,-30035.116067130413
4402,290.9607800004253,-30034.90591427446
4403,298.85301762377213,-30034.7686391706
4404,286.65667508311225,-30035.208045668827
4405,278.7006530321793,-30035.048075643957
4406,282.2169886768435,-30035.378776287576
4407,271.7971963411755,-30035.276045645267
4408,275.2731320119475,-30035.05306143186
4409,274.80452496047985,-30034.81859753013
4410,291.21690700056354,-30034.65346398727
4411,287.6099286444234,-30034.78009103143
4412,300.7617373417223,-30034.43415935881
4413,291.7031839134672,-30035.160926859942
4414,304.5562589568673,-30034.95717475767
4415,280.0472178346831,-30034.73535984303
4416,303.368606518922,-30035.176102935613
4417,290.69557716848715,-30034.695699179836
4418,295.08018496580905,-30034.979460497125
4419,289.7225721702745,-30034.573362756648
4420,306.05975583615833,-30034.921814230373
4421,263.94978036134466,-30035.677833369547
4422,263.77095198975604,-30035.738912141223
4423,261.68379823080215,-30035.905945313232
4424,309.54119880444364,-30035.36470896234
4425,268.4110280350537,-30035.426489520178
4426,264.7163805456504,-30035.500604829118
4427,294.6191520335643,-30035.070980496577
4428,254.93418565166021,-30035.38595660001
4429,281.2113232664937,-30034.8724848026
4430,294.60559604924896,-30034.856473177795
4431,286.901589546574,-30034.29767052838
4432,296.32166855412885,-30034.02091509246
4433,287.39483151762346,-30034.52175741786
4434,277.3648613151808,-30034.5089615794
4435,294.5247595647149,-30034.333088745505
4436,292.4011633603927,-30034.35258884289
4437,281.57570786448383,-30034.568519662942
4438,302.8434364504371,-30033.810230309828
4439,304.4539671401376,-30033.43627592691
4440,313.25326993021235,-30032.131958110138
4441,340.06189354417774,-30031.921702190302
4442,310.595991884133,-30032.701812451174
4443,319.88721577630986,-30032.787629930088
4444,303.8474979671694,-30033.668124100095
4445,299.0479918652295,-30033.601690942156
4446,299.6519493605839,-30033.174592603566
4447,282.74837488685745,-30033.476916516713
4448,326.1510410441962,-30032.911471744745
4449,316.083500571859,-30032.563670821914
4450,338.34749192199604,-30032.528703182816
4451,324.18455493008076,-30032.39777582284
4452,330.1993857846038,-30032.62154715878
4453,292.59205386265694,-30032.937695089324
4454,328.9817875407468,-30032.88418727908
4455,325.35405638002203,-30032.982032489504
4456,302.1933348309276,-30033.318551974204
4457,330.190046015583,-30032.891310202336
4458,340.0563009301604,-30032.955044112303
4459,298.44624502864605,-30033.911546916817
4460,304.2355117553387,-30033.74638503329
4461,313.5523103050214,-30033.51906780262
4462,307.49116376262725,-30033.437070925316
4463,321.7482450585041,-30033.251208695303
4464,294.9138840223149,-30033.821478364203
4465,285.4148368144249,-30034.05136550092
4466,296.6947238698574,-30033.9647816387
4467,303.3527527257321,-30033.367902643648
4468,313.6024699578154,-30033.402588569803
4469,306.8332483488573,-30033.349883386745
4470,317.51326629535305,-30033.715687022905
4471,326.84830166265357,-30033.734010942513
4472,307.8987505145939,-30033.90547109843
4473,291.0463478832474,-30034.554181283325
4474,310.38240383917747,-30034.236410135345
4475,285.41047545050236,-30034.438192490863
4476,284.08786384452947,-30034.12336069848
4477,312.35808455677034,-30033.865112241398
4478,309.3047349581748,-30033.67721812612
4479,282.97276160214903,-30033.826816457098
4480,289.17779835029523,-30034.166961030027
4481,253.44386138227242,-30034.913177710645
4482,287.2091465317509,-30034.64160010638
4483,271.9652448417832,-30034.078515657475
4484,296.250304359702,-30033.934795577716
4485,292.6086115289355,-30033.89626853763
4486,302.0396872304223,-30034.757912061734
4487,318.32429678533833,-30034.162355815086
4488,273.537970217803,-30034.18792139848
4489,313.0312973583845,-30034.428482630752
4490,288.4961733743345,-30034.50028378827
4491,296.60190260230513,-30033.78153839369
4492,313.3413297160509,-30033.936413275176
4493,305.12657627258295,-30033.644192548072
4494,309.7995198309364,-30033.786032349
4495,333.65018273669205,-30033.43238996086
4496,292.62147907279854,-30034.015089817065
4497,318.022294035138,-30033.626882142577
4498,312.6368835354022,-30033.324989908055
4499,315.0787844024868,-30032.996808903757
4500,334.08246464900986,-30033.124786626675
4501,296.807609476156,-30033.389714428726
4502,316.12863825655774,-30033.720753723854
4503,313.2027112769587,-30034.031650370314
4504,311.0053015560197,-30033.916263615014
4505,327.39591533585667,-30033.411826564905
4506,310.82027523675595,-30033.850543081808
4507,328.2230999348508,-30034.21356319584
4508,327.45123749529756,-30034.306937959456
4509,300.1243826752018,-30034.285914670436
4510,297.5075961218067,-30034.442654722196
4511,267.5794121206059,-30034.310409740236
4512,288.61605449165467,-30034.764886714325
4513,270.3455768035188,-30034.7808218103
4514,289.2948841965231,-30034.492180203873
4515,266.5024182253099,-30034.280497854277
4516,294.34340673503203,-30033.929386418957
4517,297.82887675276965,-30033.88585308297
4518,277.59361617421325,-30034.09703436158
4519,258.66959538586957,-30034.422157782294
4520,302.22566646495653,-30033.893921445575
4521,274.16343952185144,-30034.314976681726
4522,289.67332538820733,-30034.14294433392
4523,298.183234196337,-30033.691511796344
4524,314.36263786739494,-30033.817316539997
4525,302.7023350592917,-30033.194591526648
4526,291.74879784451053,-30033.651982317446
4527,297.449685266163,-30033.489013823677
4528,300.7713049296175,-30033.855796911263
4529,295.81258296782363,-30033.625346408422
4530,305.493692606919,-30033.515940862424
4531,313.3266260366823,-30032.77076256479
4532,307.4416949136515,-30033.379704888826
4533,275.6342844557935,-30034.251129632517
4534,255.27727370963177,-30034.219238745998
4535,289.00908249006653,-30034.227788830292
4536,315.361716677314,-30032.95853711564
4537,299.025853000065,-30033.211615382552
4538,321.61892874759724,-30032.973168056047
4539,319.65404493276935,-30033.031697993418
4540,305.7389897989177,-30033.179774973454
4541,310.7196098713898,-30033.210463260923
4542,313.3736220447518,-30033.207096222028
4543,338.59129868425026,-30033.0539024082
4544,302.6579033912634,-30033.51795985285
4545,288.69161643487695,-30033.757152049715
4546,299.95008831114916,-30033.964068417514
4547,292.66321252426354,-30034.000382204966
4548,294.00265340730067,-30034.375343204843
4549,324.8220923897697,-30033.57921909967
4550,311.6334728786189,-30034.170204964805
4551,273.99807372452364,-30034.215565090428
4552,281.79768958850656,-30034.611838665187
4553,292.8386527408695,-30034.10930939522
4554,315.00443890058114,-30033.959591503837
4555,304.1113643876464,-30033.966262986658
4556,289.34413306161616,-30033.639395449904
4557,324.3496670977598,-30033.651490583696
4558,285.68623377766204,-30033.53291124514
4559,284.19298998347375,-30033.82192356228
4560,293.3920540981568,-30033.99401262938
4561,286.3985823768698,-30034.317966615738
4562,285.34406021245564,-30034.793356403352
4563,293.9503130159096,-30034.874689059037
4564,291.0387559338166,-30034.900072824654
4565,272.66577715397796,-30034.619723658638
4566,289.20051493848104,-30034.289444126756
4567,280.33587487909716,-30034.92155535309
4568,275.67582475753113,-30034.74814556399
4569,298.5247738331546,-30034.267019870906
4570,277.29069443489846,-30034.43658349646
4571,275.96525494612564,-30034.50268126122
4572,287.0448852164955,-30034.606614229146
4573,276.58290870146124,-30034.563524260062
4574,286.9193511606573,-30034.473010972215
4575,304.66703769580516,-30034.657550460743
4576,299.8673978197999,-30034.6340893728
4577,276.6616371766467,-30034.596726633743
4578,282.7164182577141,-30034.4601314885
4579,290.04611886628385,-30034.176661128422
4580,274.78258602390207,-30034.819142008713
4581,299.0506334058506,-30034.810609759636
4582,309.9383962219903,-30034.593132602036
4583,306.52605078055456,-30034.90047613877
4584,294.6642745064601,-30034.534704401045
4585,299.40871883741715,-30034.30562907713
4586,270.1560555456809,-30034.484744082078
4587,321.86716424903847,-30033.726772994374
4588,294.9053787025938,-30033.628330073472
4589,275.7595698590065,-30034.316379685482
4590,277.364968135843,-30034.936693303334
4591,275.96169295669984,-30034.90706653736
4592,273.2517879517465,-30034.982133219597
4593,289.3236437348306,-30034.5246695772
4594,284.82411256877305,-30034.525010417892
4595,286.51019395494546,-30034.184337274484
4596,272.39747718787925,-30034.661538553417
4597,300.58061705159844,-30033.96795126112
4598,296.4966718990877,-30033.340790624956
4599,322.26747422129193,-30032.85551001196
4600,304.19654095165276,-30032.26688345724
4601,334.76642502189185,-30032.66835903376
4602,340.904286106111,-30032.43790514136
4603,314.5110110104298,-30032.98355610348
4604,284.92408363406525,-30033.573310594853
4605,307.56915529486963,-30033.073807213383
4606,310.21717793319266,-30033.344026322236
4607,319.88944106104606,-30033.28171532817
4608,307.4170401151092,-30033.02484801943
4609,310.3616800969137,-30032.85020570534
4610,337.763659727225,-30032.951395803484
4611,284.1691956179493,-30033.847904713733
4612,300.61288631767184,-30033.594103530333
4613,316.6077813050011,-30033.480346769145
4614,293.98377003942494,-30033.444171225594
4615,285.4474585805949,-30033.968524646818
4616,287.5345545003758,-30033.699930410257
4617,298.9103230161448,-30033.441045095453
4618,290.66692946088614,-30033.639769531106
4619,336.87810326458765,-30033.438217215287
4620,314.3385527613397,-30033.437054907023
4621,310.4192185501171,-30033.516746471112
4622,310.8824867540877,-30033.358764746885
4623,294.42811696852243,-30034.01712783789
4624,290.04553379388085,-30034.463785023694
4625,272.2860885805723,-30034.943599861
4626,272.51189612587063,-30035.260261414354
4627,294.0259088746774,-30034.609141052715
4628,273.65521418617425,-30034.864699148064
4629,305.55513094166986,-30034.59058796628
4630,304.4162116749995,-30034.017291063697
4631,317.62506944893954,-30033.718771677148
4632,290.8861020698614,-30033.83940824972
4633,291.718515102397,-30034.414452621855
4634,289.74513074684694,-30034.723193524893
4635,281.97550472242045,-30035.259769414955
4636,287.5376531974382,-30035.707666007067
4637,276.42454647135315,-30035.182688854853
4638,313.4829173589305,-30034.680946240605
4639,315.1472966899179,-30034.799796071882
4640,276.6379031937036,-30035.802393786627
4641,277.26265025873124,-30035.208763869337
4642,301.1904239131074,-30035.564145253476
4643,313.61246715111236,-30035.126949835343
4644,286.0083618102213,-30034.778822950175
4645,295.35644270489337,-30035.16205748204
4646,313.5220411331798,-30035.017865895243
4647,305.695279627184,-30035.21992226862
4648,269.2804394008474,-30034.986943795957
4649,302.66354935185456,-30035.080319731896
4650,299.56393855686,-30034.907245597893
4651,271.5620604740753,-30035.31703747638
4652,311.93212184660916,-30034.672558746184
4653,277.79392558949013,-30034.340109975266
4654,283.8605839679569,-30034.10165756031
4655,299.3554250462212,-30034.44367046772
4656,307.0091830241866,-30034.118954555564
4657,298.7860271450695,-30033.862098609367
4658,328.7035170922978,-30033.562968370406
4659,318.8507591565416,-30033.953977618618
4660,316.1357355693453,-30033.234249458375
4661,318.56071132126675,-30033.877191625088
4662,279.87540294265244,-30034.468139554796
4663,281.7798768151313,-30034.698218241017
4664,266.84408678652403,-30034.541549604208
4665,292.69856168803017,-30034.681145537554
4666,272.468741326794,-30035.323832426333
4667,277.4600243219596,-30034.50659983233
4668,304.9861850032538,-30034.92306739115
4669,288.0613599703376,-30034.223965573794
4670,305.82329002562363,-30034.3417453179
4671,299.3977731220064,-30034.57738510193
4672,273.92199271051095,-30034.830734512292
4673,286.7286517488912,-30034.985556233318
4674,289.4522928171236,-30034.666008025677
4675,310.10803180069377,-30034.315485101277
4676,320.6851046795763,-30034.097906119005
4677,298.2513964209925,-30034.303101402293
4678,298.95068584218916,-30033.592387124412
4679,300.85397277713327,-30033.51390151795
4680,310.75717225764424,-30033.70562479095
4681,339.02078728748796,-30032.90457152311
4682,306.3762365964546,-30033.267475463912
4683,316.01346017426744,-30033.022440328292
4684,290.5086443116376,-30033.11049471291
4685,326.2704052580643,-30033.043274999265
4686,326.4719610654586,-30032.5226478051
4687,303.7525193436376,-30032.367746896154
4688,296.1922027071764,-30032.299518789376
4689,293.4193687802664,-30032.891772236024
4690,320.8810641020081,-30032.927027190424
4691,324.3756659451119,-30033.080532846605
4692,330.15654616679484,-30032.868704098615
4693,305.9914530336808,-30033.35124373827
4694,311.60509431756384,-30033.69044051142
4695,312.5084573340334,-30033.787161553137
4696,295.2242083380468,-30033.80010488784
4697,290.68267808783975,-30033.877659933078
4698,277.45225675121407,-30033.82124573221
4699,320.532383352344,-30033.873180718365
4700,314.1701937357063,-30033.5701394764
4701,300.7049518272437,-30034.005881156674
4702,312.9346209363159,-30034.106663187627
4703,296.0368521164912,-30033.76431176657
4704,257.2400292845797,-30034.313105377096
4705,287.1378835005563,-30034.668759330973
4706,250.00941007594497,-30034.951538618774
4707,306.9517532583142,-30034.694598592407
4708,290.2597022281738,-30034.686985435474
4709,294.7179636695,-30034.603684448153
4710,305.0207794357624,-30034.496427579594
4711,288.1273413280761,-30034.706703054304
4712,253.031746962555,-30034.948796154786
4713,259.10139171297584,-30035.179019624316
4714,286.3782542677252,-30035.23058049195
4715,273.15243600838727,-30035.71702080232
4716,297.1445615115194,-30035.46728948298
4717,292.7361554399186,-30035.46146253915
4718,303.466652262303,-30035.314294645043
4719,276.43517467333334,-30034.92461258508
4720,280.10487979741106,-30034.40580379355
4721,287.2378193936847,-30034.424091630834
4722,297.18252822223985,-30034.202675353517
4723,314.6321999233984,-30034.33797032278
4724,283.79216750702466,-30034.673668013973
4725,307.8408947075761,-30034.83268820872
4726,285.29721120993355,-30035.511315972744
4727,289.2087742805085,-30035.306817272136
4728,291.5463050448837,-30035.1765390158
4729,291.1942942602912,-30034.718478313254
4730,318.01281052860696,-30034.543133128398
4731,299.7627232490526,-30034.13473405202
4732,293.78620315300213,-30034.59555879807
4733,284.2863681072333,-30034.41726236228
4734,294.54173357007994,-30034.639308111142
4735,271.1621824105481,-30034.91680536472
4736,299.4179687430636,-30034.619852638793
4737,297.6534687408439,-30034.095284468465
4738,332.47498307837765,-30033.820930961825
4739,307.7700858251461,-30033.98483616229
4740,307.05105978225606,-30033.449946511897
4741,311.341367826929,-30034.02120440209
4742,298.0322804699155,-30033.775336277544
4743,321.320986795028,-30032.84774985302
4744,347.3151158391364,-30032.76708298723
4745,326.092363779931,-30032.55159986689
4746,318.48825825258336,-30033.527427258923
4747,335.94151647321115,-30033.303258218268
4748,327.3698466320932,-30033.144895410685
4749,318.9493189109791,-30034.04528157137
4750,304.3211438370615,-30034.029416073874
4751,288.9989736932389,-30034.196789709516
4752,275.6561754243365,-30034.0376957194
4753,310.9851449435967,-30033.821060735034
4754,300.9230113350525,-30033.697735000136
4755,285.0659257431803,-30033.573696619962
4756,288.9652015643862,-30033.519893488217
4757,299.8702934292919,-30033.25120500982
4758,303.2588502178105,-30032.467889357766
4759,297.060342340785,-30033.14906712689
4760,317.509247740004,-30033.397427380056
4761,273.11159658261164,-30034.61842497657
4762,287.4627949133706,-30034.811086333328
4763,304.8312373719468,-30034.714022242733
4764,275.23399004716504,-30034.53840785367
4765,293.13760407532646,-30034.299155672496
4766,292.74527562931104,-30034.262017445097
4767,287.68645305495045,-30033.586785605392
4768,285.0847341757545,-30034.08104233395
4769,279.54886184005755,-30034.64421237294
4770,280.2056857986428,-30034.981426999148
4771,288.00635779060707,-30035.088611863015
4772,282.8833454574052,-30034.924738704052
4773,287.0541835981377,-30034.840758462735
4774,276.1126784421401,-30034.29980376796
4775,293.17290149107856,-30033.948670289363
4776,281.90396189179273,-30034.314279333583
4777,301.49395955979776,-30033.601534007696
4778,306.879719379947,-30033.571386322816
4779,296.04610892699884,-30034.146894531867
4780,289.73566170957207,-30034.46366290162
4781,303.43270380416766,-30033.854199674868
4782,278.52025345039823,-30034.27911528479
4783,310.1066658618033,-30033.77645650103
4784,287.97755240789286,-30033.75924862745
4785,318.08935652847697,-30033.35178029156
4786,258.4124622936787,-30033.617992413587
4787,288.6592514916216,-30033.30483028001
4788,304.8152692446092,-30033.202699788304
4789,284.530493702847,-30033.336984924885
4790,302.474792669445,-30032.852582403513
4791,296.21420976488,-30033.57045699517
4792,303.6979483651039,-30034.177694983864
4793,285.8791506905638,-30033.95781095029
4794,281.6487065911121,-30034.285457987015
4795,293.11127906601,-30033.807621504246
4796,301.9378523433627,-30033.016298765935
4797,300.00630750450483,-30032.337673174556
4798,329.41412964925973,-30032.484785575947
4799,334.1368935424156,-30032.84999831522
4800,339.16725435103433,-30032.342342766507
4801,320.264993834033,-30032.038019892734
4802,341.965742585328,-30032.565858883536
4803,293.8304234719028,-30033.078836342116
4804,320.6755598001531,-30032.996580502975
4805,309.6110487350345,-30032.884459807956
4806,321.8255640374669,-30033.425071049736
4807,315.0996553506191,-30032.853712805416
4808,284.20179126894783,-30033.337330132756
4809,288.6906074675525,-30032.907567715178
4810,293.8465026887298,-30032.98859353954
4811,302.53541300098277,-30033.183109183497
4812,305.9929885185841,-30033.11292438074
4813,315.9509344274941,-30033.090398336735
4814,308.94249193114234,-30032.69988011646
4815,299.74958414527737,-30032.828419512134
4816,340.3626806168546,-30032.515799783392
4817,328.9163762997453,-30032.420966899463
4818,299.7106963140663,-30033.257119001883
4819,312.34027018182394,-30033.441726231977
4820,319.5271984697063,-30033.380549182697
4821,306.99358326019285,-30033.197466709127
4822,284.8486620780091,-30034.178698025346
4823,288.86017023251776,-30034.165078271504
4824,274.27433079482967,-30033.626677716944
4825,289.0365774227032,-30033.87163771349
4826,327.03358311103125,-30032.95402201895
4827,308.2046943271448,-30033.684987587007
4828,291.6632933372327,-30033.80644811073
4829,281.00081708081495,-30034.240990376456
4830,279.84031032270724,-30033.980729230327
4831,276.8062369884697,-30034.56188796843
4832,290.5304366832834,-30034.60409449676
4833,283.1790164732376,-30034.268963266986
4834,282.48216150233594,-30034.202273376894
4835,291.64855685956127,-30034.068532589325
4836,270.7238935542723,-30034.199167153707
4837,297.80323798502,-30033.644301883636
4838,290.84206799744635,-30033.94011045843
4839,304.5132094137908,-30033.735586907413
4840,297.20234740972955,-30033.458042857677
4841,319.4869142751814,-30033.621783327264
4842,299.6224833862575,-30034.062042637506
4843,266.12180603684175,-30034.012600103837
4844,286.83642503449477,-30033.797334650466
4845,298.1751405287263,-30033.990540789266
4846,288.6617375282998,-30033.66219045677
4847,307.80834802868867,-30033.57958969931
4848,317.06297735250894,-30033.26983100398
4849,316.26402070958636,-30032.883409439135
4850,344.93373685925604,-30032.783215089694
4851,311.48855673611007,-30032.722629605785
4852,285.1474106827071,-30033.026752458954
4853,310.1851490899325,-30032.878024336227
4854,315.48950901095907,-30032.94559995183
4855,269.98923452534905,-30033.063102981374
4856,290.1735140325316,-30033.226233821475
4857,322.5843984315797,-30032.435535239998
4858,310.7527223751837,-30032.682297727737
4859,285.94304034742737,-30032.805834717452
4860,327.63972682863397,-30033.032728797887
4861,296.9528112491606,-30032.968142073994
4862,331.7939552755033,-30032.77728577448
4863,299.6908918893051,-30032.599407381338
4864,307.2695131014264,-30032.68280620678
4865,326.91952896916445,-30032.874821354533
4866,330.83518093110007,-30032.32842430118
4867,304.656096191202,-30032.534775131036
4868,312.41042165057377,-30032.60990709404
4869,315.5864907389901,-30032.699052442895
4870,304.36414737205183,-30033.194364440955
4871,311.7100019885465,-30033.123383797138
4872,337.80796624774206,-30033.049905583182
4873,320.5812390065409,-30033.49306197307
4874,291.62426887652214,-30033.862104116335
4875,285.9210964450326,-30033.771223069274
4876,310.46020885239966,-30033.541119802423
4877,314.3105101523896,-30033.308844616007
4878,312.3948601154418,-30032.90130892384
4879,322.76457306665066,-30033.380282431874
4880,307.00233730067407,-30033.814436952125
4881,327.25759130808484,-30033.03635322837
4882,309.6075549348368,-30033.257593391776
4883,316.2979741284869,-30033.300535536193
4884,315.0915549868224,-30033.609773214528
4885,299.12747302091776,-30033.92589026088
4886,327.31064207802933,-30033.86120849406
4887,308.0737974605155,-30034.13159554884
4888,299.9372915505666,-30034.138214131384
4889,302.1052700712079,-30034.324643807606
4890,324.0543631888701,-30033.57874128493
4891,311.49798726031224,-30033.90403618487
4892,299.0892896303258,-30034.137775392883
4893,316.4966655091062,-30033.699901306118
4894,296.99039802946857,-30034.10002174861
4895,288.27648450069626,-30034.060423507264
4896,293.75271399166905,-30034.19795242911
4897,303.7789502088884,-30034.273340937285
4898,274.0594381754357,-30034.901542152926
4899,282.77988835223505,-30034.87457191832
4900,262.3813542484181,-30035.11910217981
4901,265.9093960632001,-30035.056934175736
4902,279.312702584439,-30034.34538585241
4903,317.1442562664048,-30033.5920325811
4904,292.783391700418,-30033.852868358823
4905,289.38350044241,-30033.607168433737
4906,256.55441785253475,-30033.87699582085
4907,323.6911485377876,-30033.337755513952
4908,292.9153096484767,-30033.54100068088
4909,308.43972636367107,-30033.395951457755
4910,282.2174385433342,-30033.654155747827
4911,285.30211324236694,-30033.65572556454
4912,270.0232643787755,-30033.523195931488
4913,278.78391805946376,-30033.18272792989
4914,318.9038215303225,-30032.647973221327
4915,305.2927796800653,-30033.087333351636
4916,300.61642458809166,-30033.48464071785
4917,301.1887823246199,-30033.398170369273
4918,310.59248636851873,-30033.41674320075
4919,307.702522770667,-30033.547059811186
4920,271.8533854781431,-30034.083244898247
4921,258.506794085717,-30034.59416692053
4922,297.9005635329915,-30033.966105216812
4923,301.6478556561072,-30033.52154275302
4924,291.6861353837084,-30033.493381218843
4925,281.5016543227575,-30033.427779392176
4926,270.2039590600417,-30033.768711466906
4927,289.89555684499874,-30034.12571026332
4928,307.6909696388168,-30033.52586216079
4929,286.9032002607498,-30033.186302428818
4930,324.781847740576,-30033.080217887804
4931,304.5020286705565,-30032.741723765106
4932,301.1331126601585,-30032.95423947407
4933,324.3148878616674,-30032.921884981693
4934,318.7092273953781,-30032.50631826632
4935,321.9893097027521,-30032.86436659933
4936,292.3819272459111,-30032.880409993075
4937,287.07277177341524,-30032.746547143048
4938,308.6611632207822,-30033.27131523246
4939,286.1797533149907,-30033.555819371002
4940,303.1302521270143,-30033.549205893785
4941,318.88095442637825,-30032.91416573509
4942,329.3798458653108,-30032.34110517786
4943,320.0721809045603,-30032.54280510693
4944,299.4373046775834,-30032.884997761284
4945,293.43157878017536,-30032.942250459328
4946,289.75958368792794,-30033.091975458083
4947,281.2740472313649,-30033.876787499798
4948,287.6952222166628,-30033.262349223114
4949,281.77124202806465,-30033.4933544134
4950,315.3385380909824,-30033.19739360974
4951,307.7861562022457,-30033.347718579094
4952,280.04854224616,-30033.555639473903
4953,296.3193357365905,-30033.97019173812
4954,286.10506531704647,-30033.973688596114
4955,284.19180614706914,-30034.011406067624
4956,283.02964688684796,-30033.913295308143
4957,295.7145108329451,-30034.211764728974
4958,275.2526821607198,-30034.582865829456
4959,304.97037111841456,-30034.103147358746
4960,285.36672293609087,-30033.937325211886
4961,286.0756312560138,-30033.720512838034
4962,277.84115003048686,-30033.850656713275
4963,275.05088129644554,-30034.62303035542
4964,276.84808143131835,-30034.898740101755
4965,285.22135945373714,-30035.042495329908
4966,236.148164676095,-30035.2232801536
4967,292.74425350821247,-30034.94368343701
4968,265.5342258807812,-30035.255698241075
4969,258.9140355748956,-30035.199294412345
4970,246.77328281474152,-30035.287711913326
4971,277.95152581403306,-30034.84596429186
4972,294.02340946116465,-30034.38264058294
4973,260.31080667876927,-30035.141191970884
4974,287.4872652637398,-30034.60344778034
4975,296.2147364959179,-30033.884897047807
4976,277.8794722392688,-30034.132908761094
4977,313.6915962203859,-30034.085923517116
4978,327.20744084947717,-30033.529785358005
4979,305.1423083601207,-30033.25903648552
4980,306.04509546957905,-30033.33233432005
4981,324.3290595943086,-30032.927392643887
4982,312.7355951848561,-30033.76980571609
4983,318.17453645199146,-30033.744197553766
4984,301.6833048192778,-30033.30777235383
4985,282.4509934110753,-30033.26945315382
4986,314.7590501742537,-30032.955915914496
4987,311.8670596317297,-30033.117532829467
4988,326.2933711883464,-30033.292705032844
4989,322.6245604733265,-30033.403288502006
4990,293.950250709053,-30033.189143730364
4991,352.1815897878634,-30032.50177601808
4992,337.00789324927143,-30032.57171484895
4993,318.37658405862845,-30032.48527690417
4994,333.86816805425025,-30032.46799564557
4995,356.75162975108424,-30032.011404046312
4996,335.3220137259122,-30032.597929857544
4997,320.9664611433771,-30032.72178281422
4998,317.28491325747103,-30033.62369801836
4999,305.4691047911775,-30033.94623858066
5000,279.69438461789065,-30034.281225801536
