nohup: ignoring input
/global/cfs/cdirs/m4555/Jun/mattersim-LR/src/mattersim/__version__.py:2: UserWarning: pkg_resources is deprecated as an API. See https://setuptools.pypa.io/en/latest/pkg_resources.html. The pkg_resources package is slated for removal as early as 2025-11-30. Refrain from using this package or pin to Setuptools<81.
  import pkg_resources
[32m2025-11-11 19:41:51.198[0m | [1mINFO    [0m | [36mmattersim.forcefield.potential[0m:[36mfrom_checkpoint[0m:[36m905[0m - [1mLoading the model from ../hard_const/results/best_model.pth[0m
Step: 0, Temperature: 300.00 K, Total Energy: -30040.437540 eV
Step: 20, Temperature: 187.61 K, Total Energy: -30039.677995 eV
Step: 40, Temperature: 192.91 K, Total Energy: -30039.085540 eV
Step: 60, Temperature: 210.16 K, Total Energy: -30037.676812 eV
Step: 80, Temperature: 209.33 K, Total Energy: -30036.664128 eV
Step: 100, Temperature: 259.27 K, Total Energy: -30035.983469 eV
Step: 120, Temperature: 260.23 K, Total Energy: -30035.617876 eV
Step: 140, Temperature: 267.46 K, Total Energy: -30034.838645 eV
Step: 160, Temperature: 272.39 K, Total Energy: -30034.374608 eV
Step: 180, Temperature: 274.63 K, Total Energy: -30033.893135 eV
Step: 200, Temperature: 277.48 K, Total Energy: -30033.660345 eV
Step: 220, Temperature: 272.77 K, Total Energy: -30033.212953 eV
Step: 240, Temperature: 285.28 K, Total Energy: -30033.044919 eV
Step: 260, Temperature: 317.24 K, Total Energy: -30032.630601 eV
Step: 280, Temperature: 298.10 K, Total Energy: -30032.789294 eV
Step: 300, Temperature: 277.89 K, Total Energy: -30033.128760 eV
Step: 320, Temperature: 262.85 K, Total Energy: -30033.134905 eV
Step: 340, Temperature: 265.44 K, Total Energy: -30033.451509 eV
Step: 360, Temperature: 281.55 K, Total Energy: -30032.815151 eV
Step: 380, Temperature: 278.37 K, Total Energy: -30032.700769 eV
Step: 400, Temperature: 297.50 K, Total Energy: -30032.538668 eV
Step: 420, Temperature: 310.44 K, Total Energy: -30031.764234 eV
Step: 440, Temperature: 301.30 K, Total Energy: -30032.047695 eV
Step: 460, Temperature: 289.39 K, Total Energy: -30032.267275 eV
Step: 480, Temperature: 290.66 K, Total Energy: -30032.214166 eV
Step: 500, Temperature: 316.78 K, Total Energy: -30031.462283 eV
Step: 520, Temperature: 317.29 K, Total Energy: -30031.721316 eV
Step: 540, Temperature: 304.27 K, Total Energy: -30032.130381 eV
Step: 560, Temperature: 308.45 K, Total Energy: -30031.792135 eV
Step: 580, Temperature: 333.36 K, Total Energy: -30031.474849 eV
Step: 600, Temperature: 319.37 K, Total Energy: -30031.423625 eV
Step: 620, Temperature: 308.15 K, Total Energy: -30031.291848 eV
Step: 640, Temperature: 303.18 K, Total Energy: -30031.784260 eV
Step: 660, Temperature: 289.49 K, Total Energy: -30032.645632 eV
Step: 680, Temperature: 273.41 K, Total Energy: -30032.661879 eV
Step: 700, Temperature: 293.51 K, Total Energy: -30032.215782 eV
Step: 720, Temperature: 317.31 K, Total Energy: -30032.177804 eV
Step: 740, Temperature: 318.27 K, Total Energy: -30032.507466 eV
Step: 760, Temperature: 307.40 K, Total Energy: -30032.433363 eV
Step: 780, Temperature: 311.28 K, Total Energy: -30032.296209 eV
Step: 800, Temperature: 315.91 K, Total Energy: -30031.845383 eV
Step: 820, Temperature: 344.44 K, Total Energy: -30031.684204 eV
Step: 840, Temperature: 337.32 K, Total Energy: -30031.321777 eV
Step: 860, Temperature: 289.93 K, Total Energy: -30032.156132 eV
Step: 880, Temperature: 320.78 K, Total Energy: -30032.218696 eV
Step: 900, Temperature: 303.83 K, Total Energy: -30032.422534 eV
Step: 920, Temperature: 304.61 K, Total Energy: -30032.803388 eV
Step: 940, Temperature: 299.49 K, Total Energy: -30032.219699 eV
Step: 960, Temperature: 325.10 K, Total Energy: -30032.703276 eV
Step: 980, Temperature: 322.20 K, Total Energy: -30032.699004 eV
Step: 1000, Temperature: 304.25 K, Total Energy: -30032.788893 eV
Step: 1020, Temperature: 305.37 K, Total Energy: -30033.015027 eV
Step: 1040, Temperature: 296.12 K, Total Energy: -30033.020004 eV
Step: 1060, Temperature: 296.87 K, Total Energy: -30032.729910 eV
Step: 1080, Temperature: 315.31 K, Total Energy: -30032.549630 eV
Step: 1100, Temperature: 317.09 K, Total Energy: -30032.985989 eV
Step: 1120, Temperature: 275.52 K, Total Energy: -30032.933737 eV
Step: 1140, Temperature: 290.03 K, Total Energy: -30033.290245 eV
Step: 1160, Temperature: 304.48 K, Total Energy: -30032.447412 eV
Step: 1180, Temperature: 294.22 K, Total Energy: -30032.617883 eV
Step: 1200, Temperature: 297.91 K, Total Energy: -30032.245233 eV
Step: 1220, Temperature: 300.80 K, Total Energy: -30032.612880 eV
Step: 1240, Temperature: 284.65 K, Total Energy: -30032.199210 eV
Step: 1260, Temperature: 320.15 K, Total Energy: -30032.019500 eV
Step: 1280, Temperature: 309.92 K, Total Energy: -30031.654220 eV
Step: 1300, Temperature: 293.51 K, Total Energy: -30031.725389 eV
Step: 1320, Temperature: 310.60 K, Total Energy: -30031.609915 eV
Step: 1340, Temperature: 315.83 K, Total Energy: -30031.909756 eV
Step: 1360, Temperature: 328.40 K, Total Energy: -30031.678041 eV
Step: 1380, Temperature: 320.70 K, Total Energy: -30032.343552 eV
Step: 1400, Temperature: 303.13 K, Total Energy: -30032.139161 eV
Step: 1420, Temperature: 305.40 K, Total Energy: -30032.379542 eV
Step: 1440, Temperature: 272.44 K, Total Energy: -30032.490591 eV
Step: 1460, Temperature: 304.73 K, Total Energy: -30032.238032 eV
Step: 1480, Temperature: 300.25 K, Total Energy: -30033.110814 eV
Step: 1500, Temperature: 276.88 K, Total Energy: -30033.100981 eV
Step: 1520, Temperature: 292.34 K, Total Energy: -30033.002573 eV
Step: 1540, Temperature: 297.62 K, Total Energy: -30032.486765 eV
Step: 1560, Temperature: 311.66 K, Total Energy: -30033.003650 eV
Step: 1580, Temperature: 301.25 K, Total Energy: -30032.802999 eV
Step: 1600, Temperature: 275.08 K, Total Energy: -30033.071487 eV
Step: 1620, Temperature: 290.07 K, Total Energy: -30032.937758 eV
Step: 1640, Temperature: 294.42 K, Total Energy: -30033.046589 eV
Step: 1660, Temperature: 288.87 K, Total Energy: -30032.948098 eV
Step: 1680, Temperature: 316.68 K, Total Energy: -30032.937520 eV
Step: 1700, Temperature: 276.43 K, Total Energy: -30033.280225 eV
Step: 1720, Temperature: 284.28 K, Total Energy: -30033.806172 eV
Step: 1740, Temperature: 290.42 K, Total Energy: -30032.948749 eV
Step: 1760, Temperature: 279.62 K, Total Energy: -30033.335744 eV
Step: 1780, Temperature: 289.95 K, Total Energy: -30033.077574 eV
Step: 1800, Temperature: 281.97 K, Total Energy: -30033.343819 eV
Step: 1820, Temperature: 290.23 K, Total Energy: -30032.918091 eV
Step: 1840, Temperature: 292.48 K, Total Energy: -30033.291941 eV
Step: 1860, Temperature: 293.47 K, Total Energy: -30032.949098 eV
Step: 1880, Temperature: 313.10 K, Total Energy: -30032.985300 eV
Step: 1900, Temperature: 306.24 K, Total Energy: -30032.889957 eV
Step: 1920, Temperature: 296.87 K, Total Energy: -30033.147931 eV
Step: 1940, Temperature: 285.89 K, Total Energy: -30033.148911 eV
Step: 1960, Temperature: 283.92 K, Total Energy: -30033.322766 eV
Step: 1980, Temperature: 302.25 K, Total Energy: -30033.104164 eV
Step: 2000, Temperature: 289.85 K, Total Energy: -30032.839720 eV
Step: 2020, Temperature: 301.04 K, Total Energy: -30032.376537 eV
Step: 2040, Temperature: 324.38 K, Total Energy: -30031.871562 eV
Step: 2060, Temperature: 317.49 K, Total Energy: -30031.839207 eV
Step: 2080, Temperature: 281.18 K, Total Energy: -30031.869305 eV
Step: 2100, Temperature: 303.24 K, Total Energy: -30032.419454 eV
Step: 2120, Temperature: 299.50 K, Total Energy: -30032.334647 eV
Step: 2140, Temperature: 315.08 K, Total Energy: -30032.399243 eV
Step: 2160, Temperature: 337.31 K, Total Energy: -30032.076020 eV
Step: 2180, Temperature: 340.27 K, Total Energy: -30031.863688 eV
Step: 2200, Temperature: 346.02 K, Total Energy: -30031.590303 eV
Step: 2220, Temperature: 297.80 K, Total Energy: -30032.859254 eV
Step: 2240, Temperature: 290.72 K, Total Energy: -30032.732252 eV
Step: 2260, Temperature: 289.40 K, Total Energy: -30032.847084 eV
Step: 2280, Temperature: 291.40 K, Total Energy: -30032.713423 eV
Step: 2300, Temperature: 286.00 K, Total Energy: -30032.687193 eV
Step: 2320, Temperature: 314.26 K, Total Energy: -30032.300415 eV
Step: 2340, Temperature: 306.83 K, Total Energy: -30032.484729 eV
Step: 2360, Temperature: 317.16 K, Total Energy: -30032.642547 eV
Step: 2380, Temperature: 297.36 K, Total Energy: -30032.795912 eV
Step: 2400, Temperature: 287.47 K, Total Energy: -30032.935952 eV
Step: 2420, Temperature: 305.20 K, Total Energy: -30033.107218 eV
Step: 2440, Temperature: 310.33 K, Total Energy: -30033.476080 eV
Step: 2460, Temperature: 289.73 K, Total Energy: -30033.247120 eV
Step: 2480, Temperature: 301.18 K, Total Energy: -30032.535009 eV
Step: 2500, Temperature: 290.34 K, Total Energy: -30032.151765 eV
Step: 2520, Temperature: 324.02 K, Total Energy: -30031.809989 eV
Step: 2540, Temperature: 309.89 K, Total Energy: -30032.309239 eV
Step: 2560, Temperature: 296.50 K, Total Energy: -30033.124018 eV
Step: 2580, Temperature: 326.97 K, Total Energy: -30032.279909 eV
Step: 2600, Temperature: 291.57 K, Total Energy: -30032.576239 eV
Step: 2620, Temperature: 300.99 K, Total Energy: -30032.647320 eV
Step: 2640, Temperature: 287.92 K, Total Energy: -30032.817337 eV
Step: 2660, Temperature: 278.19 K, Total Energy: -30033.488527 eV
Step: 2680, Temperature: 287.60 K, Total Energy: -30033.784299 eV
Step: 2700, Temperature: 276.36 K, Total Energy: -30034.373641 eV
Step: 2720, Temperature: 286.30 K, Total Energy: -30034.365410 eV
Step: 2740, Temperature: 273.21 K, Total Energy: -30034.596424 eV
Step: 2760, Temperature: 286.38 K, Total Energy: -30034.388722 eV
Step: 2780, Temperature: 290.83 K, Total Energy: -30033.721650 eV
Step: 2800, Temperature: 290.98 K, Total Energy: -30033.852817 eV
Step: 2820, Temperature: 259.95 K, Total Energy: -30033.911953 eV
Step: 2840, Temperature: 291.66 K, Total Energy: -30033.544860 eV
Step: 2860, Temperature: 287.99 K, Total Energy: -30033.518648 eV
Step: 2880, Temperature: 313.15 K, Total Energy: -30033.384455 eV
Step: 2900, Temperature: 299.78 K, Total Energy: -30033.099243 eV
Step: 2920, Temperature: 267.54 K, Total Energy: -30033.131755 eV
Step: 2940, Temperature: 281.38 K, Total Energy: -30032.862414 eV
Step: 2960, Temperature: 306.15 K, Total Energy: -30032.562060 eV
Step: 2980, Temperature: 291.39 K, Total Energy: -30032.705858 eV
Step: 3000, Temperature: 328.18 K, Total Energy: -30032.179469 eV
Step: 3020, Temperature: 302.41 K, Total Energy: -30032.633588 eV
Step: 3040, Temperature: 280.09 K, Total Energy: -30032.658028 eV
Step: 3060, Temperature: 275.90 K, Total Energy: -30032.892967 eV
Step: 3080, Temperature: 278.66 K, Total Energy: -30032.551081 eV
Step: 3100, Temperature: 290.57 K, Total Energy: -30032.429308 eV
Step: 3120, Temperature: 283.29 K, Total Energy: -30032.295382 eV
Step: 3140, Temperature: 323.94 K, Total Energy: -30031.979974 eV
Step: 3160, Temperature: 296.10 K, Total Energy: -30032.016681 eV
Step: 3180, Temperature: 309.94 K, Total Energy: -30032.202450 eV
Step: 3200, Temperature: 287.20 K, Total Energy: -30032.038346 eV
Step: 3220, Temperature: 287.40 K, Total Energy: -30032.248217 eV
Step: 3240, Temperature: 294.42 K, Total Energy: -30031.818094 eV
Step: 3260, Temperature: 297.02 K, Total Energy: -30032.066129 eV
Step: 3280, Temperature: 282.83 K, Total Energy: -30032.187811 eV
Step: 3300, Temperature: 302.63 K, Total Energy: -30032.432819 eV
Step: 3320, Temperature: 289.92 K, Total Energy: -30032.591907 eV
Step: 3340, Temperature: 286.02 K, Total Energy: -30032.136036 eV
Step: 3360, Temperature: 296.16 K, Total Energy: -30032.399971 eV
Step: 3380, Temperature: 310.73 K, Total Energy: -30032.255155 eV
Step: 3400, Temperature: 286.12 K, Total Energy: -30032.289697 eV
Step: 3420, Temperature: 277.00 K, Total Energy: -30032.480962 eV
Step: 3440, Temperature: 284.78 K, Total Energy: -30032.920736 eV
Step: 3460, Temperature: 297.73 K, Total Energy: -30032.487912 eV
Step: 3480, Temperature: 287.40 K, Total Energy: -30032.589985 eV
Step: 3500, Temperature: 277.68 K, Total Energy: -30032.725648 eV
Step: 3520, Temperature: 268.37 K, Total Energy: -30033.366985 eV
Step: 3540, Temperature: 261.14 K, Total Energy: -30033.384399 eV
Step: 3560, Temperature: 280.81 K, Total Energy: -30033.337414 eV
Step: 3580, Temperature: 280.05 K, Total Energy: -30033.727433 eV
Step: 3600, Temperature: 297.29 K, Total Energy: -30033.170719 eV
Step: 3620, Temperature: 272.49 K, Total Energy: -30033.040088 eV
Step: 3640, Temperature: 297.62 K, Total Energy: -30032.172303 eV
Step: 3660, Temperature: 321.26 K, Total Energy: -30032.048400 eV
Step: 3680, Temperature: 302.42 K, Total Energy: -30031.949699 eV
Step: 3700, Temperature: 277.16 K, Total Energy: -30032.912425 eV
Step: 3720, Temperature: 295.27 K, Total Energy: -30032.941648 eV
Step: 3740, Temperature: 281.55 K, Total Energy: -30033.112156 eV
Step: 3760, Temperature: 281.64 K, Total Energy: -30033.418539 eV
Step: 3780, Temperature: 316.12 K, Total Energy: -30033.218942 eV
Step: 3800, Temperature: 273.51 K, Total Energy: -30033.862496 eV
Step: 3820, Temperature: 284.38 K, Total Energy: -30033.811414 eV
Step: 3840, Temperature: 282.38 K, Total Energy: -30034.132504 eV
Step: 3860, Temperature: 292.54 K, Total Energy: -30033.792497 eV
Step: 3880, Temperature: 288.14 K, Total Energy: -30034.128318 eV
Step: 3900, Temperature: 314.63 K, Total Energy: -30033.640664 eV
Step: 3920, Temperature: 291.96 K, Total Energy: -30033.803058 eV
Step: 3940, Temperature: 266.37 K, Total Energy: -30033.320958 eV
Step: 3960, Temperature: 287.05 K, Total Energy: -30033.309586 eV
Step: 3980, Temperature: 296.62 K, Total Energy: -30033.554538 eV
Step: 4000, Temperature: 309.46 K, Total Energy: -30033.409739 eV
Step: 4020, Temperature: 291.40 K, Total Energy: -30033.430144 eV
Step: 4040, Temperature: 296.67 K, Total Energy: -30033.043598 eV
Step: 4060, Temperature: 307.27 K, Total Energy: -30032.760845 eV
Step: 4080, Temperature: 316.95 K, Total Energy: -30033.061585 eV
Step: 4100, Temperature: 320.10 K, Total Energy: -30032.776371 eV
Step: 4120, Temperature: 298.22 K, Total Energy: -30032.850791 eV
Step: 4140, Temperature: 309.78 K, Total Energy: -30032.778772 eV
Step: 4160, Temperature: 284.90 K, Total Energy: -30033.222332 eV
Step: 4180, Temperature: 272.48 K, Total Energy: -30033.481632 eV
Step: 4200, Temperature: 285.87 K, Total Energy: -30033.024548 eV
Step: 4220, Temperature: 278.55 K, Total Energy: -30033.010871 eV
Step: 4240, Temperature: 302.45 K, Total Energy: -30032.661734 eV
Step: 4260, Temperature: 294.18 K, Total Energy: -30032.236098 eV
Step: 4280, Temperature: 308.68 K, Total Energy: -30031.956353 eV
Step: 4300, Temperature: 338.55 K, Total Energy: -30031.795164 eV
Step: 4320, Temperature: 314.16 K, Total Energy: -30031.439427 eV
Step: 4340, Temperature: 320.99 K, Total Energy: -30031.902816 eV
Step: 4360, Temperature: 286.71 K, Total Energy: -30031.968526 eV
Step: 4380, Temperature: 309.14 K, Total Energy: -30032.187143 eV
Step: 4400, Temperature: 301.85 K, Total Energy: -30032.170886 eV
Step: 4420, Temperature: 293.84 K, Total Energy: -30032.193846 eV
Step: 4440, Temperature: 284.91 K, Total Energy: -30032.513016 eV
Step: 4460, Temperature: 301.79 K, Total Energy: -30031.822593 eV
Step: 4480, Temperature: 334.40 K, Total Energy: -30031.642244 eV
Step: 4500, Temperature: 316.25 K, Total Energy: -30031.223504 eV
Step: 4520, Temperature: 300.55 K, Total Energy: -30032.115243 eV
Step: 4540, Temperature: 294.82 K, Total Energy: -30032.505361 eV
Step: 4560, Temperature: 305.86 K, Total Energy: -30033.198189 eV
Step: 4580, Temperature: 275.87 K, Total Energy: -30033.299962 eV
Step: 4600, Temperature: 278.47 K, Total Energy: -30033.016701 eV
Step: 4620, Temperature: 279.22 K, Total Energy: -30033.722662 eV
Step: 4640, Temperature: 278.64 K, Total Energy: -30033.670613 eV
Step: 4660, Temperature: 283.01 K, Total Energy: -30033.261538 eV
Step: 4680, Temperature: 311.65 K, Total Energy: -30033.158098 eV
Step: 4700, Temperature: 293.81 K, Total Energy: -30033.087279 eV
Step: 4720, Temperature: 284.91 K, Total Energy: -30033.237770 eV
Step: 4740, Temperature: 305.44 K, Total Energy: -30033.251647 eV
Step: 4760, Temperature: 285.08 K, Total Energy: -30032.940526 eV
Step: 4780, Temperature: 302.46 K, Total Energy: -30032.751313 eV
Step: 4800, Temperature: 281.54 K, Total Energy: -30033.604543 eV
Step: 4820, Temperature: 260.19 K, Total Energy: -30033.616819 eV
Step: 4840, Temperature: 270.94 K, Total Energy: -30033.650783 eV
Step: 4860, Temperature: 280.73 K, Total Energy: -30033.167633 eV
Step: 4880, Temperature: 278.48 K, Total Energy: -30033.284003 eV
Step: 4900, Temperature: 287.33 K, Total Energy: -30033.126798 eV
Step: 4920, Temperature: 312.08 K, Total Energy: -30032.635639 eV
Step: 4940, Temperature: 279.11 K, Total Energy: -30032.776127 eV
Step: 4960, Temperature: 299.97 K, Total Energy: -30033.201850 eV
Step: 4980, Temperature: 285.14 K, Total Energy: -30033.800267 eV
Step: 5000, Temperature: 275.16 K, Total Energy: -30033.339028 eV
Step: 5020, Temperature: 290.33 K, Total Energy: -30032.751656 eV
Step: 5040, Temperature: 318.27 K, Total Energy: -30032.536664 eV
Step: 5060, Temperature: 315.56 K, Total Energy: -30032.518069 eV
Step: 5080, Temperature: 302.88 K, Total Energy: -30032.824830 eV
Step: 5100, Temperature: 314.46 K, Total Energy: -30033.064827 eV
Step: 5120, Temperature: 319.67 K, Total Energy: -30032.919938 eV
Step: 5140, Temperature: 298.90 K, Total Energy: -30033.212896 eV
Step: 5160, Temperature: 326.38 K, Total Energy: -30032.093363 eV
Step: 5180, Temperature: 315.57 K, Total Energy: -30032.023711 eV
Step: 5200, Temperature: 331.82 K, Total Energy: -30031.802124 eV
Step: 5220, Temperature: 334.18 K, Total Energy: -30031.614500 eV
Step: 5240, Temperature: 343.27 K, Total Energy: -30032.478747 eV
Step: 5260, Temperature: 326.50 K, Total Energy: -30032.432078 eV
Step: 5280, Temperature: 284.35 K, Total Energy: -30033.038790 eV
Step: 5300, Temperature: 273.71 K, Total Energy: -30033.792943 eV
Step: 5320, Temperature: 276.50 K, Total Energy: -30033.850619 eV
Step: 5340, Temperature: 299.68 K, Total Energy: -30033.664132 eV
Step: 5360, Temperature: 291.09 K, Total Energy: -30033.402815 eV
Step: 5380, Temperature: 284.22 K, Total Energy: -30033.733277 eV
Step: 5400, Temperature: 287.62 K, Total Energy: -30033.662727 eV
Step: 5420, Temperature: 298.43 K, Total Energy: -30033.614998 eV
Step: 5440, Temperature: 283.71 K, Total Energy: -30034.245912 eV
Step: 5460, Temperature: 273.37 K, Total Energy: -30034.131487 eV
Step: 5480, Temperature: 288.91 K, Total Energy: -30033.906050 eV
Step: 5500, Temperature: 285.21 K, Total Energy: -30034.210869 eV
Step: 5520, Temperature: 280.14 K, Total Energy: -30033.889265 eV
Step: 5540, Temperature: 278.46 K, Total Energy: -30033.889990 eV
Step: 5560, Temperature: 309.21 K, Total Energy: -30033.763567 eV
Step: 5580, Temperature: 291.52 K, Total Energy: -30033.473985 eV
Step: 5600, Temperature: 293.61 K, Total Energy: -30033.396885 eV
Step: 5620, Temperature: 293.71 K, Total Energy: -30033.470507 eV
Step: 5640, Temperature: 313.13 K, Total Energy: -30033.072400 eV
Step: 5660, Temperature: 299.10 K, Total Energy: -30032.873850 eV
Step: 5680, Temperature: 308.39 K, Total Energy: -30032.760343 eV
Step: 5700, Temperature: 291.38 K, Total Energy: -30032.288142 eV
Step: 5720, Temperature: 331.09 K, Total Energy: -30032.339702 eV
Step: 5740, Temperature: 280.11 K, Total Energy: -30032.634141 eV
Step: 5760, Temperature: 303.10 K, Total Energy: -30032.344977 eV
Step: 5780, Temperature: 292.44 K, Total Energy: -30032.300834 eV
Step: 5800, Temperature: 329.75 K, Total Energy: -30032.261677 eV
Step: 5820, Temperature: 304.56 K, Total Energy: -30032.789217 eV
Step: 5840, Temperature: 309.08 K, Total Energy: -30032.903621 eV
Step: 5860, Temperature: 305.38 K, Total Energy: -30033.057872 eV
Step: 5880, Temperature: 311.97 K, Total Energy: -30033.118826 eV
Step: 5900, Temperature: 281.46 K, Total Energy: -30033.506876 eV
Step: 5920, Temperature: 316.39 K, Total Energy: -30033.559900 eV
Step: 5940, Temperature: 307.50 K, Total Energy: -30033.298284 eV
Step: 5960, Temperature: 297.10 K, Total Energy: -30033.122646 eV
Step: 5980, Temperature: 301.29 K, Total Energy: -30033.350680 eV
Step: 6000, Temperature: 293.07 K, Total Energy: -30033.463000 eV
Step: 6020, Temperature: 305.28 K, Total Energy: -30033.347503 eV
Step: 6040, Temperature: 290.95 K, Total Energy: -30033.617078 eV
Step: 6060, Temperature: 317.30 K, Total Energy: -30033.260163 eV
Step: 6080, Temperature: 284.82 K, Total Energy: -30033.152152 eV
Step: 6100, Temperature: 302.84 K, Total Energy: -30033.099353 eV
Step: 6120, Temperature: 287.90 K, Total Energy: -30033.278873 eV
Step: 6140, Temperature: 308.15 K, Total Energy: -30033.162822 eV
Step: 6160, Temperature: 294.74 K, Total Energy: -30033.032917 eV
Step: 6180, Temperature: 332.46 K, Total Energy: -30032.514751 eV
Step: 6200, Temperature: 288.74 K, Total Energy: -30033.326296 eV
Step: 6220, Temperature: 296.46 K, Total Energy: -30033.841626 eV
Step: 6240, Temperature: 272.86 K, Total Energy: -30033.880532 eV
Step: 6260, Temperature: 294.23 K, Total Energy: -30033.774089 eV
Step: 6280, Temperature: 286.80 K, Total Energy: -30033.915402 eV
Step: 6300, Temperature: 292.44 K, Total Energy: -30034.150331 eV
Step: 6320, Temperature: 281.14 K, Total Energy: -30034.581321 eV
Step: 6340, Temperature: 266.83 K, Total Energy: -30034.692327 eV
Step: 6360, Temperature: 287.00 K, Total Energy: -30034.287303 eV
Step: 6380, Temperature: 298.82 K, Total Energy: -30033.826076 eV
Step: 6400, Temperature: 264.09 K, Total Energy: -30033.855892 eV
Step: 6420, Temperature: 292.25 K, Total Energy: -30033.913031 eV
Step: 6440, Temperature: 270.82 K, Total Energy: -30034.091285 eV
Step: 6460, Temperature: 270.85 K, Total Energy: -30033.836764 eV
Step: 6480, Temperature: 261.02 K, Total Energy: -30033.805148 eV
Step: 6500, Temperature: 285.35 K, Total Energy: -30033.834254 eV
Step: 6520, Temperature: 272.24 K, Total Energy: -30033.995432 eV
Step: 6540, Temperature: 293.82 K, Total Energy: -30033.340863 eV
Step: 6560, Temperature: 279.37 K, Total Energy: -30033.875212 eV
Step: 6580, Temperature: 276.16 K, Total Energy: -30033.784927 eV
Step: 6600, Temperature: 288.53 K, Total Energy: -30033.946831 eV
Step: 6620, Temperature: 277.90 K, Total Energy: -30033.525098 eV
Step: 6640, Temperature: 257.57 K, Total Energy: -30034.246402 eV
Step: 6660, Temperature: 242.33 K, Total Energy: -30034.155868 eV
Step: 6680, Temperature: 269.20 K, Total Energy: -30033.744861 eV
Step: 6700, Temperature: 279.71 K, Total Energy: -30033.558203 eV
Step: 6720, Temperature: 284.63 K, Total Energy: -30033.785795 eV
Step: 6740, Temperature: 275.34 K, Total Energy: -30033.625620 eV
Step: 6760, Temperature: 276.29 K, Total Energy: -30033.219134 eV
Step: 6780, Temperature: 289.00 K, Total Energy: -30033.341328 eV
Step: 6800, Temperature: 305.67 K, Total Energy: -30032.622890 eV
Step: 6820, Temperature: 334.59 K, Total Energy: -30032.567332 eV
Step: 6840, Temperature: 303.90 K, Total Energy: -30032.676549 eV
Step: 6860, Temperature: 315.96 K, Total Energy: -30032.840076 eV
Step: 6880, Temperature: 292.76 K, Total Energy: -30033.146461 eV
Step: 6900, Temperature: 306.54 K, Total Energy: -30032.739993 eV
Step: 6920, Temperature: 296.41 K, Total Energy: -30032.315551 eV
Step: 6940, Temperature: 305.00 K, Total Energy: -30032.151183 eV
Step: 6960, Temperature: 332.75 K, Total Energy: -30031.607165 eV
Step: 6980, Temperature: 312.64 K, Total Energy: -30031.838596 eV
Step: 7000, Temperature: 341.05 K, Total Energy: -30031.850282 eV
Step: 7020, Temperature: 341.02 K, Total Energy: -30031.134220 eV
Step: 7040, Temperature: 315.67 K, Total Energy: -30031.429483 eV
Step: 7060, Temperature: 326.19 K, Total Energy: -30031.187767 eV
Step: 7080, Temperature: 330.19 K, Total Energy: -30031.311311 eV
Step: 7100, Temperature: 321.39 K, Total Energy: -30032.131083 eV
Step: 7120, Temperature: 329.92 K, Total Energy: -30031.933115 eV
Step: 7140, Temperature: 305.36 K, Total Energy: -30032.128717 eV
Step: 7160, Temperature: 319.36 K, Total Energy: -30032.416016 eV
Step: 7180, Temperature: 288.39 K, Total Energy: -30032.649462 eV
Step: 7200, Temperature: 327.36 K, Total Energy: -30032.504540 eV
Step: 7220, Temperature: 292.98 K, Total Energy: -30032.578432 eV
Step: 7240, Temperature: 276.04 K, Total Energy: -30032.467654 eV
Step: 7260, Temperature: 313.01 K, Total Energy: -30032.348928 eV
Step: 7280, Temperature: 266.78 K, Total Energy: -30031.978783 eV
Step: 7300, Temperature: 293.98 K, Total Energy: -30032.541852 eV
Step: 7320, Temperature: 297.50 K, Total Energy: -30032.686921 eV
Step: 7340, Temperature: 281.04 K, Total Energy: -30033.206866 eV
Step: 7360, Temperature: 308.75 K, Total Energy: -30032.413575 eV
Step: 7380, Temperature: 288.72 K, Total Energy: -30033.164600 eV
Step: 7400, Temperature: 324.21 K, Total Energy: -30032.576809 eV
Step: 7420, Temperature: 286.95 K, Total Energy: -30033.233952 eV
Step: 7440, Temperature: 304.63 K, Total Energy: -30032.781433 eV
Step: 7460, Temperature: 284.15 K, Total Energy: -30032.401157 eV
Step: 7480, Temperature: 312.37 K, Total Energy: -30031.880377 eV
Step: 7500, Temperature: 314.30 K, Total Energy: -30031.828525 eV
Step: 7520, Temperature: 327.64 K, Total Energy: -30031.645926 eV
Step: 7540, Temperature: 288.17 K, Total Energy: -30032.135446 eV
Step: 7560, Temperature: 286.71 K, Total Energy: -30031.989938 eV
Step: 7580, Temperature: 323.55 K, Total Energy: -30032.044318 eV
Step: 7600, Temperature: 300.94 K, Total Energy: -30032.679850 eV
Step: 7620, Temperature: 298.24 K, Total Energy: -30032.817067 eV
Step: 7640, Temperature: 277.77 K, Total Energy: -30033.153164 eV
Step: 7660, Temperature: 293.82 K, Total Energy: -30032.821206 eV
Step: 7680, Temperature: 320.26 K, Total Energy: -30031.741358 eV
Step: 7700, Temperature: 337.40 K, Total Energy: -30031.864818 eV
Step: 7720, Temperature: 316.26 K, Total Energy: -30032.020155 eV
Step: 7740, Temperature: 339.48 K, Total Energy: -30032.076650 eV
Step: 7760, Temperature: 324.65 K, Total Energy: -30032.302160 eV
Step: 7780, Temperature: 289.18 K, Total Energy: -30032.418784 eV
Step: 7800, Temperature: 292.89 K, Total Energy: -30031.879447 eV
Step: 7820, Temperature: 318.85 K, Total Energy: -30031.657234 eV
Step: 7840, Temperature: 307.69 K, Total Energy: -30031.611831 eV
Step: 7860, Temperature: 312.59 K, Total Energy: -30031.709026 eV
Step: 7880, Temperature: 312.61 K, Total Energy: -30032.462444 eV
Step: 7900, Temperature: 311.03 K, Total Energy: -30032.515342 eV
Step: 7920, Temperature: 313.20 K, Total Energy: -30032.955624 eV
Step: 7940, Temperature: 320.75 K, Total Energy: -30032.889246 eV
Step: 7960, Temperature: 334.14 K, Total Energy: -30032.543233 eV
Step: 7980, Temperature: 308.27 K, Total Energy: -30032.581812 eV
Step: 8000, Temperature: 299.72 K, Total Energy: -30032.534195 eV
Step: 8020, Temperature: 287.05 K, Total Energy: -30032.969839 eV
Step: 8040, Temperature: 316.89 K, Total Energy: -30032.774125 eV
Step: 8060, Temperature: 282.22 K, Total Energy: -30033.169726 eV
Step: 8080, Temperature: 298.47 K, Total Energy: -30033.399250 eV
Step: 8100, Temperature: 279.10 K, Total Energy: -30033.971738 eV
Step: 8120, Temperature: 293.24 K, Total Energy: -30033.657955 eV
Step: 8140, Temperature: 311.43 K, Total Energy: -30033.593273 eV
Step: 8160, Temperature: 282.63 K, Total Energy: -30033.868512 eV
Step: 8180, Temperature: 288.11 K, Total Energy: -30034.212869 eV
Step: 8200, Temperature: 277.50 K, Total Energy: -30034.343425 eV
Step: 8220, Temperature: 298.62 K, Total Energy: -30033.596768 eV
Step: 8240, Temperature: 303.78 K, Total Energy: -30033.716652 eV
Step: 8260, Temperature: 305.87 K, Total Energy: -30033.860140 eV
Step: 8280, Temperature: 316.35 K, Total Energy: -30033.869547 eV
Step: 8300, Temperature: 302.47 K, Total Energy: -30033.868375 eV
Step: 8320, Temperature: 304.89 K, Total Energy: -30033.569919 eV
Step: 8340, Temperature: 275.97 K, Total Energy: -30033.307142 eV
Step: 8360, Temperature: 277.46 K, Total Energy: -30033.537821 eV
Step: 8380, Temperature: 294.80 K, Total Energy: -30033.168125 eV
Step: 8400, Temperature: 304.46 K, Total Energy: -30032.529917 eV
Step: 8420, Temperature: 338.93 K, Total Energy: -30032.051261 eV
Step: 8440, Temperature: 335.01 K, Total Energy: -30031.961183 eV
Step: 8460, Temperature: 346.12 K, Total Energy: -30031.831944 eV
Step: 8480, Temperature: 293.69 K, Total Energy: -30032.310934 eV
Step: 8500, Temperature: 340.39 K, Total Energy: -30032.058027 eV
Step: 8520, Temperature: 302.02 K, Total Energy: -30032.016164 eV
Step: 8540, Temperature: 291.66 K, Total Energy: -30032.324142 eV
Step: 8560, Temperature: 273.73 K, Total Energy: -30032.940969 eV
Step: 8580, Temperature: 299.56 K, Total Energy: -30032.895670 eV
Step: 8600, Temperature: 322.30 K, Total Energy: -30032.530534 eV
Step: 8620, Temperature: 278.95 K, Total Energy: -30032.426607 eV
Step: 8640, Temperature: 331.71 K, Total Energy: -30032.316370 eV
Step: 8660, Temperature: 265.06 K, Total Energy: -30032.941301 eV
Step: 8680, Temperature: 282.85 K, Total Energy: -30032.687222 eV
Step: 8700, Temperature: 287.68 K, Total Energy: -30032.372087 eV
Step: 8720, Temperature: 328.32 K, Total Energy: -30031.820521 eV
Step: 8740, Temperature: 309.91 K, Total Energy: -30031.769585 eV
Step: 8760, Temperature: 295.79 K, Total Energy: -30031.998987 eV
Step: 8780, Temperature: 287.67 K, Total Energy: -30032.251279 eV
Step: 8800, Temperature: 294.43 K, Total Energy: -30031.823674 eV
Step: 8820, Temperature: 316.12 K, Total Energy: -30031.736703 eV
Step: 8840, Temperature: 319.64 K, Total Energy: -30031.350310 eV
Step: 8860, Temperature: 313.57 K, Total Energy: -30031.893745 eV
Step: 8880, Temperature: 303.35 K, Total Energy: -30032.162968 eV
Step: 8900, Temperature: 292.60 K, Total Energy: -30032.503888 eV
Step: 8920, Temperature: 308.19 K, Total Energy: -30032.558362 eV
Step: 8940, Temperature: 289.51 K, Total Energy: -30032.524069 eV
Step: 8960, Temperature: 283.89 K, Total Energy: -30033.413374 eV
Step: 8980, Temperature: 307.39 K, Total Energy: -30033.146530 eV
Step: 9000, Temperature: 298.87 K, Total Energy: -30032.526069 eV
Step: 9020, Temperature: 297.04 K, Total Energy: -30032.442620 eV
Step: 9040, Temperature: 310.71 K, Total Energy: -30032.534866 eV
Step: 9060, Temperature: 317.12 K, Total Energy: -30032.004794 eV
Step: 9080, Temperature: 299.59 K, Total Energy: -30032.635045 eV
Step: 9100, Temperature: 335.51 K, Total Energy: -30031.962470 eV
Step: 9120, Temperature: 327.81 K, Total Energy: -30032.192655 eV
Step: 9140, Temperature: 329.23 K, Total Energy: -30031.883805 eV
Step: 9160, Temperature: 309.57 K, Total Energy: -30032.407033 eV
Step: 9180, Temperature: 355.63 K, Total Energy: -30031.720886 eV
Step: 9200, Temperature: 315.64 K, Total Energy: -30031.644942 eV
Step: 9220, Temperature: 344.56 K, Total Energy: -30032.497601 eV
Step: 9240, Temperature: 284.18 K, Total Energy: -30032.500100 eV
Step: 9260, Temperature: 296.60 K, Total Energy: -30032.562852 eV
Step: 9280, Temperature: 286.70 K, Total Energy: -30032.525346 eV
Step: 9300, Temperature: 276.17 K, Total Energy: -30032.937036 eV
Step: 9320, Temperature: 296.91 K, Total Energy: -30032.748612 eV
Step: 9340, Temperature: 302.50 K, Total Energy: -30032.937990 eV
Step: 9360, Temperature: 292.76 K, Total Energy: -30032.511604 eV
Step: 9380, Temperature: 325.69 K, Total Energy: -30032.741227 eV
Step: 9400, Temperature: 304.97 K, Total Energy: -30033.048443 eV
Step: 9420, Temperature: 300.53 K, Total Energy: -30033.381380 eV
Step: 9440, Temperature: 291.63 K, Total Energy: -30033.731194 eV
Step: 9460, Temperature: 279.98 K, Total Energy: -30034.111911 eV
Step: 9480, Temperature: 262.96 K, Total Energy: -30034.372435 eV
Step: 9500, Temperature: 271.65 K, Total Energy: -30034.013981 eV
Step: 9520, Temperature: 280.61 K, Total Energy: -30033.834784 eV
Step: 9540, Temperature: 291.38 K, Total Energy: -30033.741235 eV
Step: 9560, Temperature: 301.89 K, Total Energy: -30034.093687 eV
Step: 9580, Temperature: 273.49 K, Total Energy: -30034.023023 eV
Step: 9600, Temperature: 289.46 K, Total Energy: -30033.195214 eV
Step: 9620, Temperature: 305.75 K, Total Energy: -30032.905995 eV
Step: 9640, Temperature: 321.83 K, Total Energy: -30032.549878 eV
Step: 9660, Temperature: 283.04 K, Total Energy: -30033.266629 eV
Step: 9680, Temperature: 281.78 K, Total Energy: -30033.301817 eV
Step: 9700, Temperature: 294.52 K, Total Energy: -30033.124335 eV
Step: 9720, Temperature: 294.06 K, Total Energy: -30032.770309 eV
Step: 9740, Temperature: 281.03 K, Total Energy: -30033.187564 eV
Step: 9760, Temperature: 300.61 K, Total Energy: -30032.410682 eV
Step: 9780, Temperature: 295.47 K, Total Energy: -30031.674978 eV
Step: 9800, Temperature: 315.73 K, Total Energy: -30031.511958 eV
Step: 9820, Temperature: 287.64 K, Total Energy: -30032.263723 eV
Step: 9840, Temperature: 299.45 K, Total Energy: -30032.296711 eV
Step: 9860, Temperature: 301.06 K, Total Energy: -30032.207914 eV
Step: 9880, Temperature: 321.16 K, Total Energy: -30031.750156 eV
Step: 9900, Temperature: 301.32 K, Total Energy: -30032.551252 eV
Step: 9920, Temperature: 315.67 K, Total Energy: -30032.230191 eV
Step: 9940, Temperature: 325.41 K, Total Energy: -30032.466954 eV
Step: 9960, Temperature: 308.36 K, Total Energy: -30032.497519 eV
Step: 9980, Temperature: 294.25 K, Total Energy: -30033.285223 eV
Step: 10000, Temperature: 299.92 K, Total Energy: -30032.947128 eV
Step: 10020, Temperature: 296.05 K, Total Energy: -30033.115542 eV
Step: 10040, Temperature: 308.87 K, Total Energy: -30032.637115 eV
Step: 10060, Temperature: 271.12 K, Total Energy: -30032.945132 eV
Step: 10080, Temperature: 305.80 K, Total Energy: -30032.830559 eV
Step: 10100, Temperature: 313.38 K, Total Energy: -30032.369111 eV
Step: 10120, Temperature: 313.87 K, Total Energy: -30032.421418 eV
Step: 10140, Temperature: 303.83 K, Total Energy: -30032.158789 eV
Step: 10160, Temperature: 298.22 K, Total Energy: -30032.380134 eV
Step: 10180, Temperature: 302.56 K, Total Energy: -30031.961693 eV
Step: 10200, Temperature: 311.25 K, Total Energy: -30032.232569 eV
Step: 10220, Temperature: 287.39 K, Total Energy: -30032.424325 eV
Step: 10240, Temperature: 298.62 K, Total Energy: -30032.436457 eV
Step: 10260, Temperature: 310.94 K, Total Energy: -30032.208828 eV
Step: 10280, Temperature: 304.75 K, Total Energy: -30032.452243 eV
Step: 10300, Temperature: 293.82 K, Total Energy: -30033.262780 eV
Step: 10320, Temperature: 285.44 K, Total Energy: -30033.484404 eV
Step: 10340, Temperature: 313.44 K, Total Energy: -30032.994412 eV
Step: 10360, Temperature: 273.06 K, Total Energy: -30033.365714 eV
Step: 10380, Temperature: 298.01 K, Total Energy: -30033.172336 eV
Step: 10400, Temperature: 316.94 K, Total Energy: -30032.501514 eV
Step: 10420, Temperature: 314.77 K, Total Energy: -30032.406877 eV
Step: 10440, Temperature: 293.68 K, Total Energy: -30032.607915 eV
Step: 10460, Temperature: 311.97 K, Total Energy: -30032.503667 eV
Step: 10480, Temperature: 313.03 K, Total Energy: -30032.590631 eV
Step: 10500, Temperature: 298.77 K, Total Energy: -30032.762933 eV
Step: 10520, Temperature: 296.99 K, Total Energy: -30033.391097 eV
Step: 10540, Temperature: 297.44 K, Total Energy: -30033.764651 eV
Step: 10560, Temperature: 259.09 K, Total Energy: -30034.683184 eV
Step: 10580, Temperature: 256.58 K, Total Energy: -30034.395916 eV
Step: 10600, Temperature: 280.20 K, Total Energy: -30034.343004 eV
Step: 10620, Temperature: 274.63 K, Total Energy: -30034.381623 eV
Step: 10640, Temperature: 271.05 K, Total Energy: -30034.530879 eV
Step: 10660, Temperature: 258.34 K, Total Energy: -30034.502677 eV
Step: 10680, Temperature: 286.95 K, Total Energy: -30033.751524 eV
Step: 10700, Temperature: 283.66 K, Total Energy: -30034.094840 eV
Step: 10720, Temperature: 273.90 K, Total Energy: -30034.280501 eV
Step: 10740, Temperature: 307.38 K, Total Energy: -30034.125321 eV
Step: 10760, Temperature: 266.47 K, Total Energy: -30034.173929 eV
Step: 10780, Temperature: 274.58 K, Total Energy: -30033.710802 eV
Step: 10800, Temperature: 258.85 K, Total Energy: -30034.175584 eV
Step: 10820, Temperature: 294.81 K, Total Energy: -30033.863180 eV
Step: 10840, Temperature: 287.99 K, Total Energy: -30033.464047 eV
Step: 10860, Temperature: 288.60 K, Total Energy: -30033.437149 eV
Step: 10880, Temperature: 269.67 K, Total Energy: -30033.098279 eV
Step: 10900, Temperature: 267.50 K, Total Energy: -30033.535093 eV
Step: 10920, Temperature: 295.04 K, Total Energy: -30033.252019 eV
Step: 10940, Temperature: 286.33 K, Total Energy: -30033.122524 eV
Step: 10960, Temperature: 282.85 K, Total Energy: -30032.534955 eV
Step: 10980, Temperature: 289.44 K, Total Energy: -30032.412467 eV
Step: 11000, Temperature: 282.64 K, Total Energy: -30032.774518 eV
Step: 11020, Temperature: 288.40 K, Total Energy: -30033.229235 eV
Step: 11040, Temperature: 290.03 K, Total Energy: -30033.219912 eV
Step: 11060, Temperature: 304.81 K, Total Energy: -30032.939186 eV
Step: 11080, Temperature: 301.94 K, Total Energy: -30032.561222 eV
Step: 11100, Temperature: 336.56 K, Total Energy: -30032.237173 eV
Step: 11120, Temperature: 321.68 K, Total Energy: -30032.258797 eV
Step: 11140, Temperature: 311.44 K, Total Energy: -30032.907481 eV
Step: 11160, Temperature: 282.43 K, Total Energy: -30032.400808 eV
Step: 11180, Temperature: 306.33 K, Total Energy: -30032.827246 eV
Step: 11200, Temperature: 281.67 K, Total Energy: -30033.009620 eV
Step: 11220, Temperature: 319.61 K, Total Energy: -30033.136239 eV
Step: 11240, Temperature: 325.40 K, Total Energy: -30033.078639 eV
Step: 11260, Temperature: 344.26 K, Total Energy: -30032.829164 eV
Step: 11280, Temperature: 310.59 K, Total Energy: -30032.537993 eV
Step: 11300, Temperature: 325.63 K, Total Energy: -30033.043486 eV
Step: 11320, Temperature: 299.17 K, Total Energy: -30032.762618 eV
Step: 11340, Temperature: 307.88 K, Total Energy: -30032.572052 eV
Step: 11360, Temperature: 288.79 K, Total Energy: -30032.867902 eV
Step: 11380, Temperature: 285.67 K, Total Energy: -30033.337932 eV
Step: 11400, Temperature: 283.24 K, Total Energy: -30033.142348 eV
Step: 11420, Temperature: 319.59 K, Total Energy: -30033.193335 eV
Step: 11440, Temperature: 274.28 K, Total Energy: -30033.595343 eV
Step: 11460, Temperature: 285.31 K, Total Energy: -30033.489395 eV
Step: 11480, Temperature: 282.89 K, Total Energy: -30033.819185 eV
Step: 11500, Temperature: 260.80 K, Total Energy: -30034.082077 eV
Step: 11520, Temperature: 282.55 K, Total Energy: -30034.470215 eV
Step: 11540, Temperature: 296.24 K, Total Energy: -30034.194751 eV
Step: 11560, Temperature: 286.49 K, Total Energy: -30034.417360 eV
Step: 11580, Temperature: 267.88 K, Total Energy: -30034.056829 eV
Step: 11600, Temperature: 284.07 K, Total Energy: -30034.221338 eV
Step: 11620, Temperature: 287.17 K, Total Energy: -30034.312413 eV
Step: 11640, Temperature: 274.09 K, Total Energy: -30034.515932 eV
Step: 11660, Temperature: 262.87 K, Total Energy: -30034.099185 eV
Step: 11680, Temperature: 296.73 K, Total Energy: -30033.784251 eV
Step: 11700, Temperature: 275.76 K, Total Energy: -30033.863338 eV
Step: 11720, Temperature: 276.47 K, Total Energy: -30033.304584 eV
Step: 11740, Temperature: 307.57 K, Total Energy: -30033.040536 eV
Step: 11760, Temperature: 301.66 K, Total Energy: -30033.175652 eV
Step: 11780, Temperature: 279.65 K, Total Energy: -30033.294088 eV
Step: 11800, Temperature: 312.63 K, Total Energy: -30032.778226 eV
Step: 11820, Temperature: 323.20 K, Total Energy: -30033.021724 eV
Step: 11840, Temperature: 298.54 K, Total Energy: -30033.493187 eV
Step: 11860, Temperature: 290.94 K, Total Energy: -30033.558885 eV
Step: 11880, Temperature: 273.99 K, Total Energy: -30033.586893 eV
Step: 11900, Temperature: 295.44 K, Total Energy: -30033.769305 eV
Step: 11920, Temperature: 285.16 K, Total Energy: -30033.715992 eV
Step: 11940, Temperature: 284.06 K, Total Energy: -30034.133935 eV
Step: 11960, Temperature: 293.22 K, Total Energy: -30033.439813 eV
Step: 11980, Temperature: 314.22 K, Total Energy: -30033.394955 eV
Step: 12000, Temperature: 319.39 K, Total Energy: -30032.950349 eV
Step: 12020, Temperature: 273.67 K, Total Energy: -30033.022436 eV
Step: 12040, Temperature: 297.07 K, Total Energy: -30033.148903 eV
Step: 12060, Temperature: 296.19 K, Total Energy: -30032.266442 eV
Step: 12080, Temperature: 297.33 K, Total Energy: -30031.613147 eV
Step: 12100, Temperature: 311.11 K, Total Energy: -30031.587452 eV
Step: 12120, Temperature: 342.23 K, Total Energy: -30031.289679 eV
Step: 12140, Temperature: 309.87 K, Total Energy: -30031.710114 eV
Step: 12160, Temperature: 299.63 K, Total Energy: -30032.058035 eV
Step: 12180, Temperature: 299.95 K, Total Energy: -30032.059788 eV
Step: 12200, Temperature: 270.09 K, Total Energy: -30032.195427 eV
Step: 12220, Temperature: 309.43 K, Total Energy: -30032.586216 eV
Step: 12240, Temperature: 315.06 K, Total Energy: -30032.550096 eV
Step: 12260, Temperature: 299.96 K, Total Energy: -30032.854382 eV
Step: 12280, Temperature: 321.50 K, Total Energy: -30032.665640 eV
Step: 12300, Temperature: 288.09 K, Total Energy: -30032.824844 eV
Step: 12320, Temperature: 305.75 K, Total Energy: -30032.894290 eV
Step: 12340, Temperature: 312.96 K, Total Energy: -30032.332671 eV
Step: 12360, Temperature: 304.32 K, Total Energy: -30031.984545 eV
Step: 12380, Temperature: 301.24 K, Total Energy: -30032.355934 eV
Step: 12400, Temperature: 318.51 K, Total Energy: -30032.698731 eV
Step: 12420, Temperature: 311.24 K, Total Energy: -30032.240507 eV
Step: 12440, Temperature: 302.78 K, Total Energy: -30032.272765 eV
Step: 12460, Temperature: 292.17 K, Total Energy: -30032.666937 eV
Step: 12480, Temperature: 282.23 K, Total Energy: -30032.966448 eV
Step: 12500, Temperature: 301.52 K, Total Energy: -30032.661343 eV
Step: 12520, Temperature: 296.24 K, Total Energy: -30033.255249 eV
Step: 12540, Temperature: 296.11 K, Total Energy: -30033.180549 eV
Step: 12560, Temperature: 275.38 K, Total Energy: -30032.782873 eV
Step: 12580, Temperature: 329.93 K, Total Energy: -30032.255079 eV
Step: 12600, Temperature: 321.23 K, Total Energy: -30032.535466 eV
Step: 12620, Temperature: 304.48 K, Total Energy: -30032.441383 eV
Step: 12640, Temperature: 314.32 K, Total Energy: -30032.744219 eV
Step: 12660, Temperature: 271.95 K, Total Energy: -30032.912897 eV
Step: 12680, Temperature: 311.05 K, Total Energy: -30033.206047 eV
Step: 12700, Temperature: 308.94 K, Total Energy: -30032.904917 eV
Step: 12720, Temperature: 304.12 K, Total Energy: -30032.860642 eV
Step: 12740, Temperature: 276.07 K, Total Energy: -30033.037262 eV
Step: 12760, Temperature: 327.30 K, Total Energy: -30032.578336 eV
Step: 12780, Temperature: 300.28 K, Total Energy: -30032.549599 eV
Step: 12800, Temperature: 303.29 K, Total Energy: -30032.304949 eV
Step: 12820, Temperature: 301.68 K, Total Energy: -30032.389788 eV
Step: 12840, Temperature: 277.71 K, Total Energy: -30032.461254 eV
Step: 12860, Temperature: 304.81 K, Total Energy: -30033.030989 eV
Step: 12880, Temperature: 296.41 K, Total Energy: -30032.719931 eV
Step: 12900, Temperature: 303.74 K, Total Energy: -30032.578977 eV
Step: 12920, Temperature: 275.79 K, Total Energy: -30032.028435 eV
Step: 12940, Temperature: 315.21 K, Total Energy: -30031.470007 eV
Step: 12960, Temperature: 277.50 K, Total Energy: -30031.663698 eV
Step: 12980, Temperature: 294.51 K, Total Energy: -30031.298255 eV
Step: 13000, Temperature: 302.56 K, Total Energy: -30031.391600 eV
Step: 13020, Temperature: 330.77 K, Total Energy: -30031.312355 eV
Step: 13040, Temperature: 314.54 K, Total Energy: -30031.168375 eV
Step: 13060, Temperature: 315.90 K, Total Energy: -30031.769282 eV
Step: 13080, Temperature: 303.60 K, Total Energy: -30031.699568 eV
Step: 13100, Temperature: 309.59 K, Total Energy: -30031.480582 eV
Step: 13120, Temperature: 330.31 K, Total Energy: -30031.601256 eV
Step: 13140, Temperature: 319.55 K, Total Energy: -30031.260787 eV
Step: 13160, Temperature: 365.90 K, Total Energy: -30030.852624 eV
Step: 13180, Temperature: 309.65 K, Total Energy: -30031.596283 eV
Step: 13200, Temperature: 307.69 K, Total Energy: -30031.582418 eV
Step: 13220, Temperature: 305.07 K, Total Energy: -30031.709929 eV
Step: 13240, Temperature: 297.60 K, Total Energy: -30031.584844 eV
Step: 13260, Temperature: 258.33 K, Total Energy: -30031.614087 eV
Step: 13280, Temperature: 299.44 K, Total Energy: -30031.941563 eV
Step: 13300, Temperature: 296.27 K, Total Energy: -30031.524074 eV
Step: 13320, Temperature: 317.84 K, Total Energy: -30031.779844 eV
Step: 13340, Temperature: 287.15 K, Total Energy: -30031.984821 eV
Step: 13360, Temperature: 283.29 K, Total Energy: -30032.108012 eV
Step: 13380, Temperature: 298.15 K, Total Energy: -30032.385764 eV
Step: 13400, Temperature: 298.62 K, Total Energy: -30032.270592 eV
Step: 13420, Temperature: 278.85 K, Total Energy: -30032.630395 eV
Step: 13440, Temperature: 305.06 K, Total Energy: -30032.071574 eV
Step: 13460, Temperature: 313.05 K, Total Energy: -30031.723003 eV
Step: 13480, Temperature: 322.18 K, Total Energy: -30031.717158 eV
Step: 13500, Temperature: 294.85 K, Total Energy: -30032.182335 eV
Step: 13520, Temperature: 288.50 K, Total Energy: -30032.189717 eV
Step: 13540, Temperature: 320.95 K, Total Energy: -30031.948810 eV
Step: 13560, Temperature: 312.32 K, Total Energy: -30031.905149 eV
Step: 13580, Temperature: 325.23 K, Total Energy: -30032.461603 eV
Step: 13600, Temperature: 303.20 K, Total Energy: -30032.285766 eV
Step: 13620, Temperature: 289.92 K, Total Energy: -30032.941402 eV
Step: 13640, Temperature: 291.06 K, Total Energy: -30032.731612 eV
Step: 13660, Temperature: 299.42 K, Total Energy: -30032.270170 eV
Step: 13680, Temperature: 316.74 K, Total Energy: -30031.789631 eV
Step: 13700, Temperature: 319.18 K, Total Energy: -30031.976948 eV
Step: 13720, Temperature: 311.61 K, Total Energy: -30032.022309 eV
Step: 13740, Temperature: 299.32 K, Total Energy: -30031.764741 eV
Step: 13760, Temperature: 314.33 K, Total Energy: -30031.464588 eV
Step: 13780, Temperature: 291.75 K, Total Energy: -30031.857113 eV
Step: 13800, Temperature: 293.96 K, Total Energy: -30032.395882 eV
Step: 13820, Temperature: 308.18 K, Total Energy: -30032.367160 eV
Step: 13840, Temperature: 306.74 K, Total Energy: -30031.766160 eV
Step: 13860, Temperature: 304.07 K, Total Energy: -30032.434202 eV
Step: 13880, Temperature: 285.07 K, Total Energy: -30032.653608 eV
Step: 13900, Temperature: 298.04 K, Total Energy: -30032.038771 eV
Step: 13920, Temperature: 298.30 K, Total Energy: -30031.696479 eV
Step: 13940, Temperature: 320.36 K, Total Energy: -30031.531773 eV
Step: 13960, Temperature: 317.24 K, Total Energy: -30031.232254 eV
Step: 13980, Temperature: 327.45 K, Total Energy: -30031.658494 eV
Step: 14000, Temperature: 303.50 K, Total Energy: -30031.643597 eV
Step: 14020, Temperature: 292.29 K, Total Energy: -30031.546633 eV
Step: 14040, Temperature: 326.57 K, Total Energy: -30031.432291 eV
Step: 14060, Temperature: 299.82 K, Total Energy: -30032.303310 eV
Step: 14080, Temperature: 315.23 K, Total Energy: -30032.391603 eV
Step: 14100, Temperature: 290.73 K, Total Energy: -30032.714424 eV
Step: 14120, Temperature: 288.58 K, Total Energy: -30033.144608 eV
Step: 14140, Temperature: 282.38 K, Total Energy: -30033.353199 eV
Step: 14160, Temperature: 273.56 K, Total Energy: -30034.384646 eV
Step: 14180, Temperature: 290.19 K, Total Energy: -30033.782483 eV
Step: 14200, Temperature: 278.87 K, Total Energy: -30034.401319 eV
Step: 14220, Temperature: 261.37 K, Total Energy: -30033.939039 eV
Step: 14240, Temperature: 281.26 K, Total Energy: -30033.978751 eV
Step: 14260, Temperature: 293.05 K, Total Energy: -30033.676407 eV
Step: 14280, Temperature: 284.44 K, Total Energy: -30033.645819 eV
Step: 14300, Temperature: 300.51 K, Total Energy: -30033.543887 eV
Step: 14320, Temperature: 303.91 K, Total Energy: -30033.139170 eV
Step: 14340, Temperature: 298.78 K, Total Energy: -30033.446211 eV
Step: 14360, Temperature: 277.14 K, Total Energy: -30033.725477 eV
Step: 14380, Temperature: 291.14 K, Total Energy: -30033.768575 eV
Step: 14400, Temperature: 278.51 K, Total Energy: -30034.044884 eV
Step: 14420, Temperature: 279.16 K, Total Energy: -30034.087534 eV
Step: 14440, Temperature: 275.40 K, Total Energy: -30034.049831 eV
Step: 14460, Temperature: 304.12 K, Total Energy: -30033.526481 eV
Step: 14480, Temperature: 277.70 K, Total Energy: -30033.414776 eV
Step: 14500, Temperature: 288.40 K, Total Energy: -30033.692118 eV
Step: 14520, Temperature: 314.24 K, Total Energy: -30033.131030 eV
Step: 14540, Temperature: 313.15 K, Total Energy: -30032.726209 eV
Step: 14560, Temperature: 304.15 K, Total Energy: -30032.715300 eV
Step: 14580, Temperature: 303.44 K, Total Energy: -30032.746711 eV
Step: 14600, Temperature: 313.55 K, Total Energy: -30032.710505 eV
Step: 14620, Temperature: 315.21 K, Total Energy: -30032.698716 eV
Step: 14640, Temperature: 311.44 K, Total Energy: -30033.032390 eV
Step: 14660, Temperature: 315.17 K, Total Energy: -30032.670427 eV
Step: 14680, Temperature: 312.92 K, Total Energy: -30032.960501 eV
Step: 14700, Temperature: 291.20 K, Total Energy: -30032.835499 eV
Step: 14720, Temperature: 335.89 K, Total Energy: -30033.286888 eV
Step: 14740, Temperature: 306.63 K, Total Energy: -30033.378351 eV
Step: 14760, Temperature: 318.47 K, Total Energy: -30033.266098 eV
Step: 14780, Temperature: 307.76 K, Total Energy: -30033.264454 eV
Step: 14800, Temperature: 308.92 K, Total Energy: -30033.331396 eV
Step: 14820, Temperature: 284.74 K, Total Energy: -30033.798610 eV
Step: 14840, Temperature: 288.69 K, Total Energy: -30032.864645 eV
Step: 14860, Temperature: 325.87 K, Total Energy: -30032.406644 eV
Step: 14880, Temperature: 325.85 K, Total Energy: -30032.702035 eV
Step: 14900, Temperature: 315.89 K, Total Energy: -30032.318484 eV
Step: 14920, Temperature: 299.68 K, Total Energy: -30032.533377 eV
Step: 14940, Temperature: 316.28 K, Total Energy: -30032.400664 eV
Step: 14960, Temperature: 320.29 K, Total Energy: -30032.299167 eV
Step: 14980, Temperature: 301.79 K, Total Energy: -30032.412670 eV
Step: 15000, Temperature: 300.14 K, Total Energy: -30032.644886 eV
Step: 15020, Temperature: 296.89 K, Total Energy: -30032.850575 eV
Step: 15040, Temperature: 301.07 K, Total Energy: -30033.192197 eV
Step: 15060, Temperature: 284.49 K, Total Energy: -30032.978730 eV
Step: 15080, Temperature: 310.24 K, Total Energy: -30032.939119 eV
Step: 15100, Temperature: 282.25 K, Total Energy: -30033.219861 eV
Step: 15120, Temperature: 307.75 K, Total Energy: -30032.801864 eV
Step: 15140, Temperature: 320.24 K, Total Energy: -30032.685137 eV
Step: 15160, Temperature: 327.54 K, Total Energy: -30032.708958 eV
Step: 15180, Temperature: 300.79 K, Total Energy: -30033.066381 eV
Step: 15200, Temperature: 287.99 K, Total Energy: -30032.897503 eV
Step: 15220, Temperature: 300.58 K, Total Energy: -30032.805899 eV
Step: 15240, Temperature: 283.51 K, Total Energy: -30032.950197 eV
Step: 15260, Temperature: 295.08 K, Total Energy: -30032.721738 eV
Step: 15280, Temperature: 319.77 K, Total Energy: -30032.505310 eV
Step: 15300, Temperature: 262.70 K, Total Energy: -30033.578083 eV
Step: 15320, Temperature: 296.52 K, Total Energy: -30032.670383 eV
Step: 15340, Temperature: 301.55 K, Total Energy: -30033.014298 eV
Step: 15360, Temperature: 319.12 K, Total Energy: -30032.820302 eV
Step: 15380, Temperature: 309.48 K, Total Energy: -30033.502946 eV
Step: 15400, Temperature: 340.53 K, Total Energy: -30032.386557 eV
Step: 15420, Temperature: 306.08 K, Total Energy: -30033.175341 eV
Step: 15440, Temperature: 321.70 K, Total Energy: -30033.148970 eV
Step: 15460, Temperature: 279.96 K, Total Energy: -30033.637942 eV
Step: 15480, Temperature: 282.99 K, Total Energy: -30033.771825 eV
Step: 15500, Temperature: 278.78 K, Total Energy: -30033.659340 eV
Step: 15520, Temperature: 285.15 K, Total Energy: -30033.807893 eV
Step: 15540, Temperature: 302.50 K, Total Energy: -30033.263953 eV
Step: 15560, Temperature: 308.53 K, Total Energy: -30033.286309 eV
Step: 15580, Temperature: 316.71 K, Total Energy: -30033.288273 eV
Step: 15600, Temperature: 289.95 K, Total Energy: -30033.274809 eV
Step: 15620, Temperature: 295.34 K, Total Energy: -30032.627216 eV
Step: 15640, Temperature: 292.73 K, Total Energy: -30033.133444 eV
Step: 15660, Temperature: 311.16 K, Total Energy: -30032.766038 eV
Step: 15680, Temperature: 279.15 K, Total Energy: -30033.271291 eV
Step: 15700, Temperature: 291.24 K, Total Energy: -30033.334441 eV
Step: 15720, Temperature: 306.09 K, Total Energy: -30032.772643 eV
Step: 15740, Temperature: 300.99 K, Total Energy: -30033.072940 eV
Step: 15760, Temperature: 299.65 K, Total Energy: -30033.000744 eV
Step: 15780, Temperature: 312.21 K, Total Energy: -30033.161776 eV
Step: 15800, Temperature: 299.29 K, Total Energy: -30032.912098 eV
Step: 15820, Temperature: 307.99 K, Total Energy: -30032.389537 eV
Step: 15840, Temperature: 292.00 K, Total Energy: -30032.028446 eV
Step: 15860, Temperature: 303.13 K, Total Energy: -30032.365612 eV
Step: 15880, Temperature: 319.42 K, Total Energy: -30032.355746 eV
Step: 15900, Temperature: 321.20 K, Total Energy: -30032.495227 eV
Step: 15920, Temperature: 275.77 K, Total Energy: -30032.761517 eV
Step: 15940, Temperature: 308.60 K, Total Energy: -30033.264939 eV
Step: 15960, Temperature: 279.56 K, Total Energy: -30033.428974 eV
Step: 15980, Temperature: 295.49 K, Total Energy: -30033.645190 eV
Step: 16000, Temperature: 277.43 K, Total Energy: -30033.105008 eV
Step: 16020, Temperature: 299.45 K, Total Energy: -30032.763600 eV
Step: 16040, Temperature: 300.80 K, Total Energy: -30033.101171 eV
Step: 16060, Temperature: 303.23 K, Total Energy: -30032.683448 eV
Step: 16080, Temperature: 302.76 K, Total Energy: -30033.285007 eV
Step: 16100, Temperature: 319.97 K, Total Energy: -30032.922407 eV
Step: 16120, Temperature: 308.29 K, Total Energy: -30033.245282 eV
Step: 16140, Temperature: 298.10 K, Total Energy: -30033.502058 eV
Step: 16160, Temperature: 311.06 K, Total Energy: -30033.340737 eV
Step: 16180, Temperature: 281.26 K, Total Energy: -30033.599769 eV
Step: 16200, Temperature: 297.06 K, Total Energy: -30033.670541 eV
Step: 16220, Temperature: 292.75 K, Total Energy: -30033.392654 eV
Step: 16240, Temperature: 282.16 K, Total Energy: -30033.020772 eV
Step: 16260, Temperature: 311.00 K, Total Energy: -30033.008095 eV
Step: 16280, Temperature: 299.77 K, Total Energy: -30032.693164 eV
Step: 16300, Temperature: 297.86 K, Total Energy: -30032.572468 eV
Step: 16320, Temperature: 313.20 K, Total Energy: -30032.602034 eV
Step: 16340, Temperature: 294.98 K, Total Energy: -30032.786683 eV
Step: 16360, Temperature: 286.09 K, Total Energy: -30032.634170 eV
Step: 16380, Temperature: 313.95 K, Total Energy: -30032.259098 eV
Step: 16400, Temperature: 322.82 K, Total Energy: -30031.914148 eV
Step: 16420, Temperature: 311.83 K, Total Energy: -30031.751235 eV
Step: 16440, Temperature: 323.69 K, Total Energy: -30031.497955 eV
Step: 16460, Temperature: 321.89 K, Total Energy: -30032.138290 eV
Step: 16480, Temperature: 300.04 K, Total Energy: -30032.752842 eV
Step: 16500, Temperature: 287.79 K, Total Energy: -30033.217029 eV
Step: 16520, Temperature: 291.35 K, Total Energy: -30033.042793 eV
Step: 16540, Temperature: 316.28 K, Total Energy: -30032.687651 eV
Step: 16560, Temperature: 327.67 K, Total Energy: -30032.545772 eV
Step: 16580, Temperature: 302.77 K, Total Energy: -30032.407831 eV
Step: 16600, Temperature: 310.44 K, Total Energy: -30033.026020 eV
Step: 16620, Temperature: 295.87 K, Total Energy: -30032.643426 eV
Step: 16640, Temperature: 312.54 K, Total Energy: -30032.409415 eV
Step: 16660, Temperature: 292.26 K, Total Energy: -30032.572880 eV
Step: 16680, Temperature: 302.11 K, Total Energy: -30032.385055 eV
Step: 16700, Temperature: 317.30 K, Total Energy: -30032.613556 eV
Step: 16720, Temperature: 278.28 K, Total Energy: -30032.669839 eV
Step: 16740, Temperature: 272.47 K, Total Energy: -30032.688964 eV
Step: 16760, Temperature: 307.05 K, Total Energy: -30032.571105 eV
Step: 16780, Temperature: 290.89 K, Total Energy: -30032.675348 eV
Step: 16800, Temperature: 294.67 K, Total Energy: -30032.358696 eV
Step: 16820, Temperature: 320.23 K, Total Energy: -30032.287000 eV
Step: 16840, Temperature: 283.24 K, Total Energy: -30032.273384 eV
Step: 16860, Temperature: 313.98 K, Total Energy: -30031.914826 eV
Step: 16880, Temperature: 322.32 K, Total Energy: -30032.246806 eV
Step: 16900, Temperature: 300.63 K, Total Energy: -30032.480432 eV
Step: 16920, Temperature: 286.17 K, Total Energy: -30032.616715 eV
Step: 16940, Temperature: 298.41 K, Total Energy: -30033.092047 eV
Step: 16960, Temperature: 298.38 K, Total Energy: -30032.717926 eV
Step: 16980, Temperature: 302.87 K, Total Energy: -30032.719638 eV
Step: 17000, Temperature: 337.26 K, Total Energy: -30032.002894 eV
Step: 17020, Temperature: 300.66 K, Total Energy: -30031.930732 eV
Step: 17040, Temperature: 282.82 K, Total Energy: -30032.414671 eV
Step: 17060, Temperature: 315.24 K, Total Energy: -30032.492799 eV
Step: 17080, Temperature: 297.05 K, Total Energy: -30032.455900 eV
Step: 17100, Temperature: 322.31 K, Total Energy: -30032.348628 eV
Step: 17120, Temperature: 320.57 K, Total Energy: -30033.116481 eV
Step: 17140, Temperature: 282.49 K, Total Energy: -30033.618119 eV
Step: 17160, Temperature: 286.01 K, Total Energy: -30033.058109 eV
Step: 17180, Temperature: 313.16 K, Total Energy: -30033.351062 eV
Step: 17200, Temperature: 287.15 K, Total Energy: -30033.976931 eV
Step: 17220, Temperature: 266.24 K, Total Energy: -30034.128735 eV
Step: 17240, Temperature: 280.18 K, Total Energy: -30033.804309 eV
Step: 17260, Temperature: 263.69 K, Total Energy: -30033.779938 eV
Step: 17280, Temperature: 262.66 K, Total Energy: -30034.168776 eV
Step: 17300, Temperature: 288.62 K, Total Energy: -30033.829361 eV
Step: 17320, Temperature: 265.64 K, Total Energy: -30034.540283 eV
Step: 17340, Temperature: 273.22 K, Total Energy: -30034.510311 eV
Step: 17360, Temperature: 258.29 K, Total Energy: -30034.441461 eV
Step: 17380, Temperature: 253.87 K, Total Energy: -30034.685911 eV
Step: 17400, Temperature: 286.02 K, Total Energy: -30034.417276 eV
Step: 17420, Temperature: 259.50 K, Total Energy: -30034.284305 eV
Step: 17440, Temperature: 260.75 K, Total Energy: -30034.122369 eV
Step: 17460, Temperature: 258.56 K, Total Energy: -30033.840852 eV
Step: 17480, Temperature: 262.55 K, Total Energy: -30033.735999 eV
Step: 17500, Temperature: 293.55 K, Total Energy: -30033.253856 eV
Step: 17520, Temperature: 297.83 K, Total Energy: -30033.155424 eV
Step: 17540, Temperature: 286.62 K, Total Energy: -30033.064359 eV
Step: 17560, Temperature: 271.82 K, Total Energy: -30033.531400 eV
Step: 17580, Temperature: 275.36 K, Total Energy: -30033.556754 eV
Step: 17600, Temperature: 283.45 K, Total Energy: -30033.244736 eV
Step: 17620, Temperature: 276.04 K, Total Energy: -30033.375760 eV
Step: 17640, Temperature: 285.80 K, Total Energy: -30033.145308 eV
Step: 17660, Temperature: 289.71 K, Total Energy: -30032.811862 eV
Step: 17680, Temperature: 296.57 K, Total Energy: -30032.504882 eV
Step: 17700, Temperature: 273.76 K, Total Energy: -30033.328780 eV
Step: 17720, Temperature: 268.44 K, Total Energy: -30033.251945 eV
Step: 17740, Temperature: 279.12 K, Total Energy: -30033.692041 eV
Step: 17760, Temperature: 261.49 K, Total Energy: -30033.822968 eV
Step: 17780, Temperature: 281.05 K, Total Energy: -30033.306062 eV
Step: 17800, Temperature: 304.75 K, Total Energy: -30032.243301 eV
Step: 17820, Temperature: 302.66 K, Total Energy: -30031.914394 eV
Step: 17840, Temperature: 272.29 K, Total Energy: -30032.467010 eV
Step: 17860, Temperature: 279.14 K, Total Energy: -30032.500166 eV
Step: 17880, Temperature: 271.81 K, Total Energy: -30032.857818 eV
Step: 17900, Temperature: 288.30 K, Total Energy: -30032.926978 eV
Step: 17920, Temperature: 282.04 K, Total Energy: -30032.822546 eV
Step: 17940, Temperature: 277.64 K, Total Energy: -30032.822377 eV
Step: 17960, Temperature: 258.49 K, Total Energy: -30033.272329 eV
Step: 17980, Temperature: 247.43 K, Total Energy: -30033.267435 eV
Step: 18000, Temperature: 279.60 K, Total Energy: -30032.877435 eV
Step: 18020, Temperature: 276.88 K, Total Energy: -30032.938885 eV
Step: 18040, Temperature: 252.92 K, Total Energy: -30033.346067 eV
Step: 18060, Temperature: 275.49 K, Total Energy: -30033.817303 eV
Step: 18080, Temperature: 245.52 K, Total Energy: -30034.217255 eV
Step: 18100, Temperature: 280.31 K, Total Energy: -30033.902610 eV
Step: 18120, Temperature: 255.89 K, Total Energy: -30033.545751 eV
Step: 18140, Temperature: 274.74 K, Total Energy: -30032.761664 eV
Step: 18160, Temperature: 283.54 K, Total Energy: -30032.322452 eV
Step: 18180, Temperature: 287.23 K, Total Energy: -30032.260176 eV
Step: 18200, Temperature: 274.51 K, Total Energy: -30032.126662 eV
Step: 18220, Temperature: 294.56 K, Total Energy: -30032.308701 eV
Step: 18240, Temperature: 294.59 K, Total Energy: -30031.884117 eV
Step: 18260, Temperature: 276.82 K, Total Energy: -30032.165145 eV
Step: 18280, Temperature: 288.77 K, Total Energy: -30032.647898 eV
Step: 18300, Temperature: 299.60 K, Total Energy: -30032.451181 eV
Step: 18320, Temperature: 287.27 K, Total Energy: -30032.409619 eV
Step: 18340, Temperature: 300.52 K, Total Energy: -30032.451803 eV
Step: 18360, Temperature: 313.73 K, Total Energy: -30032.516677 eV
Step: 18380, Temperature: 302.43 K, Total Energy: -30032.644721 eV
Step: 18400, Temperature: 287.74 K, Total Energy: -30032.550255 eV
Step: 18420, Temperature: 311.95 K, Total Energy: -30032.640960 eV
Step: 18440, Temperature: 310.53 K, Total Energy: -30032.818708 eV
Step: 18460, Temperature: 303.94 K, Total Energy: -30032.698976 eV
Step: 18480, Temperature: 282.79 K, Total Energy: -30032.725950 eV
Step: 18500, Temperature: 287.75 K, Total Energy: -30032.846924 eV
Step: 18520, Temperature: 304.76 K, Total Energy: -30031.967770 eV
Step: 18540, Temperature: 298.36 K, Total Energy: -30032.187117 eV
Step: 18560, Temperature: 269.52 K, Total Energy: -30032.166436 eV
Step: 18580, Temperature: 285.79 K, Total Energy: -30032.354541 eV
Step: 18600, Temperature: 305.48 K, Total Energy: -30031.813239 eV
Step: 18620, Temperature: 312.72 K, Total Energy: -30031.404869 eV
Step: 18640, Temperature: 310.76 K, Total Energy: -30031.457628 eV
Step: 18660, Temperature: 309.52 K, Total Energy: -30031.375110 eV
Step: 18680, Temperature: 322.51 K, Total Energy: -30030.890520 eV
Step: 18700, Temperature: 310.14 K, Total Energy: -30031.555044 eV
Step: 18720, Temperature: 340.71 K, Total Energy: -30031.169188 eV
Step: 18740, Temperature: 297.62 K, Total Energy: -30031.607831 eV
Step: 18760, Temperature: 300.28 K, Total Energy: -30031.836643 eV
Step: 18780, Temperature: 296.79 K, Total Energy: -30032.114817 eV
Step: 18800, Temperature: 301.45 K, Total Energy: -30032.440428 eV
Step: 18820, Temperature: 291.08 K, Total Energy: -30032.572891 eV
Step: 18840, Temperature: 299.69 K, Total Energy: -30032.325965 eV
Step: 18860, Temperature: 284.78 K, Total Energy: -30032.248812 eV
Step: 18880, Temperature: 288.83 K, Total Energy: -30032.527150 eV
Step: 18900, Temperature: 284.91 K, Total Energy: -30033.370439 eV
Step: 18920, Temperature: 289.59 K, Total Energy: -30033.152795 eV
Step: 18940, Temperature: 290.64 K, Total Energy: -30033.642465 eV
Step: 18960, Temperature: 298.94 K, Total Energy: -30032.819174 eV
Step: 18980, Temperature: 271.78 K, Total Energy: -30032.961913 eV
Step: 19000, Temperature: 291.63 K, Total Energy: -30033.080669 eV
Step: 19020, Temperature: 274.42 K, Total Energy: -30033.810536 eV
Step: 19040, Temperature: 286.70 K, Total Energy: -30033.343582 eV
Step: 19060, Temperature: 293.60 K, Total Energy: -30032.686178 eV
Step: 19080, Temperature: 309.43 K, Total Energy: -30032.924033 eV
Step: 19100, Temperature: 294.13 K, Total Energy: -30032.618157 eV
Step: 19120, Temperature: 315.72 K, Total Energy: -30032.183940 eV
Step: 19140, Temperature: 320.37 K, Total Energy: -30032.371339 eV
Step: 19160, Temperature: 331.08 K, Total Energy: -30032.041081 eV
Step: 19180, Temperature: 292.56 K, Total Energy: -30032.350508 eV
Step: 19200, Temperature: 299.56 K, Total Energy: -30032.405291 eV
Step: 19220, Temperature: 308.81 K, Total Energy: -30032.402467 eV
Step: 19240, Temperature: 322.49 K, Total Energy: -30031.959244 eV
Step: 19260, Temperature: 284.91 K, Total Energy: -30032.425285 eV
Step: 19280, Temperature: 315.05 K, Total Energy: -30032.573813 eV
Step: 19300, Temperature: 314.49 K, Total Energy: -30032.257598 eV
Step: 19320, Temperature: 304.23 K, Total Energy: -30032.131359 eV
Step: 19340, Temperature: 290.14 K, Total Energy: -30032.277739 eV
Step: 19360, Temperature: 320.50 K, Total Energy: -30031.870180 eV
Step: 19380, Temperature: 313.02 K, Total Energy: -30031.881954 eV
Step: 19400, Temperature: 296.41 K, Total Energy: -30032.059772 eV
Step: 19420, Temperature: 307.05 K, Total Energy: -30032.504556 eV
Step: 19440, Temperature: 297.42 K, Total Energy: -30032.159779 eV
Step: 19460, Temperature: 325.34 K, Total Energy: -30032.271537 eV
Step: 19480, Temperature: 305.95 K, Total Energy: -30032.453851 eV
Step: 19500, Temperature: 319.46 K, Total Energy: -30031.970199 eV
Step: 19520, Temperature: 280.31 K, Total Energy: -30032.357826 eV
Step: 19540, Temperature: 281.54 K, Total Energy: -30032.225585 eV
Step: 19560, Temperature: 289.14 K, Total Energy: -30032.222617 eV
Step: 19580, Temperature: 289.57 K, Total Energy: -30032.686522 eV
Step: 19600, Temperature: 276.43 K, Total Energy: -30032.762703 eV
Step: 19620, Temperature: 303.48 K, Total Energy: -30032.483979 eV
Step: 19640, Temperature: 312.87 K, Total Energy: -30032.041978 eV
Step: 19660, Temperature: 289.32 K, Total Energy: -30032.805888 eV
Step: 19680, Temperature: 284.69 K, Total Energy: -30032.694262 eV
Step: 19700, Temperature: 277.77 K, Total Energy: -30032.827036 eV
Step: 19720, Temperature: 286.99 K, Total Energy: -30031.916542 eV
Step: 19740, Temperature: 283.24 K, Total Energy: -30031.693119 eV
Step: 19760, Temperature: 287.04 K, Total Energy: -30031.423264 eV
Step: 19780, Temperature: 323.48 K, Total Energy: -30031.214051 eV
Step: 19800, Temperature: 315.48 K, Total Energy: -30031.623626 eV
Step: 19820, Temperature: 312.51 K, Total Energy: -30031.830177 eV
Step: 19840, Temperature: 300.19 K, Total Energy: -30031.741287 eV
Step: 19860, Temperature: 306.41 K, Total Energy: -30031.811666 eV
Step: 19880, Temperature: 283.59 K, Total Energy: -30031.747063 eV
Step: 19900, Temperature: 321.81 K, Total Energy: -30032.040698 eV
Step: 19920, Temperature: 284.41 K, Total Energy: -30032.463023 eV
Step: 19940, Temperature: 294.49 K, Total Energy: -30032.173700 eV
Step: 19960, Temperature: 296.43 K, Total Energy: -30031.942053 eV
Step: 19980, Temperature: 282.71 K, Total Energy: -30031.948492 eV
Step: 20000, Temperature: 317.32 K, Total Energy: -30031.546561 eV
Step: 20020, Temperature: 317.59 K, Total Energy: -30030.706036 eV
Step: 20040, Temperature: 349.84 K, Total Energy: -30031.065683 eV
Step: 20060, Temperature: 344.50 K, Total Energy: -30030.830975 eV
Step: 20080, Temperature: 333.26 K, Total Energy: -30031.178346 eV
Step: 20100, Temperature: 341.77 K, Total Energy: -30031.154804 eV
Step: 20120, Temperature: 318.24 K, Total Energy: -30031.185997 eV
Step: 20140, Temperature: 332.98 K, Total Energy: -30030.900311 eV
Step: 20160, Temperature: 330.92 K, Total Energy: -30030.847779 eV
Step: 20180, Temperature: 320.34 K, Total Energy: -30030.682723 eV
Step: 20200, Temperature: 350.91 K, Total Energy: -30030.666263 eV
Step: 20220, Temperature: 308.86 K, Total Energy: -30031.770167 eV
Step: 20240, Temperature: 309.21 K, Total Energy: -30031.575964 eV
Step: 20260, Temperature: 292.76 K, Total Energy: -30031.859296 eV
Step: 20280, Temperature: 295.96 K, Total Energy: -30032.248740 eV
Step: 20300, Temperature: 295.63 K, Total Energy: -30032.110252 eV
Step: 20320, Temperature: 293.24 K, Total Energy: -30031.607247 eV
Step: 20340, Temperature: 300.10 K, Total Energy: -30031.673204 eV
Step: 20360, Temperature: 306.08 K, Total Energy: -30032.036492 eV
Step: 20380, Temperature: 284.98 K, Total Energy: -30032.845354 eV
Step: 20400, Temperature: 268.28 K, Total Energy: -30032.207047 eV
Step: 20420, Temperature: 300.67 K, Total Energy: -30031.854410 eV
Step: 20440, Temperature: 304.07 K, Total Energy: -30031.885326 eV
Step: 20460, Temperature: 289.81 K, Total Energy: -30032.120102 eV
Step: 20480, Temperature: 283.38 K, Total Energy: -30032.758073 eV
Step: 20500, Temperature: 293.74 K, Total Energy: -30032.770646 eV
Step: 20520, Temperature: 299.50 K, Total Energy: -30032.352244 eV
Step: 20540, Temperature: 304.49 K, Total Energy: -30032.193275 eV
Step: 20560, Temperature: 307.68 K, Total Energy: -30031.821078 eV
Step: 20580, Temperature: 272.43 K, Total Energy: -30032.272129 eV
Step: 20600, Temperature: 272.13 K, Total Energy: -30031.744229 eV
Step: 20620, Temperature: 307.54 K, Total Energy: -30031.797264 eV
Step: 20640, Temperature: 280.66 K, Total Energy: -30031.618518 eV
Step: 20660, Temperature: 324.08 K, Total Energy: -30031.798825 eV
Step: 20680, Temperature: 329.55 K, Total Energy: -30030.846627 eV
Step: 20700, Temperature: 348.11 K, Total Energy: -30030.471876 eV
Step: 20720, Temperature: 320.88 K, Total Energy: -30030.970057 eV
Step: 20740, Temperature: 300.51 K, Total Energy: -30032.272380 eV
Step: 20760, Temperature: 328.47 K, Total Energy: -30031.777743 eV
Step: 20780, Temperature: 299.68 K, Total Energy: -30031.869196 eV
Step: 20800, Temperature: 317.51 K, Total Energy: -30032.172686 eV
Step: 20820, Temperature: 291.01 K, Total Energy: -30032.418251 eV
Step: 20840, Temperature: 317.10 K, Total Energy: -30032.030650 eV
Step: 20860, Temperature: 307.38 K, Total Energy: -30031.568795 eV
Step: 20880, Temperature: 306.34 K, Total Energy: -30032.168834 eV
Step: 20900, Temperature: 319.91 K, Total Energy: -30031.953086 eV
Step: 20920, Temperature: 316.61 K, Total Energy: -30031.865004 eV
Step: 20940, Temperature: 295.78 K, Total Energy: -30032.686605 eV
Step: 20960, Temperature: 286.10 K, Total Energy: -30031.833119 eV
Step: 20980, Temperature: 291.43 K, Total Energy: -30031.796525 eV
Step: 21000, Temperature: 333.40 K, Total Energy: -30031.741306 eV
Step: 21020, Temperature: 302.41 K, Total Energy: -30031.828844 eV
Step: 21040, Temperature: 335.85 K, Total Energy: -30031.377795 eV
Step: 21060, Temperature: 288.20 K, Total Energy: -30031.542833 eV
Step: 21080, Temperature: 305.68 K, Total Energy: -30031.845315 eV
Step: 21100, Temperature: 327.53 K, Total Energy: -30031.636943 eV
Step: 21120, Temperature: 335.28 K, Total Energy: -30031.247522 eV
Step: 21140, Temperature: 318.20 K, Total Energy: -30031.446680 eV
Step: 21160, Temperature: 336.45 K, Total Energy: -30031.665710 eV
Step: 21180, Temperature: 330.09 K, Total Energy: -30032.131964 eV
Step: 21200, Temperature: 348.02 K, Total Energy: -30032.046438 eV
Step: 21220, Temperature: 354.52 K, Total Energy: -30032.135209 eV
Step: 21240, Temperature: 357.25 K, Total Energy: -30032.051658 eV
Step: 21260, Temperature: 304.58 K, Total Energy: -30032.329723 eV
Step: 21280, Temperature: 282.68 K, Total Energy: -30032.832251 eV
Step: 21300, Temperature: 317.19 K, Total Energy: -30033.020626 eV
Step: 21320, Temperature: 307.73 K, Total Energy: -30033.329474 eV
Step: 21340, Temperature: 275.24 K, Total Energy: -30033.811784 eV
Step: 21360, Temperature: 320.33 K, Total Energy: -30033.639940 eV
Step: 21380, Temperature: 293.06 K, Total Energy: -30033.644734 eV
Step: 21400, Temperature: 290.69 K, Total Energy: -30033.604069 eV
Step: 21420, Temperature: 278.61 K, Total Energy: -30034.011351 eV
Step: 21440, Temperature: 299.75 K, Total Energy: -30033.396655 eV
Step: 21460, Temperature: 272.04 K, Total Energy: -30033.881383 eV
Step: 21480, Temperature: 278.49 K, Total Energy: -30034.725105 eV
Step: 21500, Temperature: 257.76 K, Total Energy: -30034.352938 eV
Step: 21520, Temperature: 290.99 K, Total Energy: -30034.051745 eV
Step: 21540, Temperature: 251.66 K, Total Energy: -30034.221054 eV
Step: 21560, Temperature: 300.84 K, Total Energy: -30033.418644 eV
Step: 21580, Temperature: 320.18 K, Total Energy: -30032.967894 eV
Step: 21600, Temperature: 302.52 K, Total Energy: -30032.283002 eV
Step: 21620, Temperature: 324.44 K, Total Energy: -30031.922704 eV
Step: 21640, Temperature: 285.32 K, Total Energy: -30032.083033 eV
Step: 21660, Temperature: 332.85 K, Total Energy: -30032.065413 eV
Step: 21680, Temperature: 359.11 K, Total Energy: -30031.574018 eV
Step: 21700, Temperature: 319.49 K, Total Energy: -30031.971430 eV
Step: 21720, Temperature: 328.47 K, Total Energy: -30032.170214 eV
Step: 21740, Temperature: 339.05 K, Total Energy: -30032.228008 eV
Step: 21760, Temperature: 304.52 K, Total Energy: -30031.870096 eV
Step: 21780, Temperature: 333.98 K, Total Energy: -30032.310911 eV
Step: 21800, Temperature: 289.52 K, Total Energy: -30032.980693 eV
Step: 21820, Temperature: 305.28 K, Total Energy: -30033.406054 eV
Step: 21840, Temperature: 301.79 K, Total Energy: -30033.103913 eV
Step: 21860, Temperature: 300.54 K, Total Energy: -30032.697579 eV
Step: 21880, Temperature: 305.10 K, Total Energy: -30032.924100 eV
Step: 21900, Temperature: 317.20 K, Total Energy: -30032.680501 eV
Step: 21920, Temperature: 318.35 K, Total Energy: -30033.140167 eV
Step: 21940, Temperature: 283.00 K, Total Energy: -30033.544978 eV
Step: 21960, Temperature: 293.26 K, Total Energy: -30033.305979 eV
Step: 21980, Temperature: 283.87 K, Total Energy: -30033.050743 eV
Step: 22000, Temperature: 286.55 K, Total Energy: -30032.644350 eV
Step: 22020, Temperature: 305.05 K, Total Energy: -30032.831569 eV
Step: 22040, Temperature: 293.46 K, Total Energy: -30033.037201 eV
Step: 22060, Temperature: 303.91 K, Total Energy: -30032.809196 eV
Step: 22080, Temperature: 313.52 K, Total Energy: -30032.746406 eV
Step: 22100, Temperature: 320.54 K, Total Energy: -30033.066355 eV
Step: 22120, Temperature: 323.89 K, Total Energy: -30032.955905 eV
Step: 22140, Temperature: 320.89 K, Total Energy: -30033.051704 eV
Step: 22160, Temperature: 300.82 K, Total Energy: -30032.524594 eV
Step: 22180, Temperature: 312.52 K, Total Energy: -30032.642359 eV
Step: 22200, Temperature: 285.30 K, Total Energy: -30032.628477 eV
Step: 22220, Temperature: 287.71 K, Total Energy: -30033.547231 eV
Step: 22240, Temperature: 287.63 K, Total Energy: -30033.150595 eV
Step: 22260, Temperature: 315.28 K, Total Energy: -30032.608994 eV
Step: 22280, Temperature: 300.32 K, Total Energy: -30032.634584 eV
Step: 22300, Temperature: 281.22 K, Total Energy: -30033.106640 eV
Step: 22320, Temperature: 330.92 K, Total Energy: -30032.173981 eV
Step: 22340, Temperature: 276.54 K, Total Energy: -30032.025445 eV
Step: 22360, Temperature: 295.85 K, Total Energy: -30032.513000 eV
Step: 22380, Temperature: 300.90 K, Total Energy: -30032.376130 eV
Step: 22400, Temperature: 314.00 K, Total Energy: -30032.531469 eV
Step: 22420, Temperature: 295.65 K, Total Energy: -30032.623430 eV
Step: 22440, Temperature: 303.70 K, Total Energy: -30032.648401 eV
Step: 22460, Temperature: 292.12 K, Total Energy: -30033.015886 eV
Step: 22480, Temperature: 299.71 K, Total Energy: -30033.003182 eV
Step: 22500, Temperature: 286.05 K, Total Energy: -30032.857876 eV
Step: 22520, Temperature: 291.12 K, Total Energy: -30032.735986 eV
Step: 22540, Temperature: 297.43 K, Total Energy: -30032.829259 eV
Step: 22560, Temperature: 288.95 K, Total Energy: -30033.037803 eV
Step: 22580, Temperature: 304.43 K, Total Energy: -30032.753305 eV
Step: 22600, Temperature: 301.08 K, Total Energy: -30033.262310 eV
Step: 22620, Temperature: 327.49 K, Total Energy: -30033.079388 eV
Step: 22640, Temperature: 277.57 K, Total Energy: -30032.949182 eV
Step: 22660, Temperature: 318.71 K, Total Energy: -30032.557202 eV
Step: 22680, Temperature: 339.00 K, Total Energy: -30032.235245 eV
Step: 22700, Temperature: 296.90 K, Total Energy: -30032.279948 eV
Step: 22720, Temperature: 314.24 K, Total Energy: -30032.543035 eV
Step: 22740, Temperature: 316.65 K, Total Energy: -30032.951859 eV
Step: 22760, Temperature: 299.06 K, Total Energy: -30032.372836 eV
Step: 22780, Temperature: 310.99 K, Total Energy: -30032.438018 eV
Step: 22800, Temperature: 300.22 K, Total Energy: -30032.308966 eV
Step: 22820, Temperature: 275.58 K, Total Energy: -30032.627469 eV
Step: 22840, Temperature: 289.40 K, Total Energy: -30032.104853 eV
Step: 22860, Temperature: 328.24 K, Total Energy: -30031.603725 eV
Step: 22880, Temperature: 326.65 K, Total Energy: -30031.525957 eV
Step: 22900, Temperature: 347.48 K, Total Energy: -30031.165453 eV
Step: 22920, Temperature: 340.57 K, Total Energy: -30031.084895 eV
Step: 22940, Temperature: 333.23 K, Total Energy: -30031.485720 eV
Step: 22960, Temperature: 357.68 K, Total Energy: -30031.435640 eV
Step: 22980, Temperature: 351.56 K, Total Energy: -30031.179210 eV
Step: 23000, Temperature: 324.45 K, Total Energy: -30031.504571 eV
Step: 23020, Temperature: 319.44 K, Total Energy: -30031.398402 eV
Step: 23040, Temperature: 293.39 K, Total Energy: -30032.368949 eV
Step: 23060, Temperature: 323.38 K, Total Energy: -30032.009538 eV
Step: 23080, Temperature: 334.11 K, Total Energy: -30031.768624 eV
Step: 23100, Temperature: 324.60 K, Total Energy: -30031.280068 eV
Step: 23120, Temperature: 311.01 K, Total Energy: -30031.554906 eV
Step: 23140, Temperature: 324.56 K, Total Energy: -30032.173560 eV
Step: 23160, Temperature: 315.76 K, Total Energy: -30031.843108 eV
Step: 23180, Temperature: 316.39 K, Total Energy: -30032.667481 eV
Step: 23200, Temperature: 297.70 K, Total Energy: -30032.908680 eV
Step: 23220, Temperature: 281.10 K, Total Energy: -30033.267825 eV
Step: 23240, Temperature: 313.92 K, Total Energy: -30032.773649 eV
Step: 23260, Temperature: 329.05 K, Total Energy: -30032.292639 eV
Step: 23280, Temperature: 294.29 K, Total Energy: -30032.645450 eV
Step: 23300, Temperature: 298.21 K, Total Energy: -30032.528689 eV
Step: 23320, Temperature: 292.74 K, Total Energy: -30032.637244 eV
Step: 23340, Temperature: 282.61 K, Total Energy: -30032.907983 eV
Step: 23360, Temperature: 318.91 K, Total Energy: -30033.042315 eV
Step: 23380, Temperature: 309.57 K, Total Energy: -30032.555386 eV
Step: 23400, Temperature: 313.42 K, Total Energy: -30031.959895 eV
Step: 23420, Temperature: 308.80 K, Total Energy: -30032.371476 eV
Step: 23440, Temperature: 290.33 K, Total Energy: -30032.353165 eV
Step: 23460, Temperature: 288.81 K, Total Energy: -30032.781466 eV
Step: 23480, Temperature: 284.85 K, Total Energy: -30032.514709 eV
Step: 23500, Temperature: 312.71 K, Total Energy: -30032.030139 eV
Step: 23520, Temperature: 280.49 K, Total Energy: -30032.601255 eV
Step: 23540, Temperature: 330.20 K, Total Energy: -30032.371468 eV
Step: 23560, Temperature: 293.48 K, Total Energy: -30032.427305 eV
Step: 23580, Temperature: 312.83 K, Total Energy: -30032.062439 eV
Step: 23600, Temperature: 328.72 K, Total Energy: -30031.871145 eV
Step: 23620, Temperature: 296.02 K, Total Energy: -30032.479632 eV
Step: 23640, Temperature: 281.46 K, Total Energy: -30032.278513 eV
Step: 23660, Temperature: 294.12 K, Total Energy: -30032.220142 eV
Step: 23680, Temperature: 313.15 K, Total Energy: -30032.710605 eV
Step: 23700, Temperature: 288.70 K, Total Energy: -30033.004968 eV
Step: 23720, Temperature: 310.74 K, Total Energy: -30032.965871 eV
Step: 23740, Temperature: 290.92 K, Total Energy: -30032.944064 eV
Step: 23760, Temperature: 292.55 K, Total Energy: -30032.981615 eV
Step: 23780, Temperature: 282.53 K, Total Energy: -30033.111365 eV
Step: 23800, Temperature: 267.34 K, Total Energy: -30033.119013 eV
Step: 23820, Temperature: 269.21 K, Total Energy: -30032.613747 eV
Step: 23840, Temperature: 292.89 K, Total Energy: -30032.420540 eV
Step: 23860, Temperature: 320.61 K, Total Energy: -30032.195460 eV
Step: 23880, Temperature: 301.08 K, Total Energy: -30032.457457 eV
Step: 23900, Temperature: 304.29 K, Total Energy: -30032.475624 eV
Step: 23920, Temperature: 325.00 K, Total Energy: -30032.311141 eV
Step: 23940, Temperature: 295.08 K, Total Energy: -30032.209853 eV
Step: 23960, Temperature: 287.80 K, Total Energy: -30033.068276 eV
Step: 23980, Temperature: 289.96 K, Total Energy: -30033.258926 eV
Step: 24000, Temperature: 267.39 K, Total Energy: -30033.836501 eV
Step: 24020, Temperature: 293.80 K, Total Energy: -30033.829674 eV
Step: 24040, Temperature: 272.90 K, Total Energy: -30034.125729 eV
Step: 24060, Temperature: 262.81 K, Total Energy: -30034.698321 eV
Step: 24080, Temperature: 278.49 K, Total Energy: -30034.445801 eV
Step: 24100, Temperature: 270.48 K, Total Energy: -30034.043213 eV
Step: 24120, Temperature: 299.74 K, Total Energy: -30033.986835 eV
Step: 24140, Temperature: 278.07 K, Total Energy: -30033.764862 eV
Step: 24160, Temperature: 287.92 K, Total Energy: -30033.332987 eV
Step: 24180, Temperature: 285.09 K, Total Energy: -30033.367969 eV
Step: 24200, Temperature: 285.36 K, Total Energy: -30032.992117 eV
Step: 24220, Temperature: 308.80 K, Total Energy: -30033.078515 eV
Step: 24240, Temperature: 326.64 K, Total Energy: -30033.237298 eV
Step: 24260, Temperature: 273.01 K, Total Energy: -30033.451011 eV
Step: 24280, Temperature: 308.98 K, Total Energy: -30033.579888 eV
Step: 24300, Temperature: 317.06 K, Total Energy: -30033.254192 eV
Step: 24320, Temperature: 302.98 K, Total Energy: -30033.744310 eV
Step: 24340, Temperature: 299.54 K, Total Energy: -30033.099240 eV
Step: 24360, Temperature: 306.22 K, Total Energy: -30032.849377 eV
Step: 24380, Temperature: 321.19 K, Total Energy: -30032.985821 eV
Step: 24400, Temperature: 297.19 K, Total Energy: -30032.452376 eV
Step: 24420, Temperature: 313.08 K, Total Energy: -30032.419341 eV
Step: 24440, Temperature: 306.08 K, Total Energy: -30032.696677 eV
Step: 24460, Temperature: 275.26 K, Total Energy: -30033.111901 eV
Step: 24480, Temperature: 304.51 K, Total Energy: -30032.628200 eV
Step: 24500, Temperature: 277.81 K, Total Energy: -30033.734315 eV
Step: 24520, Temperature: 270.01 K, Total Energy: -30034.085925 eV
Step: 24540, Temperature: 274.96 K, Total Energy: -30034.611637 eV
Step: 24560, Temperature: 281.16 K, Total Energy: -30034.239088 eV
Step: 24580, Temperature: 273.32 K, Total Energy: -30034.339934 eV
Step: 24600, Temperature: 274.24 K, Total Energy: -30034.350297 eV
Step: 24620, Temperature: 287.71 K, Total Energy: -30034.347814 eV
Step: 24640, Temperature: 291.66 K, Total Energy: -30034.146356 eV
Step: 24660, Temperature: 301.29 K, Total Energy: -30033.434681 eV
Step: 24680, Temperature: 285.99 K, Total Energy: -30033.462847 eV
Step: 24700, Temperature: 289.66 K, Total Energy: -30033.053447 eV
Step: 24720, Temperature: 294.38 K, Total Energy: -30032.838518 eV
Step: 24740, Temperature: 319.39 K, Total Energy: -30032.762781 eV
Step: 24760, Temperature: 330.09 K, Total Energy: -30032.557745 eV
Step: 24780, Temperature: 328.98 K, Total Energy: -30032.319801 eV
Step: 24800, Temperature: 319.55 K, Total Energy: -30032.245119 eV
Step: 24820, Temperature: 328.30 K, Total Energy: -30031.844522 eV
Step: 24840, Temperature: 331.76 K, Total Energy: -30032.225339 eV
Step: 24860, Temperature: 317.74 K, Total Energy: -30031.794060 eV
Step: 24880, Temperature: 317.20 K, Total Energy: -30031.887512 eV
Step: 24900, Temperature: 341.06 K, Total Energy: -30031.953539 eV
Step: 24920, Temperature: 330.33 K, Total Energy: -30032.102707 eV
Step: 24940, Temperature: 331.35 K, Total Energy: -30032.020782 eV
Step: 24960, Temperature: 317.10 K, Total Energy: -30032.407608 eV
Step: 24980, Temperature: 332.00 K, Total Energy: -30033.104287 eV
Step: 25000, Temperature: 290.93 K, Total Energy: -30033.143027 eV
Step: 25020, Temperature: 302.40 K, Total Energy: -30033.393558 eV
Step: 25040, Temperature: 283.84 K, Total Energy: -30034.020131 eV
Step: 25060, Temperature: 295.28 K, Total Energy: -30033.831975 eV
Step: 25080, Temperature: 264.48 K, Total Energy: -30034.350109 eV
Step: 25100, Temperature: 291.03 K, Total Energy: -30033.687463 eV
Step: 25120, Temperature: 283.42 K, Total Energy: -30033.702440 eV
Step: 25140, Temperature: 285.18 K, Total Energy: -30033.189898 eV
Step: 25160, Temperature: 284.29 K, Total Energy: -30033.088925 eV
Step: 25180, Temperature: 309.38 K, Total Energy: -30033.433171 eV
Step: 25200, Temperature: 273.73 K, Total Energy: -30033.618615 eV
Step: 25220, Temperature: 336.80 K, Total Energy: -30033.172596 eV
Step: 25240, Temperature: 285.01 K, Total Energy: -30033.307503 eV
Step: 25260, Temperature: 293.80 K, Total Energy: -30033.550308 eV
Step: 25280, Temperature: 288.70 K, Total Energy: -30032.721865 eV
Step: 25300, Temperature: 262.59 K, Total Energy: -30033.248672 eV
Step: 25320, Temperature: 266.65 K, Total Energy: -30033.567903 eV
Step: 25340, Temperature: 271.86 K, Total Energy: -30033.665059 eV
Step: 25360, Temperature: 289.18 K, Total Energy: -30032.879810 eV
Step: 25380, Temperature: 311.77 K, Total Energy: -30032.729283 eV
Step: 25400, Temperature: 292.93 K, Total Energy: -30032.450803 eV
Step: 25420, Temperature: 276.31 K, Total Energy: -30033.029241 eV
Step: 25440, Temperature: 324.47 K, Total Energy: -30033.177823 eV
Step: 25460, Temperature: 293.17 K, Total Energy: -30032.972142 eV
Step: 25480, Temperature: 307.21 K, Total Energy: -30032.709783 eV
Step: 25500, Temperature: 309.93 K, Total Energy: -30032.519194 eV
Step: 25520, Temperature: 301.43 K, Total Energy: -30032.759474 eV
Step: 25540, Temperature: 305.67 K, Total Energy: -30032.478387 eV
Step: 25560, Temperature: 324.34 K, Total Energy: -30031.790291 eV
Step: 25580, Temperature: 304.11 K, Total Energy: -30032.364742 eV
Step: 25600, Temperature: 315.35 K, Total Energy: -30032.572222 eV
Step: 25620, Temperature: 309.12 K, Total Energy: -30032.211010 eV
Step: 25640, Temperature: 306.70 K, Total Energy: -30032.382534 eV
Step: 25660, Temperature: 297.63 K, Total Energy: -30032.380914 eV
Step: 25680, Temperature: 309.94 K, Total Energy: -30031.929147 eV
Step: 25700, Temperature: 325.50 K, Total Energy: -30032.021501 eV
Step: 25720, Temperature: 308.17 K, Total Energy: -30032.314653 eV
Step: 25740, Temperature: 309.27 K, Total Energy: -30032.810817 eV
Step: 25760, Temperature: 315.85 K, Total Energy: -30033.016850 eV
Step: 25780, Temperature: 298.16 K, Total Energy: -30032.871781 eV
Step: 25800, Temperature: 291.87 K, Total Energy: -30032.746616 eV
Step: 25820, Temperature: 288.28 K, Total Energy: -30032.644359 eV
Step: 25840, Temperature: 293.99 K, Total Energy: -30033.025938 eV
Step: 25860, Temperature: 297.57 K, Total Energy: -30033.048439 eV
Step: 25880, Temperature: 293.93 K, Total Energy: -30033.031408 eV
Step: 25900, Temperature: 277.45 K, Total Energy: -30033.350652 eV
Step: 25920, Temperature: 302.08 K, Total Energy: -30033.540064 eV
Step: 25940, Temperature: 297.76 K, Total Energy: -30033.104404 eV
Step: 25960, Temperature: 305.43 K, Total Energy: -30032.871083 eV
Step: 25980, Temperature: 284.43 K, Total Energy: -30033.276939 eV
Step: 26000, Temperature: 305.46 K, Total Energy: -30032.020672 eV
Step: 26020, Temperature: 310.24 K, Total Energy: -30032.001661 eV
Step: 26040, Temperature: 302.22 K, Total Energy: -30032.317872 eV
Step: 26060, Temperature: 305.63 K, Total Energy: -30032.045834 eV
Step: 26080, Temperature: 297.44 K, Total Energy: -30032.311475 eV
Step: 26100, Temperature: 294.69 K, Total Energy: -30032.916844 eV
Step: 26120, Temperature: 300.49 K, Total Energy: -30032.669341 eV
Step: 26140, Temperature: 329.79 K, Total Energy: -30032.176654 eV
Step: 26160, Temperature: 303.57 K, Total Energy: -30032.311847 eV
Step: 26180, Temperature: 294.17 K, Total Energy: -30032.400581 eV
Step: 26200, Temperature: 312.53 K, Total Energy: -30032.284736 eV
Step: 26220, Temperature: 294.10 K, Total Energy: -30032.835768 eV
Step: 26240, Temperature: 276.13 K, Total Energy: -30032.937944 eV
Step: 26260, Temperature: 310.50 K, Total Energy: -30032.348790 eV
Step: 26280, Temperature: 271.64 K, Total Energy: -30032.797631 eV
Step: 26300, Temperature: 288.35 K, Total Energy: -30032.865209 eV
Step: 26320, Temperature: 296.60 K, Total Energy: -30032.258054 eV
Step: 26340, Temperature: 287.43 K, Total Energy: -30032.099008 eV
Step: 26360, Temperature: 284.64 K, Total Energy: -30032.308912 eV
Step: 26380, Temperature: 287.79 K, Total Energy: -30032.242381 eV
Step: 26400, Temperature: 278.91 K, Total Energy: -30032.410025 eV
Step: 26420, Temperature: 294.61 K, Total Energy: -30032.211742 eV
Step: 26440, Temperature: 300.29 K, Total Energy: -30032.623547 eV
Step: 26460, Temperature: 305.20 K, Total Energy: -30032.280966 eV
Step: 26480, Temperature: 300.71 K, Total Energy: -30031.843586 eV
Step: 26500, Temperature: 301.00 K, Total Energy: -30031.875420 eV
Step: 26520, Temperature: 306.23 K, Total Energy: -30032.403804 eV
Step: 26540, Temperature: 281.78 K, Total Energy: -30032.342661 eV
Step: 26560, Temperature: 318.55 K, Total Energy: -30031.779888 eV
Step: 26580, Temperature: 330.67 K, Total Energy: -30031.517989 eV
Step: 26600, Temperature: 322.97 K, Total Energy: -30031.716993 eV
Step: 26620, Temperature: 320.18 K, Total Energy: -30031.797991 eV
Step: 26640, Temperature: 329.65 K, Total Energy: -30031.642888 eV
Step: 26660, Temperature: 314.84 K, Total Energy: -30031.965703 eV
Step: 26680, Temperature: 324.01 K, Total Energy: -30031.943174 eV
Step: 26700, Temperature: 299.17 K, Total Energy: -30032.061617 eV
Step: 26720, Temperature: 294.35 K, Total Energy: -30032.313896 eV
Step: 26740, Temperature: 340.29 K, Total Energy: -30032.029207 eV
Step: 26760, Temperature: 305.01 K, Total Energy: -30031.295514 eV
Step: 26780, Temperature: 344.31 K, Total Energy: -30030.718564 eV
Step: 26800, Temperature: 324.44 K, Total Energy: -30031.186301 eV
Step: 26820, Temperature: 326.47 K, Total Energy: -30031.009005 eV
Step: 26840, Temperature: 350.92 K, Total Energy: -30031.105362 eV
Step: 26860, Temperature: 341.00 K, Total Energy: -30030.960914 eV
Step: 26880, Temperature: 310.36 K, Total Energy: -30031.475289 eV
Step: 26900, Temperature: 310.08 K, Total Energy: -30031.589692 eV
Step: 26920, Temperature: 309.71 K, Total Energy: -30031.446564 eV
Step: 26940, Temperature: 334.98 K, Total Energy: -30031.897517 eV
Step: 26960, Temperature: 309.55 K, Total Energy: -30031.893718 eV
Step: 26980, Temperature: 315.04 K, Total Energy: -30032.021304 eV
Step: 27000, Temperature: 311.25 K, Total Energy: -30032.421842 eV
Step: 27020, Temperature: 299.91 K, Total Energy: -30032.291179 eV
Step: 27040, Temperature: 305.51 K, Total Energy: -30032.818197 eV
Step: 27060, Temperature: 301.91 K, Total Energy: -30033.005318 eV
Step: 27080, Temperature: 288.29 K, Total Energy: -30032.409632 eV
Step: 27100, Temperature: 335.97 K, Total Energy: -30032.345409 eV
Step: 27120, Temperature: 303.62 K, Total Energy: -30032.462751 eV
Step: 27140, Temperature: 276.54 K, Total Energy: -30032.980520 eV
Step: 27160, Temperature: 285.32 K, Total Energy: -30032.594848 eV
Step: 27180, Temperature: 310.66 K, Total Energy: -30032.180670 eV
Step: 27200, Temperature: 274.19 K, Total Energy: -30032.425527 eV
Step: 27220, Temperature: 301.96 K, Total Energy: -30032.502006 eV
Step: 27240, Temperature: 277.63 K, Total Energy: -30033.215201 eV
Step: 27260, Temperature: 273.18 K, Total Energy: -30033.390233 eV
Step: 27280, Temperature: 304.85 K, Total Energy: -30032.778030 eV
Step: 27300, Temperature: 289.58 K, Total Energy: -30033.221415 eV
Step: 27320, Temperature: 275.78 K, Total Energy: -30033.755223 eV
Step: 27340, Temperature: 275.47 K, Total Energy: -30033.555901 eV
Step: 27360, Temperature: 295.08 K, Total Energy: -30033.022359 eV
Step: 27380, Temperature: 301.03 K, Total Energy: -30033.038946 eV
Step: 27400, Temperature: 294.34 K, Total Energy: -30033.003740 eV
Step: 27420, Temperature: 306.61 K, Total Energy: -30032.812362 eV
Step: 27440, Temperature: 294.29 K, Total Energy: -30032.909349 eV
Step: 27460, Temperature: 293.77 K, Total Energy: -30033.166313 eV
Step: 27480, Temperature: 292.60 K, Total Energy: -30033.021560 eV
Step: 27500, Temperature: 277.84 K, Total Energy: -30033.364267 eV
Step: 27520, Temperature: 289.58 K, Total Energy: -30033.149288 eV
Step: 27540, Temperature: 260.93 K, Total Energy: -30033.594620 eV
Step: 27560, Temperature: 291.21 K, Total Energy: -30033.143929 eV
Step: 27580, Temperature: 288.92 K, Total Energy: -30032.862691 eV
Step: 27600, Temperature: 321.21 K, Total Energy: -30032.828917 eV
Step: 27620, Temperature: 289.86 K, Total Energy: -30033.224237 eV
Step: 27640, Temperature: 298.80 K, Total Energy: -30033.311074 eV
Step: 27660, Temperature: 285.60 K, Total Energy: -30033.415956 eV
Step: 27680, Temperature: 273.86 K, Total Energy: -30033.564640 eV
Step: 27700, Temperature: 315.26 K, Total Energy: -30033.343979 eV
Step: 27720, Temperature: 296.23 K, Total Energy: -30033.103362 eV
Step: 27740, Temperature: 280.78 K, Total Energy: -30033.422370 eV
Step: 27760, Temperature: 292.70 K, Total Energy: -30033.569896 eV
Step: 27780, Temperature: 292.98 K, Total Energy: -30033.484800 eV
Step: 27800, Temperature: 312.55 K, Total Energy: -30033.780225 eV
Step: 27820, Temperature: 292.24 K, Total Energy: -30034.045974 eV
Step: 27840, Temperature: 289.57 K, Total Energy: -30033.866235 eV
Step: 27860, Temperature: 277.76 K, Total Energy: -30034.116301 eV
Step: 27880, Temperature: 280.98 K, Total Energy: -30034.102760 eV
Step: 27900, Temperature: 270.78 K, Total Energy: -30034.221150 eV
Step: 27920, Temperature: 288.87 K, Total Energy: -30034.375660 eV
Step: 27940, Temperature: 285.12 K, Total Energy: -30034.246065 eV
Step: 27960, Temperature: 280.41 K, Total Energy: -30034.355353 eV
Step: 27980, Temperature: 283.70 K, Total Energy: -30033.488333 eV
Step: 28000, Temperature: 271.59 K, Total Energy: -30033.812375 eV
Step: 28020, Temperature: 275.67 K, Total Energy: -30034.109510 eV
Step: 28040, Temperature: 269.43 K, Total Energy: -30033.670664 eV
Step: 28060, Temperature: 264.99 K, Total Energy: -30033.982094 eV
Step: 28080, Temperature: 295.25 K, Total Energy: -30033.500627 eV
Step: 28100, Temperature: 292.21 K, Total Energy: -30034.031120 eV
Step: 28120, Temperature: 284.00 K, Total Energy: -30033.342346 eV
Step: 28140, Temperature: 287.41 K, Total Energy: -30033.509693 eV
Step: 28160, Temperature: 287.33 K, Total Energy: -30033.593684 eV
Step: 28180, Temperature: 299.55 K, Total Energy: -30033.714345 eV
Step: 28200, Temperature: 293.56 K, Total Energy: -30033.788779 eV
Step: 28220, Temperature: 304.37 K, Total Energy: -30033.465660 eV
Step: 28240, Temperature: 313.18 K, Total Energy: -30032.895466 eV
Step: 28260, Temperature: 311.82 K, Total Energy: -30033.253345 eV
Step: 28280, Temperature: 307.60 K, Total Energy: -30033.024175 eV
Step: 28300, Temperature: 318.35 K, Total Energy: -30032.233905 eV
Step: 28320, Temperature: 285.65 K, Total Energy: -30032.883491 eV
Step: 28340, Temperature: 301.23 K, Total Energy: -30033.303331 eV
Step: 28360, Temperature: 286.86 K, Total Energy: -30033.490012 eV
Step: 28380, Temperature: 296.51 K, Total Energy: -30033.639268 eV
Step: 28400, Temperature: 287.88 K, Total Energy: -30033.525356 eV
Step: 28420, Temperature: 273.97 K, Total Energy: -30033.382205 eV
Step: 28440, Temperature: 295.69 K, Total Energy: -30032.583518 eV
Step: 28460, Temperature: 286.23 K, Total Energy: -30032.706985 eV
Step: 28480, Temperature: 297.67 K, Total Energy: -30032.592984 eV
Step: 28500, Temperature: 284.47 K, Total Energy: -30032.459559 eV
Step: 28520, Temperature: 316.79 K, Total Energy: -30032.352799 eV
Step: 28540, Temperature: 310.63 K, Total Energy: -30032.138433 eV
Step: 28560, Temperature: 272.38 K, Total Energy: -30032.531122 eV
Step: 28580, Temperature: 303.47 K, Total Energy: -30032.408032 eV
Step: 28600, Temperature: 302.93 K, Total Energy: -30032.601015 eV
Step: 28620, Temperature: 342.97 K, Total Energy: -30032.140544 eV
Step: 28640, Temperature: 307.29 K, Total Energy: -30031.979169 eV
Step: 28660, Temperature: 332.08 K, Total Energy: -30032.168676 eV
Step: 28680, Temperature: 338.07 K, Total Energy: -30031.580412 eV
Step: 28700, Temperature: 327.18 K, Total Energy: -30032.346802 eV
Step: 28720, Temperature: 306.26 K, Total Energy: -30032.797599 eV
Step: 28740, Temperature: 303.80 K, Total Energy: -30032.600849 eV
Step: 28760, Temperature: 312.07 K, Total Energy: -30032.671080 eV
Step: 28780, Temperature: 313.13 K, Total Energy: -30032.412391 eV
Step: 28800, Temperature: 292.58 K, Total Energy: -30032.699776 eV
Step: 28820, Temperature: 340.69 K, Total Energy: -30032.427696 eV
Step: 28840, Temperature: 336.51 K, Total Energy: -30031.894541 eV
Step: 28860, Temperature: 300.33 K, Total Energy: -30032.593304 eV
Step: 28880, Temperature: 308.27 K, Total Energy: -30032.495766 eV
Step: 28900, Temperature: 298.01 K, Total Energy: -30032.842410 eV
Step: 28920, Temperature: 324.85 K, Total Energy: -30032.252251 eV
Step: 28940, Temperature: 297.70 K, Total Energy: -30032.631131 eV
Step: 28960, Temperature: 281.41 K, Total Energy: -30033.224859 eV
Step: 28980, Temperature: 309.71 K, Total Energy: -30032.940630 eV
Step: 29000, Temperature: 322.37 K, Total Energy: -30032.433164 eV
Step: 29020, Temperature: 324.27 K, Total Energy: -30032.333245 eV
Step: 29040, Temperature: 337.67 K, Total Energy: -30031.658798 eV
Step: 29060, Temperature: 326.95 K, Total Energy: -30031.665179 eV
Step: 29080, Temperature: 310.99 K, Total Energy: -30031.895226 eV
Step: 29100, Temperature: 317.31 K, Total Energy: -30032.552874 eV
Step: 29120, Temperature: 304.11 K, Total Energy: -30032.569932 eV
Step: 29140, Temperature: 310.92 K, Total Energy: -30032.789369 eV
Step: 29160, Temperature: 300.20 K, Total Energy: -30032.633663 eV
Step: 29180, Temperature: 312.52 K, Total Energy: -30032.101254 eV
Step: 29200, Temperature: 301.11 K, Total Energy: -30032.533024 eV
Step: 29220, Temperature: 310.97 K, Total Energy: -30033.245299 eV
Step: 29240, Temperature: 312.56 K, Total Energy: -30033.405030 eV
Step: 29260, Temperature: 286.57 K, Total Energy: -30034.069545 eV
Step: 29280, Temperature: 302.27 K, Total Energy: -30034.137082 eV
Step: 29300, Temperature: 283.25 K, Total Energy: -30033.563997 eV
Step: 29320, Temperature: 287.35 K, Total Energy: -30033.370610 eV
Step: 29340, Temperature: 292.88 K, Total Energy: -30033.537957 eV
Step: 29360, Temperature: 304.78 K, Total Energy: -30033.629360 eV
Step: 29380, Temperature: 275.59 K, Total Energy: -30033.693619 eV
Step: 29400, Temperature: 296.30 K, Total Energy: -30033.712808 eV
Step: 29420, Temperature: 321.57 K, Total Energy: -30033.730308 eV
Step: 29440, Temperature: 295.68 K, Total Energy: -30033.447111 eV
Step: 29460, Temperature: 279.40 K, Total Energy: -30033.866600 eV
Step: 29480, Temperature: 302.13 K, Total Energy: -30033.499687 eV
Step: 29500, Temperature: 292.19 K, Total Energy: -30033.787601 eV
Step: 29520, Temperature: 288.80 K, Total Energy: -30033.742729 eV
Step: 29540, Temperature: 290.28 K, Total Energy: -30033.508744 eV
Step: 29560, Temperature: 264.59 K, Total Energy: -30033.499845 eV
Step: 29580, Temperature: 298.13 K, Total Energy: -30033.737856 eV
Step: 29600, Temperature: 289.32 K, Total Energy: -30034.016964 eV
Step: 29620, Temperature: 269.85 K, Total Energy: -30034.302980 eV
Step: 29640, Temperature: 268.76 K, Total Energy: -30034.497974 eV
Step: 29660, Temperature: 256.55 K, Total Energy: -30034.111443 eV
Step: 29680, Temperature: 264.38 K, Total Energy: -30034.092838 eV
Step: 29700, Temperature: 293.11 K, Total Energy: -30033.780211 eV
Step: 29720, Temperature: 301.61 K, Total Energy: -30033.717786 eV
Step: 29740, Temperature: 286.15 K, Total Energy: -30033.845725 eV
Step: 29760, Temperature: 310.01 K, Total Energy: -30032.862777 eV
Step: 29780, Temperature: 337.88 K, Total Energy: -30032.538383 eV
Step: 29800, Temperature: 313.92 K, Total Energy: -30032.791154 eV
Step: 29820, Temperature: 318.79 K, Total Energy: -30032.594201 eV
Step: 29840, Temperature: 291.55 K, Total Energy: -30033.109964 eV
Step: 29860, Temperature: 289.01 K, Total Energy: -30033.141823 eV
Step: 29880, Temperature: 297.35 K, Total Energy: -30033.288461 eV
Step: 29900, Temperature: 316.58 K, Total Energy: -30032.686118 eV
Step: 29920, Temperature: 291.77 K, Total Energy: -30032.331136 eV
Step: 29940, Temperature: 320.44 K, Total Energy: -30032.060950 eV
Step: 29960, Temperature: 299.48 K, Total Energy: -30032.534243 eV
Step: 29980, Temperature: 321.31 K, Total Energy: -30032.115694 eV
Step: 30000, Temperature: 309.98 K, Total Energy: -30032.275682 eV
Step: 30020, Temperature: 319.21 K, Total Energy: -30032.324063 eV
Step: 30040, Temperature: 308.99 K, Total Energy: -30032.433184 eV
Step: 30060, Temperature: 318.20 K, Total Energy: -30032.085350 eV
Step: 30080, Temperature: 312.85 K, Total Energy: -30032.009196 eV
Step: 30100, Temperature: 321.87 K, Total Energy: -30031.980516 eV
Step: 30120, Temperature: 314.48 K, Total Energy: -30032.250015 eV
Step: 30140, Temperature: 306.54 K, Total Energy: -30032.028969 eV
Step: 30160, Temperature: 318.52 K, Total Energy: -30032.116579 eV
Step: 30180, Temperature: 315.38 K, Total Energy: -30032.393586 eV
Step: 30200, Temperature: 309.48 K, Total Energy: -30032.452079 eV
Step: 30220, Temperature: 306.27 K, Total Energy: -30032.436211 eV
Step: 30240, Temperature: 301.30 K, Total Energy: -30032.954104 eV
Step: 30260, Temperature: 294.52 K, Total Energy: -30033.034447 eV
Step: 30280, Temperature: 302.78 K, Total Energy: -30032.122424 eV
Step: 30300, Temperature: 284.08 K, Total Energy: -30033.051383 eV
Step: 30320, Temperature: 295.45 K, Total Energy: -30032.397953 eV
Step: 30340, Temperature: 288.71 K, Total Energy: -30032.213767 eV
Step: 30360, Temperature: 303.84 K, Total Energy: -30032.117556 eV
Step: 30380, Temperature: 286.22 K, Total Energy: -30032.662123 eV
Step: 30400, Temperature: 307.08 K, Total Energy: -30031.884777 eV
Step: 30420, Temperature: 314.85 K, Total Energy: -30032.260259 eV
Step: 30440, Temperature: 267.79 K, Total Energy: -30033.488723 eV
Step: 30460, Temperature: 270.45 K, Total Energy: -30034.297876 eV
Step: 30480, Temperature: 264.52 K, Total Energy: -30033.870827 eV
Step: 30500, Temperature: 285.16 K, Total Energy: -30033.669076 eV
Step: 30520, Temperature: 289.45 K, Total Energy: -30033.230515 eV
Step: 30540, Temperature: 278.92 K, Total Energy: -30033.169527 eV
Step: 30560, Temperature: 306.59 K, Total Energy: -30033.170420 eV
Step: 30580, Temperature: 289.46 K, Total Energy: -30033.792854 eV
Step: 30600, Temperature: 286.56 K, Total Energy: -30033.556038 eV
Step: 30620, Temperature: 289.35 K, Total Energy: -30033.264136 eV
Step: 30640, Temperature: 287.62 K, Total Energy: -30033.180291 eV
Step: 30660, Temperature: 284.07 K, Total Energy: -30033.414932 eV
Step: 30680, Temperature: 285.61 K, Total Energy: -30032.804315 eV
Step: 30700, Temperature: 326.60 K, Total Energy: -30032.072137 eV
Step: 30720, Temperature: 320.25 K, Total Energy: -30032.391802 eV
Step: 30740, Temperature: 304.88 K, Total Energy: -30032.154222 eV
Step: 30760, Temperature: 298.64 K, Total Energy: -30032.529755 eV
Step: 30780, Temperature: 289.85 K, Total Energy: -30032.704885 eV
Step: 30800, Temperature: 289.70 K, Total Energy: -30032.972364 eV
Step: 30820, Temperature: 275.57 K, Total Energy: -30033.233257 eV
Step: 30840, Temperature: 289.94 K, Total Energy: -30032.945038 eV
Step: 30860, Temperature: 293.15 K, Total Energy: -30032.888604 eV
Step: 30880, Temperature: 322.47 K, Total Energy: -30032.133651 eV
Step: 30900, Temperature: 314.03 K, Total Energy: -30032.317883 eV
Step: 30920, Temperature: 303.26 K, Total Energy: -30032.405386 eV
Step: 30940, Temperature: 311.66 K, Total Energy: -30032.394191 eV
Step: 30960, Temperature: 310.44 K, Total Energy: -30032.299526 eV
Step: 30980, Temperature: 306.75 K, Total Energy: -30031.945780 eV
Step: 31000, Temperature: 294.20 K, Total Energy: -30032.122413 eV
Step: 31020, Temperature: 319.51 K, Total Energy: -30031.943411 eV
Step: 31040, Temperature: 329.33 K, Total Energy: -30031.598160 eV
Step: 31060, Temperature: 308.58 K, Total Energy: -30032.263508 eV
Step: 31080, Temperature: 312.07 K, Total Energy: -30032.341108 eV
Step: 31100, Temperature: 289.79 K, Total Energy: -30032.610697 eV
Step: 31120, Temperature: 309.74 K, Total Energy: -30032.201543 eV
Step: 31140, Temperature: 306.58 K, Total Energy: -30032.750629 eV
Step: 31160, Temperature: 307.70 K, Total Energy: -30032.586157 eV
Step: 31180, Temperature: 295.19 K, Total Energy: -30032.808667 eV
Step: 31200, Temperature: 278.88 K, Total Energy: -30032.557306 eV
Step: 31220, Temperature: 283.57 K, Total Energy: -30032.794489 eV
Step: 31240, Temperature: 285.53 K, Total Energy: -30032.968531 eV
Step: 31260, Temperature: 274.10 K, Total Energy: -30033.490481 eV
Step: 31280, Temperature: 291.67 K, Total Energy: -30033.261247 eV
Step: 31300, Temperature: 289.07 K, Total Energy: -30033.786838 eV
Step: 31320, Temperature: 269.69 K, Total Energy: -30033.590008 eV
Step: 31340, Temperature: 271.55 K, Total Energy: -30033.110404 eV
Step: 31360, Temperature: 308.22 K, Total Energy: -30032.692330 eV
Step: 31380, Temperature: 306.63 K, Total Energy: -30032.226086 eV
Step: 31400, Temperature: 319.73 K, Total Energy: -30032.410578 eV
Step: 31420, Temperature: 306.90 K, Total Energy: -30032.170584 eV
Step: 31440, Temperature: 302.04 K, Total Energy: -30031.892676 eV
Step: 31460, Temperature: 298.16 K, Total Energy: -30032.369739 eV
Step: 31480, Temperature: 322.36 K, Total Energy: -30032.312150 eV
Step: 31500, Temperature: 298.34 K, Total Energy: -30032.246245 eV
Step: 31520, Temperature: 298.16 K, Total Energy: -30032.453906 eV
Step: 31540, Temperature: 304.34 K, Total Energy: -30032.774953 eV
Step: 31560, Temperature: 303.82 K, Total Energy: -30032.016471 eV
Step: 31580, Temperature: 347.22 K, Total Energy: -30031.982211 eV
Step: 31600, Temperature: 309.15 K, Total Energy: -30032.104995 eV
Step: 31620, Temperature: 309.50 K, Total Energy: -30032.299245 eV
Step: 31640, Temperature: 329.67 K, Total Energy: -30032.497962 eV
Step: 31660, Temperature: 307.45 K, Total Energy: -30032.895232 eV
Step: 31680, Temperature: 289.63 K, Total Energy: -30032.878410 eV
Step: 31700, Temperature: 312.81 K, Total Energy: -30032.504284 eV
Step: 31720, Temperature: 324.96 K, Total Energy: -30032.730164 eV
Step: 31740, Temperature: 269.83 K, Total Energy: -30032.520087 eV
Step: 31760, Temperature: 318.31 K, Total Energy: -30032.887430 eV
Step: 31780, Temperature: 304.85 K, Total Energy: -30032.785770 eV
Step: 31800, Temperature: 318.19 K, Total Energy: -30032.407973 eV
Step: 31820, Temperature: 297.44 K, Total Energy: -30031.944210 eV
Step: 31840, Temperature: 320.19 K, Total Energy: -30031.924589 eV
Step: 31860, Temperature: 311.65 K, Total Energy: -30031.999891 eV
Step: 31880, Temperature: 325.60 K, Total Energy: -30031.694627 eV
Step: 31900, Temperature: 335.40 K, Total Energy: -30031.859567 eV
Step: 31920, Temperature: 327.99 K, Total Energy: -30031.553278 eV
Step: 31940, Temperature: 307.68 K, Total Energy: -30032.418765 eV
Step: 31960, Temperature: 309.03 K, Total Energy: -30032.803098 eV
Step: 31980, Temperature: 322.38 K, Total Energy: -30032.590914 eV
Step: 32000, Temperature: 306.68 K, Total Energy: -30032.924117 eV
Step: 32020, Temperature: 301.20 K, Total Energy: -30032.673271 eV
Step: 32040, Temperature: 319.50 K, Total Energy: -30032.394822 eV
Step: 32060, Temperature: 307.30 K, Total Energy: -30032.400685 eV
Step: 32080, Temperature: 315.47 K, Total Energy: -30032.893401 eV
Step: 32100, Temperature: 284.56 K, Total Energy: -30032.724862 eV
Step: 32120, Temperature: 285.16 K, Total Energy: -30033.131792 eV
Step: 32140, Temperature: 277.35 K, Total Energy: -30033.474115 eV
Step: 32160, Temperature: 282.91 K, Total Energy: -30033.775754 eV
Step: 32180, Temperature: 295.16 K, Total Energy: -30033.422893 eV
Step: 32200, Temperature: 279.33 K, Total Energy: -30033.458164 eV
Step: 32220, Temperature: 272.73 K, Total Energy: -30033.653397 eV
Step: 32240, Temperature: 282.30 K, Total Energy: -30033.392463 eV
Step: 32260, Temperature: 288.51 K, Total Energy: -30033.511674 eV
Step: 32280, Temperature: 327.38 K, Total Energy: -30033.279525 eV
Step: 32300, Temperature: 325.01 K, Total Energy: -30033.170142 eV
Step: 32320, Temperature: 279.73 K, Total Energy: -30033.571274 eV
Step: 32340, Temperature: 278.08 K, Total Energy: -30033.485446 eV
Step: 32360, Temperature: 266.62 K, Total Energy: -30033.883017 eV
Step: 32380, Temperature: 275.96 K, Total Energy: -30033.592774 eV
Step: 32400, Temperature: 268.33 K, Total Energy: -30033.491027 eV
Step: 32420, Temperature: 281.60 K, Total Energy: -30032.849287 eV
Step: 32440, Temperature: 284.70 K, Total Energy: -30033.106223 eV
Step: 32460, Temperature: 263.05 K, Total Energy: -30033.432690 eV
Step: 32480, Temperature: 270.44 K, Total Energy: -30033.106562 eV
Step: 32500, Temperature: 285.03 K, Total Energy: -30032.588271 eV
Step: 32520, Temperature: 287.84 K, Total Energy: -30032.920759 eV
Step: 32540, Temperature: 282.59 K, Total Energy: -30032.982905 eV
Step: 32560, Temperature: 309.88 K, Total Energy: -30032.229355 eV
Step: 32580, Temperature: 285.96 K, Total Energy: -30032.367841 eV
Step: 32600, Temperature: 305.74 K, Total Energy: -30032.209093 eV
Step: 32620, Temperature: 296.35 K, Total Energy: -30032.612097 eV
Step: 32640, Temperature: 295.13 K, Total Energy: -30032.179290 eV
Step: 32660, Temperature: 327.00 K, Total Energy: -30031.964578 eV
Step: 32680, Temperature: 305.94 K, Total Energy: -30032.012638 eV
Step: 32700, Temperature: 318.38 K, Total Energy: -30031.877767 eV
Step: 32720, Temperature: 321.61 K, Total Energy: -30031.465528 eV
Step: 32740, Temperature: 319.80 K, Total Energy: -30031.692177 eV
Step: 32760, Temperature: 331.80 K, Total Energy: -30031.818047 eV
Step: 32780, Temperature: 337.09 K, Total Energy: -30031.583272 eV
Step: 32800, Temperature: 329.35 K, Total Energy: -30031.613409 eV
Step: 32820, Temperature: 302.97 K, Total Energy: -30032.287505 eV
Step: 32840, Temperature: 302.63 K, Total Energy: -30031.848750 eV
Step: 32860, Temperature: 325.35 K, Total Energy: -30032.466627 eV
Step: 32880, Temperature: 304.48 K, Total Energy: -30032.252016 eV
Step: 32900, Temperature: 318.26 K, Total Energy: -30032.373014 eV
Step: 32920, Temperature: 316.63 K, Total Energy: -30032.227809 eV
Step: 32940, Temperature: 287.17 K, Total Energy: -30032.654227 eV
Step: 32960, Temperature: 270.92 K, Total Energy: -30032.838819 eV
Step: 32980, Temperature: 266.21 K, Total Energy: -30032.457625 eV
Step: 33000, Temperature: 297.86 K, Total Energy: -30032.498458 eV
Step: 33020, Temperature: 283.43 K, Total Energy: -30031.952157 eV
Step: 33040, Temperature: 266.09 K, Total Energy: -30032.466627 eV
Step: 33060, Temperature: 287.93 K, Total Energy: -30032.207668 eV
Step: 33080, Temperature: 287.57 K, Total Energy: -30031.562309 eV
Step: 33100, Temperature: 316.80 K, Total Energy: -30031.653369 eV
Step: 33120, Temperature: 287.24 K, Total Energy: -30031.935664 eV
Step: 33140, Temperature: 296.16 K, Total Energy: -30032.495626 eV
Step: 33160, Temperature: 302.44 K, Total Energy: -30032.408257 eV
Step: 33180, Temperature: 298.33 K, Total Energy: -30031.638990 eV
Step: 33200, Temperature: 311.95 K, Total Energy: -30031.047127 eV
Step: 33220, Temperature: 324.22 K, Total Energy: -30031.623496 eV
Step: 33240, Temperature: 316.12 K, Total Energy: -30031.461162 eV
Step: 33260, Temperature: 305.90 K, Total Energy: -30031.744163 eV
Step: 33280, Temperature: 296.83 K, Total Energy: -30031.918436 eV
Step: 33300, Temperature: 308.88 K, Total Energy: -30031.923998 eV
Step: 33320, Temperature: 302.17 K, Total Energy: -30031.774100 eV
Step: 33340, Temperature: 298.88 K, Total Energy: -30031.975009 eV
Step: 33360, Temperature: 286.84 K, Total Energy: -30032.051183 eV
Step: 33380, Temperature: 310.17 K, Total Energy: -30031.888125 eV
Step: 33400, Temperature: 283.45 K, Total Energy: -30032.047479 eV
Step: 33420, Temperature: 308.65 K, Total Energy: -30031.263666 eV
Step: 33440, Temperature: 307.87 K, Total Energy: -30032.115047 eV
Step: 33460, Temperature: 307.58 K, Total Energy: -30032.387940 eV
Step: 33480, Temperature: 285.04 K, Total Energy: -30032.783227 eV
Step: 33500, Temperature: 316.25 K, Total Energy: -30032.764570 eV
Step: 33520, Temperature: 276.97 K, Total Energy: -30032.593011 eV
Step: 33540, Temperature: 274.18 K, Total Energy: -30033.006031 eV
Step: 33560, Temperature: 268.33 K, Total Energy: -30032.867853 eV
Step: 33580, Temperature: 261.63 K, Total Energy: -30032.969690 eV
Step: 33600, Temperature: 271.13 K, Total Energy: -30033.347373 eV
Step: 33620, Temperature: 311.46 K, Total Energy: -30032.510543 eV
Step: 33640, Temperature: 305.59 K, Total Energy: -30032.521454 eV
Step: 33660, Temperature: 281.98 K, Total Energy: -30032.577989 eV
Step: 33680, Temperature: 293.22 K, Total Energy: -30032.447503 eV
Step: 33700, Temperature: 299.46 K, Total Energy: -30032.866917 eV
Step: 33720, Temperature: 306.29 K, Total Energy: -30032.753990 eV
Step: 33740, Temperature: 296.82 K, Total Energy: -30032.600319 eV
Step: 33760, Temperature: 304.44 K, Total Energy: -30032.174997 eV
Step: 33780, Temperature: 299.94 K, Total Energy: -30032.204632 eV
Step: 33800, Temperature: 317.29 K, Total Energy: -30031.705518 eV
Step: 33820, Temperature: 333.22 K, Total Energy: -30032.081721 eV
Step: 33840, Temperature: 299.29 K, Total Energy: -30032.222651 eV
Step: 33860, Temperature: 281.84 K, Total Energy: -30032.198570 eV
Step: 33880, Temperature: 304.96 K, Total Energy: -30032.001911 eV
Step: 33900, Temperature: 288.66 K, Total Energy: -30032.230714 eV
Step: 33920, Temperature: 278.57 K, Total Energy: -30031.912637 eV
Step: 33940, Temperature: 297.53 K, Total Energy: -30031.643333 eV
Step: 33960, Temperature: 296.06 K, Total Energy: -30032.017660 eV
Step: 33980, Temperature: 334.88 K, Total Energy: -30031.288613 eV
Step: 34000, Temperature: 323.27 K, Total Energy: -30031.820817 eV
Step: 34020, Temperature: 292.55 K, Total Energy: -30031.883963 eV
Step: 34040, Temperature: 309.71 K, Total Energy: -30032.415254 eV
Step: 34060, Temperature: 300.20 K, Total Energy: -30033.110291 eV
Step: 34080, Temperature: 319.60 K, Total Energy: -30032.870995 eV
Step: 34100, Temperature: 303.06 K, Total Energy: -30032.972894 eV
Step: 34120, Temperature: 296.95 K, Total Energy: -30032.882348 eV
Step: 34140, Temperature: 321.33 K, Total Energy: -30032.558429 eV
Step: 34160, Temperature: 305.52 K, Total Energy: -30032.491850 eV
Step: 34180, Temperature: 303.89 K, Total Energy: -30032.651561 eV
Step: 34200, Temperature: 290.76 K, Total Energy: -30033.432310 eV
Step: 34220, Temperature: 300.81 K, Total Energy: -30033.392008 eV
Step: 34240, Temperature: 275.71 K, Total Energy: -30033.975895 eV
Step: 34260, Temperature: 284.52 K, Total Energy: -30033.776581 eV
Step: 34280, Temperature: 310.21 K, Total Energy: -30033.035597 eV
Step: 34300, Temperature: 299.01 K, Total Energy: -30032.651553 eV
Step: 34320, Temperature: 316.06 K, Total Energy: -30032.345547 eV
Step: 34340, Temperature: 320.76 K, Total Energy: -30032.223082 eV
Step: 34360, Temperature: 303.14 K, Total Energy: -30032.039185 eV
Step: 34380, Temperature: 301.28 K, Total Energy: -30032.581485 eV
Step: 34400, Temperature: 308.01 K, Total Energy: -30032.551137 eV
Step: 34420, Temperature: 297.44 K, Total Energy: -30032.729545 eV
Step: 34440, Temperature: 305.24 K, Total Energy: -30033.192256 eV
Step: 34460, Temperature: 284.40 K, Total Energy: -30033.152756 eV
Step: 34480, Temperature: 295.37 K, Total Energy: -30032.991712 eV
Step: 34500, Temperature: 316.61 K, Total Energy: -30032.923594 eV
Step: 34520, Temperature: 301.36 K, Total Energy: -30032.841176 eV
Step: 34540, Temperature: 298.29 K, Total Energy: -30032.382217 eV
Step: 34560, Temperature: 276.90 K, Total Energy: -30033.215874 eV
Step: 34580, Temperature: 277.22 K, Total Energy: -30033.641436 eV
Step: 34600, Temperature: 296.28 K, Total Energy: -30033.695692 eV
Step: 34620, Temperature: 303.10 K, Total Energy: -30033.188720 eV
Step: 34640, Temperature: 282.49 K, Total Energy: -30033.657206 eV
Step: 34660, Temperature: 291.01 K, Total Energy: -30033.574541 eV
Step: 34680, Temperature: 274.42 K, Total Energy: -30033.634871 eV
Step: 34700, Temperature: 286.17 K, Total Energy: -30033.737621 eV
Step: 34720, Temperature: 280.70 K, Total Energy: -30033.877393 eV
Step: 34740, Temperature: 286.29 K, Total Energy: -30034.451430 eV
Step: 34760, Temperature: 263.82 K, Total Energy: -30034.263123 eV
Step: 34780, Temperature: 303.91 K, Total Energy: -30033.731104 eV
Step: 34800, Temperature: 290.88 K, Total Energy: -30033.659836 eV
Step: 34820, Temperature: 316.70 K, Total Energy: -30033.472254 eV
Step: 34840, Temperature: 335.92 K, Total Energy: -30032.713842 eV
Step: 34860, Temperature: 333.55 K, Total Energy: -30032.020893 eV
Step: 34880, Temperature: 338.37 K, Total Energy: -30032.055600 eV
Step: 34900, Temperature: 313.08 K, Total Energy: -30032.515050 eV
Step: 34920, Temperature: 301.94 K, Total Energy: -30033.080746 eV
Step: 34940, Temperature: 307.21 K, Total Energy: -30033.262527 eV
Step: 34960, Temperature: 299.17 K, Total Energy: -30033.702302 eV
Step: 34980, Temperature: 272.85 K, Total Energy: -30033.759748 eV
Step: 35000, Temperature: 277.58 K, Total Energy: -30033.890243 eV
Step: 35020, Temperature: 295.57 K, Total Energy: -30033.859985 eV
Step: 35040, Temperature: 278.39 K, Total Energy: -30033.346737 eV
Step: 35060, Temperature: 317.17 K, Total Energy: -30033.019191 eV
Step: 35080, Temperature: 310.68 K, Total Energy: -30033.227108 eV
Step: 35100, Temperature: 295.22 K, Total Energy: -30032.921198 eV
Step: 35120, Temperature: 318.81 K, Total Energy: -30033.187527 eV
Step: 35140, Temperature: 282.64 K, Total Energy: -30033.725611 eV
Step: 35160, Temperature: 310.84 K, Total Energy: -30033.414480 eV
Step: 35180, Temperature: 294.15 K, Total Energy: -30033.748546 eV
Step: 35200, Temperature: 293.67 K, Total Energy: -30033.373840 eV
Step: 35220, Temperature: 288.15 K, Total Energy: -30032.942439 eV
Step: 35240, Temperature: 283.18 K, Total Energy: -30032.403767 eV
Step: 35260, Temperature: 304.90 K, Total Energy: -30032.989747 eV
Step: 35280, Temperature: 316.32 K, Total Energy: -30032.122134 eV
Step: 35300, Temperature: 290.17 K, Total Energy: -30032.210732 eV
Step: 35320, Temperature: 266.40 K, Total Energy: -30032.404035 eV
Step: 35340, Temperature: 307.71 K, Total Energy: -30032.486266 eV
Step: 35360, Temperature: 301.26 K, Total Energy: -30033.087836 eV
Step: 35380, Temperature: 291.92 K, Total Energy: -30033.692629 eV
Step: 35400, Temperature: 312.06 K, Total Energy: -30032.930998 eV
Step: 35420, Temperature: 308.55 K, Total Energy: -30032.647152 eV
Step: 35440, Temperature: 325.50 K, Total Energy: -30032.581931 eV
Step: 35460, Temperature: 298.76 K, Total Energy: -30032.491677 eV
Step: 35480, Temperature: 315.53 K, Total Energy: -30032.549948 eV
Step: 35500, Temperature: 309.45 K, Total Energy: -30032.411897 eV
Step: 35520, Temperature: 298.53 K, Total Energy: -30032.733634 eV
Step: 35540, Temperature: 310.88 K, Total Energy: -30032.706459 eV
Step: 35560, Temperature: 300.67 K, Total Energy: -30032.436332 eV
Step: 35580, Temperature: 301.03 K, Total Energy: -30033.152233 eV
Step: 35600, Temperature: 300.40 K, Total Energy: -30033.898313 eV
Step: 35620, Temperature: 295.02 K, Total Energy: -30033.557144 eV
Step: 35640, Temperature: 297.83 K, Total Energy: -30033.661229 eV
Step: 35660, Temperature: 262.73 K, Total Energy: -30033.770509 eV
Step: 35680, Temperature: 277.52 K, Total Energy: -30033.860667 eV
Step: 35700, Temperature: 287.16 K, Total Energy: -30033.781513 eV
Step: 35720, Temperature: 286.09 K, Total Energy: -30033.517108 eV
Step: 35740, Temperature: 295.44 K, Total Energy: -30032.866940 eV
Step: 35760, Temperature: 300.89 K, Total Energy: -30032.511001 eV
Step: 35780, Temperature: 292.36 K, Total Energy: -30032.990208 eV
Step: 35800, Temperature: 282.47 K, Total Energy: -30032.606789 eV
Step: 35820, Temperature: 290.66 K, Total Energy: -30032.641938 eV
Step: 35840, Temperature: 289.08 K, Total Energy: -30032.802120 eV
Step: 35860, Temperature: 259.24 K, Total Energy: -30033.767412 eV
Step: 35880, Temperature: 307.96 K, Total Energy: -30033.593379 eV
Step: 35900, Temperature: 279.07 K, Total Energy: -30033.902137 eV
Step: 35920, Temperature: 312.57 K, Total Energy: -30033.484824 eV
Step: 35940, Temperature: 306.90 K, Total Energy: -30033.586464 eV
Step: 35960, Temperature: 275.78 K, Total Energy: -30033.138207 eV
Step: 35980, Temperature: 289.26 K, Total Energy: -30033.358396 eV
Step: 36000, Temperature: 278.71 K, Total Energy: -30033.536225 eV
Step: 36020, Temperature: 312.33 K, Total Energy: -30032.420543 eV
Step: 36040, Temperature: 315.21 K, Total Energy: -30032.565911 eV
Step: 36060, Temperature: 288.89 K, Total Energy: -30032.636946 eV
Step: 36080, Temperature: 294.79 K, Total Energy: -30032.832304 eV
Step: 36100, Temperature: 282.31 K, Total Energy: -30032.847089 eV
Step: 36120, Temperature: 304.36 K, Total Energy: -30032.936597 eV
Step: 36140, Temperature: 294.33 K, Total Energy: -30033.091756 eV
Step: 36160, Temperature: 287.32 K, Total Energy: -30032.974674 eV
Step: 36180, Temperature: 313.99 K, Total Energy: -30032.465304 eV
Step: 36200, Temperature: 325.49 K, Total Energy: -30032.463064 eV
Step: 36220, Temperature: 306.20 K, Total Energy: -30032.236751 eV
Step: 36240, Temperature: 319.37 K, Total Energy: -30032.273129 eV
Step: 36260, Temperature: 294.25 K, Total Energy: -30032.836065 eV
Step: 36280, Temperature: 300.12 K, Total Energy: -30033.102524 eV
Step: 36300, Temperature: 295.70 K, Total Energy: -30032.780556 eV
Step: 36320, Temperature: 288.96 K, Total Energy: -30032.940033 eV
Step: 36340, Temperature: 284.87 K, Total Energy: -30033.197689 eV
Step: 36360, Temperature: 301.21 K, Total Energy: -30033.155429 eV
Step: 36380, Temperature: 329.60 K, Total Energy: -30033.452798 eV
Step: 36400, Temperature: 306.08 K, Total Energy: -30033.171405 eV
Step: 36420, Temperature: 277.77 K, Total Energy: -30033.416925 eV
Step: 36440, Temperature: 284.98 K, Total Energy: -30033.857070 eV
Step: 36460, Temperature: 287.84 K, Total Energy: -30033.704015 eV
Step: 36480, Temperature: 280.40 K, Total Energy: -30033.640743 eV
Step: 36500, Temperature: 286.72 K, Total Energy: -30033.593247 eV
Step: 36520, Temperature: 299.48 K, Total Energy: -30033.178857 eV
Step: 36540, Temperature: 296.92 K, Total Energy: -30033.262011 eV
Step: 36560, Temperature: 290.18 K, Total Energy: -30033.116750 eV
Step: 36580, Temperature: 277.63 K, Total Energy: -30033.033683 eV
Step: 36600, Temperature: 309.60 K, Total Energy: -30032.808574 eV
Step: 36620, Temperature: 314.58 K, Total Energy: -30032.436800 eV
Step: 36640, Temperature: 302.23 K, Total Energy: -30032.815625 eV
Step: 36660, Temperature: 323.74 K, Total Energy: -30033.252452 eV
Step: 36680, Temperature: 319.52 K, Total Energy: -30033.302505 eV
Step: 36700, Temperature: 307.25 K, Total Energy: -30033.691080 eV
Step: 36720, Temperature: 285.97 K, Total Energy: -30033.416377 eV
Step: 36740, Temperature: 301.83 K, Total Energy: -30033.149768 eV
Step: 36760, Temperature: 301.81 K, Total Energy: -30033.888691 eV
Step: 36780, Temperature: 310.74 K, Total Energy: -30033.143647 eV
Step: 36800, Temperature: 314.70 K, Total Energy: -30033.066755 eV
Step: 36820, Temperature: 307.29 K, Total Energy: -30033.045628 eV
Step: 36840, Temperature: 301.24 K, Total Energy: -30033.523900 eV
Step: 36860, Temperature: 298.19 K, Total Energy: -30033.669757 eV
Step: 36880, Temperature: 287.83 K, Total Energy: -30033.807855 eV
Step: 36900, Temperature: 293.43 K, Total Energy: -30033.684412 eV
Step: 36920, Temperature: 314.59 K, Total Energy: -30033.339084 eV
Step: 36940, Temperature: 286.05 K, Total Energy: -30033.621662 eV
Step: 36960, Temperature: 310.27 K, Total Energy: -30033.549677 eV
Step: 36980, Temperature: 310.63 K, Total Energy: -30033.306372 eV
Step: 37000, Temperature: 297.21 K, Total Energy: -30032.780222 eV
Step: 37020, Temperature: 302.81 K, Total Energy: -30033.199778 eV
Step: 37040, Temperature: 271.50 K, Total Energy: -30033.076375 eV
Step: 37060, Temperature: 283.69 K, Total Energy: -30033.010146 eV
Step: 37080, Temperature: 322.69 K, Total Energy: -30032.581401 eV
Step: 37100, Temperature: 317.96 K, Total Energy: -30032.603024 eV
Step: 37120, Temperature: 311.74 K, Total Energy: -30032.811974 eV
Step: 37140, Temperature: 296.68 K, Total Energy: -30033.236627 eV
Step: 37160, Temperature: 297.47 K, Total Energy: -30033.293191 eV
Step: 37180, Temperature: 292.78 K, Total Energy: -30033.528855 eV
Step: 37200, Temperature: 285.36 K, Total Energy: -30033.738345 eV
Step: 37220, Temperature: 269.08 K, Total Energy: -30033.263311 eV
Step: 37240, Temperature: 314.26 K, Total Energy: -30032.319938 eV
Step: 37260, Temperature: 311.98 K, Total Energy: -30032.368663 eV
Step: 37280, Temperature: 293.71 K, Total Energy: -30032.136494 eV
Step: 37300, Temperature: 305.93 K, Total Energy: -30032.686847 eV
Step: 37320, Temperature: 279.44 K, Total Energy: -30032.891168 eV
Step: 37340, Temperature: 317.69 K, Total Energy: -30032.273845 eV
Step: 37360, Temperature: 291.51 K, Total Energy: -30032.077889 eV
Step: 37380, Temperature: 295.21 K, Total Energy: -30032.550386 eV
Step: 37400, Temperature: 296.31 K, Total Energy: -30032.896125 eV
Step: 37420, Temperature: 290.60 K, Total Energy: -30032.815319 eV
Step: 37440, Temperature: 285.41 K, Total Energy: -30033.049492 eV
Step: 37460, Temperature: 296.34 K, Total Energy: -30032.409221 eV
Step: 37480, Temperature: 296.99 K, Total Energy: -30032.301197 eV
Step: 37500, Temperature: 292.65 K, Total Energy: -30032.742926 eV
Step: 37520, Temperature: 278.66 K, Total Energy: -30032.906608 eV
Step: 37540, Temperature: 276.74 K, Total Energy: -30033.432734 eV
Step: 37560, Temperature: 275.97 K, Total Energy: -30033.250576 eV
Step: 37580, Temperature: 294.20 K, Total Energy: -30032.688852 eV
Step: 37600, Temperature: 303.24 K, Total Energy: -30031.987908 eV
Step: 37620, Temperature: 307.83 K, Total Energy: -30032.157126 eV
Step: 37640, Temperature: 294.54 K, Total Energy: -30032.557431 eV
Step: 37660, Temperature: 306.73 K, Total Energy: -30032.200130 eV
Step: 37680, Temperature: 309.15 K, Total Energy: -30032.046300 eV
Step: 37700, Temperature: 319.92 K, Total Energy: -30032.095440 eV
Step: 37720, Temperature: 280.16 K, Total Energy: -30032.445341 eV
Step: 37740, Temperature: 280.60 K, Total Energy: -30032.309644 eV
Step: 37760, Temperature: 297.31 K, Total Energy: -30032.488553 eV
Step: 37780, Temperature: 301.22 K, Total Energy: -30032.518607 eV
Step: 37800, Temperature: 280.64 K, Total Energy: -30033.347637 eV
Step: 37820, Temperature: 279.08 K, Total Energy: -30033.095339 eV
Step: 37840, Temperature: 295.28 K, Total Energy: -30032.986301 eV
Step: 37860, Temperature: 289.32 K, Total Energy: -30032.757192 eV
Step: 37880, Temperature: 272.72 K, Total Energy: -30033.511002 eV
Step: 37900, Temperature: 284.23 K, Total Energy: -30032.487020 eV
Step: 37920, Temperature: 288.41 K, Total Energy: -30031.861728 eV
Step: 37940, Temperature: 343.44 K, Total Energy: -30031.648484 eV
Step: 37960, Temperature: 302.01 K, Total Energy: -30032.231316 eV
Step: 37980, Temperature: 282.19 K, Total Energy: -30032.813053 eV
Step: 38000, Temperature: 286.39 K, Total Energy: -30033.062201 eV
Step: 38020, Temperature: 292.85 K, Total Energy: -30032.964607 eV
Step: 38040, Temperature: 283.77 K, Total Energy: -30032.934050 eV
Step: 38060, Temperature: 286.99 K, Total Energy: -30032.867826 eV
Step: 38080, Temperature: 297.87 K, Total Energy: -30032.742316 eV
Step: 38100, Temperature: 290.30 K, Total Energy: -30032.840375 eV
Step: 38120, Temperature: 270.07 K, Total Energy: -30032.818869 eV
Step: 38140, Temperature: 265.92 K, Total Energy: -30033.084066 eV
Step: 38160, Temperature: 261.41 K, Total Energy: -30033.184244 eV
Step: 38180, Temperature: 301.36 K, Total Energy: -30032.718078 eV
Step: 38200, Temperature: 263.03 K, Total Energy: -30033.329670 eV
Step: 38220, Temperature: 300.26 K, Total Energy: -30032.721999 eV
Step: 38240, Temperature: 279.74 K, Total Energy: -30033.205976 eV
Step: 38260, Temperature: 305.70 K, Total Energy: -30033.020569 eV
Step: 38280, Temperature: 273.33 K, Total Energy: -30032.880577 eV
Step: 38300, Temperature: 296.40 K, Total Energy: -30032.796405 eV
Step: 38320, Temperature: 308.22 K, Total Energy: -30032.944338 eV
Step: 38340, Temperature: 289.12 K, Total Energy: -30033.074569 eV
Step: 38360, Temperature: 266.81 K, Total Energy: -30033.204384 eV
Step: 38380, Temperature: 278.06 K, Total Energy: -30032.903932 eV
Step: 38400, Temperature: 277.47 K, Total Energy: -30033.008231 eV
Step: 38420, Temperature: 277.18 K, Total Energy: -30032.654075 eV
Step: 38440, Temperature: 266.45 K, Total Energy: -30032.520011 eV
Step: 38460, Temperature: 299.82 K, Total Energy: -30032.412663 eV
Step: 38480, Temperature: 319.21 K, Total Energy: -30032.398074 eV
Step: 38500, Temperature: 323.34 K, Total Energy: -30031.924638 eV
Step: 38520, Temperature: 282.70 K, Total Energy: -30031.882468 eV
Step: 38540, Temperature: 295.11 K, Total Energy: -30032.133020 eV
Step: 38560, Temperature: 276.34 K, Total Energy: -30032.151483 eV
Step: 38580, Temperature: 280.02 K, Total Energy: -30032.577868 eV
Step: 38600, Temperature: 299.31 K, Total Energy: -30032.438825 eV
Step: 38620, Temperature: 268.30 K, Total Energy: -30033.011309 eV
Step: 38640, Temperature: 289.01 K, Total Energy: -30032.493331 eV
Step: 38660, Temperature: 279.62 K, Total Energy: -30032.491986 eV
Step: 38680, Temperature: 281.38 K, Total Energy: -30032.891636 eV
Step: 38700, Temperature: 293.25 K, Total Energy: -30032.235817 eV
Step: 38720, Temperature: 316.86 K, Total Energy: -30032.065853 eV
Step: 38740, Temperature: 304.87 K, Total Energy: -30032.213126 eV
Step: 38760, Temperature: 286.61 K, Total Energy: -30032.287391 eV
Step: 38780, Temperature: 301.26 K, Total Energy: -30032.328159 eV
Step: 38800, Temperature: 313.63 K, Total Energy: -30032.456710 eV
Step: 38820, Temperature: 302.96 K, Total Energy: -30032.494723 eV
Step: 38840, Temperature: 275.45 K, Total Energy: -30031.874767 eV
Step: 38860, Temperature: 315.11 K, Total Energy: -30030.796739 eV
Step: 38880, Temperature: 340.46 K, Total Energy: -30030.990048 eV
Step: 38900, Temperature: 326.24 K, Total Energy: -30030.877985 eV
Step: 38920, Temperature: 309.81 K, Total Energy: -30030.813023 eV
Step: 38940, Temperature: 310.07 K, Total Energy: -30031.384743 eV
Step: 38960, Temperature: 307.93 K, Total Energy: -30031.133214 eV
Step: 38980, Temperature: 316.52 K, Total Energy: -30031.394595 eV
Step: 39000, Temperature: 300.35 K, Total Energy: -30031.706005 eV
Step: 39020, Temperature: 308.58 K, Total Energy: -30031.993909 eV
Step: 39040, Temperature: 285.74 K, Total Energy: -30032.107650 eV
Step: 39060, Temperature: 307.65 K, Total Energy: -30031.378435 eV
Step: 39080, Temperature: 311.42 K, Total Energy: -30030.857074 eV
Step: 39100, Temperature: 314.97 K, Total Energy: -30031.228043 eV
Step: 39120, Temperature: 332.60 K, Total Energy: -30030.725980 eV
Step: 39140, Temperature: 328.30 K, Total Energy: -30031.188235 eV
Step: 39160, Temperature: 290.90 K, Total Energy: -30032.323365 eV
Step: 39180, Temperature: 293.67 K, Total Energy: -30032.678442 eV
Step: 39200, Temperature: 266.90 K, Total Energy: -30032.792007 eV
Step: 39220, Temperature: 273.76 K, Total Energy: -30032.854278 eV
Step: 39240, Temperature: 274.60 K, Total Energy: -30032.954655 eV
Step: 39260, Temperature: 297.69 K, Total Energy: -30032.834586 eV
Step: 39280, Temperature: 294.58 K, Total Energy: -30032.144239 eV
Step: 39300, Temperature: 255.20 K, Total Energy: -30032.221047 eV
Step: 39320, Temperature: 303.95 K, Total Energy: -30032.245727 eV
Step: 39340, Temperature: 309.70 K, Total Energy: -30031.954574 eV
Step: 39360, Temperature: 297.35 K, Total Energy: -30031.747249 eV
Step: 39380, Temperature: 308.33 K, Total Energy: -30032.232566 eV
Step: 39400, Temperature: 291.71 K, Total Energy: -30032.137296 eV
Step: 39420, Temperature: 287.72 K, Total Energy: -30032.624979 eV
Step: 39440, Temperature: 288.70 K, Total Energy: -30033.227742 eV
Step: 39460, Temperature: 255.54 K, Total Energy: -30033.218672 eV
Step: 39480, Temperature: 264.76 K, Total Energy: -30033.581590 eV
Step: 39500, Temperature: 291.92 K, Total Energy: -30033.374314 eV
Step: 39520, Temperature: 302.48 K, Total Energy: -30033.645469 eV
Step: 39540, Temperature: 301.21 K, Total Energy: -30033.178925 eV
Step: 39560, Temperature: 317.75 K, Total Energy: -30033.022259 eV
Step: 39580, Temperature: 293.86 K, Total Energy: -30033.210885 eV
Step: 39600, Temperature: 299.11 K, Total Energy: -30032.996579 eV
Step: 39620, Temperature: 305.03 K, Total Energy: -30032.798962 eV
Step: 39640, Temperature: 276.84 K, Total Energy: -30033.031683 eV
Step: 39660, Temperature: 302.15 K, Total Energy: -30032.350822 eV
Step: 39680, Temperature: 292.89 K, Total Energy: -30032.340520 eV
Step: 39700, Temperature: 275.07 K, Total Energy: -30032.556090 eV
Step: 39720, Temperature: 305.08 K, Total Energy: -30032.559406 eV
Step: 39740, Temperature: 293.72 K, Total Energy: -30032.311990 eV
Step: 39760, Temperature: 323.19 K, Total Energy: -30032.205757 eV
Step: 39780, Temperature: 293.21 K, Total Energy: -30032.617723 eV
Step: 39800, Temperature: 282.85 K, Total Energy: -30033.034893 eV
Step: 39820, Temperature: 302.02 K, Total Energy: -30033.018083 eV
Step: 39840, Temperature: 290.91 K, Total Energy: -30032.875906 eV
Step: 39860, Temperature: 293.27 K, Total Energy: -30032.541899 eV
Step: 39880, Temperature: 288.23 K, Total Energy: -30032.573419 eV
Step: 39900, Temperature: 304.09 K, Total Energy: -30032.644554 eV
Step: 39920, Temperature: 293.69 K, Total Energy: -30032.750204 eV
Step: 39940, Temperature: 309.15 K, Total Energy: -30033.206466 eV
Step: 39960, Temperature: 275.42 K, Total Energy: -30033.195956 eV
Step: 39980, Temperature: 281.29 K, Total Energy: -30033.022864 eV
Step: 40000, Temperature: 275.75 K, Total Energy: -30033.226669 eV
Step: 40020, Temperature: 272.79 K, Total Energy: -30033.739783 eV
Step: 40040, Temperature: 257.06 K, Total Energy: -30033.723820 eV
Step: 40060, Temperature: 256.73 K, Total Energy: -30033.458531 eV
Step: 40080, Temperature: 301.35 K, Total Energy: -30033.347273 eV
Step: 40100, Temperature: 260.08 K, Total Energy: -30034.051200 eV
Step: 40120, Temperature: 280.77 K, Total Energy: -30034.129452 eV
Step: 40140, Temperature: 266.54 K, Total Energy: -30034.062795 eV
Step: 40160, Temperature: 272.27 K, Total Energy: -30034.184234 eV
Step: 40180, Temperature: 296.49 K, Total Energy: -30033.782290 eV
Step: 40200, Temperature: 294.92 K, Total Energy: -30033.794012 eV
Step: 40220, Temperature: 290.64 K, Total Energy: -30034.081765 eV
Step: 40240, Temperature: 294.04 K, Total Energy: -30033.327615 eV
Step: 40260, Temperature: 306.27 K, Total Energy: -30033.188075 eV
Step: 40280, Temperature: 297.03 K, Total Energy: -30033.606902 eV
Step: 40300, Temperature: 298.92 K, Total Energy: -30033.450639 eV
Step: 40320, Temperature: 314.30 K, Total Energy: -30032.600205 eV
Step: 40340, Temperature: 306.42 K, Total Energy: -30033.088700 eV
Step: 40360, Temperature: 304.18 K, Total Energy: -30033.062153 eV
Step: 40380, Temperature: 280.10 K, Total Energy: -30033.491841 eV
Step: 40400, Temperature: 289.88 K, Total Energy: -30033.284232 eV
Step: 40420, Temperature: 299.73 K, Total Energy: -30032.600423 eV
Step: 40440, Temperature: 292.90 K, Total Energy: -30032.803127 eV
Step: 40460, Temperature: 318.28 K, Total Energy: -30033.167437 eV
Step: 40480, Temperature: 278.35 K, Total Energy: -30032.925904 eV
Step: 40500, Temperature: 305.14 K, Total Energy: -30032.764948 eV
Step: 40520, Temperature: 313.75 K, Total Energy: -30032.729013 eV
Step: 40540, Temperature: 297.77 K, Total Energy: -30032.309119 eV
Step: 40560, Temperature: 287.45 K, Total Energy: -30032.350469 eV
Step: 40580, Temperature: 302.64 K, Total Energy: -30032.920631 eV
Step: 40600, Temperature: 288.46 K, Total Energy: -30032.655392 eV
Step: 40620, Temperature: 293.39 K, Total Energy: -30032.568268 eV
Step: 40640, Temperature: 281.88 K, Total Energy: -30032.883288 eV
Step: 40660, Temperature: 310.81 K, Total Energy: -30032.899625 eV
Step: 40680, Temperature: 299.62 K, Total Energy: -30032.839541 eV
Step: 40700, Temperature: 290.90 K, Total Energy: -30033.001256 eV
Step: 40720, Temperature: 309.35 K, Total Energy: -30032.474917 eV
Step: 40740, Temperature: 308.52 K, Total Energy: -30032.284469 eV
Step: 40760, Temperature: 279.75 K, Total Energy: -30032.164552 eV
Step: 40780, Temperature: 287.81 K, Total Energy: -30031.890462 eV
Step: 40800, Temperature: 323.89 K, Total Energy: -30032.346373 eV
Step: 40820, Temperature: 298.96 K, Total Energy: -30031.873434 eV
Step: 40840, Temperature: 324.74 K, Total Energy: -30031.319418 eV
Step: 40860, Temperature: 332.31 K, Total Energy: -30031.309497 eV
Step: 40880, Temperature: 314.03 K, Total Energy: -30031.478020 eV
Step: 40900, Temperature: 302.88 K, Total Energy: -30031.594462 eV
Step: 40920, Temperature: 292.95 K, Total Energy: -30031.792065 eV
Step: 40940, Temperature: 337.25 K, Total Energy: -30030.997226 eV
Step: 40960, Temperature: 329.03 K, Total Energy: -30030.519718 eV
Step: 40980, Temperature: 309.10 K, Total Energy: -30030.822867 eV
Step: 41000, Temperature: 321.55 K, Total Energy: -30031.058782 eV
Step: 41020, Temperature: 311.13 K, Total Energy: -30031.569340 eV
Step: 41040, Temperature: 321.06 K, Total Energy: -30031.215464 eV
Step: 41060, Temperature: 302.89 K, Total Energy: -30031.480829 eV
Step: 41080, Temperature: 286.91 K, Total Energy: -30031.160781 eV
Step: 41100, Temperature: 317.96 K, Total Energy: -30030.976078 eV
Step: 41120, Temperature: 319.46 K, Total Energy: -30030.614534 eV
Step: 41140, Temperature: 332.06 K, Total Energy: -30031.012807 eV
Step: 41160, Temperature: 292.09 K, Total Energy: -30031.204073 eV
Step: 41180, Temperature: 292.57 K, Total Energy: -30032.141462 eV
Step: 41200, Temperature: 300.08 K, Total Energy: -30031.439439 eV
Step: 41220, Temperature: 278.53 K, Total Energy: -30030.864891 eV
Step: 41240, Temperature: 302.66 K, Total Energy: -30031.297171 eV
Step: 41260, Temperature: 311.56 K, Total Energy: -30031.074454 eV
Step: 41280, Temperature: 279.98 K, Total Energy: -30032.178487 eV
Step: 41300, Temperature: 289.39 K, Total Energy: -30031.681121 eV
Step: 41320, Temperature: 319.93 K, Total Energy: -30031.626332 eV
Step: 41340, Temperature: 268.50 K, Total Energy: -30032.119554 eV
Step: 41360, Temperature: 310.90 K, Total Energy: -30032.186572 eV
Step: 41380, Temperature: 287.35 K, Total Energy: -30032.196708 eV
Step: 41400, Temperature: 287.17 K, Total Energy: -30032.203223 eV
Step: 41420, Temperature: 306.61 K, Total Energy: -30031.861259 eV
Step: 41440, Temperature: 313.23 K, Total Energy: -30031.999796 eV
Step: 41460, Temperature: 307.18 K, Total Energy: -30032.745633 eV
Step: 41480, Temperature: 283.98 K, Total Energy: -30033.003058 eV
Step: 41500, Temperature: 273.65 K, Total Energy: -30033.362892 eV
Step: 41520, Temperature: 272.59 K, Total Energy: -30033.047356 eV
Step: 41540, Temperature: 263.40 K, Total Energy: -30033.220836 eV
Step: 41560, Temperature: 316.36 K, Total Energy: -30032.621226 eV
Step: 41580, Temperature: 261.68 K, Total Energy: -30032.841569 eV
Step: 41600, Temperature: 268.49 K, Total Energy: -30033.483050 eV
Step: 41620, Temperature: 274.08 K, Total Energy: -30032.754602 eV
Step: 41640, Temperature: 291.78 K, Total Energy: -30032.530030 eV
Step: 41660, Temperature: 281.14 K, Total Energy: -30031.887845 eV
Step: 41680, Temperature: 297.36 K, Total Energy: -30031.405221 eV
Step: 41700, Temperature: 307.53 K, Total Energy: -30031.465475 eV
Step: 41720, Temperature: 321.04 K, Total Energy: -30031.288284 eV
Step: 41740, Temperature: 285.02 K, Total Energy: -30032.195909 eV
Step: 41760, Temperature: 274.48 K, Total Energy: -30032.609877 eV
Step: 41780, Temperature: 262.12 K, Total Energy: -30032.699688 eV
Step: 41800, Temperature: 276.78 K, Total Energy: -30032.953268 eV
Step: 41820, Temperature: 312.32 K, Total Energy: -30032.428570 eV
Step: 41840, Temperature: 292.33 K, Total Energy: -30032.194219 eV
Step: 41860, Temperature: 298.72 K, Total Energy: -30032.019978 eV
Step: 41880, Temperature: 303.81 K, Total Energy: -30031.930676 eV
Step: 41900, Temperature: 301.83 K, Total Energy: -30031.954513 eV
Step: 41920, Temperature: 309.55 K, Total Energy: -30032.413402 eV
Step: 41940, Temperature: 291.07 K, Total Energy: -30032.332892 eV
Step: 41960, Temperature: 315.30 K, Total Energy: -30031.694451 eV
Step: 41980, Temperature: 292.25 K, Total Energy: -30032.065366 eV
Step: 42000, Temperature: 260.14 K, Total Energy: -30032.866225 eV
Step: 42020, Temperature: 291.17 K, Total Energy: -30032.513891 eV
Step: 42040, Temperature: 291.73 K, Total Energy: -30031.771514 eV
Step: 42060, Temperature: 270.17 K, Total Energy: -30032.333990 eV
Step: 42080, Temperature: 284.00 K, Total Energy: -30032.608081 eV
Step: 42100, Temperature: 295.90 K, Total Energy: -30032.300931 eV
Step: 42120, Temperature: 294.38 K, Total Energy: -30032.092647 eV
Step: 42140, Temperature: 284.61 K, Total Energy: -30032.190524 eV
Step: 42160, Temperature: 278.72 K, Total Energy: -30032.305405 eV
Step: 42180, Temperature: 268.59 K, Total Energy: -30032.734657 eV
Step: 42200, Temperature: 303.80 K, Total Energy: -30031.831400 eV
Step: 42220, Temperature: 315.97 K, Total Energy: -30031.593944 eV
Step: 42240, Temperature: 297.91 K, Total Energy: -30031.993177 eV
Step: 42260, Temperature: 307.11 K, Total Energy: -30032.139889 eV
Step: 42280, Temperature: 328.37 K, Total Energy: -30032.010725 eV
Step: 42300, Temperature: 277.76 K, Total Energy: -30032.411174 eV
Step: 42320, Temperature: 288.81 K, Total Energy: -30032.867537 eV
Step: 42340, Temperature: 282.51 K, Total Energy: -30032.365662 eV
Step: 42360, Temperature: 288.90 K, Total Energy: -30032.695218 eV
Step: 42380, Temperature: 259.04 K, Total Energy: -30032.592741 eV
Step: 42400, Temperature: 286.73 K, Total Energy: -30032.202225 eV
Step: 42420, Temperature: 291.70 K, Total Energy: -30032.856233 eV
Step: 42440, Temperature: 279.56 K, Total Energy: -30033.126380 eV
Step: 42460, Temperature: 298.80 K, Total Energy: -30033.193893 eV
Step: 42480, Temperature: 308.77 K, Total Energy: -30032.704049 eV
Step: 42500, Temperature: 327.83 K, Total Energy: -30032.285709 eV
Step: 42520, Temperature: 300.13 K, Total Energy: -30032.641214 eV
Step: 42540, Temperature: 297.16 K, Total Energy: -30033.175894 eV
Step: 42560, Temperature: 290.83 K, Total Energy: -30033.167009 eV
Step: 42580, Temperature: 311.58 K, Total Energy: -30032.671565 eV
Step: 42600, Temperature: 303.03 K, Total Energy: -30032.364248 eV
Step: 42620, Temperature: 316.69 K, Total Energy: -30032.333835 eV
Step: 42640, Temperature: 291.24 K, Total Energy: -30032.049416 eV
Step: 42660, Temperature: 296.03 K, Total Energy: -30032.135524 eV
Step: 42680, Temperature: 297.11 K, Total Energy: -30032.303979 eV
Step: 42700, Temperature: 282.29 K, Total Energy: -30032.255757 eV
Step: 42720, Temperature: 322.97 K, Total Energy: -30031.529471 eV
Step: 42740, Temperature: 307.67 K, Total Energy: -30031.198253 eV
Step: 42760, Temperature: 323.88 K, Total Energy: -30031.057643 eV
Step: 42780, Temperature: 334.42 K, Total Energy: -30031.427011 eV
Step: 42800, Temperature: 317.23 K, Total Energy: -30031.898578 eV
Step: 42820, Temperature: 327.60 K, Total Energy: -30032.141044 eV
Step: 42840, Temperature: 310.09 K, Total Energy: -30032.192814 eV
Step: 42860, Temperature: 343.41 K, Total Energy: -30031.826947 eV
Step: 42880, Temperature: 336.81 K, Total Energy: -30030.670498 eV
Step: 42900, Temperature: 313.91 K, Total Energy: -30031.035631 eV
Step: 42920, Temperature: 332.93 K, Total Energy: -30030.661297 eV
Step: 42940, Temperature: 341.74 K, Total Energy: -30029.715886 eV
Step: 42960, Temperature: 345.13 K, Total Energy: -30030.051741 eV
Step: 42980, Temperature: 309.49 K, Total Energy: -30030.996915 eV
Step: 43000, Temperature: 282.26 K, Total Energy: -30031.389372 eV
Step: 43020, Temperature: 321.34 K, Total Energy: -30031.464418 eV
Step: 43040, Temperature: 350.44 K, Total Energy: -30031.291168 eV
Step: 43060, Temperature: 281.23 K, Total Energy: -30032.000878 eV
Step: 43080, Temperature: 309.92 K, Total Energy: -30033.232230 eV
Step: 43100, Temperature: 268.98 K, Total Energy: -30033.269695 eV
Step: 43120, Temperature: 293.39 K, Total Energy: -30033.080083 eV
Step: 43140, Temperature: 297.42 K, Total Energy: -30033.057995 eV
Step: 43160, Temperature: 311.71 K, Total Energy: -30032.810771 eV
Step: 43180, Temperature: 294.43 K, Total Energy: -30032.460551 eV
Step: 43200, Temperature: 283.36 K, Total Energy: -30032.830981 eV
Step: 43220, Temperature: 275.02 K, Total Energy: -30032.903032 eV
Step: 43240, Temperature: 304.15 K, Total Energy: -30032.625458 eV
Step: 43260, Temperature: 307.33 K, Total Energy: -30032.644311 eV
Step: 43280, Temperature: 297.72 K, Total Energy: -30032.603314 eV
Step: 43300, Temperature: 276.17 K, Total Energy: -30033.040674 eV
Step: 43320, Temperature: 298.27 K, Total Energy: -30032.478481 eV
Step: 43340, Temperature: 323.59 K, Total Energy: -30032.537504 eV
Step: 43360, Temperature: 328.36 K, Total Energy: -30031.790308 eV
Step: 43380, Temperature: 313.35 K, Total Energy: -30031.889370 eV
Step: 43400, Temperature: 293.72 K, Total Energy: -30031.749653 eV
Step: 43420, Temperature: 316.12 K, Total Energy: -30031.996289 eV
Step: 43440, Temperature: 307.69 K, Total Energy: -30032.377338 eV
Step: 43460, Temperature: 312.26 K, Total Energy: -30032.314767 eV
Step: 43480, Temperature: 295.51 K, Total Energy: -30032.320263 eV
Step: 43500, Temperature: 293.45 K, Total Energy: -30032.281528 eV
Step: 43520, Temperature: 300.05 K, Total Energy: -30032.531907 eV
Step: 43540, Temperature: 297.36 K, Total Energy: -30032.192396 eV
Step: 43560, Temperature: 321.35 K, Total Energy: -30032.257128 eV
Step: 43580, Temperature: 339.79 K, Total Energy: -30031.909023 eV
Step: 43600, Temperature: 302.61 K, Total Energy: -30032.540673 eV
Step: 43620, Temperature: 319.11 K, Total Energy: -30031.596045 eV
Step: 43640, Temperature: 321.18 K, Total Energy: -30031.656044 eV
Step: 43660, Temperature: 327.71 K, Total Energy: -30031.007482 eV
Step: 43680, Temperature: 337.52 K, Total Energy: -30031.326620 eV
Step: 43700, Temperature: 296.28 K, Total Energy: -30031.668424 eV
Step: 43720, Temperature: 338.01 K, Total Energy: -30030.984376 eV
Step: 43740, Temperature: 323.21 K, Total Energy: -30031.230621 eV
Step: 43760, Temperature: 296.64 K, Total Energy: -30031.837349 eV
Step: 43780, Temperature: 295.83 K, Total Energy: -30031.638484 eV
Step: 43800, Temperature: 322.00 K, Total Energy: -30032.426674 eV
Step: 43820, Temperature: 286.62 K, Total Energy: -30032.351428 eV
Step: 43840, Temperature: 313.43 K, Total Energy: -30032.520203 eV
Step: 43860, Temperature: 304.09 K, Total Energy: -30032.294992 eV
Step: 43880, Temperature: 324.66 K, Total Energy: -30031.411372 eV
Step: 43900, Temperature: 324.28 K, Total Energy: -30031.530130 eV
Step: 43920, Temperature: 307.36 K, Total Energy: -30032.192302 eV
Step: 43940, Temperature: 295.40 K, Total Energy: -30032.379778 eV
Step: 43960, Temperature: 310.62 K, Total Energy: -30032.374997 eV
Step: 43980, Temperature: 292.04 K, Total Energy: -30032.615510 eV
Step: 44000, Temperature: 310.82 K, Total Energy: -30032.276342 eV
Step: 44020, Temperature: 316.54 K, Total Energy: -30032.675362 eV
Step: 44040, Temperature: 316.72 K, Total Energy: -30032.239318 eV
Step: 44060, Temperature: 313.91 K, Total Energy: -30032.502351 eV
Step: 44080, Temperature: 295.35 K, Total Energy: -30032.656279 eV
Step: 44100, Temperature: 299.72 K, Total Energy: -30032.786218 eV
Step: 44120, Temperature: 280.71 K, Total Energy: -30032.652477 eV
Step: 44140, Temperature: 295.66 K, Total Energy: -30033.000253 eV
Step: 44160, Temperature: 309.08 K, Total Energy: -30032.538169 eV
Step: 44180, Temperature: 312.53 K, Total Energy: -30032.374506 eV
Step: 44200, Temperature: 298.54 K, Total Energy: -30032.053692 eV
Step: 44220, Temperature: 308.86 K, Total Energy: -30031.852431 eV
Step: 44240, Temperature: 302.11 K, Total Energy: -30031.752296 eV
Step: 44260, Temperature: 310.79 K, Total Energy: -30031.956661 eV
Step: 44280, Temperature: 302.99 K, Total Energy: -30032.095673 eV
Step: 44300, Temperature: 304.28 K, Total Energy: -30032.288245 eV
Step: 44320, Temperature: 305.14 K, Total Energy: -30031.917174 eV
Step: 44340, Temperature: 305.06 K, Total Energy: -30032.331390 eV
Step: 44360, Temperature: 284.25 K, Total Energy: -30032.787380 eV
Step: 44380, Temperature: 318.97 K, Total Energy: -30032.724527 eV
Step: 44400, Temperature: 298.63 K, Total Energy: -30032.944066 eV
Step: 44420, Temperature: 307.08 K, Total Energy: -30033.117309 eV
Step: 44440, Temperature: 284.68 K, Total Energy: -30033.626247 eV
Step: 44460, Temperature: 294.85 K, Total Energy: -30033.516504 eV
Step: 44480, Temperature: 299.56 K, Total Energy: -30033.434598 eV
Step: 44500, Temperature: 291.48 K, Total Energy: -30033.316777 eV
Step: 44520, Temperature: 303.90 K, Total Energy: -30033.282090 eV
Step: 44540, Temperature: 320.29 K, Total Energy: -30033.207382 eV
Step: 44560, Temperature: 278.76 K, Total Energy: -30033.118892 eV
Step: 44580, Temperature: 321.86 K, Total Energy: -30032.912450 eV
Step: 44600, Temperature: 310.78 K, Total Energy: -30032.716800 eV
Step: 44620, Temperature: 315.93 K, Total Energy: -30032.389803 eV
Step: 44640, Temperature: 309.74 K, Total Energy: -30032.834371 eV
Step: 44660, Temperature: 292.88 K, Total Energy: -30033.200176 eV
Step: 44680, Temperature: 286.82 K, Total Energy: -30033.393454 eV
Step: 44700, Temperature: 311.88 K, Total Energy: -30032.931620 eV
Step: 44720, Temperature: 310.23 K, Total Energy: -30032.962795 eV
Step: 44740, Temperature: 303.85 K, Total Energy: -30032.853500 eV
Step: 44760, Temperature: 291.44 K, Total Energy: -30032.985870 eV
Step: 44780, Temperature: 273.54 K, Total Energy: -30033.433951 eV
Step: 44800, Temperature: 293.66 K, Total Energy: -30033.125920 eV
Step: 44820, Temperature: 307.03 K, Total Energy: -30032.974004 eV
Step: 44840, Temperature: 302.33 K, Total Energy: -30032.782066 eV
Step: 44860, Temperature: 304.80 K, Total Energy: -30032.720732 eV
Step: 44880, Temperature: 305.02 K, Total Energy: -30032.615638 eV
Step: 44900, Temperature: 322.57 K, Total Energy: -30032.547158 eV
Step: 44920, Temperature: 315.91 K, Total Energy: -30032.532871 eV
Step: 44940, Temperature: 297.54 K, Total Energy: -30033.080534 eV
Step: 44960, Temperature: 290.64 K, Total Energy: -30033.372891 eV
Step: 44980, Temperature: 296.87 K, Total Energy: -30033.519132 eV
Step: 45000, Temperature: 313.65 K, Total Energy: -30033.307561 eV
Step: 45020, Temperature: 328.89 K, Total Energy: -30032.464482 eV
Step: 45040, Temperature: 333.44 K, Total Energy: -30032.037166 eV
Step: 45060, Temperature: 326.75 K, Total Energy: -30031.591843 eV
Step: 45080, Temperature: 338.37 K, Total Energy: -30031.809501 eV
Step: 45100, Temperature: 287.71 K, Total Energy: -30032.306916 eV
Step: 45120, Temperature: 314.31 K, Total Energy: -30032.658566 eV
Step: 45140, Temperature: 276.82 K, Total Energy: -30032.758928 eV
Step: 45160, Temperature: 295.69 K, Total Energy: -30032.882259 eV
Step: 45180, Temperature: 310.12 K, Total Energy: -30032.861991 eV
Step: 45200, Temperature: 308.22 K, Total Energy: -30032.422914 eV
Step: 45220, Temperature: 290.24 K, Total Energy: -30032.546824 eV
Step: 45240, Temperature: 274.29 K, Total Energy: -30033.065818 eV
Step: 45260, Temperature: 321.24 K, Total Energy: -30032.265822 eV
Step: 45280, Temperature: 292.04 K, Total Energy: -30032.582302 eV
Step: 45300, Temperature: 300.16 K, Total Energy: -30033.259718 eV
Step: 45320, Temperature: 295.81 K, Total Energy: -30033.334345 eV
Step: 45340, Temperature: 305.04 K, Total Energy: -30033.144481 eV
Step: 45360, Temperature: 295.72 K, Total Energy: -30033.334733 eV
Step: 45380, Temperature: 310.54 K, Total Energy: -30032.918087 eV
Step: 45400, Temperature: 294.19 K, Total Energy: -30032.946772 eV
Step: 45420, Temperature: 294.33 K, Total Energy: -30033.070222 eV
Step: 45440, Temperature: 309.35 K, Total Energy: -30032.213153 eV
Step: 45460, Temperature: 297.23 K, Total Energy: -30033.029711 eV
Step: 45480, Temperature: 313.66 K, Total Energy: -30032.678439 eV
Step: 45500, Temperature: 306.37 K, Total Energy: -30032.810485 eV
Step: 45520, Temperature: 331.99 K, Total Energy: -30031.684416 eV
Step: 45540, Temperature: 300.17 K, Total Energy: -30031.851215 eV
Step: 45560, Temperature: 321.98 K, Total Energy: -30032.655711 eV
Step: 45580, Temperature: 296.75 K, Total Energy: -30032.566898 eV
Step: 45600, Temperature: 308.03 K, Total Energy: -30032.605375 eV
Step: 45620, Temperature: 303.13 K, Total Energy: -30032.826522 eV
Step: 45640, Temperature: 304.81 K, Total Energy: -30032.314280 eV
Step: 45660, Temperature: 300.44 K, Total Energy: -30032.682461 eV
Step: 45680, Temperature: 272.57 K, Total Energy: -30032.424796 eV
Step: 45700, Temperature: 303.97 K, Total Energy: -30032.497081 eV
Step: 45720, Temperature: 300.62 K, Total Energy: -30032.211073 eV
Step: 45740, Temperature: 304.84 K, Total Energy: -30032.389534 eV
Step: 45760, Temperature: 303.86 K, Total Energy: -30031.960791 eV
Step: 45780, Temperature: 319.96 K, Total Energy: -30031.902992 eV
Step: 45800, Temperature: 298.25 K, Total Energy: -30032.060959 eV
Step: 45820, Temperature: 320.02 K, Total Energy: -30032.534454 eV
Step: 45840, Temperature: 285.18 K, Total Energy: -30032.416608 eV
Step: 45860, Temperature: 318.05 K, Total Energy: -30032.110649 eV
Step: 45880, Temperature: 321.27 K, Total Energy: -30031.948603 eV
Step: 45900, Temperature: 309.68 K, Total Energy: -30032.484355 eV
Step: 45920, Temperature: 313.30 K, Total Energy: -30032.638693 eV
Step: 45940, Temperature: 304.99 K, Total Energy: -30033.176944 eV
Step: 45960, Temperature: 305.29 K, Total Energy: -30032.563892 eV
Step: 45980, Temperature: 291.13 K, Total Energy: -30033.020917 eV
Step: 46000, Temperature: 332.70 K, Total Energy: -30032.403330 eV
Step: 46020, Temperature: 304.30 K, Total Energy: -30032.715502 eV
Step: 46040, Temperature: 294.71 K, Total Energy: -30032.512105 eV
Step: 46060, Temperature: 296.99 K, Total Energy: -30032.639065 eV
Step: 46080, Temperature: 275.53 K, Total Energy: -30033.177486 eV
Step: 46100, Temperature: 299.63 K, Total Energy: -30033.335253 eV
Step: 46120, Temperature: 283.69 K, Total Energy: -30032.885266 eV
Step: 46140, Temperature: 299.41 K, Total Energy: -30032.703968 eV
Step: 46160, Temperature: 281.78 K, Total Energy: -30032.530329 eV
Step: 46180, Temperature: 315.71 K, Total Energy: -30032.652956 eV
Step: 46200, Temperature: 287.88 K, Total Energy: -30032.972526 eV
Step: 46220, Temperature: 300.70 K, Total Energy: -30032.277612 eV
Step: 46240, Temperature: 309.97 K, Total Energy: -30032.762206 eV
Step: 46260, Temperature: 287.54 K, Total Energy: -30032.582731 eV
Step: 46280, Temperature: 305.63 K, Total Energy: -30032.082886 eV
Step: 46300, Temperature: 311.55 K, Total Energy: -30031.533728 eV
Step: 46320, Temperature: 301.69 K, Total Energy: -30031.985331 eV
Step: 46340, Temperature: 291.02 K, Total Energy: -30032.371232 eV
Step: 46360, Temperature: 310.77 K, Total Energy: -30032.687733 eV
Step: 46380, Temperature: 273.60 K, Total Energy: -30032.625846 eV
Step: 46400, Temperature: 330.57 K, Total Energy: -30032.016588 eV
Step: 46420, Temperature: 315.31 K, Total Energy: -30032.299641 eV
Step: 46440, Temperature: 306.83 K, Total Energy: -30032.711339 eV
Step: 46460, Temperature: 307.90 K, Total Energy: -30032.983620 eV
Step: 46480, Temperature: 289.52 K, Total Energy: -30033.510083 eV
Step: 46500, Temperature: 265.12 K, Total Energy: -30033.998438 eV
Step: 46520, Temperature: 306.64 K, Total Energy: -30033.573520 eV
Step: 46540, Temperature: 289.80 K, Total Energy: -30033.967970 eV
Step: 46560, Temperature: 305.54 K, Total Energy: -30032.788123 eV
Step: 46580, Temperature: 301.57 K, Total Energy: -30032.777345 eV
Step: 46600, Temperature: 308.66 K, Total Energy: -30032.630659 eV
Step: 46620, Temperature: 306.80 K, Total Energy: -30032.942532 eV
Step: 46640, Temperature: 320.58 K, Total Energy: -30032.399252 eV
Step: 46660, Temperature: 307.24 K, Total Energy: -30033.105474 eV
Step: 46680, Temperature: 285.21 K, Total Energy: -30033.339536 eV
Step: 46700, Temperature: 292.71 K, Total Energy: -30033.345044 eV
Step: 46720, Temperature: 295.67 K, Total Energy: -30033.462835 eV
Step: 46740, Temperature: 285.29 K, Total Energy: -30033.656044 eV
Step: 46760, Temperature: 276.20 K, Total Energy: -30034.030054 eV
Step: 46780, Temperature: 267.02 K, Total Energy: -30033.804781 eV
Step: 46800, Temperature: 268.62 K, Total Energy: -30033.557971 eV
Step: 46820, Temperature: 289.80 K, Total Energy: -30033.192624 eV
Step: 46840, Temperature: 298.52 K, Total Energy: -30033.220155 eV
Step: 46860, Temperature: 299.58 K, Total Energy: -30033.133473 eV
Step: 46880, Temperature: 276.48 K, Total Energy: -30033.276914 eV
Step: 46900, Temperature: 301.93 K, Total Energy: -30033.366097 eV
Step: 46920, Temperature: 288.11 K, Total Energy: -30033.121176 eV
Step: 46940, Temperature: 312.72 K, Total Energy: -30032.777943 eV
Step: 46960, Temperature: 298.63 K, Total Energy: -30032.666708 eV
Step: 46980, Temperature: 312.04 K, Total Energy: -30032.396444 eV
Step: 47000, Temperature: 302.55 K, Total Energy: -30032.786212 eV
Step: 47020, Temperature: 292.90 K, Total Energy: -30033.004199 eV
Step: 47040, Temperature: 272.26 K, Total Energy: -30033.200194 eV
Step: 47060, Temperature: 292.47 K, Total Energy: -30033.352884 eV
Step: 47080, Temperature: 276.20 K, Total Energy: -30033.666824 eV
Step: 47100, Temperature: 276.32 K, Total Energy: -30033.493900 eV
Step: 47120, Temperature: 274.60 K, Total Energy: -30032.911547 eV
Step: 47140, Temperature: 296.75 K, Total Energy: -30032.502423 eV
Step: 47160, Temperature: 298.68 K, Total Energy: -30032.542392 eV
Step: 47180, Temperature: 302.55 K, Total Energy: -30032.428778 eV
Step: 47200, Temperature: 285.89 K, Total Energy: -30032.459515 eV
Step: 47220, Temperature: 312.96 K, Total Energy: -30032.377419 eV
Step: 47240, Temperature: 311.97 K, Total Energy: -30033.075824 eV
Step: 47260, Temperature: 299.79 K, Total Energy: -30033.305909 eV
Step: 47280, Temperature: 316.96 K, Total Energy: -30032.725469 eV
Step: 47300, Temperature: 302.85 K, Total Energy: -30032.464356 eV
Step: 47320, Temperature: 283.22 K, Total Energy: -30032.527662 eV
Step: 47340, Temperature: 297.39 K, Total Energy: -30032.125194 eV
Step: 47360, Temperature: 317.02 K, Total Energy: -30032.157737 eV
Step: 47380, Temperature: 315.96 K, Total Energy: -30031.695653 eV
Step: 47400, Temperature: 321.67 K, Total Energy: -30032.505008 eV
Step: 47420, Temperature: 279.82 K, Total Energy: -30032.391495 eV
Step: 47440, Temperature: 298.04 K, Total Energy: -30032.099288 eV
Step: 47460, Temperature: 318.18 K, Total Energy: -30032.281106 eV
Step: 47480, Temperature: 326.77 K, Total Energy: -30032.085647 eV
Step: 47500, Temperature: 307.20 K, Total Energy: -30032.188561 eV
Step: 47520, Temperature: 322.71 K, Total Energy: -30032.485191 eV
Step: 47540, Temperature: 293.20 K, Total Energy: -30032.938155 eV
Step: 47560, Temperature: 286.47 K, Total Energy: -30033.380765 eV
Step: 47580, Temperature: 308.04 K, Total Energy: -30033.587609 eV
Step: 47600, Temperature: 278.85 K, Total Energy: -30033.876490 eV
Step: 47620, Temperature: 283.15 K, Total Energy: -30034.146717 eV
Step: 47640, Temperature: 280.65 K, Total Energy: -30034.396141 eV
Step: 47660, Temperature: 288.34 K, Total Energy: -30034.027552 eV
Step: 47680, Temperature: 266.26 K, Total Energy: -30033.923144 eV
Step: 47700, Temperature: 287.28 K, Total Energy: -30033.743467 eV
Step: 47720, Temperature: 297.86 K, Total Energy: -30033.322515 eV
Step: 47740, Temperature: 282.45 K, Total Energy: -30033.673788 eV
Step: 47760, Temperature: 277.65 K, Total Energy: -30033.456937 eV
Step: 47780, Temperature: 286.67 K, Total Energy: -30033.619832 eV
Step: 47800, Temperature: 298.71 K, Total Energy: -30033.024148 eV
Step: 47820, Temperature: 301.10 K, Total Energy: -30032.845674 eV
Step: 47840, Temperature: 300.18 K, Total Energy: -30033.598913 eV
Step: 47860, Temperature: 313.81 K, Total Energy: -30033.131874 eV
Step: 47880, Temperature: 295.98 K, Total Energy: -30033.529358 eV
Step: 47900, Temperature: 292.68 K, Total Energy: -30033.367178 eV
Step: 47920, Temperature: 328.95 K, Total Energy: -30032.443494 eV
Step: 47940, Temperature: 286.41 K, Total Energy: -30032.546206 eV
Step: 47960, Temperature: 280.11 K, Total Energy: -30032.569740 eV
Step: 47980, Temperature: 317.76 K, Total Energy: -30032.188136 eV
Step: 48000, Temperature: 305.85 K, Total Energy: -30032.782583 eV
Step: 48020, Temperature: 270.36 K, Total Energy: -30032.571388 eV
Step: 48040, Temperature: 310.03 K, Total Energy: -30032.317507 eV
Step: 48060, Temperature: 279.80 K, Total Energy: -30032.614664 eV
Step: 48080, Temperature: 313.93 K, Total Energy: -30032.613134 eV
Step: 48100, Temperature: 298.50 K, Total Energy: -30032.872996 eV
Step: 48120, Temperature: 310.87 K, Total Energy: -30033.023215 eV
Step: 48140, Temperature: 293.08 K, Total Energy: -30033.197028 eV
Step: 48160, Temperature: 263.01 K, Total Energy: -30033.636690 eV
Step: 48180, Temperature: 275.07 K, Total Energy: -30033.913496 eV
Step: 48200, Temperature: 284.95 K, Total Energy: -30033.781645 eV
Step: 48220, Temperature: 265.06 K, Total Energy: -30033.847670 eV
Step: 48240, Temperature: 286.52 K, Total Energy: -30033.518159 eV
Step: 48260, Temperature: 278.06 K, Total Energy: -30033.819859 eV
Step: 48280, Temperature: 276.30 K, Total Energy: -30033.871317 eV
Step: 48300, Temperature: 276.78 K, Total Energy: -30033.427715 eV
Step: 48320, Temperature: 300.66 K, Total Energy: -30033.044193 eV
Step: 48340, Temperature: 312.87 K, Total Energy: -30032.807582 eV
Step: 48360, Temperature: 277.98 K, Total Energy: -30032.968263 eV
Step: 48380, Temperature: 301.36 K, Total Energy: -30032.337190 eV
Step: 48400, Temperature: 297.46 K, Total Energy: -30032.215352 eV
Step: 48420, Temperature: 276.57 K, Total Energy: -30032.370484 eV
Step: 48440, Temperature: 289.20 K, Total Energy: -30032.928104 eV
Step: 48460, Temperature: 274.09 K, Total Energy: -30032.726940 eV
Step: 48480, Temperature: 298.01 K, Total Energy: -30031.926230 eV
Step: 48500, Temperature: 301.08 K, Total Energy: -30031.998530 eV
Step: 48520, Temperature: 285.87 K, Total Energy: -30032.161246 eV
Step: 48540, Temperature: 324.03 K, Total Energy: -30031.743492 eV
Step: 48560, Temperature: 309.56 K, Total Energy: -30031.913169 eV
Step: 48580, Temperature: 313.52 K, Total Energy: -30032.010095 eV
Step: 48600, Temperature: 291.41 K, Total Energy: -30031.734607 eV
Step: 48620, Temperature: 334.24 K, Total Energy: -30031.523112 eV
Step: 48640, Temperature: 328.87 K, Total Energy: -30031.049049 eV
Step: 48660, Temperature: 326.28 K, Total Energy: -30031.550830 eV
Step: 48680, Temperature: 323.77 K, Total Energy: -30031.656105 eV
Step: 48700, Temperature: 291.99 K, Total Energy: -30032.108787 eV
Step: 48720, Temperature: 289.24 K, Total Energy: -30032.231848 eV
Step: 48740, Temperature: 301.27 K, Total Energy: -30032.402112 eV
Step: 48760, Temperature: 304.02 K, Total Energy: -30032.238074 eV
Step: 48780, Temperature: 283.86 K, Total Energy: -30032.441569 eV
Step: 48800, Temperature: 281.11 K, Total Energy: -30032.339817 eV
Step: 48820, Temperature: 331.96 K, Total Energy: -30032.009505 eV
Step: 48840, Temperature: 309.62 K, Total Energy: -30032.427103 eV
Step: 48860, Temperature: 267.52 K, Total Energy: -30032.532569 eV
Step: 48880, Temperature: 300.47 K, Total Energy: -30032.599559 eV
Step: 48900, Temperature: 297.73 K, Total Energy: -30032.716427 eV
Step: 48920, Temperature: 319.92 K, Total Energy: -30031.882558 eV
Step: 48940, Temperature: 340.04 K, Total Energy: -30031.631283 eV
Step: 48960, Temperature: 301.82 K, Total Energy: -30031.597463 eV
Step: 48980, Temperature: 311.04 K, Total Energy: -30031.759244 eV
Step: 49000, Temperature: 300.35 K, Total Energy: -30032.266767 eV
Step: 49020, Temperature: 269.59 K, Total Energy: -30032.438219 eV
Step: 49040, Temperature: 269.57 K, Total Energy: -30033.270836 eV
Step: 49060, Temperature: 289.58 K, Total Energy: -30033.401048 eV
Step: 49080, Temperature: 287.89 K, Total Energy: -30033.300369 eV
Step: 49100, Temperature: 289.68 K, Total Energy: -30033.035298 eV
Step: 49120, Temperature: 278.69 K, Total Energy: -30032.997602 eV
Step: 49140, Temperature: 301.69 K, Total Energy: -30032.241170 eV
Step: 49160, Temperature: 304.35 K, Total Energy: -30032.065861 eV
Step: 49180, Temperature: 307.22 K, Total Energy: -30032.199728 eV
Step: 49200, Temperature: 293.86 K, Total Energy: -30031.923713 eV
Step: 49220, Temperature: 292.62 K, Total Energy: -30031.681039 eV
Step: 49240, Temperature: 307.45 K, Total Energy: -30031.305196 eV
Step: 49260, Temperature: 325.21 K, Total Energy: -30031.405421 eV
Step: 49280, Temperature: 316.67 K, Total Energy: -30031.045246 eV
Step: 49300, Temperature: 310.34 K, Total Energy: -30030.837029 eV
Step: 49320, Temperature: 310.26 K, Total Energy: -30030.596927 eV
Step: 49340, Temperature: 337.72 K, Total Energy: -30030.325559 eV
Step: 49360, Temperature: 310.83 K, Total Energy: -30031.162778 eV
Step: 49380, Temperature: 332.91 K, Total Energy: -30031.046467 eV
Step: 49400, Temperature: 289.32 K, Total Energy: -30031.974092 eV
Step: 49420, Temperature: 306.86 K, Total Energy: -30032.105080 eV
Step: 49440, Temperature: 301.62 K, Total Energy: -30032.405102 eV
Step: 49460, Temperature: 295.83 K, Total Energy: -30032.513522 eV
Step: 49480, Temperature: 268.80 K, Total Energy: -30032.766559 eV
Step: 49500, Temperature: 297.16 K, Total Energy: -30032.406237 eV
Step: 49520, Temperature: 323.39 K, Total Energy: -30032.167531 eV
Step: 49540, Temperature: 300.58 K, Total Energy: -30032.507057 eV
Step: 49560, Temperature: 292.17 K, Total Energy: -30032.887670 eV
Step: 49580, Temperature: 296.45 K, Total Energy: -30032.687716 eV
Step: 49600, Temperature: 333.84 K, Total Energy: -30032.527206 eV
Step: 49620, Temperature: 314.66 K, Total Energy: -30032.538500 eV
Step: 49640, Temperature: 318.15 K, Total Energy: -30032.391306 eV
Step: 49660, Temperature: 308.81 K, Total Energy: -30032.564378 eV
Step: 49680, Temperature: 268.63 K, Total Energy: -30033.180902 eV
Step: 49700, Temperature: 280.18 K, Total Energy: -30033.411811 eV
Step: 49720, Temperature: 295.29 K, Total Energy: -30033.343371 eV
Step: 49740, Temperature: 313.98 K, Total Energy: -30032.709639 eV
Step: 49760, Temperature: 274.82 K, Total Energy: -30032.814292 eV
Step: 49780, Temperature: 330.16 K, Total Energy: -30031.989810 eV
Step: 49800, Temperature: 290.78 K, Total Energy: -30032.394838 eV
Step: 49820, Temperature: 308.51 K, Total Energy: -30032.687105 eV
Step: 49840, Temperature: 282.42 K, Total Energy: -30032.977273 eV
Step: 49860, Temperature: 280.71 K, Total Energy: -30032.531450 eV
Step: 49880, Temperature: 315.87 K, Total Energy: -30032.291506 eV
Step: 49900, Temperature: 291.75 K, Total Energy: -30031.761409 eV
Step: 49920, Temperature: 340.68 K, Total Energy: -30031.244266 eV
Step: 49940, Temperature: 310.33 K, Total Energy: -30031.415327 eV
Step: 49960, Temperature: 306.51 K, Total Energy: -30031.771913 eV
Step: 49980, Temperature: 317.34 K, Total Energy: -30031.266904 eV
Step: 50000, Temperature: 312.73 K, Total Energy: -30031.559115 eV
Step: 50020, Temperature: 305.64 K, Total Energy: -30032.244678 eV
Step: 50040, Temperature: 292.14 K, Total Energy: -30032.003610 eV
Step: 50060, Temperature: 316.03 K, Total Energy: -30031.432182 eV
Step: 50080, Temperature: 326.28 K, Total Energy: -30031.443318 eV
Step: 50100, Temperature: 306.34 K, Total Energy: -30031.750740 eV
Step: 50120, Temperature: 313.29 K, Total Energy: -30031.765689 eV
Step: 50140, Temperature: 276.56 K, Total Energy: -30032.831577 eV
Step: 50160, Temperature: 293.13 K, Total Energy: -30032.576691 eV
Step: 50180, Temperature: 291.33 K, Total Energy: -30032.306860 eV
Step: 50200, Temperature: 288.73 K, Total Energy: -30032.390913 eV
Step: 50220, Temperature: 289.41 K, Total Energy: -30032.602655 eV
Step: 50240, Temperature: 286.89 K, Total Energy: -30032.411355 eV
Step: 50260, Temperature: 298.78 K, Total Energy: -30032.905218 eV
Step: 50280, Temperature: 287.82 K, Total Energy: -30033.003423 eV
Step: 50300, Temperature: 275.43 K, Total Energy: -30033.054918 eV
Step: 50320, Temperature: 291.91 K, Total Energy: -30032.862874 eV
Step: 50340, Temperature: 296.14 K, Total Energy: -30032.980514 eV
Step: 50360, Temperature: 276.77 K, Total Energy: -30033.504132 eV
Step: 50380, Temperature: 269.89 K, Total Energy: -30033.628085 eV
Step: 50400, Temperature: 292.97 K, Total Energy: -30033.463551 eV
Step: 50420, Temperature: 297.38 K, Total Energy: -30033.455642 eV
Step: 50440, Temperature: 283.44 K, Total Energy: -30033.381519 eV
Step: 50460, Temperature: 283.66 K, Total Energy: -30033.653583 eV
Step: 50480, Temperature: 280.40 K, Total Energy: -30033.283126 eV
Step: 50500, Temperature: 285.73 K, Total Energy: -30033.070836 eV
Step: 50520, Temperature: 285.61 K, Total Energy: -30033.124749 eV
Step: 50540, Temperature: 292.28 K, Total Energy: -30032.689544 eV
Step: 50560, Temperature: 302.60 K, Total Energy: -30032.490018 eV
Step: 50580, Temperature: 304.91 K, Total Energy: -30032.131881 eV
Step: 50600, Temperature: 281.72 K, Total Energy: -30032.283700 eV
Step: 50620, Temperature: 284.26 K, Total Energy: -30032.197126 eV
Step: 50640, Temperature: 298.89 K, Total Energy: -30031.972821 eV
Step: 50660, Temperature: 316.61 K, Total Energy: -30031.343617 eV
Step: 50680, Temperature: 324.70 K, Total Energy: -30031.806978 eV
Step: 50700, Temperature: 307.82 K, Total Energy: -30032.399516 eV
Step: 50720, Temperature: 319.65 K, Total Energy: -30031.926406 eV
Step: 50740, Temperature: 293.07 K, Total Energy: -30032.162110 eV
Step: 50760, Temperature: 318.25 K, Total Energy: -30032.218980 eV
Step: 50780, Temperature: 292.57 K, Total Energy: -30032.465521 eV
Step: 50800, Temperature: 295.57 K, Total Energy: -30032.602189 eV
Step: 50820, Temperature: 313.02 K, Total Energy: -30031.739429 eV
Step: 50840, Temperature: 324.08 K, Total Energy: -30032.210943 eV
Step: 50860, Temperature: 305.58 K, Total Energy: -30032.279330 eV
Step: 50880, Temperature: 300.77 K, Total Energy: -30032.429999 eV
Step: 50900, Temperature: 305.86 K, Total Energy: -30032.555613 eV
Step: 50920, Temperature: 311.17 K, Total Energy: -30032.416175 eV
Step: 50940, Temperature: 315.13 K, Total Energy: -30032.378304 eV
Step: 50960, Temperature: 338.65 K, Total Energy: -30032.312144 eV
Step: 50980, Temperature: 293.65 K, Total Energy: -30033.036484 eV
Step: 51000, Temperature: 275.91 K, Total Energy: -30033.080101 eV
Step: 51020, Temperature: 314.04 K, Total Energy: -30032.381904 eV
Step: 51040, Temperature: 305.05 K, Total Energy: -30032.958709 eV
Step: 51060, Temperature: 314.84 K, Total Energy: -30032.557456 eV
Step: 51080, Temperature: 322.05 K, Total Energy: -30032.466429 eV
Step: 51100, Temperature: 316.07 K, Total Energy: -30032.911665 eV
Step: 51120, Temperature: 314.47 K, Total Energy: -30032.701358 eV
Step: 51140, Temperature: 329.74 K, Total Energy: -30032.629148 eV
Step: 51160, Temperature: 302.06 K, Total Energy: -30032.649907 eV
Step: 51180, Temperature: 321.90 K, Total Energy: -30032.929064 eV
Step: 51200, Temperature: 292.72 K, Total Energy: -30033.243044 eV
Step: 51220, Temperature: 284.26 K, Total Energy: -30033.310560 eV
Step: 51240, Temperature: 311.10 K, Total Energy: -30033.089649 eV
Step: 51260, Temperature: 294.58 K, Total Energy: -30032.663828 eV
Step: 51280, Temperature: 330.86 K, Total Energy: -30032.587682 eV
Step: 51300, Temperature: 303.05 K, Total Energy: -30032.584422 eV
Step: 51320, Temperature: 304.73 K, Total Energy: -30032.359137 eV
Step: 51340, Temperature: 301.15 K, Total Energy: -30032.664803 eV
Step: 51360, Temperature: 338.31 K, Total Energy: -30032.529721 eV
Step: 51380, Temperature: 288.15 K, Total Energy: -30032.786283 eV
Step: 51400, Temperature: 309.00 K, Total Energy: -30033.085138 eV
Step: 51420, Temperature: 303.25 K, Total Energy: -30032.884145 eV
Step: 51440, Temperature: 322.94 K, Total Energy: -30032.022425 eV
Step: 51460, Temperature: 302.31 K, Total Energy: -30032.258999 eV
Step: 51480, Temperature: 298.31 K, Total Energy: -30032.600462 eV
Step: 51500, Temperature: 337.16 K, Total Energy: -30032.155764 eV
Step: 51520, Temperature: 322.42 K, Total Energy: -30032.234582 eV
Step: 51540, Temperature: 318.76 K, Total Energy: -30033.102784 eV
Step: 51560, Temperature: 288.63 K, Total Energy: -30033.709862 eV
Step: 51580, Temperature: 281.38 K, Total Energy: -30033.723857 eV
Step: 51600, Temperature: 292.70 K, Total Energy: -30032.942852 eV
Step: 51620, Temperature: 326.31 K, Total Energy: -30031.780666 eV
Step: 51640, Temperature: 319.17 K, Total Energy: -30032.422660 eV
Step: 51660, Temperature: 316.88 K, Total Energy: -30031.961837 eV
Step: 51680, Temperature: 317.61 K, Total Energy: -30031.738709 eV
Step: 51700, Temperature: 312.13 K, Total Energy: -30031.468470 eV
Step: 51720, Temperature: 320.70 K, Total Energy: -30031.909919 eV
Step: 51740, Temperature: 304.78 K, Total Energy: -30032.145024 eV
Step: 51760, Temperature: 302.43 K, Total Energy: -30032.338011 eV
Step: 51780, Temperature: 314.43 K, Total Energy: -30032.343029 eV
Step: 51800, Temperature: 309.40 K, Total Energy: -30032.286095 eV
Step: 51820, Temperature: 292.45 K, Total Energy: -30032.173725 eV
Step: 51840, Temperature: 303.82 K, Total Energy: -30032.909070 eV
Step: 51860, Temperature: 279.14 K, Total Energy: -30033.250134 eV
Step: 51880, Temperature: 305.77 K, Total Energy: -30033.321550 eV
Step: 51900, Temperature: 304.28 K, Total Energy: -30032.872230 eV
Step: 51920, Temperature: 311.27 K, Total Energy: -30033.124516 eV
Step: 51940, Temperature: 286.30 K, Total Energy: -30033.052836 eV
Step: 51960, Temperature: 293.24 K, Total Energy: -30032.997867 eV
Step: 51980, Temperature: 280.46 K, Total Energy: -30033.941958 eV
Step: 52000, Temperature: 296.82 K, Total Energy: -30034.143310 eV
Step: 52020, Temperature: 285.48 K, Total Energy: -30034.077203 eV
Step: 52040, Temperature: 265.74 K, Total Energy: -30034.244634 eV
Step: 52060, Temperature: 279.10 K, Total Energy: -30034.081157 eV
Step: 52080, Temperature: 283.42 K, Total Energy: -30034.421251 eV
Step: 52100, Temperature: 255.84 K, Total Energy: -30034.185779 eV
Step: 52120, Temperature: 301.89 K, Total Energy: -30033.724603 eV
Step: 52140, Temperature: 290.16 K, Total Energy: -30033.714839 eV
Step: 52160, Temperature: 286.69 K, Total Energy: -30034.535434 eV
Step: 52180, Temperature: 263.13 K, Total Energy: -30034.594679 eV
Step: 52200, Temperature: 281.79 K, Total Energy: -30034.869918 eV
Step: 52220, Temperature: 271.18 K, Total Energy: -30034.892933 eV
Step: 52240, Temperature: 277.08 K, Total Energy: -30034.094276 eV
Step: 52260, Temperature: 280.54 K, Total Energy: -30034.543492 eV
Step: 52280, Temperature: 281.87 K, Total Energy: -30034.111895 eV
Step: 52300, Temperature: 301.54 K, Total Energy: -30033.783926 eV
Step: 52320, Temperature: 284.63 K, Total Energy: -30033.785567 eV
Step: 52340, Temperature: 281.90 K, Total Energy: -30033.695290 eV
Step: 52360, Temperature: 297.41 K, Total Energy: -30033.636537 eV
Step: 52380, Temperature: 301.95 K, Total Energy: -30033.408462 eV
Step: 52400, Temperature: 270.51 K, Total Energy: -30033.364598 eV
Step: 52420, Temperature: 280.23 K, Total Energy: -30033.820636 eV
Step: 52440, Temperature: 264.92 K, Total Energy: -30033.895979 eV
Step: 52460, Temperature: 281.31 K, Total Energy: -30033.670861 eV
Step: 52480, Temperature: 290.46 K, Total Energy: -30033.883200 eV
Step: 52500, Temperature: 268.18 K, Total Energy: -30033.934169 eV
Step: 52520, Temperature: 261.15 K, Total Energy: -30033.721913 eV
Step: 52540, Temperature: 278.93 K, Total Energy: -30033.388140 eV
Step: 52560, Temperature: 293.62 K, Total Energy: -30033.234478 eV
Step: 52580, Temperature: 284.19 K, Total Energy: -30032.966637 eV
Step: 52600, Temperature: 291.12 K, Total Energy: -30032.999621 eV
Step: 52620, Temperature: 289.65 K, Total Energy: -30033.067417 eV
Step: 52640, Temperature: 278.15 K, Total Energy: -30033.639846 eV
Step: 52660, Temperature: 296.30 K, Total Energy: -30033.831977 eV
Step: 52680, Temperature: 312.24 K, Total Energy: -30033.069251 eV
Step: 52700, Temperature: 297.26 K, Total Energy: -30033.175413 eV
Step: 52720, Temperature: 305.45 K, Total Energy: -30033.468183 eV
Step: 52740, Temperature: 327.63 K, Total Energy: -30032.122920 eV
Step: 52760, Temperature: 315.52 K, Total Energy: -30032.118619 eV
Step: 52780, Temperature: 287.55 K, Total Energy: -30032.357755 eV
Step: 52800, Temperature: 283.28 K, Total Energy: -30032.830812 eV
Step: 52820, Temperature: 287.42 K, Total Energy: -30033.491777 eV
Step: 52840, Temperature: 260.60 K, Total Energy: -30033.579321 eV
Step: 52860, Temperature: 288.35 K, Total Energy: -30033.316490 eV
Step: 52880, Temperature: 309.12 K, Total Energy: -30033.113560 eV
Step: 52900, Temperature: 286.57 K, Total Energy: -30033.567711 eV
Step: 52920, Temperature: 280.18 K, Total Energy: -30033.476102 eV
Step: 52940, Temperature: 274.75 K, Total Energy: -30034.040686 eV
Step: 52960, Temperature: 305.30 K, Total Energy: -30033.647591 eV
Step: 52980, Temperature: 284.99 K, Total Energy: -30033.663544 eV
Step: 53000, Temperature: 294.89 K, Total Energy: -30033.878644 eV
Step: 53020, Temperature: 294.99 K, Total Energy: -30033.602774 eV
Step: 53040, Temperature: 278.80 K, Total Energy: -30034.166707 eV
Step: 53060, Temperature: 296.43 K, Total Energy: -30034.373659 eV
Step: 53080, Temperature: 290.49 K, Total Energy: -30034.325920 eV
Step: 53100, Temperature: 295.83 K, Total Energy: -30033.788915 eV
Step: 53120, Temperature: 278.17 K, Total Energy: -30033.823015 eV
Step: 53140, Temperature: 280.31 K, Total Energy: -30033.439695 eV
Step: 53160, Temperature: 292.07 K, Total Energy: -30033.329625 eV
Step: 53180, Temperature: 311.30 K, Total Energy: -30033.143278 eV
Step: 53200, Temperature: 286.93 K, Total Energy: -30033.601727 eV
Step: 53220, Temperature: 296.41 K, Total Energy: -30033.477691 eV
Step: 53240, Temperature: 285.70 K, Total Energy: -30033.803931 eV
Step: 53260, Temperature: 271.53 K, Total Energy: -30033.837471 eV
Step: 53280, Temperature: 269.94 K, Total Energy: -30033.929670 eV
Step: 53300, Temperature: 269.10 K, Total Energy: -30033.763008 eV
Step: 53320, Temperature: 302.66 K, Total Energy: -30033.342031 eV
Step: 53340, Temperature: 299.71 K, Total Energy: -30032.720123 eV
Step: 53360, Temperature: 310.95 K, Total Energy: -30032.396102 eV
Step: 53380, Temperature: 293.54 K, Total Energy: -30032.679834 eV
Step: 53400, Temperature: 311.11 K, Total Energy: -30032.640245 eV
Step: 53420, Temperature: 281.68 K, Total Energy: -30032.683065 eV
Step: 53440, Temperature: 303.11 K, Total Energy: -30032.711842 eV
Step: 53460, Temperature: 300.40 K, Total Energy: -30032.677552 eV
Step: 53480, Temperature: 282.66 K, Total Energy: -30032.576746 eV
Step: 53500, Temperature: 294.96 K, Total Energy: -30033.574183 eV
Step: 53520, Temperature: 315.14 K, Total Energy: -30032.573344 eV
Step: 53540, Temperature: 310.60 K, Total Energy: -30032.428269 eV
Step: 53560, Temperature: 312.10 K, Total Energy: -30032.748469 eV
Step: 53580, Temperature: 287.25 K, Total Energy: -30032.869155 eV
Step: 53600, Temperature: 316.67 K, Total Energy: -30032.525778 eV
Step: 53620, Temperature: 277.06 K, Total Energy: -30031.752871 eV
Step: 53640, Temperature: 301.98 K, Total Energy: -30032.163659 eV
Step: 53660, Temperature: 314.65 K, Total Energy: -30032.034852 eV
Step: 53680, Temperature: 327.13 K, Total Energy: -30031.023937 eV
Step: 53700, Temperature: 327.89 K, Total Energy: -30031.741390 eV
Step: 53720, Temperature: 346.95 K, Total Energy: -30031.733239 eV
Step: 53740, Temperature: 351.58 K, Total Energy: -30031.585140 eV
Step: 53760, Temperature: 330.57 K, Total Energy: -30031.874108 eV
Step: 53780, Temperature: 311.88 K, Total Energy: -30031.746132 eV
Step: 53800, Temperature: 311.57 K, Total Energy: -30032.089847 eV
Step: 53820, Temperature: 349.25 K, Total Energy: -30032.297239 eV
Step: 53840, Temperature: 295.92 K, Total Energy: -30033.265191 eV
Step: 53860, Temperature: 306.49 K, Total Energy: -30032.723626 eV
Step: 53880, Temperature: 317.10 K, Total Energy: -30032.870550 eV
Step: 53900, Temperature: 290.66 K, Total Energy: -30033.325368 eV
Step: 53920, Temperature: 304.35 K, Total Energy: -30033.163554 eV
Step: 53940, Temperature: 263.82 K, Total Energy: -30033.964365 eV
Step: 53960, Temperature: 292.19 K, Total Energy: -30033.914585 eV
Step: 53980, Temperature: 274.65 K, Total Energy: -30033.976627 eV
Step: 54000, Temperature: 286.24 K, Total Energy: -30033.610940 eV
Step: 54020, Temperature: 300.32 K, Total Energy: -30033.400172 eV
Step: 54040, Temperature: 287.84 K, Total Energy: -30033.633835 eV
Step: 54060, Temperature: 316.92 K, Total Energy: -30033.390639 eV
Step: 54080, Temperature: 306.03 K, Total Energy: -30033.457641 eV
Step: 54100, Temperature: 272.35 K, Total Energy: -30033.256552 eV
Step: 54120, Temperature: 345.21 K, Total Energy: -30032.293989 eV
Step: 54140, Temperature: 274.53 K, Total Energy: -30032.622348 eV
Step: 54160, Temperature: 282.26 K, Total Energy: -30033.377725 eV
Step: 54180, Temperature: 279.27 K, Total Energy: -30033.979200 eV
Step: 54200, Temperature: 292.07 K, Total Energy: -30033.675138 eV
Step: 54220, Temperature: 295.48 K, Total Energy: -30033.791816 eV
Step: 54240, Temperature: 285.93 K, Total Energy: -30033.130333 eV
Step: 54260, Temperature: 312.19 K, Total Energy: -30032.845805 eV
Step: 54280, Temperature: 305.91 K, Total Energy: -30032.624769 eV
Step: 54300, Temperature: 291.60 K, Total Energy: -30032.964337 eV
Step: 54320, Temperature: 311.85 K, Total Energy: -30032.750656 eV
Step: 54340, Temperature: 283.19 K, Total Energy: -30032.879977 eV
Step: 54360, Temperature: 325.06 K, Total Energy: -30032.821321 eV
Step: 54380, Temperature: 303.28 K, Total Energy: -30032.875616 eV
Step: 54400, Temperature: 310.43 K, Total Energy: -30032.907059 eV
Step: 54420, Temperature: 300.74 K, Total Energy: -30033.180698 eV
Step: 54440, Temperature: 298.11 K, Total Energy: -30033.443218 eV
Step: 54460, Temperature: 292.45 K, Total Energy: -30033.646223 eV
Step: 54480, Temperature: 297.37 K, Total Energy: -30033.002785 eV
Step: 54500, Temperature: 308.66 K, Total Energy: -30033.490091 eV
Step: 54520, Temperature: 306.84 K, Total Energy: -30033.113276 eV
Step: 54540, Temperature: 308.87 K, Total Energy: -30033.035565 eV
Step: 54560, Temperature: 286.27 K, Total Energy: -30033.116143 eV
Step: 54580, Temperature: 321.01 K, Total Energy: -30032.769481 eV
Step: 54600, Temperature: 301.73 K, Total Energy: -30033.412187 eV
Step: 54620, Temperature: 310.49 K, Total Energy: -30033.300114 eV
Step: 54640, Temperature: 305.37 K, Total Energy: -30032.995568 eV
Step: 54660, Temperature: 292.28 K, Total Energy: -30033.816627 eV
Step: 54680, Temperature: 281.64 K, Total Energy: -30033.699813 eV
Step: 54700, Temperature: 281.85 K, Total Energy: -30033.858472 eV
Step: 54720, Temperature: 321.06 K, Total Energy: -30033.203912 eV
Step: 54740, Temperature: 302.18 K, Total Energy: -30033.619647 eV
Step: 54760, Temperature: 295.96 K, Total Energy: -30033.701866 eV
Step: 54780, Temperature: 271.31 K, Total Energy: -30034.139603 eV
Step: 54800, Temperature: 305.92 K, Total Energy: -30033.556251 eV
Step: 54820, Temperature: 290.51 K, Total Energy: -30034.102563 eV
Step: 54840, Temperature: 275.28 K, Total Energy: -30033.965032 eV
Step: 54860, Temperature: 292.01 K, Total Energy: -30033.334965 eV
Step: 54880, Temperature: 285.76 K, Total Energy: -30033.822013 eV
Step: 54900, Temperature: 264.56 K, Total Energy: -30034.291519 eV
Step: 54920, Temperature: 290.37 K, Total Energy: -30034.149056 eV
Step: 54940, Temperature: 309.61 K, Total Energy: -30033.700894 eV
Step: 54960, Temperature: 296.44 K, Total Energy: -30034.037396 eV
Step: 54980, Temperature: 296.98 K, Total Energy: -30033.987082 eV
Step: 55000, Temperature: 266.60 K, Total Energy: -30033.807463 eV
Step: 55020, Temperature: 313.61 K, Total Energy: -30033.263730 eV
Step: 55040, Temperature: 313.53 K, Total Energy: -30033.584189 eV
Step: 55060, Temperature: 262.54 K, Total Energy: -30033.995985 eV
Step: 55080, Temperature: 289.46 K, Total Energy: -30033.413981 eV
Step: 55100, Temperature: 295.43 K, Total Energy: -30033.070337 eV
Step: 55120, Temperature: 286.12 K, Total Energy: -30033.168525 eV
Step: 55140, Temperature: 295.73 K, Total Energy: -30032.844083 eV
Step: 55160, Temperature: 296.44 K, Total Energy: -30033.074611 eV
Step: 55180, Temperature: 288.86 K, Total Energy: -30033.094767 eV
Step: 55200, Temperature: 290.61 K, Total Energy: -30032.977043 eV
Step: 55220, Temperature: 296.80 K, Total Energy: -30032.661405 eV
Step: 55240, Temperature: 334.96 K, Total Energy: -30032.120484 eV
Step: 55260, Temperature: 297.14 K, Total Energy: -30032.440125 eV
Step: 55280, Temperature: 304.61 K, Total Energy: -30032.610222 eV
Step: 55300, Temperature: 326.94 K, Total Energy: -30032.680908 eV
Step: 55320, Temperature: 309.40 K, Total Energy: -30032.936558 eV
Step: 55340, Temperature: 283.84 K, Total Energy: -30033.514320 eV
Step: 55360, Temperature: 275.16 K, Total Energy: -30033.784343 eV
Step: 55380, Temperature: 310.45 K, Total Energy: -30033.480901 eV
Step: 55400, Temperature: 300.94 K, Total Energy: -30033.503913 eV
Step: 55420, Temperature: 299.86 K, Total Energy: -30033.700701 eV
Step: 55440, Temperature: 283.43 K, Total Energy: -30033.666933 eV
Step: 55460, Temperature: 297.93 K, Total Energy: -30033.994615 eV
Step: 55480, Temperature: 271.43 K, Total Energy: -30034.396518 eV
Step: 55500, Temperature: 289.43 K, Total Energy: -30034.039528 eV
Step: 55520, Temperature: 299.64 K, Total Energy: -30034.221833 eV
Step: 55540, Temperature: 276.26 K, Total Energy: -30034.548070 eV
Step: 55560, Temperature: 294.19 K, Total Energy: -30034.583705 eV
Step: 55580, Temperature: 277.18 K, Total Energy: -30034.277138 eV
Step: 55600, Temperature: 291.91 K, Total Energy: -30033.562038 eV
Step: 55620, Temperature: 309.42 K, Total Energy: -30033.342237 eV
Step: 55640, Temperature: 303.13 K, Total Energy: -30032.728782 eV
Step: 55660, Temperature: 315.86 K, Total Energy: -30033.272424 eV
Step: 55680, Temperature: 319.94 K, Total Energy: -30032.799902 eV
Step: 55700, Temperature: 277.87 K, Total Energy: -30033.260062 eV
Step: 55720, Temperature: 283.09 K, Total Energy: -30033.884382 eV
Step: 55740, Temperature: 298.35 K, Total Energy: -30033.412098 eV
Step: 55760, Temperature: 309.23 K, Total Energy: -30033.477787 eV
Step: 55780, Temperature: 313.45 K, Total Energy: -30033.398591 eV
Step: 55800, Temperature: 300.64 K, Total Energy: -30033.189210 eV
Step: 55820, Temperature: 308.77 K, Total Energy: -30032.918965 eV
Step: 55840, Temperature: 317.11 K, Total Energy: -30032.952307 eV
Step: 55860, Temperature: 298.80 K, Total Energy: -30033.197738 eV
Step: 55880, Temperature: 293.82 K, Total Energy: -30033.825226 eV
Step: 55900, Temperature: 297.13 K, Total Energy: -30033.633715 eV
Step: 55920, Temperature: 290.25 K, Total Energy: -30033.466630 eV
Step: 55940, Temperature: 295.27 K, Total Energy: -30032.566590 eV
Step: 55960, Temperature: 304.61 K, Total Energy: -30032.543793 eV
Step: 55980, Temperature: 286.67 K, Total Energy: -30033.367979 eV
Step: 56000, Temperature: 274.15 K, Total Energy: -30033.742942 eV
Step: 56020, Temperature: 274.93 K, Total Energy: -30033.540089 eV
Step: 56040, Temperature: 276.79 K, Total Energy: -30034.025127 eV
Step: 56060, Temperature: 278.13 K, Total Energy: -30033.650135 eV
Step: 56080, Temperature: 274.45 K, Total Energy: -30033.393713 eV
Step: 56100, Temperature: 286.52 K, Total Energy: -30032.885311 eV
Step: 56120, Temperature: 311.41 K, Total Energy: -30032.451106 eV
Step: 56140, Temperature: 304.98 K, Total Energy: -30032.757200 eV
Step: 56160, Temperature: 291.76 K, Total Energy: -30032.950568 eV
Step: 56180, Temperature: 286.81 K, Total Energy: -30032.999123 eV
Step: 56200, Temperature: 290.93 K, Total Energy: -30033.125532 eV
Step: 56220, Temperature: 298.24 K, Total Energy: -30032.860033 eV
Step: 56240, Temperature: 283.64 K, Total Energy: -30033.415694 eV
Step: 56260, Temperature: 295.15 K, Total Energy: -30033.257068 eV
Step: 56280, Temperature: 273.76 K, Total Energy: -30033.377738 eV
Step: 56300, Temperature: 288.61 K, Total Energy: -30033.050229 eV
Step: 56320, Temperature: 298.67 K, Total Energy: -30033.032869 eV
Step: 56340, Temperature: 306.52 K, Total Energy: -30032.773607 eV
Step: 56360, Temperature: 312.06 K, Total Energy: -30032.720255 eV
Step: 56380, Temperature: 297.13 K, Total Energy: -30033.231201 eV
Step: 56400, Temperature: 316.04 K, Total Energy: -30032.699432 eV
Step: 56420, Temperature: 299.87 K, Total Energy: -30033.303900 eV
Step: 56440, Temperature: 294.38 K, Total Energy: -30033.559258 eV
Step: 56460, Temperature: 279.38 K, Total Energy: -30033.562563 eV
Step: 56480, Temperature: 309.45 K, Total Energy: -30033.150220 eV
Step: 56500, Temperature: 291.06 K, Total Energy: -30032.905474 eV
Step: 56520, Temperature: 294.56 K, Total Energy: -30032.681826 eV
Step: 56540, Temperature: 313.67 K, Total Energy: -30032.461390 eV
Step: 56560, Temperature: 308.73 K, Total Energy: -30032.578172 eV
Step: 56580, Temperature: 320.79 K, Total Energy: -30032.239766 eV
Step: 56600, Temperature: 327.25 K, Total Energy: -30032.139964 eV
Step: 56620, Temperature: 295.30 K, Total Energy: -30032.899797 eV
Step: 56640, Temperature: 307.61 K, Total Energy: -30032.609934 eV
Step: 56660, Temperature: 302.27 K, Total Energy: -30032.351691 eV
Step: 56680, Temperature: 325.67 K, Total Energy: -30032.126579 eV
Step: 56700, Temperature: 337.72 K, Total Energy: -30031.768846 eV
Step: 56720, Temperature: 310.72 K, Total Energy: -30032.153935 eV
Step: 56740, Temperature: 288.96 K, Total Energy: -30032.303189 eV
Step: 56760, Temperature: 312.58 K, Total Energy: -30032.277511 eV
Step: 56780, Temperature: 321.85 K, Total Energy: -30032.275921 eV
Step: 56800, Temperature: 289.66 K, Total Energy: -30031.944059 eV
Step: 56820, Temperature: 298.38 K, Total Energy: -30032.147444 eV
Step: 56840, Temperature: 301.64 K, Total Energy: -30032.127108 eV
Step: 56860, Temperature: 294.29 K, Total Energy: -30032.331089 eV
Step: 56880, Temperature: 306.43 K, Total Energy: -30032.137254 eV
Step: 56900, Temperature: 304.93 K, Total Energy: -30031.922436 eV
Step: 56920, Temperature: 296.15 K, Total Energy: -30032.718500 eV
Step: 56940, Temperature: 304.07 K, Total Energy: -30032.773811 eV
Step: 56960, Temperature: 307.41 K, Total Energy: -30032.487870 eV
Step: 56980, Temperature: 310.01 K, Total Energy: -30032.685114 eV
Step: 57000, Temperature: 313.69 K, Total Energy: -30032.376861 eV
Step: 57020, Temperature: 302.59 K, Total Energy: -30032.291225 eV
Step: 57040, Temperature: 299.91 K, Total Energy: -30032.064677 eV
Step: 57060, Temperature: 269.71 K, Total Energy: -30032.620703 eV
Step: 57080, Temperature: 281.84 K, Total Energy: -30033.315804 eV
Step: 57100, Temperature: 285.05 K, Total Energy: -30032.779185 eV
Step: 57120, Temperature: 322.13 K, Total Energy: -30031.997473 eV
Step: 57140, Temperature: 306.24 K, Total Energy: -30032.372492 eV
Step: 57160, Temperature: 292.52 K, Total Energy: -30032.828259 eV
Step: 57180, Temperature: 314.31 K, Total Energy: -30032.199540 eV
Step: 57200, Temperature: 307.43 K, Total Energy: -30032.278471 eV
Step: 57220, Temperature: 305.50 K, Total Energy: -30032.181772 eV
Step: 57240, Temperature: 320.58 K, Total Energy: -30031.963695 eV
Step: 57260, Temperature: 315.54 K, Total Energy: -30032.418982 eV
Step: 57280, Temperature: 317.00 K, Total Energy: -30032.818252 eV
Step: 57300, Temperature: 292.21 K, Total Energy: -30033.685549 eV
Step: 57320, Temperature: 254.02 K, Total Energy: -30033.363792 eV
Step: 57340, Temperature: 293.64 K, Total Energy: -30032.935198 eV
Step: 57360, Temperature: 286.03 K, Total Energy: -30032.065276 eV
Step: 57380, Temperature: 300.38 K, Total Energy: -30031.513874 eV
Step: 57400, Temperature: 306.88 K, Total Energy: -30031.725639 eV
Step: 57420, Temperature: 330.99 K, Total Energy: -30031.533658 eV
Step: 57440, Temperature: 316.61 K, Total Energy: -30031.706917 eV
Step: 57460, Temperature: 292.95 K, Total Energy: -30031.930803 eV
Step: 57480, Temperature: 296.22 K, Total Energy: -30032.417989 eV
Step: 57500, Temperature: 297.71 K, Total Energy: -30032.758025 eV
Step: 57520, Temperature: 300.29 K, Total Energy: -30032.803273 eV
Step: 57540, Temperature: 303.09 K, Total Energy: -30032.944733 eV
Step: 57560, Temperature: 308.25 K, Total Energy: -30032.830432 eV
Step: 57580, Temperature: 295.92 K, Total Energy: -30032.929404 eV
Step: 57600, Temperature: 277.04 K, Total Energy: -30033.190922 eV
Step: 57620, Temperature: 287.68 K, Total Energy: -30032.848759 eV
Step: 57640, Temperature: 325.82 K, Total Energy: -30032.581874 eV
Step: 57660, Temperature: 281.51 K, Total Energy: -30033.171806 eV
Step: 57680, Temperature: 316.18 K, Total Energy: -30033.043754 eV
Step: 57700, Temperature: 267.80 K, Total Energy: -30032.943487 eV
Step: 57720, Temperature: 304.67 K, Total Energy: -30033.446554 eV
Step: 57740, Temperature: 288.95 K, Total Energy: -30033.434362 eV
Step: 57760, Temperature: 272.90 K, Total Energy: -30033.525955 eV
Step: 57780, Temperature: 294.22 K, Total Energy: -30033.705987 eV
Step: 57800, Temperature: 301.08 K, Total Energy: -30033.236853 eV
Step: 57820, Temperature: 317.28 K, Total Energy: -30033.391518 eV
Step: 57840, Temperature: 294.93 K, Total Energy: -30033.161007 eV
Step: 57860, Temperature: 312.00 K, Total Energy: -30033.047835 eV
Step: 57880, Temperature: 314.94 K, Total Energy: -30032.861523 eV
Step: 57900, Temperature: 314.03 K, Total Energy: -30033.278751 eV
Step: 57920, Temperature: 287.88 K, Total Energy: -30033.480477 eV
Step: 57940, Temperature: 274.33 K, Total Energy: -30033.709323 eV
Step: 57960, Temperature: 331.32 K, Total Energy: -30033.460928 eV
Step: 57980, Temperature: 300.59 K, Total Energy: -30033.583051 eV
Step: 58000, Temperature: 305.15 K, Total Energy: -30032.946293 eV
Step: 58020, Temperature: 300.58 K, Total Energy: -30033.124204 eV
Step: 58040, Temperature: 288.09 K, Total Energy: -30033.197908 eV
Step: 58060, Temperature: 294.75 K, Total Energy: -30033.745579 eV
Step: 58080, Temperature: 262.36 K, Total Energy: -30034.012249 eV
Step: 58100, Temperature: 277.63 K, Total Energy: -30033.654685 eV
Step: 58120, Temperature: 303.63 K, Total Energy: -30033.392219 eV
Step: 58140, Temperature: 294.42 K, Total Energy: -30033.247856 eV
Step: 58160, Temperature: 283.79 K, Total Energy: -30033.195132 eV
Step: 58180, Temperature: 317.31 K, Total Energy: -30032.378975 eV
Step: 58200, Temperature: 324.07 K, Total Energy: -30032.173967 eV
Step: 58220, Temperature: 279.98 K, Total Energy: -30032.442140 eV
Step: 58240, Temperature: 295.73 K, Total Energy: -30032.871536 eV
Step: 58260, Temperature: 287.85 K, Total Energy: -30032.910920 eV
Step: 58280, Temperature: 305.87 K, Total Energy: -30032.666826 eV
Step: 58300, Temperature: 300.40 K, Total Energy: -30032.179363 eV
Step: 58320, Temperature: 300.97 K, Total Energy: -30032.305927 eV
Step: 58340, Temperature: 317.04 K, Total Energy: -30032.436433 eV
Step: 58360, Temperature: 291.30 K, Total Energy: -30032.715926 eV
Step: 58380, Temperature: 304.12 K, Total Energy: -30032.971915 eV
Step: 58400, Temperature: 299.46 K, Total Energy: -30032.575836 eV
Step: 58420, Temperature: 294.26 K, Total Energy: -30033.302479 eV
Step: 58440, Temperature: 270.01 K, Total Energy: -30033.560625 eV
Step: 58460, Temperature: 289.59 K, Total Energy: -30033.357995 eV
Step: 58480, Temperature: 302.18 K, Total Energy: -30033.137189 eV
Step: 58500, Temperature: 292.89 K, Total Energy: -30033.301349 eV
Step: 58520, Temperature: 274.13 K, Total Energy: -30033.419256 eV
Step: 58540, Temperature: 307.64 K, Total Energy: -30033.331732 eV
Step: 58560, Temperature: 299.74 K, Total Energy: -30033.053197 eV
Step: 58580, Temperature: 289.77 K, Total Energy: -30033.318295 eV
Step: 58600, Temperature: 289.62 K, Total Energy: -30033.261529 eV
Step: 58620, Temperature: 303.73 K, Total Energy: -30033.139783 eV
Step: 58640, Temperature: 270.31 K, Total Energy: -30033.467260 eV
Step: 58660, Temperature: 311.82 K, Total Energy: -30033.231913 eV
Step: 58680, Temperature: 294.31 K, Total Energy: -30033.211362 eV
Step: 58700, Temperature: 281.92 K, Total Energy: -30033.899911 eV
Step: 58720, Temperature: 292.45 K, Total Energy: -30034.210699 eV
Step: 58740, Temperature: 289.23 K, Total Energy: -30034.454750 eV
Step: 58760, Temperature: 269.52 K, Total Energy: -30034.074726 eV
Step: 58780, Temperature: 270.90 K, Total Energy: -30034.237675 eV
Step: 58800, Temperature: 268.00 K, Total Energy: -30034.487487 eV
Step: 58820, Temperature: 269.12 K, Total Energy: -30034.209601 eV
Step: 58840, Temperature: 293.03 K, Total Energy: -30033.920872 eV
Step: 58860, Temperature: 273.68 K, Total Energy: -30034.321209 eV
Step: 58880, Temperature: 270.70 K, Total Energy: -30034.320844 eV
Step: 58900, Temperature: 276.99 K, Total Energy: -30033.512478 eV
Step: 58920, Temperature: 308.66 K, Total Energy: -30033.273194 eV
Step: 58940, Temperature: 293.69 K, Total Energy: -30032.924037 eV
Step: 58960, Temperature: 293.31 K, Total Energy: -30033.308559 eV
Step: 58980, Temperature: 307.51 K, Total Energy: -30032.983390 eV
Step: 59000, Temperature: 283.24 K, Total Energy: -30033.115004 eV
Step: 59020, Temperature: 280.13 K, Total Energy: -30033.155260 eV
Step: 59040, Temperature: 313.27 K, Total Energy: -30032.549620 eV
Step: 59060, Temperature: 315.47 K, Total Energy: -30032.301659 eV
Step: 59080, Temperature: 312.47 K, Total Energy: -30032.411068 eV
Step: 59100, Temperature: 313.50 K, Total Energy: -30031.995089 eV
Step: 59120, Temperature: 325.29 K, Total Energy: -30031.177080 eV
Step: 59140, Temperature: 278.94 K, Total Energy: -30031.889719 eV
Step: 59160, Temperature: 297.13 K, Total Energy: -30032.455828 eV
Step: 59180, Temperature: 278.49 K, Total Energy: -30032.191882 eV
Step: 59200, Temperature: 284.80 K, Total Energy: -30032.232597 eV
Step: 59220, Temperature: 304.32 K, Total Energy: -30032.435641 eV
Step: 59240, Temperature: 283.67 K, Total Energy: -30032.391663 eV
Step: 59260, Temperature: 301.70 K, Total Energy: -30032.276201 eV
Step: 59280, Temperature: 307.69 K, Total Energy: -30032.395127 eV
Step: 59300, Temperature: 306.09 K, Total Energy: -30032.467987 eV
Step: 59320, Temperature: 336.28 K, Total Energy: -30032.470593 eV
Step: 59340, Temperature: 303.29 K, Total Energy: -30032.613709 eV
Step: 59360, Temperature: 323.34 K, Total Energy: -30032.518406 eV
Step: 59380, Temperature: 300.34 K, Total Energy: -30032.390051 eV
Step: 59400, Temperature: 322.66 K, Total Energy: -30032.556621 eV
Step: 59420, Temperature: 303.20 K, Total Energy: -30032.940068 eV
Step: 59440, Temperature: 291.49 K, Total Energy: -30033.041334 eV
Step: 59460, Temperature: 274.54 K, Total Energy: -30033.274364 eV
Step: 59480, Temperature: 278.26 K, Total Energy: -30033.434065 eV
Step: 59500, Temperature: 270.52 K, Total Energy: -30033.317399 eV
Step: 59520, Temperature: 285.03 K, Total Energy: -30033.324631 eV
Step: 59540, Temperature: 284.42 K, Total Energy: -30033.382769 eV
Step: 59560, Temperature: 265.47 K, Total Energy: -30033.491631 eV
Step: 59580, Temperature: 271.90 K, Total Energy: -30033.361366 eV
Step: 59600, Temperature: 290.69 K, Total Energy: -30033.279929 eV
Step: 59620, Temperature: 304.79 K, Total Energy: -30032.613430 eV
Step: 59640, Temperature: 307.39 K, Total Energy: -30032.269540 eV
Step: 59660, Temperature: 284.25 K, Total Energy: -30032.439529 eV
Step: 59680, Temperature: 298.57 K, Total Energy: -30032.523591 eV
Step: 59700, Temperature: 291.79 K, Total Energy: -30033.309059 eV
Step: 59720, Temperature: 300.54 K, Total Energy: -30033.593870 eV
Step: 59740, Temperature: 294.55 K, Total Energy: -30033.613778 eV
Step: 59760, Temperature: 297.71 K, Total Energy: -30034.041188 eV
Step: 59780, Temperature: 284.63 K, Total Energy: -30034.211367 eV
Step: 59800, Temperature: 289.11 K, Total Energy: -30034.022122 eV
Step: 59820, Temperature: 280.60 K, Total Energy: -30034.600635 eV
Step: 59840, Temperature: 292.39 K, Total Energy: -30034.222127 eV
Step: 59860, Temperature: 282.04 K, Total Energy: -30033.977004 eV
Step: 59880, Temperature: 266.56 K, Total Energy: -30033.773303 eV
Step: 59900, Temperature: 302.74 K, Total Energy: -30033.482703 eV
Step: 59920, Temperature: 270.34 K, Total Energy: -30033.402165 eV
Step: 59940, Temperature: 290.15 K, Total Energy: -30033.998321 eV
Step: 59960, Temperature: 295.38 K, Total Energy: -30034.061952 eV
Step: 59980, Temperature: 293.59 K, Total Energy: -30034.326908 eV
Step: 60000, Temperature: 265.69 K, Total Energy: -30034.289053 eV
Step: 60020, Temperature: 287.57 K, Total Energy: -30034.577987 eV
Step: 60040, Temperature: 277.52 K, Total Energy: -30034.829400 eV
Step: 60060, Temperature: 266.52 K, Total Energy: -30034.577000 eV
Step: 60080, Temperature: 300.08 K, Total Energy: -30034.126740 eV
Step: 60100, Temperature: 300.76 K, Total Energy: -30033.772102 eV
Step: 60120, Temperature: 309.01 K, Total Energy: -30032.997067 eV
Step: 60140, Temperature: 298.25 K, Total Energy: -30033.183879 eV
Step: 60160, Temperature: 282.17 K, Total Energy: -30033.274380 eV
Step: 60180, Temperature: 278.84 K, Total Energy: -30033.382557 eV
Step: 60200, Temperature: 292.98 K, Total Energy: -30032.922101 eV
Step: 60220, Temperature: 317.26 K, Total Energy: -30032.677008 eV
Step: 60240, Temperature: 342.29 K, Total Energy: -30032.212136 eV
Step: 60260, Temperature: 333.63 K, Total Energy: -30032.356699 eV
Step: 60280, Temperature: 297.60 K, Total Energy: -30032.467609 eV
Step: 60300, Temperature: 334.60 K, Total Energy: -30032.990765 eV
Step: 60320, Temperature: 340.71 K, Total Energy: -30032.839240 eV
Step: 60340, Temperature: 300.93 K, Total Energy: -30033.160434 eV
Step: 60360, Temperature: 300.90 K, Total Energy: -30033.100761 eV
Step: 60380, Temperature: 288.23 K, Total Energy: -30033.362446 eV
Step: 60400, Temperature: 305.59 K, Total Energy: -30033.312450 eV
Step: 60420, Temperature: 288.78 K, Total Energy: -30033.764783 eV
Step: 60440, Temperature: 286.50 K, Total Energy: -30033.682649 eV
Step: 60460, Temperature: 303.02 K, Total Energy: -30033.014916 eV
Step: 60480, Temperature: 302.04 K, Total Energy: -30032.433714 eV
Step: 60500, Temperature: 311.51 K, Total Energy: -30032.167327 eV
Step: 60520, Temperature: 293.64 K, Total Energy: -30031.974276 eV
Step: 60540, Temperature: 333.84 K, Total Energy: -30032.281254 eV
Step: 60560, Temperature: 311.82 K, Total Energy: -30032.349117 eV
Step: 60580, Temperature: 273.20 K, Total Energy: -30032.391522 eV
Step: 60600, Temperature: 302.84 K, Total Energy: -30032.564167 eV
Step: 60620, Temperature: 331.59 K, Total Energy: -30032.610411 eV
Step: 60640, Temperature: 316.34 K, Total Energy: -30032.336687 eV
Step: 60660, Temperature: 308.02 K, Total Energy: -30033.166143 eV
Step: 60680, Temperature: 288.81 K, Total Energy: -30033.656663 eV
Step: 60700, Temperature: 274.48 K, Total Energy: -30033.879486 eV
Step: 60720, Temperature: 297.36 K, Total Energy: -30034.133871 eV
Step: 60740, Temperature: 296.19 K, Total Energy: -30034.405078 eV
Step: 60760, Temperature: 273.73 K, Total Energy: -30034.636199 eV
Step: 60780, Temperature: 289.93 K, Total Energy: -30034.626778 eV
Step: 60800, Temperature: 284.59 K, Total Energy: -30033.972317 eV
Step: 60820, Temperature: 306.62 K, Total Energy: -30034.033016 eV
Step: 60840, Temperature: 304.18 K, Total Energy: -30033.904109 eV
Step: 60860, Temperature: 267.08 K, Total Energy: -30033.746648 eV
Step: 60880, Temperature: 275.36 K, Total Energy: -30033.890812 eV
Step: 60900, Temperature: 292.82 K, Total Energy: -30033.170251 eV
Step: 60920, Temperature: 278.64 K, Total Energy: -30033.561323 eV
Step: 60940, Temperature: 285.52 K, Total Energy: -30033.646341 eV
Step: 60960, Temperature: 293.89 K, Total Energy: -30033.606563 eV
Step: 60980, Temperature: 294.01 K, Total Energy: -30033.433688 eV
Step: 61000, Temperature: 297.69 K, Total Energy: -30033.322926 eV
Step: 61020, Temperature: 292.64 K, Total Energy: -30033.751041 eV
Step: 61040, Temperature: 288.97 K, Total Energy: -30033.654616 eV
Step: 61060, Temperature: 310.18 K, Total Energy: -30033.405488 eV
Step: 61080, Temperature: 306.43 K, Total Energy: -30033.309144 eV
Step: 61100, Temperature: 318.55 K, Total Energy: -30033.519955 eV
Step: 61120, Temperature: 299.12 K, Total Energy: -30033.617536 eV
Step: 61140, Temperature: 276.79 K, Total Energy: -30034.081825 eV
Step: 61160, Temperature: 273.53 K, Total Energy: -30034.268283 eV
Step: 61180, Temperature: 301.34 K, Total Energy: -30034.470664 eV
Step: 61200, Temperature: 274.21 K, Total Energy: -30034.907559 eV
Step: 61220, Temperature: 256.78 K, Total Energy: -30034.969147 eV
Step: 61240, Temperature: 287.24 K, Total Energy: -30034.482515 eV
Step: 61260, Temperature: 274.75 K, Total Energy: -30034.546434 eV
Step: 61280, Temperature: 272.95 K, Total Energy: -30034.235832 eV
Step: 61300, Temperature: 287.69 K, Total Energy: -30034.143341 eV
Step: 61320, Temperature: 277.92 K, Total Energy: -30033.737382 eV
Step: 61340, Temperature: 283.00 K, Total Energy: -30033.890654 eV
Step: 61360, Temperature: 275.78 K, Total Energy: -30034.048226 eV
Step: 61380, Temperature: 302.23 K, Total Energy: -30033.509103 eV
Step: 61400, Temperature: 283.93 K, Total Energy: -30034.053017 eV
Step: 61420, Temperature: 301.17 K, Total Energy: -30033.883002 eV
Step: 61440, Temperature: 304.57 K, Total Energy: -30033.659851 eV
Step: 61460, Temperature: 314.18 K, Total Energy: -30033.632325 eV
Step: 61480, Temperature: 306.43 K, Total Energy: -30033.113833 eV
Step: 61500, Temperature: 302.54 K, Total Energy: -30032.807957 eV
Step: 61520, Temperature: 305.67 K, Total Energy: -30033.212755 eV
Step: 61540, Temperature: 282.83 K, Total Energy: -30033.402685 eV
Step: 61560, Temperature: 308.23 K, Total Energy: -30032.737159 eV
Step: 61580, Temperature: 292.58 K, Total Energy: -30032.660600 eV
Step: 61600, Temperature: 285.19 K, Total Energy: -30032.683808 eV
Step: 61620, Temperature: 305.40 K, Total Energy: -30032.916659 eV
Step: 61640, Temperature: 307.72 K, Total Energy: -30032.569974 eV
Step: 61660, Temperature: 303.11 K, Total Energy: -30032.059431 eV
Step: 61680, Temperature: 304.28 K, Total Energy: -30032.548083 eV
Step: 61700, Temperature: 314.48 K, Total Energy: -30032.322163 eV
Step: 61720, Temperature: 304.67 K, Total Energy: -30032.696441 eV
Step: 61740, Temperature: 300.68 K, Total Energy: -30032.723409 eV
Step: 61760, Temperature: 285.51 K, Total Energy: -30033.056896 eV
Step: 61780, Temperature: 306.93 K, Total Energy: -30032.966648 eV
Step: 61800, Temperature: 296.81 K, Total Energy: -30032.645607 eV
Step: 61820, Temperature: 289.96 K, Total Energy: -30032.813469 eV
Step: 61840, Temperature: 307.05 K, Total Energy: -30032.368029 eV
Step: 61860, Temperature: 329.83 K, Total Energy: -30032.878853 eV
Step: 61880, Temperature: 292.38 K, Total Energy: -30032.765248 eV
Step: 61900, Temperature: 308.29 K, Total Energy: -30032.721842 eV
Step: 61920, Temperature: 301.91 K, Total Energy: -30032.899916 eV
Step: 61940, Temperature: 309.79 K, Total Energy: -30032.903354 eV
Step: 61960, Temperature: 322.13 K, Total Energy: -30032.644059 eV
Step: 61980, Temperature: 328.55 K, Total Energy: -30032.072644 eV
Step: 62000, Temperature: 318.47 K, Total Energy: -30032.494593 eV
Step: 62020, Temperature: 299.38 K, Total Energy: -30032.443134 eV
Step: 62040, Temperature: 333.32 K, Total Energy: -30032.153439 eV
Step: 62060, Temperature: 309.77 K, Total Energy: -30032.300532 eV
Step: 62080, Temperature: 323.34 K, Total Energy: -30032.078890 eV
Step: 62100, Temperature: 318.89 K, Total Energy: -30032.478426 eV
Step: 62120, Temperature: 333.62 K, Total Energy: -30032.075594 eV
Step: 62140, Temperature: 288.38 K, Total Energy: -30032.169125 eV
Step: 62160, Temperature: 283.79 K, Total Energy: -30032.201058 eV
Step: 62180, Temperature: 351.26 K, Total Energy: -30032.378096 eV
Step: 62200, Temperature: 331.27 K, Total Energy: -30032.270810 eV
Step: 62220, Temperature: 314.39 K, Total Energy: -30032.966911 eV
Step: 62240, Temperature: 275.85 K, Total Energy: -30033.571954 eV
Step: 62260, Temperature: 284.08 K, Total Energy: -30033.412713 eV
Step: 62280, Temperature: 287.38 K, Total Energy: -30032.471396 eV
Step: 62300, Temperature: 299.72 K, Total Energy: -30032.774462 eV
Step: 62320, Temperature: 263.43 K, Total Energy: -30033.448500 eV
Step: 62340, Temperature: 295.58 K, Total Energy: -30033.468934 eV
Step: 62360, Temperature: 276.87 K, Total Energy: -30032.691183 eV
Step: 62380, Temperature: 306.17 K, Total Energy: -30032.803785 eV
Step: 62400, Temperature: 295.92 K, Total Energy: -30032.503418 eV
Step: 62420, Temperature: 314.76 K, Total Energy: -30032.557345 eV
Step: 62440, Temperature: 323.90 K, Total Energy: -30032.455545 eV
Step: 62460, Temperature: 293.81 K, Total Energy: -30032.516786 eV
Step: 62480, Temperature: 300.44 K, Total Energy: -30032.750818 eV
Step: 62500, Temperature: 286.01 K, Total Energy: -30032.810057 eV
Step: 62520, Temperature: 290.19 K, Total Energy: -30032.635944 eV
Step: 62540, Temperature: 279.11 K, Total Energy: -30032.850509 eV
Step: 62560, Temperature: 299.17 K, Total Energy: -30032.809605 eV
Step: 62580, Temperature: 307.23 K, Total Energy: -30033.593994 eV
Step: 62600, Temperature: 300.02 K, Total Energy: -30033.247573 eV
Step: 62620, Temperature: 306.40 K, Total Energy: -30033.270695 eV
Step: 62640, Temperature: 294.13 K, Total Energy: -30033.616278 eV
Step: 62660, Temperature: 296.90 K, Total Energy: -30033.737054 eV
Step: 62680, Temperature: 301.53 K, Total Energy: -30033.272617 eV
Step: 62700, Temperature: 302.26 K, Total Energy: -30033.111903 eV
Step: 62720, Temperature: 309.36 K, Total Energy: -30033.117148 eV
Step: 62740, Temperature: 311.55 K, Total Energy: -30032.891109 eV
Step: 62760, Temperature: 317.28 K, Total Energy: -30032.858224 eV
Step: 62780, Temperature: 311.23 K, Total Energy: -30032.984861 eV
Step: 62800, Temperature: 306.10 K, Total Energy: -30032.909115 eV
Step: 62820, Temperature: 298.16 K, Total Energy: -30033.426587 eV
Step: 62840, Temperature: 286.88 K, Total Energy: -30033.442670 eV
Step: 62860, Temperature: 307.53 K, Total Energy: -30032.891261 eV
Step: 62880, Temperature: 289.05 K, Total Energy: -30033.281494 eV
Step: 62900, Temperature: 292.46 K, Total Energy: -30033.296533 eV
Step: 62920, Temperature: 299.00 K, Total Energy: -30032.579438 eV
Step: 62940, Temperature: 301.21 K, Total Energy: -30032.755067 eV
Step: 62960, Temperature: 316.63 K, Total Energy: -30032.388047 eV
Step: 62980, Temperature: 298.53 K, Total Energy: -30032.774785 eV
Step: 63000, Temperature: 282.45 K, Total Energy: -30033.261548 eV
Step: 63020, Temperature: 305.01 K, Total Energy: -30033.084508 eV
Step: 63040, Temperature: 305.69 K, Total Energy: -30032.591123 eV
Step: 63060, Temperature: 283.31 K, Total Energy: -30032.984379 eV
Step: 63080, Temperature: 286.79 K, Total Energy: -30032.731972 eV
Step: 63100, Temperature: 303.05 K, Total Energy: -30032.416329 eV
Step: 63120, Temperature: 300.45 K, Total Energy: -30032.072759 eV
Step: 63140, Temperature: 310.57 K, Total Energy: -30031.874322 eV
Step: 63160, Temperature: 307.83 K, Total Energy: -30032.024472 eV
Step: 63180, Temperature: 325.69 K, Total Energy: -30030.983432 eV
Step: 63200, Temperature: 313.46 K, Total Energy: -30031.660001 eV
Step: 63220, Temperature: 301.16 K, Total Energy: -30031.971243 eV
Step: 63240, Temperature: 296.68 K, Total Energy: -30031.850009 eV
Step: 63260, Temperature: 323.93 K, Total Energy: -30031.650236 eV
Step: 63280, Temperature: 305.42 K, Total Energy: -30032.543063 eV
Step: 63300, Temperature: 312.09 K, Total Energy: -30032.489012 eV
Step: 63320, Temperature: 284.97 K, Total Energy: -30033.189418 eV
Step: 63340, Temperature: 296.45 K, Total Energy: -30032.861444 eV
Step: 63360, Temperature: 297.39 K, Total Energy: -30032.685705 eV
Step: 63380, Temperature: 287.34 K, Total Energy: -30032.714599 eV
Step: 63400, Temperature: 303.67 K, Total Energy: -30032.494918 eV
Step: 63420, Temperature: 292.49 K, Total Energy: -30032.801586 eV
Step: 63440, Temperature: 302.68 K, Total Energy: -30032.658157 eV
Step: 63460, Temperature: 315.92 K, Total Energy: -30033.112647 eV
Step: 63480, Temperature: 291.37 K, Total Energy: -30033.137857 eV
Step: 63500, Temperature: 314.01 K, Total Energy: -30032.925622 eV
Step: 63520, Temperature: 283.03 K, Total Energy: -30033.667161 eV
Step: 63540, Temperature: 274.20 K, Total Energy: -30033.677257 eV
Step: 63560, Temperature: 256.71 K, Total Energy: -30033.914205 eV
Step: 63580, Temperature: 258.94 K, Total Energy: -30034.112630 eV
Step: 63600, Temperature: 273.35 K, Total Energy: -30033.878251 eV
Step: 63620, Temperature: 310.93 K, Total Energy: -30033.654468 eV
Step: 63640, Temperature: 274.86 K, Total Energy: -30033.879835 eV
Step: 63660, Temperature: 274.44 K, Total Energy: -30033.977959 eV
Step: 63680, Temperature: 296.44 K, Total Energy: -30033.744555 eV
Step: 63700, Temperature: 273.95 K, Total Energy: -30033.699207 eV
Step: 63720, Temperature: 273.08 K, Total Energy: -30033.542931 eV
Step: 63740, Temperature: 263.67 K, Total Energy: -30033.497344 eV
Step: 63760, Temperature: 259.82 K, Total Energy: -30033.378091 eV
Step: 63780, Temperature: 275.10 K, Total Energy: -30033.987113 eV
Step: 63800, Temperature: 286.81 K, Total Energy: -30033.588983 eV
Step: 63820, Temperature: 290.46 K, Total Energy: -30033.775730 eV
Step: 63840, Temperature: 292.99 K, Total Energy: -30033.978697 eV
Step: 63860, Temperature: 287.01 K, Total Energy: -30033.720718 eV
Step: 63880, Temperature: 314.34 K, Total Energy: -30033.577634 eV
Step: 63900, Temperature: 285.58 K, Total Energy: -30033.553155 eV
Step: 63920, Temperature: 295.68 K, Total Energy: -30033.437282 eV
Step: 63940, Temperature: 293.58 K, Total Energy: -30032.971832 eV
Step: 63960, Temperature: 289.79 K, Total Energy: -30032.682947 eV
Step: 63980, Temperature: 314.95 K, Total Energy: -30032.158280 eV
Step: 64000, Temperature: 282.49 K, Total Energy: -30032.578976 eV
Step: 64020, Temperature: 304.24 K, Total Energy: -30032.607507 eV
Step: 64040, Temperature: 290.93 K, Total Energy: -30032.855919 eV
Step: 64060, Temperature: 289.46 K, Total Energy: -30033.056331 eV
Step: 64080, Temperature: 277.47 K, Total Energy: -30033.285739 eV
Step: 64100, Temperature: 288.31 K, Total Energy: -30033.208078 eV
Step: 64120, Temperature: 273.09 K, Total Energy: -30033.456922 eV
Step: 64140, Temperature: 280.57 K, Total Energy: -30033.308248 eV
Step: 64160, Temperature: 257.04 K, Total Energy: -30033.433197 eV
Step: 64180, Temperature: 305.06 K, Total Energy: -30033.761044 eV
Step: 64200, Temperature: 267.90 K, Total Energy: -30033.683220 eV
Step: 64220, Temperature: 283.48 K, Total Energy: -30033.694993 eV
Step: 64240, Temperature: 272.97 K, Total Energy: -30033.424617 eV
Step: 64260, Temperature: 298.02 K, Total Energy: -30033.144864 eV
Step: 64280, Temperature: 285.35 K, Total Energy: -30033.014014 eV
Step: 64300, Temperature: 300.38 K, Total Energy: -30033.060891 eV
Step: 64320, Temperature: 282.24 K, Total Energy: -30033.048192 eV
Step: 64340, Temperature: 293.11 K, Total Energy: -30033.354491 eV
Step: 64360, Temperature: 301.78 K, Total Energy: -30033.262456 eV
Step: 64380, Temperature: 272.24 K, Total Energy: -30033.725874 eV
Step: 64400, Temperature: 281.59 K, Total Energy: -30033.726396 eV
Step: 64420, Temperature: 273.51 K, Total Energy: -30033.692469 eV
Step: 64440, Temperature: 281.82 K, Total Energy: -30033.843726 eV
Step: 64460, Temperature: 286.09 K, Total Energy: -30033.782548 eV
Step: 64480, Temperature: 281.29 K, Total Energy: -30033.103069 eV
Step: 64500, Temperature: 274.61 K, Total Energy: -30033.217889 eV
Step: 64520, Temperature: 296.78 K, Total Energy: -30032.648281 eV
Step: 64540, Temperature: 265.71 K, Total Energy: -30033.339335 eV
Step: 64560, Temperature: 271.02 K, Total Energy: -30033.240599 eV
Step: 64580, Temperature: 288.22 K, Total Energy: -30033.180979 eV
Step: 64600, Temperature: 291.39 K, Total Energy: -30033.049488 eV
Step: 64620, Temperature: 269.97 K, Total Energy: -30032.934587 eV
Step: 64640, Temperature: 276.90 K, Total Energy: -30032.715781 eV
Step: 64660, Temperature: 293.02 K, Total Energy: -30032.499226 eV
Step: 64680, Temperature: 306.94 K, Total Energy: -30032.308118 eV
Step: 64700, Temperature: 323.78 K, Total Energy: -30032.243678 eV
Step: 64720, Temperature: 328.81 K, Total Energy: -30031.917741 eV
Step: 64740, Temperature: 292.64 K, Total Energy: -30032.647394 eV
Step: 64760, Temperature: 308.42 K, Total Energy: -30032.538905 eV
Step: 64780, Temperature: 258.35 K, Total Energy: -30032.998403 eV
Step: 64800, Temperature: 288.59 K, Total Energy: -30032.890608 eV
Step: 64820, Temperature: 289.53 K, Total Energy: -30033.384885 eV
Step: 64840, Temperature: 291.70 K, Total Energy: -30032.963753 eV
Step: 64860, Temperature: 276.74 K, Total Energy: -30032.702259 eV
Step: 64880, Temperature: 280.72 K, Total Energy: -30033.250023 eV
Step: 64900, Temperature: 263.38 K, Total Energy: -30033.057293 eV
Step: 64920, Temperature: 291.50 K, Total Energy: -30033.103348 eV
Step: 64940, Temperature: 262.50 K, Total Energy: -30033.161006 eV
Step: 64960, Temperature: 298.49 K, Total Energy: -30032.605892 eV
Step: 64980, Temperature: 330.68 K, Total Energy: -30031.933913 eV
Step: 65000, Temperature: 316.23 K, Total Energy: -30032.241621 eV
Step: 65020, Temperature: 284.54 K, Total Energy: -30032.846397 eV
Step: 65040, Temperature: 304.88 K, Total Energy: -30032.839762 eV
Step: 65060, Temperature: 302.48 K, Total Energy: -30032.502940 eV
Step: 65080, Temperature: 289.30 K, Total Energy: -30032.476353 eV
Step: 65100, Temperature: 315.56 K, Total Energy: -30032.182227 eV
Step: 65120, Temperature: 315.18 K, Total Energy: -30032.480747 eV
Step: 65140, Temperature: 319.66 K, Total Energy: -30032.051190 eV
Step: 65160, Temperature: 316.01 K, Total Energy: -30032.110327 eV
Step: 65180, Temperature: 280.61 K, Total Energy: -30032.530085 eV
Step: 65200, Temperature: 269.15 K, Total Energy: -30033.060578 eV
Step: 65220, Temperature: 301.86 K, Total Energy: -30033.067157 eV
Step: 65240, Temperature: 268.27 K, Total Energy: -30033.388909 eV
Step: 65260, Temperature: 305.19 K, Total Energy: -30033.316486 eV
Step: 65280, Temperature: 271.98 K, Total Energy: -30033.787197 eV
Step: 65300, Temperature: 262.89 K, Total Energy: -30033.821443 eV
Step: 65320, Temperature: 281.10 K, Total Energy: -30033.226732 eV
Step: 65340, Temperature: 301.65 K, Total Energy: -30032.761753 eV
Step: 65360, Temperature: 279.17 K, Total Energy: -30032.473908 eV
Step: 65380, Temperature: 314.87 K, Total Energy: -30032.550804 eV
Step: 65400, Temperature: 301.76 K, Total Energy: -30032.893789 eV
Step: 65420, Temperature: 318.22 K, Total Energy: -30032.981305 eV
Step: 65440, Temperature: 282.91 K, Total Energy: -30033.496432 eV
Step: 65460, Temperature: 266.38 K, Total Energy: -30033.861777 eV
Step: 65480, Temperature: 289.48 K, Total Energy: -30033.229671 eV
Step: 65500, Temperature: 273.60 K, Total Energy: -30033.174696 eV
Step: 65520, Temperature: 264.15 K, Total Energy: -30033.157124 eV
Step: 65540, Temperature: 321.32 K, Total Energy: -30032.670113 eV
Step: 65560, Temperature: 299.53 K, Total Energy: -30032.794775 eV
Step: 65580, Temperature: 305.29 K, Total Energy: -30032.581499 eV
Step: 65600, Temperature: 307.12 K, Total Energy: -30032.407295 eV
Step: 65620, Temperature: 291.35 K, Total Energy: -30033.005612 eV
Step: 65640, Temperature: 328.67 K, Total Energy: -30032.583426 eV
Step: 65660, Temperature: 308.11 K, Total Energy: -30032.292839 eV
Step: 65680, Temperature: 300.95 K, Total Energy: -30032.937331 eV
Step: 65700, Temperature: 278.89 K, Total Energy: -30033.145056 eV
Step: 65720, Temperature: 297.57 K, Total Energy: -30032.700781 eV
Step: 65740, Temperature: 298.15 K, Total Energy: -30032.807521 eV
Step: 65760, Temperature: 312.31 K, Total Energy: -30032.379945 eV
Step: 65780, Temperature: 340.36 K, Total Energy: -30032.279563 eV
Step: 65800, Temperature: 304.33 K, Total Energy: -30032.286918 eV
Step: 65820, Temperature: 310.15 K, Total Energy: -30032.337842 eV
Step: 65840, Temperature: 312.20 K, Total Energy: -30032.077917 eV
Step: 65860, Temperature: 291.44 K, Total Energy: -30032.333424 eV
Step: 65880, Temperature: 327.71 K, Total Energy: -30031.833712 eV
Step: 65900, Temperature: 335.03 K, Total Energy: -30032.167713 eV
Step: 65920, Temperature: 305.43 K, Total Energy: -30032.570193 eV
Step: 65940, Temperature: 289.85 K, Total Energy: -30032.960758 eV
Step: 65960, Temperature: 290.33 K, Total Energy: -30033.360921 eV
Step: 65980, Temperature: 279.81 K, Total Energy: -30032.819314 eV
Step: 66000, Temperature: 273.65 K, Total Energy: -30033.239863 eV
Step: 66020, Temperature: 295.74 K, Total Energy: -30032.963116 eV
Step: 66040, Temperature: 306.99 K, Total Energy: -30032.640969 eV
Step: 66060, Temperature: 300.84 K, Total Energy: -30032.740751 eV
Step: 66080, Temperature: 298.82 K, Total Energy: -30033.015511 eV
Step: 66100, Temperature: 293.80 K, Total Energy: -30032.868534 eV
Step: 66120, Temperature: 289.66 K, Total Energy: -30033.080667 eV
Step: 66140, Temperature: 305.46 K, Total Energy: -30032.821385 eV
Step: 66160, Temperature: 304.33 K, Total Energy: -30032.595603 eV
Step: 66180, Temperature: 294.40 K, Total Energy: -30033.060801 eV
Step: 66200, Temperature: 288.52 K, Total Energy: -30033.140388 eV
Step: 66220, Temperature: 272.79 K, Total Energy: -30033.636295 eV
Step: 66240, Temperature: 295.97 K, Total Energy: -30033.109642 eV
Step: 66260, Temperature: 302.40 K, Total Energy: -30033.301755 eV
Step: 66280, Temperature: 305.07 K, Total Energy: -30032.858365 eV
Step: 66300, Temperature: 287.43 K, Total Energy: -30033.048327 eV
Step: 66320, Temperature: 300.82 K, Total Energy: -30032.680870 eV
Step: 66340, Temperature: 307.83 K, Total Energy: -30033.049786 eV
Step: 66360, Temperature: 294.01 K, Total Energy: -30032.515802 eV
Step: 66380, Temperature: 294.79 K, Total Energy: -30032.717206 eV
Step: 66400, Temperature: 287.99 K, Total Energy: -30032.776434 eV
Step: 66420, Temperature: 314.94 K, Total Energy: -30032.480723 eV
Step: 66440, Temperature: 310.65 K, Total Energy: -30032.364639 eV
Step: 66460, Temperature: 321.47 K, Total Energy: -30032.086324 eV
Step: 66480, Temperature: 335.59 K, Total Energy: -30032.001332 eV
Step: 66500, Temperature: 297.04 K, Total Energy: -30032.975698 eV
Step: 66520, Temperature: 320.75 K, Total Energy: -30033.090393 eV
Step: 66540, Temperature: 290.81 K, Total Energy: -30033.304274 eV
Step: 66560, Temperature: 274.79 K, Total Energy: -30033.830770 eV
Step: 66580, Temperature: 257.14 K, Total Energy: -30034.245295 eV
Step: 66600, Temperature: 263.32 K, Total Energy: -30034.164154 eV
Step: 66620, Temperature: 272.04 K, Total Energy: -30033.199794 eV
Step: 66640, Temperature: 282.48 K, Total Energy: -30033.563710 eV
Step: 66660, Temperature: 270.62 K, Total Energy: -30033.514297 eV
Step: 66680, Temperature: 300.72 K, Total Energy: -30033.319936 eV
Step: 66700, Temperature: 303.12 K, Total Energy: -30032.799532 eV
Step: 66720, Temperature: 299.88 K, Total Energy: -30032.903231 eV
Step: 66740, Temperature: 314.95 K, Total Energy: -30032.941511 eV
Step: 66760, Temperature: 330.30 K, Total Energy: -30032.728313 eV
Step: 66780, Temperature: 341.88 K, Total Energy: -30032.081557 eV
Step: 66800, Temperature: 331.91 K, Total Energy: -30033.112258 eV
Step: 66820, Temperature: 306.11 K, Total Energy: -30033.139304 eV
Step: 66840, Temperature: 275.11 K, Total Energy: -30033.865623 eV
Step: 66860, Temperature: 274.83 K, Total Energy: -30033.616870 eV
Step: 66880, Temperature: 295.36 K, Total Energy: -30033.671834 eV
Step: 66900, Temperature: 292.99 K, Total Energy: -30033.554886 eV
Step: 66920, Temperature: 297.12 K, Total Energy: -30033.872225 eV
Step: 66940, Temperature: 287.48 K, Total Energy: -30033.838112 eV
Step: 66960, Temperature: 285.81 K, Total Energy: -30033.254428 eV
Step: 66980, Temperature: 261.46 K, Total Energy: -30033.786545 eV
Step: 67000, Temperature: 292.87 K, Total Energy: -30033.303838 eV
Step: 67020, Temperature: 267.44 K, Total Energy: -30033.882207 eV
Step: 67040, Temperature: 294.50 K, Total Energy: -30033.603255 eV
Step: 67060, Temperature: 312.20 K, Total Energy: -30033.335817 eV
Step: 67080, Temperature: 310.93 K, Total Energy: -30032.959161 eV
Step: 67100, Temperature: 311.68 K, Total Energy: -30032.624195 eV
Step: 67120, Temperature: 292.47 K, Total Energy: -30033.276658 eV
Step: 67140, Temperature: 275.91 K, Total Energy: -30033.609536 eV
Step: 67160, Temperature: 282.65 K, Total Energy: -30033.465751 eV
Step: 67180, Temperature: 288.51 K, Total Energy: -30033.521465 eV
Step: 67200, Temperature: 292.08 K, Total Energy: -30033.542193 eV
Step: 67220, Temperature: 278.65 K, Total Energy: -30033.688105 eV
Step: 67240, Temperature: 271.16 K, Total Energy: -30034.035879 eV
Step: 67260, Temperature: 319.12 K, Total Energy: -30033.664000 eV
Step: 67280, Temperature: 256.63 K, Total Energy: -30034.302910 eV
Step: 67300, Temperature: 245.38 K, Total Energy: -30034.502074 eV
Step: 67320, Temperature: 291.49 K, Total Energy: -30034.316652 eV
Step: 67340, Temperature: 297.07 K, Total Energy: -30034.152772 eV
Step: 67360, Temperature: 273.15 K, Total Energy: -30034.545310 eV
Step: 67380, Temperature: 283.89 K, Total Energy: -30034.421218 eV
Step: 67400, Temperature: 276.22 K, Total Energy: -30034.711106 eV
Step: 67420, Temperature: 288.59 K, Total Energy: -30034.615180 eV
Step: 67440, Temperature: 291.86 K, Total Energy: -30034.321055 eV
Step: 67460, Temperature: 292.03 K, Total Energy: -30034.029753 eV
Step: 67480, Temperature: 273.36 K, Total Energy: -30034.494991 eV
Step: 67500, Temperature: 291.65 K, Total Energy: -30034.224705 eV
Step: 67520, Temperature: 286.37 K, Total Energy: -30034.178029 eV
Step: 67540, Temperature: 287.44 K, Total Energy: -30033.997189 eV
Step: 67560, Temperature: 278.61 K, Total Energy: -30033.765264 eV
Step: 67580, Temperature: 258.87 K, Total Energy: -30034.509104 eV
Step: 67600, Temperature: 290.79 K, Total Energy: -30034.210910 eV
Step: 67620, Temperature: 277.52 K, Total Energy: -30034.614477 eV
Step: 67640, Temperature: 292.24 K, Total Energy: -30034.192587 eV
Step: 67660, Temperature: 268.67 K, Total Energy: -30034.746136 eV
Step: 67680, Temperature: 257.44 K, Total Energy: -30034.476195 eV
Step: 67700, Temperature: 290.22 K, Total Energy: -30033.713354 eV
Step: 67720, Temperature: 319.30 K, Total Energy: -30032.960460 eV
Step: 67740, Temperature: 297.03 K, Total Energy: -30033.237749 eV
Step: 67760, Temperature: 310.38 K, Total Energy: -30033.338039 eV
Step: 67780, Temperature: 312.84 K, Total Energy: -30033.390221 eV
Step: 67800, Temperature: 310.48 K, Total Energy: -30033.810093 eV
Step: 67820, Temperature: 326.51 K, Total Energy: -30033.511859 eV
Step: 67840, Temperature: 297.00 K, Total Energy: -30033.879093 eV
Step: 67860, Temperature: 291.94 K, Total Energy: -30033.865879 eV
Step: 67880, Temperature: 272.34 K, Total Energy: -30034.123878 eV
Step: 67900, Temperature: 289.22 K, Total Energy: -30034.243989 eV
Step: 67920, Temperature: 295.53 K, Total Energy: -30033.294467 eV
Step: 67940, Temperature: 290.56 K, Total Energy: -30033.425733 eV
Step: 67960, Temperature: 277.87 K, Total Energy: -30034.193719 eV
Step: 67980, Temperature: 282.22 K, Total Energy: -30034.242054 eV
Step: 68000, Temperature: 279.88 K, Total Energy: -30034.313824 eV
Step: 68020, Temperature: 273.22 K, Total Energy: -30034.187907 eV
Step: 68040, Temperature: 298.53 K, Total Energy: -30034.130163 eV
Step: 68060, Temperature: 275.57 K, Total Energy: -30033.633562 eV
Step: 68080, Temperature: 268.92 K, Total Energy: -30033.669724 eV
Step: 68100, Temperature: 286.40 K, Total Energy: -30033.655802 eV
Step: 68120, Temperature: 252.36 K, Total Energy: -30033.893221 eV
Step: 68140, Temperature: 287.42 K, Total Energy: -30033.708729 eV
Step: 68160, Temperature: 297.05 K, Total Energy: -30033.899313 eV
Step: 68180, Temperature: 295.74 K, Total Energy: -30034.095916 eV
Step: 68200, Temperature: 279.28 K, Total Energy: -30034.272027 eV
Step: 68220, Temperature: 259.83 K, Total Energy: -30034.621982 eV
Step: 68240, Temperature: 267.35 K, Total Energy: -30034.972461 eV
Step: 68260, Temperature: 269.65 K, Total Energy: -30034.303827 eV
Step: 68280, Temperature: 276.64 K, Total Energy: -30034.482064 eV
Step: 68300, Temperature: 259.92 K, Total Energy: -30034.883425 eV
Step: 68320, Temperature: 280.80 K, Total Energy: -30034.320083 eV
Step: 68340, Temperature: 300.09 K, Total Energy: -30034.118753 eV
Step: 68360, Temperature: 295.08 K, Total Energy: -30033.948330 eV
Step: 68380, Temperature: 276.64 K, Total Energy: -30033.644036 eV
Step: 68400, Temperature: 331.14 K, Total Energy: -30032.543440 eV
Step: 68420, Temperature: 325.99 K, Total Energy: -30032.561981 eV
Step: 68440, Temperature: 308.51 K, Total Energy: -30033.163802 eV
Step: 68460, Temperature: 320.67 K, Total Energy: -30032.739015 eV
Step: 68480, Temperature: 287.94 K, Total Energy: -30032.783625 eV
Step: 68500, Temperature: 317.64 K, Total Energy: -30032.753557 eV
Step: 68520, Temperature: 295.77 K, Total Energy: -30033.362660 eV
Step: 68540, Temperature: 299.48 K, Total Energy: -30033.604643 eV
Step: 68560, Temperature: 313.68 K, Total Energy: -30033.433900 eV
Step: 68580, Temperature: 293.66 K, Total Energy: -30033.702133 eV
Step: 68600, Temperature: 296.52 K, Total Energy: -30033.506275 eV
Step: 68620, Temperature: 289.96 K, Total Energy: -30033.739400 eV
Step: 68640, Temperature: 275.52 K, Total Energy: -30034.337964 eV
Step: 68660, Temperature: 296.38 K, Total Energy: -30034.181545 eV
Step: 68680, Temperature: 307.12 K, Total Energy: -30034.208035 eV
Step: 68700, Temperature: 289.32 K, Total Energy: -30034.489540 eV
Step: 68720, Temperature: 278.63 K, Total Energy: -30034.434490 eV
Step: 68740, Temperature: 277.54 K, Total Energy: -30033.946087 eV
Step: 68760, Temperature: 286.37 K, Total Energy: -30033.719134 eV
Step: 68780, Temperature: 269.05 K, Total Energy: -30033.213342 eV
Step: 68800, Temperature: 277.84 K, Total Energy: -30033.532249 eV
Step: 68820, Temperature: 306.09 K, Total Energy: -30033.214132 eV
Step: 68840, Temperature: 299.75 K, Total Energy: -30033.373233 eV
Step: 68860, Temperature: 273.25 K, Total Energy: -30033.794680 eV
Step: 68880, Temperature: 282.01 K, Total Energy: -30033.549898 eV
Step: 68900, Temperature: 297.28 K, Total Energy: -30033.503054 eV
Step: 68920, Temperature: 294.79 K, Total Energy: -30034.160482 eV
Step: 68940, Temperature: 280.69 K, Total Energy: -30034.293538 eV
Step: 68960, Temperature: 275.15 K, Total Energy: -30033.958415 eV
Step: 68980, Temperature: 303.51 K, Total Energy: -30033.817115 eV
Step: 69000, Temperature: 266.71 K, Total Energy: -30033.945331 eV
Step: 69020, Temperature: 281.30 K, Total Energy: -30033.565484 eV
Step: 69040, Temperature: 293.37 K, Total Energy: -30033.508110 eV
Step: 69060, Temperature: 299.37 K, Total Energy: -30033.441379 eV
Step: 69080, Temperature: 289.86 K, Total Energy: -30033.001566 eV
Step: 69100, Temperature: 316.12 K, Total Energy: -30033.045235 eV
Step: 69120, Temperature: 304.88 K, Total Energy: -30033.492006 eV
Step: 69140, Temperature: 307.02 K, Total Energy: -30033.114712 eV
Step: 69160, Temperature: 282.57 K, Total Energy: -30033.233232 eV
Step: 69180, Temperature: 296.73 K, Total Energy: -30033.448326 eV
Step: 69200, Temperature: 264.65 K, Total Energy: -30034.496340 eV
Step: 69220, Temperature: 264.02 K, Total Energy: -30033.814658 eV
Step: 69240, Temperature: 300.94 K, Total Energy: -30033.968764 eV
Step: 69260, Temperature: 313.71 K, Total Energy: -30033.655838 eV
Step: 69280, Temperature: 290.51 K, Total Energy: -30033.491417 eV
Step: 69300, Temperature: 294.19 K, Total Energy: -30033.308170 eV
Step: 69320, Temperature: 295.05 K, Total Energy: -30033.554323 eV
Step: 69340, Temperature: 283.95 K, Total Energy: -30033.909880 eV
Step: 69360, Temperature: 309.41 K, Total Energy: -30033.303441 eV
Step: 69380, Temperature: 291.72 K, Total Energy: -30033.328470 eV
Step: 69400, Temperature: 301.85 K, Total Energy: -30033.264658 eV
Step: 69420, Temperature: 277.40 K, Total Energy: -30033.679923 eV
Step: 69440, Temperature: 278.72 K, Total Energy: -30034.194145 eV
Step: 69460, Temperature: 283.94 K, Total Energy: -30034.490414 eV
Step: 69480, Temperature: 266.67 K, Total Energy: -30034.325044 eV
Step: 69500, Temperature: 268.32 K, Total Energy: -30034.377997 eV
Step: 69520, Temperature: 277.76 K, Total Energy: -30034.272648 eV
Step: 69540, Temperature: 278.98 K, Total Energy: -30034.060708 eV
Step: 69560, Temperature: 259.66 K, Total Energy: -30034.374098 eV
Step: 69580, Temperature: 288.11 K, Total Energy: -30033.547083 eV
Step: 69600, Temperature: 290.70 K, Total Energy: -30033.000171 eV
Step: 69620, Temperature: 273.35 K, Total Energy: -30033.667199 eV
Step: 69640, Temperature: 279.30 K, Total Energy: -30033.779329 eV
Step: 69660, Temperature: 263.01 K, Total Energy: -30033.892573 eV
Step: 69680, Temperature: 272.39 K, Total Energy: -30034.056369 eV
Step: 69700, Temperature: 271.35 K, Total Energy: -30034.007825 eV
Step: 69720, Temperature: 297.01 K, Total Energy: -30033.617153 eV
Step: 69740, Temperature: 277.01 K, Total Energy: -30034.119386 eV
Step: 69760, Temperature: 265.08 K, Total Energy: -30034.265091 eV
Step: 69780, Temperature: 295.35 K, Total Energy: -30033.631084 eV
Step: 69800, Temperature: 285.34 K, Total Energy: -30033.994688 eV
Step: 69820, Temperature: 288.71 K, Total Energy: -30034.043709 eV
Step: 69840, Temperature: 273.14 K, Total Energy: -30034.346220 eV
Step: 69860, Temperature: 252.52 K, Total Energy: -30034.756473 eV
Step: 69880, Temperature: 270.71 K, Total Energy: -30034.615638 eV
Step: 69900, Temperature: 286.72 K, Total Energy: -30034.618507 eV
Step: 69920, Temperature: 278.17 K, Total Energy: -30034.737125 eV
Step: 69940, Temperature: 295.20 K, Total Energy: -30034.347602 eV
Step: 69960, Temperature: 279.17 K, Total Energy: -30034.364509 eV
Step: 69980, Temperature: 257.75 K, Total Energy: -30034.818018 eV
Step: 70000, Temperature: 282.70 K, Total Energy: -30034.181323 eV
Step: 70020, Temperature: 261.02 K, Total Energy: -30034.688055 eV
Step: 70040, Temperature: 266.14 K, Total Energy: -30034.711320 eV
Step: 70060, Temperature: 292.12 K, Total Energy: -30034.115393 eV
Step: 70080, Temperature: 269.17 K, Total Energy: -30034.669256 eV
Step: 70100, Temperature: 301.40 K, Total Energy: -30033.900679 eV
Step: 70120, Temperature: 290.01 K, Total Energy: -30033.831886 eV
Step: 70140, Temperature: 306.85 K, Total Energy: -30033.308528 eV
Step: 70160, Temperature: 304.18 K, Total Energy: -30033.286925 eV
Step: 70180, Temperature: 332.81 K, Total Energy: -30033.402359 eV
Step: 70200, Temperature: 275.52 K, Total Energy: -30033.191394 eV
Step: 70220, Temperature: 291.95 K, Total Energy: -30033.443874 eV
Step: 70240, Temperature: 316.92 K, Total Energy: -30033.037033 eV
Step: 70260, Temperature: 274.48 K, Total Energy: -30033.002363 eV
Step: 70280, Temperature: 318.59 K, Total Energy: -30032.597133 eV
Step: 70300, Temperature: 309.76 K, Total Energy: -30032.615110 eV
Step: 70320, Temperature: 305.44 K, Total Energy: -30033.165688 eV
Step: 70340, Temperature: 307.83 K, Total Energy: -30033.127920 eV
Step: 70360, Temperature: 314.11 K, Total Energy: -30032.985780 eV
Step: 70380, Temperature: 313.44 K, Total Energy: -30033.892879 eV
Step: 70400, Temperature: 287.82 K, Total Energy: -30034.050219 eV
Step: 70420, Temperature: 276.07 K, Total Energy: -30033.808584 eV
Step: 70440, Temperature: 303.37 K, Total Energy: -30033.648744 eV
Step: 70460, Temperature: 294.93 K, Total Energy: -30033.285894 eV
Step: 70480, Temperature: 272.83 K, Total Energy: -30033.744654 eV
Step: 70500, Temperature: 268.01 K, Total Energy: -30033.602522 eV
Step: 70520, Temperature: 266.37 K, Total Energy: -30033.984857 eV
Step: 70540, Temperature: 281.54 K, Total Energy: -30033.807564 eV
Step: 70560, Temperature: 291.95 K, Total Energy: -30033.547491 eV
Step: 70580, Temperature: 276.90 K, Total Energy: -30033.862223 eV
Step: 70600, Temperature: 271.20 K, Total Energy: -30033.751826 eV
Step: 70620, Temperature: 293.08 K, Total Energy: -30033.601427 eV
Step: 70640, Temperature: 295.50 K, Total Energy: -30033.217210 eV
Step: 70660, Temperature: 311.72 K, Total Energy: -30033.382924 eV
Step: 70680, Temperature: 293.81 K, Total Energy: -30033.628102 eV
Step: 70700, Temperature: 305.65 K, Total Energy: -30033.453427 eV
Step: 70720, Temperature: 309.55 K, Total Energy: -30033.030613 eV
Step: 70740, Temperature: 302.95 K, Total Energy: -30033.891514 eV
Step: 70760, Temperature: 294.89 K, Total Energy: -30033.532963 eV
Step: 70780, Temperature: 289.73 K, Total Energy: -30033.067323 eV
Step: 70800, Temperature: 314.08 K, Total Energy: -30032.535239 eV
Step: 70820, Temperature: 328.81 K, Total Energy: -30032.345398 eV
Step: 70840, Temperature: 310.37 K, Total Energy: -30032.060896 eV
Step: 70860, Temperature: 312.33 K, Total Energy: -30032.645136 eV
Step: 70880, Temperature: 316.49 K, Total Energy: -30032.879679 eV
Step: 70900, Temperature: 310.48 K, Total Energy: -30032.931328 eV
Step: 70920, Temperature: 301.13 K, Total Energy: -30032.960073 eV
Step: 70940, Temperature: 290.43 K, Total Energy: -30032.870329 eV
Step: 70960, Temperature: 328.92 K, Total Energy: -30032.481482 eV
Step: 70980, Temperature: 312.92 K, Total Energy: -30032.099269 eV
Step: 71000, Temperature: 324.14 K, Total Energy: -30032.219228 eV
Step: 71020, Temperature: 317.05 K, Total Energy: -30032.473399 eV
Step: 71040, Temperature: 279.46 K, Total Energy: -30032.710784 eV
Step: 71060, Temperature: 292.92 K, Total Energy: -30033.210689 eV
Step: 71080, Temperature: 289.92 K, Total Energy: -30033.320519 eV
Step: 71100, Temperature: 324.12 K, Total Energy: -30033.297708 eV
Step: 71120, Temperature: 274.89 K, Total Energy: -30033.031234 eV
Step: 71140, Temperature: 299.95 K, Total Energy: -30032.702450 eV
Step: 71160, Temperature: 294.27 K, Total Energy: -30032.644196 eV
Step: 71180, Temperature: 324.82 K, Total Energy: -30032.184707 eV
Step: 71200, Temperature: 320.92 K, Total Energy: -30032.650588 eV
Step: 71220, Temperature: 315.13 K, Total Energy: -30032.583443 eV
Step: 71240, Temperature: 289.15 K, Total Energy: -30033.120848 eV
Step: 71260, Temperature: 280.63 K, Total Energy: -30033.301041 eV
Step: 71280, Temperature: 268.17 K, Total Energy: -30033.700003 eV
Step: 71300, Temperature: 307.31 K, Total Energy: -30033.135009 eV
Step: 71320, Temperature: 312.09 K, Total Energy: -30033.209611 eV
Step: 71340, Temperature: 276.94 K, Total Energy: -30033.701245 eV
Step: 71360, Temperature: 297.08 K, Total Energy: -30033.306891 eV
Step: 71380, Temperature: 290.70 K, Total Energy: -30033.197627 eV
Step: 71400, Temperature: 287.52 K, Total Energy: -30033.190417 eV
Step: 71420, Temperature: 314.47 K, Total Energy: -30032.759875 eV
Step: 71440, Temperature: 289.50 K, Total Energy: -30032.666833 eV
Step: 71460, Temperature: 313.65 K, Total Energy: -30032.659113 eV
Step: 71480, Temperature: 307.08 K, Total Energy: -30033.160104 eV
Step: 71500, Temperature: 299.19 K, Total Energy: -30032.680110 eV
Step: 71520, Temperature: 343.16 K, Total Energy: -30032.387715 eV
Step: 71540, Temperature: 289.26 K, Total Energy: -30032.756609 eV
Step: 71560, Temperature: 304.62 K, Total Energy: -30032.891061 eV
Step: 71580, Temperature: 282.68 K, Total Energy: -30033.330267 eV
Step: 71600, Temperature: 300.25 K, Total Energy: -30033.495727 eV
Step: 71620, Temperature: 286.78 K, Total Energy: -30033.068297 eV
Step: 71640, Temperature: 276.33 K, Total Energy: -30033.284673 eV
Step: 71660, Temperature: 314.14 K, Total Energy: -30033.059290 eV
Step: 71680, Temperature: 297.83 K, Total Energy: -30032.948344 eV
Step: 71700, Temperature: 318.87 K, Total Energy: -30032.758130 eV
Step: 71720, Temperature: 298.81 K, Total Energy: -30032.843827 eV
Step: 71740, Temperature: 283.70 K, Total Energy: -30032.556904 eV
Step: 71760, Temperature: 315.74 K, Total Energy: -30032.230318 eV
Step: 71780, Temperature: 304.50 K, Total Energy: -30032.294596 eV
Step: 71800, Temperature: 284.17 K, Total Energy: -30032.722982 eV
Step: 71820, Temperature: 315.97 K, Total Energy: -30032.418129 eV
Step: 71840, Temperature: 304.49 K, Total Energy: -30032.232248 eV
Step: 71860, Temperature: 329.23 K, Total Energy: -30032.151496 eV
Step: 71880, Temperature: 321.65 K, Total Energy: -30031.909861 eV
Step: 71900, Temperature: 304.74 K, Total Energy: -30031.470153 eV
Step: 71920, Temperature: 326.85 K, Total Energy: -30031.575751 eV
Step: 71940, Temperature: 337.26 K, Total Energy: -30031.338846 eV
Step: 71960, Temperature: 298.11 K, Total Energy: -30031.542835 eV
Step: 71980, Temperature: 325.43 K, Total Energy: -30031.114986 eV
Step: 72000, Temperature: 296.16 K, Total Energy: -30031.716353 eV
Step: 72020, Temperature: 309.93 K, Total Energy: -30031.341399 eV
Step: 72040, Temperature: 296.25 K, Total Energy: -30031.784374 eV
Step: 72060, Temperature: 291.04 K, Total Energy: -30032.566081 eV
Step: 72080, Temperature: 264.93 K, Total Energy: -30032.940722 eV
Step: 72100, Temperature: 300.35 K, Total Energy: -30032.667060 eV
Step: 72120, Temperature: 289.54 K, Total Energy: -30033.200905 eV
Step: 72140, Temperature: 285.55 K, Total Energy: -30033.460219 eV
Step: 72160, Temperature: 275.44 K, Total Energy: -30033.822415 eV
Step: 72180, Temperature: 293.41 K, Total Energy: -30033.343219 eV
Step: 72200, Temperature: 262.16 K, Total Energy: -30033.280924 eV
Step: 72220, Temperature: 295.29 K, Total Energy: -30032.983897 eV
Step: 72240, Temperature: 308.97 K, Total Energy: -30032.441324 eV
Step: 72260, Temperature: 289.19 K, Total Energy: -30032.946053 eV
Step: 72280, Temperature: 296.78 K, Total Energy: -30033.050478 eV
Step: 72300, Temperature: 294.53 K, Total Energy: -30032.727547 eV
Step: 72320, Temperature: 271.43 K, Total Energy: -30032.308606 eV
Step: 72340, Temperature: 321.04 K, Total Energy: -30032.161275 eV
Step: 72360, Temperature: 301.50 K, Total Energy: -30032.187201 eV
Step: 72380, Temperature: 278.10 K, Total Energy: -30032.486784 eV
Step: 72400, Temperature: 290.42 K, Total Energy: -30033.011038 eV
Step: 72420, Temperature: 283.29 K, Total Energy: -30032.764326 eV
Step: 72440, Temperature: 312.48 K, Total Energy: -30033.166870 eV
Step: 72460, Temperature: 255.65 K, Total Energy: -30033.319383 eV
Step: 72480, Temperature: 282.44 K, Total Energy: -30033.125097 eV
Step: 72500, Temperature: 287.34 K, Total Energy: -30033.081704 eV
Step: 72520, Temperature: 321.76 K, Total Energy: -30032.354492 eV
Step: 72540, Temperature: 294.73 K, Total Energy: -30032.765515 eV
Step: 72560, Temperature: 281.12 K, Total Energy: -30033.161869 eV
Step: 72580, Temperature: 305.51 K, Total Energy: -30032.499826 eV
Step: 72600, Temperature: 265.77 K, Total Energy: -30032.624845 eV
Step: 72620, Temperature: 304.38 K, Total Energy: -30031.838423 eV
Step: 72640, Temperature: 283.73 K, Total Energy: -30032.280667 eV
Step: 72660, Temperature: 332.64 K, Total Energy: -30031.654615 eV
Step: 72680, Temperature: 321.98 K, Total Energy: -30031.934966 eV
Step: 72700, Temperature: 316.10 K, Total Energy: -30032.280025 eV
Step: 72720, Temperature: 308.96 K, Total Energy: -30032.549040 eV
Step: 72740, Temperature: 308.10 K, Total Energy: -30032.765764 eV
Step: 72760, Temperature: 280.91 K, Total Energy: -30033.559682 eV
Step: 72780, Temperature: 304.73 K, Total Energy: -30033.312352 eV
Step: 72800, Temperature: 303.74 K, Total Energy: -30033.301692 eV
Step: 72820, Temperature: 280.92 K, Total Energy: -30033.090709 eV
Step: 72840, Temperature: 280.62 K, Total Energy: -30033.152885 eV
Step: 72860, Temperature: 273.86 K, Total Energy: -30032.845943 eV
Step: 72880, Temperature: 286.96 K, Total Energy: -30032.444720 eV
Step: 72900, Temperature: 283.74 K, Total Energy: -30033.175080 eV
Step: 72920, Temperature: 269.55 K, Total Energy: -30033.380692 eV
Step: 72940, Temperature: 285.66 K, Total Energy: -30033.273801 eV
Step: 72960, Temperature: 265.53 K, Total Energy: -30033.556611 eV
Step: 72980, Temperature: 277.06 K, Total Energy: -30033.746969 eV
Step: 73000, Temperature: 280.05 K, Total Energy: -30034.059560 eV
Step: 73020, Temperature: 251.76 K, Total Energy: -30033.788964 eV
Step: 73040, Temperature: 283.68 K, Total Energy: -30033.760515 eV
Step: 73060, Temperature: 282.95 K, Total Energy: -30033.409517 eV
Step: 73080, Temperature: 288.71 K, Total Energy: -30033.530102 eV
Step: 73100, Temperature: 301.32 K, Total Energy: -30033.629323 eV
Step: 73120, Temperature: 321.59 K, Total Energy: -30033.550103 eV
Step: 73140, Temperature: 287.63 K, Total Energy: -30033.693533 eV
Step: 73160, Temperature: 284.33 K, Total Energy: -30034.027501 eV
Step: 73180, Temperature: 288.44 K, Total Energy: -30034.023152 eV
Step: 73200, Temperature: 283.62 K, Total Energy: -30033.840155 eV
Step: 73220, Temperature: 286.71 K, Total Energy: -30033.128507 eV
Step: 73240, Temperature: 295.79 K, Total Energy: -30033.680636 eV
Step: 73260, Temperature: 312.76 K, Total Energy: -30032.861020 eV
Step: 73280, Temperature: 283.01 K, Total Energy: -30033.591585 eV
Step: 73300, Temperature: 285.25 K, Total Energy: -30033.483215 eV
Step: 73320, Temperature: 273.55 K, Total Energy: -30033.744341 eV
Step: 73340, Temperature: 280.42 K, Total Energy: -30033.653806 eV
Step: 73360, Temperature: 285.57 K, Total Energy: -30033.811094 eV
Step: 73380, Temperature: 284.02 K, Total Energy: -30034.081991 eV
Step: 73400, Temperature: 266.04 K, Total Energy: -30034.514659 eV
Step: 73420, Temperature: 266.04 K, Total Energy: -30034.512591 eV
Step: 73440, Temperature: 267.73 K, Total Energy: -30034.521608 eV
Step: 73460, Temperature: 266.53 K, Total Energy: -30034.232957 eV
Step: 73480, Temperature: 301.09 K, Total Energy: -30033.377111 eV
Step: 73500, Temperature: 289.98 K, Total Energy: -30032.934213 eV
Step: 73520, Temperature: 322.03 K, Total Energy: -30033.185504 eV
Step: 73540, Temperature: 275.11 K, Total Energy: -30032.996681 eV
Step: 73560, Temperature: 291.62 K, Total Energy: -30033.213679 eV
Step: 73580, Temperature: 263.40 K, Total Energy: -30034.132943 eV
Step: 73600, Temperature: 260.06 K, Total Energy: -30034.221740 eV
Step: 73620, Temperature: 258.86 K, Total Energy: -30034.052260 eV
Step: 73640, Temperature: 272.17 K, Total Energy: -30033.811807 eV
Step: 73660, Temperature: 276.20 K, Total Energy: -30033.104328 eV
Step: 73680, Temperature: 277.97 K, Total Energy: -30033.310395 eV
Step: 73700, Temperature: 279.56 K, Total Energy: -30033.386215 eV
Step: 73720, Temperature: 324.94 K, Total Energy: -30032.849618 eV
Step: 73740, Temperature: 292.26 K, Total Energy: -30033.231015 eV
Step: 73760, Temperature: 273.64 K, Total Energy: -30033.782952 eV
Step: 73780, Temperature: 275.58 K, Total Energy: -30033.713430 eV
Step: 73800, Temperature: 311.85 K, Total Energy: -30033.600485 eV
Step: 73820, Temperature: 297.37 K, Total Energy: -30033.491045 eV
Step: 73840, Temperature: 310.24 K, Total Energy: -30033.277106 eV
Step: 73860, Temperature: 310.16 K, Total Energy: -30033.603342 eV
Step: 73880, Temperature: 284.11 K, Total Energy: -30033.538726 eV
Step: 73900, Temperature: 266.89 K, Total Energy: -30033.284581 eV
Step: 73920, Temperature: 268.46 K, Total Energy: -30033.401832 eV
Step: 73940, Temperature: 288.00 K, Total Energy: -30032.981434 eV
Step: 73960, Temperature: 271.49 K, Total Energy: -30033.357846 eV
Step: 73980, Temperature: 294.93 K, Total Energy: -30033.199950 eV
Step: 74000, Temperature: 275.19 K, Total Energy: -30033.330464 eV
Step: 74020, Temperature: 301.41 K, Total Energy: -30032.834186 eV
Step: 74040, Temperature: 265.03 K, Total Energy: -30033.139409 eV
Step: 74060, Temperature: 293.96 K, Total Energy: -30032.966332 eV
Step: 74080, Temperature: 272.65 K, Total Energy: -30033.450099 eV
Step: 74100, Temperature: 281.45 K, Total Energy: -30034.042456 eV
Step: 74120, Temperature: 322.97 K, Total Energy: -30033.570453 eV
Step: 74140, Temperature: 301.89 K, Total Energy: -30033.058405 eV
Step: 74160, Temperature: 300.14 K, Total Energy: -30032.898707 eV
Step: 74180, Temperature: 306.88 K, Total Energy: -30033.219809 eV
Step: 74200, Temperature: 311.46 K, Total Energy: -30033.322994 eV
Step: 74220, Temperature: 334.44 K, Total Energy: -30032.979177 eV
Step: 74240, Temperature: 293.40 K, Total Energy: -30033.511337 eV
Step: 74260, Temperature: 307.42 K, Total Energy: -30033.378204 eV
Step: 74280, Temperature: 306.86 K, Total Energy: -30032.925429 eV
Step: 74300, Temperature: 318.23 K, Total Energy: -30032.436161 eV
Step: 74320, Temperature: 311.85 K, Total Energy: -30032.436236 eV
Step: 74340, Temperature: 331.72 K, Total Energy: -30032.308295 eV
Step: 74360, Temperature: 306.51 K, Total Energy: -30032.541481 eV
Step: 74380, Temperature: 280.95 K, Total Energy: -30032.585882 eV
Step: 74400, Temperature: 320.33 K, Total Energy: -30032.362698 eV
Step: 74420, Temperature: 283.50 K, Total Energy: -30032.927115 eV
Step: 74440, Temperature: 307.33 K, Total Energy: -30032.663778 eV
Step: 74460, Temperature: 311.11 K, Total Energy: -30032.917661 eV
Step: 74480, Temperature: 312.33 K, Total Energy: -30033.125538 eV
Step: 74500, Temperature: 293.98 K, Total Energy: -30032.989124 eV
Step: 74520, Temperature: 286.81 K, Total Energy: -30033.163124 eV
Step: 74540, Temperature: 297.96 K, Total Energy: -30032.673558 eV
Step: 74560, Temperature: 292.92 K, Total Energy: -30032.620988 eV
Step: 74580, Temperature: 312.73 K, Total Energy: -30032.135104 eV
Step: 74600, Temperature: 319.58 K, Total Energy: -30032.023690 eV
Step: 74620, Temperature: 303.29 K, Total Energy: -30031.820583 eV
Step: 74640, Temperature: 272.61 K, Total Energy: -30031.847586 eV
Step: 74660, Temperature: 308.54 K, Total Energy: -30031.588735 eV
Step: 74680, Temperature: 311.25 K, Total Energy: -30031.601615 eV
Step: 74700, Temperature: 315.47 K, Total Energy: -30031.453953 eV
Step: 74720, Temperature: 300.45 K, Total Energy: -30031.547269 eV
Step: 74740, Temperature: 300.36 K, Total Energy: -30031.406965 eV
Step: 74760, Temperature: 294.77 K, Total Energy: -30032.123944 eV
Step: 74780, Temperature: 291.35 K, Total Energy: -30032.501600 eV
Step: 74800, Temperature: 315.01 K, Total Energy: -30032.031835 eV
Step: 74820, Temperature: 324.77 K, Total Energy: -30031.199613 eV
Step: 74840, Temperature: 327.60 K, Total Energy: -30031.127555 eV
Step: 74860, Temperature: 314.94 K, Total Energy: -30031.797164 eV
Step: 74880, Temperature: 301.01 K, Total Energy: -30032.097820 eV
Step: 74900, Temperature: 298.98 K, Total Energy: -30031.978337 eV
Step: 74920, Temperature: 296.59 K, Total Energy: -30032.211525 eV
Step: 74940, Temperature: 271.75 K, Total Energy: -30032.968534 eV
Step: 74960, Temperature: 262.20 K, Total Energy: -30033.028024 eV
Step: 74980, Temperature: 286.61 K, Total Energy: -30032.924066 eV
Step: 75000, Temperature: 278.62 K, Total Energy: -30032.821640 eV
Step: 75020, Temperature: 285.10 K, Total Energy: -30032.951639 eV
Step: 75040, Temperature: 267.14 K, Total Energy: -30033.559669 eV
Step: 75060, Temperature: 293.73 K, Total Energy: -30033.313804 eV
Step: 75080, Temperature: 276.56 K, Total Energy: -30033.396042 eV
Step: 75100, Temperature: 295.59 K, Total Energy: -30032.874900 eV
Step: 75120, Temperature: 295.32 K, Total Energy: -30033.069210 eV
Step: 75140, Temperature: 259.59 K, Total Energy: -30033.311340 eV
Step: 75160, Temperature: 263.06 K, Total Energy: -30033.113982 eV
Step: 75180, Temperature: 280.23 K, Total Energy: -30033.105713 eV
Step: 75200, Temperature: 297.81 K, Total Energy: -30032.817959 eV
Step: 75220, Temperature: 273.25 K, Total Energy: -30032.659910 eV
Step: 75240, Temperature: 302.98 K, Total Energy: -30032.773520 eV
Step: 75260, Temperature: 284.01 K, Total Energy: -30032.766001 eV
Step: 75280, Temperature: 265.20 K, Total Energy: -30033.062778 eV
Step: 75300, Temperature: 289.57 K, Total Energy: -30032.186435 eV
Step: 75320, Temperature: 288.88 K, Total Energy: -30032.088322 eV
Step: 75340, Temperature: 283.39 K, Total Energy: -30031.806818 eV
Step: 75360, Temperature: 296.56 K, Total Energy: -30031.694689 eV
Step: 75380, Temperature: 311.08 K, Total Energy: -30031.709319 eV
Step: 75400, Temperature: 287.43 K, Total Energy: -30032.108711 eV
Step: 75420, Temperature: 288.15 K, Total Energy: -30032.692410 eV
Step: 75440, Temperature: 301.81 K, Total Energy: -30032.577987 eV
Step: 75460, Temperature: 287.53 K, Total Energy: -30031.977319 eV
Step: 75480, Temperature: 303.17 K, Total Energy: -30032.368539 eV
Step: 75500, Temperature: 279.41 K, Total Energy: -30032.651525 eV
Step: 75520, Temperature: 280.89 K, Total Energy: -30032.933229 eV
Step: 75540, Temperature: 281.51 K, Total Energy: -30032.962675 eV
Step: 75560, Temperature: 299.91 K, Total Energy: -30032.703223 eV
Step: 75580, Temperature: 271.31 K, Total Energy: -30032.921053 eV
Step: 75600, Temperature: 295.36 K, Total Energy: -30032.280995 eV
Step: 75620, Temperature: 296.05 K, Total Energy: -30032.201523 eV
Step: 75640, Temperature: 285.84 K, Total Energy: -30032.193092 eV
Step: 75660, Temperature: 316.40 K, Total Energy: -30032.284302 eV
Step: 75680, Temperature: 286.56 K, Total Energy: -30032.929207 eV
Step: 75700, Temperature: 292.00 K, Total Energy: -30033.343002 eV
Step: 75720, Temperature: 291.56 K, Total Energy: -30033.252417 eV
Step: 75740, Temperature: 291.03 K, Total Energy: -30032.609220 eV
Step: 75760, Temperature: 295.71 K, Total Energy: -30032.952016 eV
Step: 75780, Temperature: 288.70 K, Total Energy: -30032.598821 eV
Step: 75800, Temperature: 292.53 K, Total Energy: -30032.841587 eV
Step: 75820, Temperature: 276.61 K, Total Energy: -30033.010095 eV
Step: 75840, Temperature: 269.94 K, Total Energy: -30033.265502 eV
Step: 75860, Temperature: 287.69 K, Total Energy: -30033.393428 eV
Step: 75880, Temperature: 282.92 K, Total Energy: -30033.146517 eV
Step: 75900, Temperature: 289.76 K, Total Energy: -30032.972714 eV
Step: 75920, Temperature: 270.87 K, Total Energy: -30032.908543 eV
Step: 75940, Temperature: 280.28 K, Total Energy: -30032.815545 eV
Step: 75960, Temperature: 278.01 K, Total Energy: -30033.487081 eV
Step: 75980, Temperature: 262.89 K, Total Energy: -30033.510725 eV
Step: 76000, Temperature: 250.28 K, Total Energy: -30033.827620 eV
Step: 76020, Temperature: 308.42 K, Total Energy: -30033.167918 eV
Step: 76040, Temperature: 289.74 K, Total Energy: -30033.215447 eV
Step: 76060, Temperature: 284.59 K, Total Energy: -30032.812022 eV
Step: 76080, Temperature: 296.26 K, Total Energy: -30032.436579 eV
Step: 76100, Temperature: 279.40 K, Total Energy: -30032.565816 eV
Step: 76120, Temperature: 305.63 K, Total Energy: -30032.309317 eV
Step: 76140, Temperature: 303.14 K, Total Energy: -30032.709233 eV
Step: 76160, Temperature: 298.29 K, Total Energy: -30032.854905 eV
Step: 76180, Temperature: 269.03 K, Total Energy: -30033.475510 eV
Step: 76200, Temperature: 294.54 K, Total Energy: -30033.164760 eV
Step: 76220, Temperature: 280.87 K, Total Energy: -30033.355546 eV
Step: 76240, Temperature: 275.27 K, Total Energy: -30033.164465 eV
Step: 76260, Temperature: 299.62 K, Total Energy: -30033.124573 eV
Step: 76280, Temperature: 311.13 K, Total Energy: -30032.934545 eV
Step: 76300, Temperature: 288.81 K, Total Energy: -30032.529545 eV
Step: 76320, Temperature: 285.60 K, Total Energy: -30032.990009 eV
Step: 76340, Temperature: 294.24 K, Total Energy: -30032.830329 eV
Step: 76360, Temperature: 296.07 K, Total Energy: -30032.818064 eV
Step: 76380, Temperature: 297.76 K, Total Energy: -30032.668751 eV
Step: 76400, Temperature: 302.47 K, Total Energy: -30032.499226 eV
Step: 76420, Temperature: 316.81 K, Total Energy: -30031.766250 eV
Step: 76440, Temperature: 315.19 K, Total Energy: -30032.074044 eV
Step: 76460, Temperature: 281.97 K, Total Energy: -30032.863392 eV
Step: 76480, Temperature: 308.67 K, Total Energy: -30032.814189 eV
Step: 76500, Temperature: 273.70 K, Total Energy: -30033.033626 eV
Step: 76520, Temperature: 307.16 K, Total Energy: -30032.824074 eV
Step: 76540, Temperature: 277.96 K, Total Energy: -30032.978522 eV
Step: 76560, Temperature: 289.11 K, Total Energy: -30032.428315 eV
Step: 76580, Temperature: 291.14 K, Total Energy: -30032.915042 eV
Step: 76600, Temperature: 294.57 K, Total Energy: -30032.765549 eV
Step: 76620, Temperature: 293.40 K, Total Energy: -30032.898093 eV
Step: 76640, Temperature: 319.36 K, Total Energy: -30032.455079 eV
Step: 76660, Temperature: 330.08 K, Total Energy: -30031.749412 eV
Step: 76680, Temperature: 310.11 K, Total Energy: -30031.749076 eV
Step: 76700, Temperature: 317.49 K, Total Energy: -30031.800166 eV
Step: 76720, Temperature: 314.66 K, Total Energy: -30031.599123 eV
Step: 76740, Temperature: 317.11 K, Total Energy: -30031.827224 eV
Step: 76760, Temperature: 316.01 K, Total Energy: -30031.586973 eV
Step: 76780, Temperature: 335.71 K, Total Energy: -30031.832323 eV
Step: 76800, Temperature: 324.14 K, Total Energy: -30032.057132 eV
Step: 76820, Temperature: 341.23 K, Total Energy: -30032.095959 eV
Step: 76840, Temperature: 297.40 K, Total Energy: -30032.279218 eV
Step: 76860, Temperature: 311.70 K, Total Energy: -30031.963368 eV
Step: 76880, Temperature: 304.84 K, Total Energy: -30032.282130 eV
Step: 76900, Temperature: 317.25 K, Total Energy: -30032.241679 eV
Step: 76920, Temperature: 299.33 K, Total Energy: -30032.190392 eV
Step: 76940, Temperature: 321.31 K, Total Energy: -30031.895020 eV
Step: 76960, Temperature: 311.59 K, Total Energy: -30032.239578 eV
Step: 76980, Temperature: 328.92 K, Total Energy: -30032.379946 eV
Step: 77000, Temperature: 296.47 K, Total Energy: -30032.097223 eV
Step: 77020, Temperature: 307.85 K, Total Energy: -30032.174197 eV
Step: 77040, Temperature: 297.10 K, Total Energy: -30032.429217 eV
Step: 77060, Temperature: 320.45 K, Total Energy: -30031.923989 eV
Step: 77080, Temperature: 281.72 K, Total Energy: -30032.346277 eV
Step: 77100, Temperature: 301.67 K, Total Energy: -30032.685048 eV
Step: 77120, Temperature: 308.06 K, Total Energy: -30033.018551 eV
Step: 77140, Temperature: 300.31 K, Total Energy: -30033.560685 eV
Step: 77160, Temperature: 297.54 K, Total Energy: -30033.397026 eV
Step: 77180, Temperature: 263.54 K, Total Energy: -30033.488694 eV
Step: 77200, Temperature: 302.34 K, Total Energy: -30033.254283 eV
Step: 77220, Temperature: 259.70 K, Total Energy: -30033.818372 eV
Step: 77240, Temperature: 272.43 K, Total Energy: -30034.072818 eV
Step: 77260, Temperature: 291.59 K, Total Energy: -30033.751732 eV
Step: 77280, Temperature: 271.74 K, Total Energy: -30034.347675 eV
Step: 77300, Temperature: 287.45 K, Total Energy: -30034.051731 eV
Step: 77320, Temperature: 289.98 K, Total Energy: -30034.051282 eV
Step: 77340, Temperature: 259.54 K, Total Energy: -30033.968934 eV
Step: 77360, Temperature: 297.23 K, Total Energy: -30033.646875 eV
Step: 77380, Temperature: 301.99 K, Total Energy: -30033.559844 eV
Step: 77400, Temperature: 299.77 K, Total Energy: -30033.327911 eV
Step: 77420, Temperature: 285.55 K, Total Energy: -30033.102729 eV
Step: 77440, Temperature: 284.93 K, Total Energy: -30033.377914 eV
Step: 77460, Temperature: 280.79 K, Total Energy: -30033.531289 eV
Step: 77480, Temperature: 290.36 K, Total Energy: -30033.280087 eV
Step: 77500, Temperature: 275.02 K, Total Energy: -30033.098504 eV
Step: 77520, Temperature: 290.69 K, Total Energy: -30033.395137 eV
Step: 77540, Temperature: 298.46 K, Total Energy: -30033.598824 eV
Step: 77560, Temperature: 284.69 K, Total Energy: -30033.739349 eV
Step: 77580, Temperature: 285.32 K, Total Energy: -30033.674740 eV
Step: 77600, Temperature: 274.90 K, Total Energy: -30034.152164 eV
Step: 77620, Temperature: 282.11 K, Total Energy: -30033.416685 eV
Step: 77640, Temperature: 295.56 K, Total Energy: -30033.221472 eV
Step: 77660, Temperature: 317.24 K, Total Energy: -30033.390385 eV
Step: 77680, Temperature: 296.30 K, Total Energy: -30033.197324 eV
Step: 77700, Temperature: 290.06 K, Total Energy: -30032.791445 eV
Step: 77720, Temperature: 316.08 K, Total Energy: -30032.792258 eV
Step: 77740, Temperature: 277.03 K, Total Energy: -30032.550599 eV
Step: 77760, Temperature: 295.10 K, Total Energy: -30032.609715 eV
Step: 77780, Temperature: 289.29 K, Total Energy: -30032.593933 eV
Step: 77800, Temperature: 297.78 K, Total Energy: -30032.720978 eV
Step: 77820, Temperature: 271.20 K, Total Energy: -30032.216574 eV
Step: 77840, Temperature: 308.89 K, Total Energy: -30031.810552 eV
Step: 77860, Temperature: 308.25 K, Total Energy: -30032.304970 eV
Step: 77880, Temperature: 289.25 K, Total Energy: -30032.184604 eV
Step: 77900, Temperature: 310.99 K, Total Energy: -30031.854033 eV
Step: 77920, Temperature: 316.38 K, Total Energy: -30031.628562 eV
Step: 77940, Temperature: 306.27 K, Total Energy: -30031.508385 eV
Step: 77960, Temperature: 302.10 K, Total Energy: -30031.596248 eV
Step: 77980, Temperature: 295.93 K, Total Energy: -30032.003243 eV
Step: 78000, Temperature: 323.80 K, Total Energy: -30031.821277 eV
Step: 78020, Temperature: 289.30 K, Total Energy: -30032.560351 eV
Step: 78040, Temperature: 297.59 K, Total Energy: -30032.702257 eV
Step: 78060, Temperature: 316.83 K, Total Energy: -30032.463130 eV
Step: 78080, Temperature: 290.94 K, Total Energy: -30032.677990 eV
Step: 78100, Temperature: 316.43 K, Total Energy: -30031.971109 eV
Step: 78120, Temperature: 319.73 K, Total Energy: -30032.019988 eV
Step: 78140, Temperature: 310.98 K, Total Energy: -30031.983187 eV
Step: 78160, Temperature: 328.25 K, Total Energy: -30032.464842 eV
Step: 78180, Temperature: 332.20 K, Total Energy: -30032.644221 eV
Step: 78200, Temperature: 302.80 K, Total Energy: -30032.549490 eV
Step: 78220, Temperature: 297.95 K, Total Energy: -30033.023435 eV
Step: 78240, Temperature: 303.78 K, Total Energy: -30032.775275 eV
Step: 78260, Temperature: 302.73 K, Total Energy: -30032.752540 eV
Step: 78280, Temperature: 293.91 K, Total Energy: -30032.893300 eV
Step: 78300, Temperature: 292.29 K, Total Energy: -30032.962692 eV
Step: 78320, Temperature: 320.19 K, Total Energy: -30032.830903 eV
Step: 78340, Temperature: 266.25 K, Total Energy: -30033.281006 eV
Step: 78360, Temperature: 281.64 K, Total Energy: -30033.531862 eV
Step: 78380, Temperature: 295.39 K, Total Energy: -30033.112342 eV
Step: 78400, Temperature: 287.01 K, Total Energy: -30033.004007 eV
Step: 78420, Temperature: 290.56 K, Total Energy: -30032.591762 eV
Step: 78440, Temperature: 289.72 K, Total Energy: -30033.028476 eV
Step: 78460, Temperature: 329.51 K, Total Energy: -30032.632832 eV
Step: 78480, Temperature: 297.69 K, Total Energy: -30032.373751 eV
Step: 78500, Temperature: 294.04 K, Total Energy: -30032.702546 eV
Step: 78520, Temperature: 336.23 K, Total Energy: -30032.610557 eV
Step: 78540, Temperature: 304.15 K, Total Energy: -30032.863842 eV
Step: 78560, Temperature: 294.81 K, Total Energy: -30032.841679 eV
Step: 78580, Temperature: 314.00 K, Total Energy: -30032.988332 eV
Step: 78600, Temperature: 286.26 K, Total Energy: -30032.999126 eV
Step: 78620, Temperature: 297.81 K, Total Energy: -30033.329660 eV
Step: 78640, Temperature: 296.09 K, Total Energy: -30033.243536 eV
Step: 78660, Temperature: 298.67 K, Total Energy: -30033.234000 eV
Step: 78680, Temperature: 294.14 K, Total Energy: -30033.348518 eV
Step: 78700, Temperature: 301.08 K, Total Energy: -30033.017967 eV
Step: 78720, Temperature: 299.14 K, Total Energy: -30033.122942 eV
Step: 78740, Temperature: 301.59 K, Total Energy: -30033.372473 eV
Step: 78760, Temperature: 303.25 K, Total Energy: -30032.743590 eV
Step: 78780, Temperature: 310.27 K, Total Energy: -30032.405279 eV
Step: 78800, Temperature: 281.00 K, Total Energy: -30032.719497 eV
Step: 78820, Temperature: 294.47 K, Total Energy: -30033.467232 eV
Step: 78840, Temperature: 296.26 K, Total Energy: -30033.282094 eV
Step: 78860, Temperature: 300.86 K, Total Energy: -30033.355482 eV
Step: 78880, Temperature: 311.42 K, Total Energy: -30033.228309 eV
Step: 78900, Temperature: 287.23 K, Total Energy: -30032.881298 eV
Step: 78920, Temperature: 323.99 K, Total Energy: -30032.498307 eV
Step: 78940, Temperature: 314.23 K, Total Energy: -30033.211225 eV
Step: 78960, Temperature: 318.81 K, Total Energy: -30032.283168 eV
Step: 78980, Temperature: 297.35 K, Total Energy: -30032.464094 eV
Step: 79000, Temperature: 320.03 K, Total Energy: -30032.000777 eV
Step: 79020, Temperature: 312.96 K, Total Energy: -30032.547437 eV
Step: 79040, Temperature: 284.83 K, Total Energy: -30032.179247 eV
Step: 79060, Temperature: 316.63 K, Total Energy: -30032.065773 eV
Step: 79080, Temperature: 313.07 K, Total Energy: -30032.374851 eV
Step: 79100, Temperature: 315.10 K, Total Energy: -30032.734662 eV
Step: 79120, Temperature: 310.92 K, Total Energy: -30032.875355 eV
Step: 79140, Temperature: 274.95 K, Total Energy: -30033.242733 eV
Step: 79160, Temperature: 275.78 K, Total Energy: -30033.720240 eV
Step: 79180, Temperature: 294.50 K, Total Energy: -30033.060271 eV
Step: 79200, Temperature: 310.50 K, Total Energy: -30032.981432 eV
Step: 79220, Temperature: 282.60 K, Total Energy: -30033.252088 eV
Step: 79240, Temperature: 293.53 K, Total Energy: -30033.906628 eV
Step: 79260, Temperature: 333.13 K, Total Energy: -30032.898383 eV
Step: 79280, Temperature: 288.30 K, Total Energy: -30033.489563 eV
Step: 79300, Temperature: 287.27 K, Total Energy: -30033.745520 eV
Step: 79320, Temperature: 283.31 K, Total Energy: -30034.240345 eV
Step: 79340, Temperature: 282.83 K, Total Energy: -30034.080405 eV
Step: 79360, Temperature: 268.66 K, Total Energy: -30033.713214 eV
Step: 79380, Temperature: 313.39 K, Total Energy: -30033.882353 eV
Step: 79400, Temperature: 269.47 K, Total Energy: -30033.341688 eV
Step: 79420, Temperature: 273.47 K, Total Energy: -30033.765740 eV
Step: 79440, Temperature: 256.17 K, Total Energy: -30034.556521 eV
Step: 79460, Temperature: 278.15 K, Total Energy: -30034.639889 eV
Step: 79480, Temperature: 298.46 K, Total Energy: -30034.063551 eV
Step: 79500, Temperature: 267.89 K, Total Energy: -30034.111288 eV
Step: 79520, Temperature: 265.39 K, Total Energy: -30034.524972 eV
Step: 79540, Temperature: 276.13 K, Total Energy: -30034.182251 eV
Step: 79560, Temperature: 288.39 K, Total Energy: -30033.682641 eV
Step: 79580, Temperature: 288.97 K, Total Energy: -30033.416212 eV
Step: 79600, Temperature: 314.79 K, Total Energy: -30033.076357 eV
Step: 79620, Temperature: 292.53 K, Total Energy: -30033.378680 eV
Step: 79640, Temperature: 267.45 K, Total Energy: -30033.426889 eV
Step: 79660, Temperature: 272.81 K, Total Energy: -30033.643478 eV
Step: 79680, Temperature: 274.57 K, Total Energy: -30033.914229 eV
Step: 79700, Temperature: 269.71 K, Total Energy: -30034.452883 eV
Step: 79720, Temperature: 284.61 K, Total Energy: -30034.145454 eV
Step: 79740, Temperature: 295.27 K, Total Energy: -30033.787327 eV
Step: 79760, Temperature: 296.13 K, Total Energy: -30033.859547 eV
Step: 79780, Temperature: 268.38 K, Total Energy: -30033.833599 eV
Step: 79800, Temperature: 277.10 K, Total Energy: -30033.892462 eV
Step: 79820, Temperature: 278.63 K, Total Energy: -30034.489175 eV
Step: 79840, Temperature: 261.45 K, Total Energy: -30034.788704 eV
Step: 79860, Temperature: 288.81 K, Total Energy: -30034.228906 eV
Step: 79880, Temperature: 289.08 K, Total Energy: -30034.550208 eV
Step: 79900, Temperature: 273.65 K, Total Energy: -30034.714446 eV
Step: 79920, Temperature: 269.27 K, Total Energy: -30034.908966 eV
Step: 79940, Temperature: 293.78 K, Total Energy: -30035.048943 eV
Step: 79960, Temperature: 290.72 K, Total Energy: -30034.431325 eV
Step: 79980, Temperature: 277.69 K, Total Energy: -30034.438361 eV
Step: 80000, Temperature: 289.29 K, Total Energy: -30034.107421 eV
Step: 80020, Temperature: 290.45 K, Total Energy: -30033.795470 eV
Step: 80040, Temperature: 296.09 K, Total Energy: -30033.780519 eV
Step: 80060, Temperature: 298.50 K, Total Energy: -30033.648478 eV
Step: 80080, Temperature: 292.53 K, Total Energy: -30034.156107 eV
Step: 80100, Temperature: 277.59 K, Total Energy: -30034.194871 eV
Step: 80120, Temperature: 303.57 K, Total Energy: -30033.741296 eV
Step: 80140, Temperature: 307.77 K, Total Energy: -30033.676245 eV
Step: 80160, Temperature: 288.17 K, Total Energy: -30033.260361 eV
Step: 80180, Temperature: 308.66 K, Total Energy: -30032.806537 eV
Step: 80200, Temperature: 334.19 K, Total Energy: -30032.794103 eV
Step: 80220, Temperature: 297.99 K, Total Energy: -30032.590938 eV
Step: 80240, Temperature: 307.47 K, Total Energy: -30032.640754 eV
Step: 80260, Temperature: 311.04 K, Total Energy: -30033.233829 eV
Step: 80280, Temperature: 303.36 K, Total Energy: -30033.211553 eV
Step: 80300, Temperature: 307.86 K, Total Energy: -30032.798995 eV
Step: 80320, Temperature: 323.74 K, Total Energy: -30032.842442 eV
Step: 80340, Temperature: 325.40 K, Total Energy: -30032.969113 eV
Step: 80360, Temperature: 287.64 K, Total Energy: -30033.382947 eV
Step: 80380, Temperature: 293.18 K, Total Energy: -30033.839061 eV
Step: 80400, Temperature: 290.82 K, Total Energy: -30033.885855 eV
Step: 80420, Temperature: 302.10 K, Total Energy: -30033.793416 eV
Step: 80440, Temperature: 269.27 K, Total Energy: -30034.317288 eV
Step: 80460, Temperature: 303.42 K, Total Energy: -30033.705977 eV
Step: 80480, Temperature: 290.46 K, Total Energy: -30033.863579 eV
Step: 80500, Temperature: 307.03 K, Total Energy: -30033.442771 eV
Step: 80520, Temperature: 288.02 K, Total Energy: -30033.100082 eV
Step: 80540, Temperature: 316.53 K, Total Energy: -30032.570054 eV
Step: 80560, Temperature: 304.75 K, Total Energy: -30032.499134 eV
Step: 80580, Temperature: 295.89 K, Total Energy: -30033.275770 eV
Step: 80600, Temperature: 326.99 K, Total Energy: -30033.035281 eV
Step: 80620, Temperature: 359.13 K, Total Energy: -30032.538216 eV
Step: 80640, Temperature: 284.43 K, Total Energy: -30033.526901 eV
Step: 80660, Temperature: 290.10 K, Total Energy: -30034.054345 eV
Step: 80680, Temperature: 289.03 K, Total Energy: -30033.674582 eV
Step: 80700, Temperature: 285.76 K, Total Energy: -30033.886567 eV
Step: 80720, Temperature: 289.02 K, Total Energy: -30034.450254 eV
Step: 80740, Temperature: 286.17 K, Total Energy: -30034.579604 eV
Step: 80760, Temperature: 268.60 K, Total Energy: -30034.747899 eV
Step: 80780, Temperature: 275.96 K, Total Energy: -30034.051516 eV
Step: 80800, Temperature: 310.77 K, Total Energy: -30034.090192 eV
Step: 80820, Temperature: 293.52 K, Total Energy: -30034.108138 eV
Step: 80840, Temperature: 293.64 K, Total Energy: -30034.091293 eV
Step: 80860, Temperature: 286.39 K, Total Energy: -30034.574150 eV
Step: 80880, Temperature: 290.87 K, Total Energy: -30033.533209 eV
Step: 80900, Temperature: 302.24 K, Total Energy: -30033.374001 eV
Step: 80920, Temperature: 306.17 K, Total Energy: -30033.335143 eV
Step: 80940, Temperature: 313.14 K, Total Energy: -30033.339901 eV
Step: 80960, Temperature: 322.22 K, Total Energy: -30033.372432 eV
Step: 80980, Temperature: 304.64 K, Total Energy: -30033.839953 eV
Step: 81000, Temperature: 335.36 K, Total Energy: -30033.651576 eV
Step: 81020, Temperature: 303.46 K, Total Energy: -30033.906159 eV
Step: 81040, Temperature: 319.29 K, Total Energy: -30033.767207 eV
Step: 81060, Temperature: 301.00 K, Total Energy: -30034.307094 eV
Step: 81080, Temperature: 289.99 K, Total Energy: -30034.867591 eV
Step: 81100, Temperature: 281.48 K, Total Energy: -30034.791534 eV
Step: 81120, Temperature: 286.53 K, Total Energy: -30034.590188 eV
Step: 81140, Temperature: 298.83 K, Total Energy: -30034.175466 eV
Step: 81160, Temperature: 312.60 K, Total Energy: -30033.667771 eV
Step: 81180, Temperature: 297.46 K, Total Energy: -30033.914587 eV
Step: 81200, Temperature: 310.15 K, Total Energy: -30033.662215 eV
Step: 81220, Temperature: 291.16 K, Total Energy: -30033.859859 eV
Step: 81240, Temperature: 301.83 K, Total Energy: -30033.302160 eV
Step: 81260, Temperature: 318.16 K, Total Energy: -30033.551168 eV
Step: 81280, Temperature: 316.93 K, Total Energy: -30033.587597 eV
Step: 81300, Temperature: 323.36 K, Total Energy: -30033.408506 eV
Step: 81320, Temperature: 311.80 K, Total Energy: -30033.539090 eV
Step: 81340, Temperature: 314.80 K, Total Energy: -30034.228391 eV
Step: 81360, Temperature: 283.94 K, Total Energy: -30035.338066 eV
Step: 81380, Temperature: 287.35 K, Total Energy: -30034.794296 eV
Step: 81400, Temperature: 298.81 K, Total Energy: -30034.111565 eV
Step: 81420, Temperature: 304.89 K, Total Energy: -30033.911707 eV
Step: 81440, Temperature: 313.24 K, Total Energy: -30033.653752 eV
Step: 81460, Temperature: 274.05 K, Total Energy: -30034.056081 eV
Step: 81480, Temperature: 316.75 K, Total Energy: -30033.849839 eV
Step: 81500, Temperature: 299.92 K, Total Energy: -30033.875077 eV
Step: 81520, Temperature: 317.93 K, Total Energy: -30033.695586 eV
Step: 81540, Temperature: 310.64 K, Total Energy: -30033.835373 eV
Step: 81560, Temperature: 287.91 K, Total Energy: -30033.979667 eV
Step: 81580, Temperature: 275.16 K, Total Energy: -30034.766850 eV
Step: 81600, Temperature: 285.58 K, Total Energy: -30034.678120 eV
Step: 81620, Temperature: 285.35 K, Total Energy: -30034.990378 eV
Step: 81640, Temperature: 270.32 K, Total Energy: -30035.441537 eV
Step: 81660, Temperature: 285.49 K, Total Energy: -30034.901000 eV
Step: 81680, Temperature: 288.36 K, Total Energy: -30034.798635 eV
Step: 81700, Temperature: 278.69 K, Total Energy: -30035.085386 eV
Step: 81720, Temperature: 264.80 K, Total Energy: -30035.770133 eV
Step: 81740, Temperature: 284.94 K, Total Energy: -30034.983076 eV
Step: 81760, Temperature: 313.38 K, Total Energy: -30035.175586 eV
Step: 81780, Temperature: 278.33 K, Total Energy: -30035.354170 eV
Step: 81800, Temperature: 293.20 K, Total Energy: -30034.992940 eV
Step: 81820, Temperature: 296.60 K, Total Energy: -30034.343996 eV
Step: 81840, Temperature: 311.95 K, Total Energy: -30034.226731 eV
Step: 81860, Temperature: 293.18 K, Total Energy: -30034.542265 eV
Step: 81880, Temperature: 283.42 K, Total Energy: -30034.676948 eV
Step: 81900, Temperature: 254.30 K, Total Energy: -30035.556031 eV
Step: 81920, Temperature: 292.86 K, Total Energy: -30035.239701 eV
Step: 81940, Temperature: 288.63 K, Total Energy: -30035.285999 eV
Step: 81960, Temperature: 284.61 K, Total Energy: -30035.379914 eV
Step: 81980, Temperature: 273.92 K, Total Energy: -30035.613887 eV
Step: 82000, Temperature: 291.37 K, Total Energy: -30035.358616 eV
Step: 82020, Temperature: 294.57 K, Total Energy: -30035.035213 eV
Step: 82040, Temperature: 286.38 K, Total Energy: -30035.324217 eV
Step: 82060, Temperature: 281.28 K, Total Energy: -30035.855225 eV
Step: 82080, Temperature: 292.55 K, Total Energy: -30035.311850 eV
Step: 82100, Temperature: 274.25 K, Total Energy: -30034.529659 eV
Step: 82120, Temperature: 284.62 K, Total Energy: -30034.979211 eV
Step: 82140, Temperature: 283.76 K, Total Energy: -30034.775971 eV
Step: 82160, Temperature: 267.25 K, Total Energy: -30035.006022 eV
Step: 82180, Temperature: 268.56 K, Total Energy: -30035.117992 eV
Step: 82200, Temperature: 269.23 K, Total Energy: -30035.275407 eV
Step: 82220, Temperature: 251.84 K, Total Energy: -30035.620907 eV
Step: 82240, Temperature: 275.78 K, Total Energy: -30035.350938 eV
Step: 82260, Temperature: 280.28 K, Total Energy: -30034.715960 eV
Step: 82280, Temperature: 315.68 K, Total Energy: -30034.601078 eV
Step: 82300, Temperature: 291.04 K, Total Energy: -30034.567904 eV
Step: 82320, Temperature: 304.64 K, Total Energy: -30034.326211 eV
Step: 82340, Temperature: 284.41 K, Total Energy: -30034.669945 eV
Step: 82360, Temperature: 280.72 K, Total Energy: -30034.716664 eV
Step: 82380, Temperature: 298.26 K, Total Energy: -30034.304854 eV
Step: 82400, Temperature: 319.10 K, Total Energy: -30033.580537 eV
Step: 82420, Temperature: 312.00 K, Total Energy: -30033.256920 eV
Step: 82440, Temperature: 311.25 K, Total Energy: -30033.201228 eV
Step: 82460, Temperature: 334.05 K, Total Energy: -30032.910864 eV
Step: 82480, Temperature: 317.11 K, Total Energy: -30032.315554 eV
Step: 82500, Temperature: 324.65 K, Total Energy: -30032.737818 eV
Step: 82520, Temperature: 322.54 K, Total Energy: -30033.272555 eV
Step: 82540, Temperature: 279.39 K, Total Energy: -30033.349229 eV
Step: 82560, Temperature: 275.25 K, Total Energy: -30033.428613 eV
Step: 82580, Temperature: 306.19 K, Total Energy: -30033.559215 eV
Step: 82600, Temperature: 289.75 K, Total Energy: -30033.478825 eV
Step: 82620, Temperature: 290.31 K, Total Energy: -30033.418129 eV
Step: 82640, Temperature: 289.68 K, Total Energy: -30033.484527 eV
Step: 82660, Temperature: 285.22 K, Total Energy: -30033.439005 eV
Step: 82680, Temperature: 287.38 K, Total Energy: -30033.721312 eV
Step: 82700, Temperature: 323.94 K, Total Energy: -30033.186942 eV
Step: 82720, Temperature: 317.41 K, Total Energy: -30033.179283 eV
Step: 82740, Temperature: 311.17 K, Total Energy: -30033.326318 eV
Step: 82760, Temperature: 307.40 K, Total Energy: -30033.748025 eV
Step: 82780, Temperature: 289.06 K, Total Energy: -30033.615306 eV
Step: 82800, Temperature: 303.07 K, Total Energy: -30032.927776 eV
Step: 82820, Temperature: 288.44 K, Total Energy: -30032.831789 eV
Step: 82840, Temperature: 306.44 K, Total Energy: -30033.043260 eV
Step: 82860, Temperature: 280.53 K, Total Energy: -30032.957755 eV
Step: 82880, Temperature: 289.82 K, Total Energy: -30033.184228 eV
Step: 82900, Temperature: 309.80 K, Total Energy: -30032.848458 eV
Step: 82920, Temperature: 313.79 K, Total Energy: -30032.640114 eV
Step: 82940, Temperature: 296.47 K, Total Energy: -30033.138255 eV
Step: 82960, Temperature: 315.95 K, Total Energy: -30033.127577 eV
Step: 82980, Temperature: 289.89 K, Total Energy: -30033.260732 eV
Step: 83000, Temperature: 289.60 K, Total Energy: -30032.926044 eV
Step: 83020, Temperature: 292.47 K, Total Energy: -30033.057984 eV
Step: 83040, Temperature: 301.76 K, Total Energy: -30032.881968 eV
Step: 83060, Temperature: 308.29 K, Total Energy: -30033.095018 eV
Step: 83080, Temperature: 303.74 K, Total Energy: -30033.037897 eV
Step: 83100, Temperature: 292.08 K, Total Energy: -30033.049940 eV
Step: 83120, Temperature: 291.52 K, Total Energy: -30033.298277 eV
Step: 83140, Temperature: 281.53 K, Total Energy: -30033.716103 eV
Step: 83160, Temperature: 285.16 K, Total Energy: -30033.249142 eV
Step: 83180, Temperature: 296.68 K, Total Energy: -30033.076354 eV
Step: 83200, Temperature: 302.61 K, Total Energy: -30033.484101 eV
Step: 83220, Temperature: 308.19 K, Total Energy: -30033.320206 eV
Step: 83240, Temperature: 297.13 K, Total Energy: -30033.426564 eV
Step: 83260, Temperature: 320.87 K, Total Energy: -30033.159654 eV
Step: 83280, Temperature: 289.14 K, Total Energy: -30033.619136 eV
Step: 83300, Temperature: 275.72 K, Total Energy: -30033.766662 eV
Step: 83320, Temperature: 293.95 K, Total Energy: -30033.505565 eV
Step: 83340, Temperature: 324.30 K, Total Energy: -30033.490703 eV
Step: 83360, Temperature: 314.44 K, Total Energy: -30033.442440 eV
Step: 83380, Temperature: 313.54 K, Total Energy: -30033.283104 eV
Step: 83400, Temperature: 290.33 K, Total Energy: -30033.341590 eV
Step: 83420, Temperature: 312.20 K, Total Energy: -30033.337674 eV
Step: 83440, Temperature: 304.35 K, Total Energy: -30034.073632 eV
Step: 83460, Temperature: 301.82 K, Total Energy: -30033.487958 eV
Step: 83480, Temperature: 293.70 K, Total Energy: -30033.746252 eV
Step: 83500, Temperature: 288.97 K, Total Energy: -30033.451407 eV
Step: 83520, Temperature: 293.99 K, Total Energy: -30033.451909 eV
Step: 83540, Temperature: 289.98 K, Total Energy: -30033.637302 eV
Step: 83560, Temperature: 296.62 K, Total Energy: -30033.400157 eV
Step: 83580, Temperature: 288.84 K, Total Energy: -30033.605152 eV
Step: 83600, Temperature: 274.61 K, Total Energy: -30033.458115 eV
Step: 83620, Temperature: 277.59 K, Total Energy: -30033.874421 eV
Step: 83640, Temperature: 310.71 K, Total Energy: -30033.781066 eV
Step: 83660, Temperature: 314.96 K, Total Energy: -30033.597326 eV
Step: 83680, Temperature: 275.98 K, Total Energy: -30033.887035 eV
Step: 83700, Temperature: 271.05 K, Total Energy: -30033.739803 eV
Step: 83720, Temperature: 301.10 K, Total Energy: -30033.490252 eV
Step: 83740, Temperature: 294.91 K, Total Energy: -30033.880193 eV
Step: 83760, Temperature: 305.38 K, Total Energy: -30034.032318 eV
Step: 83780, Temperature: 320.63 K, Total Energy: -30033.952866 eV
Step: 83800, Temperature: 275.26 K, Total Energy: -30034.231050 eV
Step: 83820, Temperature: 307.01 K, Total Energy: -30034.402180 eV
Step: 83840, Temperature: 275.35 K, Total Energy: -30034.349889 eV
Step: 83860, Temperature: 278.59 K, Total Energy: -30033.677662 eV
Step: 83880, Temperature: 305.64 K, Total Energy: -30033.781876 eV
Step: 83900, Temperature: 292.58 K, Total Energy: -30033.902774 eV
Step: 83920, Temperature: 288.10 K, Total Energy: -30033.955489 eV
Step: 83940, Temperature: 305.39 K, Total Energy: -30034.014575 eV
Step: 83960, Temperature: 285.17 K, Total Energy: -30033.750830 eV
Step: 83980, Temperature: 304.84 K, Total Energy: -30033.458046 eV
Step: 84000, Temperature: 299.85 K, Total Energy: -30033.663813 eV
Step: 84020, Temperature: 281.93 K, Total Energy: -30034.165087 eV
Step: 84040, Temperature: 288.71 K, Total Energy: -30034.061310 eV
Step: 84060, Temperature: 304.73 K, Total Energy: -30033.997783 eV
Step: 84080, Temperature: 292.10 K, Total Energy: -30033.719493 eV
Step: 84100, Temperature: 306.43 K, Total Energy: -30033.059190 eV
Step: 84120, Temperature: 293.20 K, Total Energy: -30033.193972 eV
Step: 84140, Temperature: 286.31 K, Total Energy: -30034.050511 eV
Step: 84160, Temperature: 291.33 K, Total Energy: -30033.851708 eV
Step: 84180, Temperature: 288.05 K, Total Energy: -30033.585513 eV
Step: 84200, Temperature: 285.48 K, Total Energy: -30033.850615 eV
Step: 84220, Temperature: 288.19 K, Total Energy: -30033.605582 eV
Step: 84240, Temperature: 256.41 K, Total Energy: -30034.825967 eV
Step: 84260, Temperature: 275.00 K, Total Energy: -30034.725814 eV
Step: 84280, Temperature: 264.43 K, Total Energy: -30034.925667 eV
Step: 84300, Temperature: 282.08 K, Total Energy: -30034.458245 eV
Step: 84320, Temperature: 294.40 K, Total Energy: -30034.365567 eV
Step: 84340, Temperature: 252.94 K, Total Energy: -30034.417903 eV
Step: 84360, Temperature: 256.53 K, Total Energy: -30033.904878 eV
Step: 84380, Temperature: 282.23 K, Total Energy: -30033.708534 eV
Step: 84400, Temperature: 295.90 K, Total Energy: -30033.363350 eV
Step: 84420, Temperature: 308.30 K, Total Energy: -30033.090926 eV
Step: 84440, Temperature: 273.58 K, Total Energy: -30033.378309 eV
Step: 84460, Temperature: 318.81 K, Total Energy: -30032.917874 eV
Step: 84480, Temperature: 289.41 K, Total Energy: -30033.016565 eV
Step: 84500, Temperature: 320.99 K, Total Energy: -30032.512273 eV
Step: 84520, Temperature: 298.79 K, Total Energy: -30033.227345 eV
Step: 84540, Temperature: 305.96 K, Total Energy: -30032.990733 eV
Step: 84560, Temperature: 288.21 K, Total Energy: -30033.101186 eV
Step: 84580, Temperature: 271.53 K, Total Energy: -30033.556231 eV
Step: 84600, Temperature: 299.04 K, Total Energy: -30033.240586 eV
Step: 84620, Temperature: 297.29 K, Total Energy: -30033.172585 eV
Step: 84640, Temperature: 299.16 K, Total Energy: -30033.096861 eV
Step: 84660, Temperature: 278.30 K, Total Energy: -30033.157527 eV
Step: 84680, Temperature: 295.39 K, Total Energy: -30033.536234 eV
Step: 84700, Temperature: 276.20 K, Total Energy: -30033.211704 eV
Step: 84720, Temperature: 316.19 K, Total Energy: -30032.654792 eV
Step: 84740, Temperature: 311.13 K, Total Energy: -30032.233401 eV
Step: 84760, Temperature: 296.49 K, Total Energy: -30033.274657 eV
Step: 84780, Temperature: 261.85 K, Total Energy: -30033.550277 eV
Step: 84800, Temperature: 294.96 K, Total Energy: -30033.111380 eV
Step: 84820, Temperature: 296.13 K, Total Energy: -30033.025605 eV
Step: 84840, Temperature: 288.03 K, Total Energy: -30033.214916 eV
Step: 84860, Temperature: 266.41 K, Total Energy: -30033.896046 eV
Step: 84880, Temperature: 272.10 K, Total Energy: -30033.473543 eV
Step: 84900, Temperature: 323.46 K, Total Energy: -30032.294739 eV
Step: 84920, Temperature: 313.48 K, Total Energy: -30032.085292 eV
Step: 84940, Temperature: 299.19 K, Total Energy: -30032.367796 eV
Step: 84960, Temperature: 308.77 K, Total Energy: -30032.667046 eV
Step: 84980, Temperature: 291.54 K, Total Energy: -30032.956051 eV
Step: 85000, Temperature: 306.33 K, Total Energy: -30033.088978 eV
Step: 85020, Temperature: 312.86 K, Total Energy: -30033.413224 eV
Step: 85040, Temperature: 290.83 K, Total Energy: -30033.463772 eV
Step: 85060, Temperature: 280.43 K, Total Energy: -30033.552059 eV
Step: 85080, Temperature: 282.40 K, Total Energy: -30033.456287 eV
Step: 85100, Temperature: 313.63 K, Total Energy: -30033.505451 eV
Step: 85120, Temperature: 307.58 K, Total Energy: -30033.673222 eV
Step: 85140, Temperature: 305.22 K, Total Energy: -30033.514983 eV
Step: 85160, Temperature: 273.09 K, Total Energy: -30033.562207 eV
Step: 85180, Temperature: 300.03 K, Total Energy: -30033.288297 eV
Step: 85200, Temperature: 323.31 K, Total Energy: -30032.831699 eV
Step: 85220, Temperature: 319.15 K, Total Energy: -30032.276682 eV
Step: 85240, Temperature: 327.32 K, Total Energy: -30032.274961 eV
Step: 85260, Temperature: 321.11 K, Total Energy: -30032.427151 eV
Step: 85280, Temperature: 265.78 K, Total Energy: -30032.583610 eV
Step: 85300, Temperature: 304.91 K, Total Energy: -30033.126056 eV
Step: 85320, Temperature: 268.06 K, Total Energy: -30033.454836 eV
Step: 85340, Temperature: 276.05 K, Total Energy: -30033.660836 eV
Step: 85360, Temperature: 262.36 K, Total Energy: -30033.721292 eV
Step: 85380, Temperature: 294.23 K, Total Energy: -30033.391077 eV
Step: 85400, Temperature: 288.99 K, Total Energy: -30032.862959 eV
Step: 85420, Temperature: 267.94 K, Total Energy: -30033.322940 eV
Step: 85440, Temperature: 304.74 K, Total Energy: -30033.032741 eV
Step: 85460, Temperature: 286.26 K, Total Energy: -30033.194336 eV
Step: 85480, Temperature: 304.10 K, Total Energy: -30033.003631 eV
Step: 85500, Temperature: 294.87 K, Total Energy: -30032.925998 eV
Step: 85520, Temperature: 283.87 K, Total Energy: -30032.495860 eV
Step: 85540, Temperature: 306.86 K, Total Energy: -30032.339506 eV
Step: 85560, Temperature: 305.53 K, Total Energy: -30032.224000 eV
Step: 85580, Temperature: 294.60 K, Total Energy: -30032.253213 eV
Step: 85600, Temperature: 315.86 K, Total Energy: -30031.824979 eV
Step: 85620, Temperature: 330.25 K, Total Energy: -30031.059713 eV
Step: 85640, Temperature: 319.91 K, Total Energy: -30030.859320 eV
Step: 85660, Temperature: 352.53 K, Total Energy: -30030.762719 eV
Step: 85680, Temperature: 335.15 K, Total Energy: -30030.848235 eV
Step: 85700, Temperature: 324.19 K, Total Energy: -30031.161382 eV
Step: 85720, Temperature: 328.21 K, Total Energy: -30031.237289 eV
Step: 85740, Temperature: 322.70 K, Total Energy: -30031.709922 eV
Step: 85760, Temperature: 290.30 K, Total Energy: -30031.977005 eV
Step: 85780, Temperature: 328.23 K, Total Energy: -30031.201788 eV
Step: 85800, Temperature: 339.20 K, Total Energy: -30031.491929 eV
Step: 85820, Temperature: 318.45 K, Total Energy: -30031.961917 eV
Step: 85840, Temperature: 307.23 K, Total Energy: -30031.843915 eV
Step: 85860, Temperature: 305.70 K, Total Energy: -30031.944490 eV
Step: 85880, Temperature: 324.48 K, Total Energy: -30031.685349 eV
Step: 85900, Temperature: 305.37 K, Total Energy: -30031.622564 eV
Step: 85920, Temperature: 295.11 K, Total Energy: -30032.429808 eV
Step: 85940, Temperature: 314.30 K, Total Energy: -30031.836559 eV
Step: 85960, Temperature: 315.23 K, Total Energy: -30031.704053 eV
Step: 85980, Temperature: 288.61 K, Total Energy: -30032.087263 eV
Step: 86000, Temperature: 312.56 K, Total Energy: -30032.573097 eV
Step: 86020, Temperature: 280.28 K, Total Energy: -30032.860508 eV
Step: 86040, Temperature: 302.43 K, Total Energy: -30032.357716 eV
Step: 86060, Temperature: 305.33 K, Total Energy: -30032.203653 eV
Step: 86080, Temperature: 292.48 K, Total Energy: -30031.973774 eV
Step: 86100, Temperature: 281.26 K, Total Energy: -30033.230583 eV
Step: 86120, Temperature: 292.04 K, Total Energy: -30032.953409 eV
Step: 86140, Temperature: 299.64 K, Total Energy: -30033.415200 eV
Step: 86160, Temperature: 305.46 K, Total Energy: -30033.032521 eV
Step: 86180, Temperature: 284.06 K, Total Energy: -30032.897367 eV
Step: 86200, Temperature: 301.06 K, Total Energy: -30032.541881 eV
Step: 86220, Temperature: 290.97 K, Total Energy: -30033.118520 eV
Step: 86240, Temperature: 284.66 K, Total Energy: -30033.027116 eV
Step: 86260, Temperature: 277.02 K, Total Energy: -30033.511743 eV
Step: 86280, Temperature: 312.48 K, Total Energy: -30033.198111 eV
Step: 86300, Temperature: 321.17 K, Total Energy: -30032.851462 eV
Step: 86320, Temperature: 293.42 K, Total Energy: -30033.346734 eV
Step: 86340, Temperature: 327.23 K, Total Energy: -30032.521439 eV
Step: 86360, Temperature: 313.96 K, Total Energy: -30032.759020 eV
Step: 86380, Temperature: 287.18 K, Total Energy: -30033.339697 eV
Step: 86400, Temperature: 292.38 K, Total Energy: -30032.980164 eV
Step: 86420, Temperature: 269.20 K, Total Energy: -30033.760528 eV
Step: 86440, Temperature: 290.93 K, Total Energy: -30033.070679 eV
Step: 86460, Temperature: 294.57 K, Total Energy: -30032.902332 eV
Step: 86480, Temperature: 289.67 K, Total Energy: -30033.174307 eV
Step: 86500, Temperature: 314.01 K, Total Energy: -30032.995867 eV
Step: 86520, Temperature: 258.79 K, Total Energy: -30033.546127 eV
Step: 86540, Temperature: 306.13 K, Total Energy: -30033.086046 eV
Step: 86560, Temperature: 285.58 K, Total Energy: -30033.365539 eV
Step: 86580, Temperature: 279.45 K, Total Energy: -30033.568461 eV
Step: 86600, Temperature: 260.44 K, Total Energy: -30033.610726 eV
Step: 86620, Temperature: 278.74 K, Total Energy: -30033.625280 eV
Step: 86640, Temperature: 270.82 K, Total Energy: -30033.136181 eV
Step: 86660, Temperature: 294.07 K, Total Energy: -30032.965413 eV
Step: 86680, Temperature: 285.56 K, Total Energy: -30032.674616 eV
Step: 86700, Temperature: 287.22 K, Total Energy: -30032.893400 eV
Step: 86720, Temperature: 286.44 K, Total Energy: -30033.016265 eV
Step: 86740, Temperature: 274.13 K, Total Energy: -30033.446704 eV
Step: 86760, Temperature: 301.69 K, Total Energy: -30033.297754 eV
Step: 86780, Temperature: 303.70 K, Total Energy: -30032.853439 eV
Step: 86800, Temperature: 315.78 K, Total Energy: -30032.559567 eV
Step: 86820, Temperature: 314.69 K, Total Energy: -30032.543688 eV
Step: 86840, Temperature: 303.37 K, Total Energy: -30033.027719 eV
Step: 86860, Temperature: 293.26 K, Total Energy: -30033.255056 eV
Step: 86880, Temperature: 301.72 K, Total Energy: -30033.092099 eV
Step: 86900, Temperature: 302.44 K, Total Energy: -30032.984392 eV
Step: 86920, Temperature: 284.38 K, Total Energy: -30033.325162 eV
Step: 86940, Temperature: 280.00 K, Total Energy: -30033.513876 eV
Step: 86960, Temperature: 261.61 K, Total Energy: -30033.562024 eV
Step: 86980, Temperature: 263.31 K, Total Energy: -30033.846112 eV
Step: 87000, Temperature: 270.48 K, Total Energy: -30033.056786 eV
Step: 87020, Temperature: 305.46 K, Total Energy: -30033.210032 eV
Step: 87040, Temperature: 307.90 K, Total Energy: -30033.096900 eV
Step: 87060, Temperature: 315.71 K, Total Energy: -30032.760551 eV
Step: 87080, Temperature: 297.01 K, Total Energy: -30032.904173 eV
Step: 87100, Temperature: 294.35 K, Total Energy: -30032.854899 eV
Step: 87120, Temperature: 318.45 K, Total Energy: -30032.305716 eV
Step: 87140, Temperature: 309.85 K, Total Energy: -30032.628598 eV
Step: 87160, Temperature: 291.91 K, Total Energy: -30032.479981 eV
Step: 87180, Temperature: 313.50 K, Total Energy: -30033.090762 eV
Step: 87200, Temperature: 301.69 K, Total Energy: -30033.387598 eV
Step: 87220, Temperature: 284.88 K, Total Energy: -30033.178015 eV
Step: 87240, Temperature: 284.74 K, Total Energy: -30033.708770 eV
Step: 87260, Temperature: 292.64 K, Total Energy: -30034.108488 eV
Step: 87280, Temperature: 259.25 K, Total Energy: -30034.194801 eV
Step: 87300, Temperature: 287.50 K, Total Energy: -30034.239949 eV
Step: 87320, Temperature: 273.15 K, Total Energy: -30034.000203 eV
Step: 87340, Temperature: 273.72 K, Total Energy: -30033.806333 eV
Step: 87360, Temperature: 272.71 K, Total Energy: -30034.130392 eV
Step: 87380, Temperature: 277.53 K, Total Energy: -30033.254739 eV
Step: 87400, Temperature: 288.53 K, Total Energy: -30033.151827 eV
Step: 87420, Temperature: 295.08 K, Total Energy: -30033.510674 eV
Step: 87440, Temperature: 323.25 K, Total Energy: -30032.688656 eV
Step: 87460, Temperature: 319.06 K, Total Energy: -30032.515273 eV
Step: 87480, Temperature: 300.38 K, Total Energy: -30032.853868 eV
Step: 87500, Temperature: 305.53 K, Total Energy: -30032.974065 eV
Step: 87520, Temperature: 278.63 K, Total Energy: -30033.715878 eV
Step: 87540, Temperature: 281.57 K, Total Energy: -30033.355893 eV
Step: 87560, Temperature: 276.60 K, Total Energy: -30033.647100 eV
Step: 87580, Temperature: 282.90 K, Total Energy: -30033.607961 eV
Step: 87600, Temperature: 293.89 K, Total Energy: -30033.819428 eV
Step: 87620, Temperature: 274.17 K, Total Energy: -30034.250331 eV
Step: 87640, Temperature: 308.67 K, Total Energy: -30034.015119 eV
Step: 87660, Temperature: 281.21 K, Total Energy: -30033.898003 eV
Step: 87680, Temperature: 300.88 K, Total Energy: -30033.876629 eV
Step: 87700, Temperature: 315.13 K, Total Energy: -30033.060014 eV
Step: 87720, Temperature: 344.18 K, Total Energy: -30032.858447 eV
Step: 87740, Temperature: 322.15 K, Total Energy: -30032.454059 eV
Step: 87760, Temperature: 311.64 K, Total Energy: -30032.394592 eV
Step: 87780, Temperature: 321.23 K, Total Energy: -30032.443749 eV
Step: 87800, Temperature: 325.91 K, Total Energy: -30031.987854 eV
Step: 87820, Temperature: 329.25 K, Total Energy: -30032.211493 eV
Step: 87840, Temperature: 312.86 K, Total Energy: -30032.520524 eV
Step: 87860, Temperature: 314.59 K, Total Energy: -30032.385795 eV
Step: 87880, Temperature: 324.20 K, Total Energy: -30032.389550 eV
Step: 87900, Temperature: 351.24 K, Total Energy: -30031.882639 eV
Step: 87920, Temperature: 328.03 K, Total Energy: -30032.517248 eV
Step: 87940, Temperature: 315.61 K, Total Energy: -30032.210132 eV
Step: 87960, Temperature: 316.29 K, Total Energy: -30031.685612 eV
Step: 87980, Temperature: 329.37 K, Total Energy: -30031.556087 eV
Step: 88000, Temperature: 341.42 K, Total Energy: -30031.489442 eV
Step: 88020, Temperature: 325.94 K, Total Energy: -30031.424423 eV
Step: 88040, Temperature: 314.52 K, Total Energy: -30031.305672 eV
Step: 88060, Temperature: 326.83 K, Total Energy: -30031.439585 eV
Step: 88080, Temperature: 319.84 K, Total Energy: -30031.341504 eV
Step: 88100, Temperature: 301.89 K, Total Energy: -30032.495992 eV
Step: 88120, Temperature: 295.19 K, Total Energy: -30032.340103 eV
Step: 88140, Temperature: 320.66 K, Total Energy: -30032.578885 eV
Step: 88160, Temperature: 302.52 K, Total Energy: -30032.419891 eV
Step: 88180, Temperature: 337.49 K, Total Energy: -30032.522738 eV
Step: 88200, Temperature: 313.11 K, Total Energy: -30032.768405 eV
Step: 88220, Temperature: 308.11 K, Total Energy: -30032.890520 eV
Step: 88240, Temperature: 313.04 K, Total Energy: -30032.516045 eV
Step: 88260, Temperature: 276.98 K, Total Energy: -30033.176780 eV
Step: 88280, Temperature: 307.89 K, Total Energy: -30032.647768 eV
Step: 88300, Temperature: 293.90 K, Total Energy: -30032.737208 eV
Step: 88320, Temperature: 298.85 K, Total Energy: -30032.907387 eV
Step: 88340, Temperature: 281.31 K, Total Energy: -30032.567198 eV
Step: 88360, Temperature: 312.83 K, Total Energy: -30032.232324 eV
Step: 88380, Temperature: 257.39 K, Total Energy: -30032.629718 eV
Step: 88400, Temperature: 281.29 K, Total Energy: -30032.614648 eV
Step: 88420, Temperature: 274.32 K, Total Energy: -30032.590495 eV
Step: 88440, Temperature: 294.98 K, Total Energy: -30032.573840 eV
Step: 88460, Temperature: 296.29 K, Total Energy: -30032.277545 eV
Step: 88480, Temperature: 295.24 K, Total Energy: -30032.370013 eV
Step: 88500, Temperature: 305.82 K, Total Energy: -30032.314516 eV
Step: 88520, Temperature: 290.24 K, Total Energy: -30032.712947 eV
Step: 88540, Temperature: 285.61 K, Total Energy: -30033.064004 eV
Step: 88560, Temperature: 317.17 K, Total Energy: -30032.806194 eV
Step: 88580, Temperature: 302.18 K, Total Energy: -30033.022046 eV
Step: 88600, Temperature: 290.88 K, Total Energy: -30033.146176 eV
Step: 88620, Temperature: 334.63 K, Total Energy: -30032.888510 eV
Step: 88640, Temperature: 317.59 K, Total Energy: -30032.291840 eV
Step: 88660, Temperature: 308.09 K, Total Energy: -30032.213200 eV
Step: 88680, Temperature: 321.70 K, Total Energy: -30032.416560 eV
Step: 88700, Temperature: 315.58 K, Total Energy: -30032.544966 eV
Step: 88720, Temperature: 313.83 K, Total Energy: -30032.477054 eV
Step: 88740, Temperature: 322.81 K, Total Energy: -30032.246337 eV
Step: 88760, Temperature: 296.04 K, Total Energy: -30033.209617 eV
Step: 88780, Temperature: 309.36 K, Total Energy: -30033.283325 eV
Step: 88800, Temperature: 303.95 K, Total Energy: -30033.692956 eV
Step: 88820, Temperature: 321.23 K, Total Energy: -30033.096133 eV
Step: 88840, Temperature: 292.25 K, Total Energy: -30033.627802 eV
Step: 88860, Temperature: 288.43 K, Total Energy: -30033.759812 eV
Step: 88880, Temperature: 291.67 K, Total Energy: -30033.829691 eV
Step: 88900, Temperature: 319.75 K, Total Energy: -30033.394635 eV
Step: 88920, Temperature: 281.31 K, Total Energy: -30033.766567 eV
Step: 88940, Temperature: 280.84 K, Total Energy: -30033.594475 eV
Step: 88960, Temperature: 284.38 K, Total Energy: -30033.725364 eV
Step: 88980, Temperature: 266.96 K, Total Energy: -30033.980061 eV
Step: 89000, Temperature: 320.09 K, Total Energy: -30033.751462 eV
Step: 89020, Temperature: 305.10 K, Total Energy: -30033.736767 eV
Step: 89040, Temperature: 278.32 K, Total Energy: -30033.957897 eV
Step: 89060, Temperature: 277.56 K, Total Energy: -30033.412291 eV
Step: 89080, Temperature: 283.66 K, Total Energy: -30033.565734 eV
Step: 89100, Temperature: 282.56 K, Total Energy: -30033.774645 eV
Step: 89120, Temperature: 300.33 K, Total Energy: -30033.226216 eV
Step: 89140, Temperature: 318.93 K, Total Energy: -30033.299551 eV
Step: 89160, Temperature: 282.78 K, Total Energy: -30033.519043 eV
Step: 89180, Temperature: 303.23 K, Total Energy: -30033.359278 eV
Step: 89200, Temperature: 327.32 K, Total Energy: -30032.931344 eV
Step: 89220, Temperature: 274.61 K, Total Energy: -30033.280520 eV
Step: 89240, Temperature: 296.42 K, Total Energy: -30033.344707 eV
Step: 89260, Temperature: 299.92 K, Total Energy: -30033.371047 eV
Step: 89280, Temperature: 303.27 K, Total Energy: -30033.184394 eV
Step: 89300, Temperature: 299.72 K, Total Energy: -30032.743273 eV
Step: 89320, Temperature: 321.56 K, Total Energy: -30033.042952 eV
Step: 89340, Temperature: 300.91 K, Total Energy: -30032.774162 eV
Step: 89360, Temperature: 293.27 K, Total Energy: -30033.022357 eV
Step: 89380, Temperature: 301.98 K, Total Energy: -30033.235856 eV
Step: 89400, Temperature: 286.01 K, Total Energy: -30033.634179 eV
Step: 89420, Temperature: 297.71 K, Total Energy: -30033.300924 eV
Step: 89440, Temperature: 292.09 K, Total Energy: -30033.567357 eV
Step: 89460, Temperature: 305.95 K, Total Energy: -30033.069162 eV
Step: 89480, Temperature: 311.47 K, Total Energy: -30033.621599 eV
Step: 89500, Temperature: 279.36 K, Total Energy: -30033.121504 eV
Step: 89520, Temperature: 294.68 K, Total Energy: -30033.008878 eV
Step: 89540, Temperature: 300.80 K, Total Energy: -30032.833655 eV
Step: 89560, Temperature: 294.23 K, Total Energy: -30033.393091 eV
Step: 89580, Temperature: 295.97 K, Total Energy: -30032.844046 eV
Step: 89600, Temperature: 310.89 K, Total Energy: -30033.034278 eV
Step: 89620, Temperature: 305.08 K, Total Energy: -30033.100360 eV
Step: 89640, Temperature: 281.88 K, Total Energy: -30033.086481 eV
Step: 89660, Temperature: 297.68 K, Total Energy: -30033.623896 eV
Step: 89680, Temperature: 288.35 K, Total Energy: -30033.449245 eV
Step: 89700, Temperature: 290.11 K, Total Energy: -30033.616388 eV
Step: 89720, Temperature: 314.65 K, Total Energy: -30033.146109 eV
Step: 89740, Temperature: 300.17 K, Total Energy: -30032.909776 eV
Step: 89760, Temperature: 317.80 K, Total Energy: -30033.159757 eV
Step: 89780, Temperature: 284.17 K, Total Energy: -30033.373231 eV
Step: 89800, Temperature: 278.25 K, Total Energy: -30033.672530 eV
Step: 89820, Temperature: 289.27 K, Total Energy: -30033.947931 eV
Step: 89840, Temperature: 309.36 K, Total Energy: -30033.259840 eV
Step: 89860, Temperature: 305.02 K, Total Energy: -30033.346099 eV
Step: 89880, Temperature: 333.95 K, Total Energy: -30032.526609 eV
Step: 89900, Temperature: 312.38 K, Total Energy: -30032.397872 eV
Step: 89920, Temperature: 297.95 K, Total Energy: -30032.718784 eV
Step: 89940, Temperature: 297.56 K, Total Energy: -30032.665925 eV
Step: 89960, Temperature: 302.83 K, Total Energy: -30032.884857 eV
Step: 89980, Temperature: 315.36 K, Total Energy: -30032.812143 eV
Step: 90000, Temperature: 313.32 K, Total Energy: -30033.022817 eV
Step: 90020, Temperature: 310.46 K, Total Energy: -30033.172066 eV
Step: 90040, Temperature: 287.48 K, Total Energy: -30033.812565 eV
Step: 90060, Temperature: 307.06 K, Total Energy: -30033.584545 eV
Step: 90080, Temperature: 285.66 K, Total Energy: -30033.551138 eV
Step: 90100, Temperature: 271.26 K, Total Energy: -30033.677972 eV
Step: 90120, Temperature: 306.11 K, Total Energy: -30033.641189 eV
Step: 90140, Temperature: 291.52 K, Total Energy: -30033.868722 eV
Step: 90160, Temperature: 277.56 K, Total Energy: -30034.025663 eV
Step: 90180, Temperature: 285.77 K, Total Energy: -30033.823768 eV
Step: 90200, Temperature: 279.02 K, Total Energy: -30033.477665 eV
Step: 90220, Temperature: 307.33 K, Total Energy: -30033.439165 eV
Step: 90240, Temperature: 276.53 K, Total Energy: -30033.838296 eV
Step: 90260, Temperature: 297.38 K, Total Energy: -30033.697713 eV
Step: 90280, Temperature: 311.90 K, Total Energy: -30033.560196 eV
Step: 90300, Temperature: 303.21 K, Total Energy: -30033.250422 eV
Step: 90320, Temperature: 325.68 K, Total Energy: -30033.044345 eV
Step: 90340, Temperature: 277.03 K, Total Energy: -30033.120746 eV
Step: 90360, Temperature: 323.45 K, Total Energy: -30032.175834 eV
Step: 90380, Temperature: 326.91 K, Total Energy: -30032.285182 eV
Step: 90400, Temperature: 314.31 K, Total Energy: -30032.328493 eV
Step: 90420, Temperature: 294.80 K, Total Energy: -30032.558658 eV
Step: 90440, Temperature: 286.23 K, Total Energy: -30032.720613 eV
Step: 90460, Temperature: 314.03 K, Total Energy: -30032.749296 eV
Step: 90480, Temperature: 315.32 K, Total Energy: -30032.770125 eV
Step: 90500, Temperature: 313.44 K, Total Energy: -30032.527666 eV
Step: 90520, Temperature: 299.46 K, Total Energy: -30032.448969 eV
Step: 90540, Temperature: 297.62 K, Total Energy: -30032.461358 eV
Step: 90560, Temperature: 308.09 K, Total Energy: -30032.597923 eV
Step: 90580, Temperature: 284.17 K, Total Energy: -30032.730813 eV
Step: 90600, Temperature: 309.15 K, Total Energy: -30032.142085 eV
Step: 90620, Temperature: 286.30 K, Total Energy: -30032.832223 eV
Step: 90640, Temperature: 285.50 K, Total Energy: -30032.943707 eV
Step: 90660, Temperature: 313.34 K, Total Energy: -30032.668935 eV
Step: 90680, Temperature: 293.46 K, Total Energy: -30033.015650 eV
Step: 90700, Temperature: 303.45 K, Total Energy: -30032.748222 eV
Step: 90720, Temperature: 306.70 K, Total Energy: -30032.792578 eV
Step: 90740, Temperature: 307.32 K, Total Energy: -30032.761517 eV
Step: 90760, Temperature: 296.33 K, Total Energy: -30032.774641 eV
Step: 90780, Temperature: 312.10 K, Total Energy: -30032.639128 eV
Step: 90800, Temperature: 301.50 K, Total Energy: -30032.835828 eV
Step: 90820, Temperature: 303.99 K, Total Energy: -30032.604040 eV
Step: 90840, Temperature: 297.73 K, Total Energy: -30032.702754 eV
Step: 90860, Temperature: 298.03 K, Total Energy: -30033.158102 eV
Step: 90880, Temperature: 263.54 K, Total Energy: -30032.992580 eV
Step: 90900, Temperature: 278.18 K, Total Energy: -30033.605954 eV
Step: 90920, Temperature: 289.02 K, Total Energy: -30033.210036 eV
Step: 90940, Temperature: 294.62 K, Total Energy: -30033.151104 eV
Step: 90960, Temperature: 313.74 K, Total Energy: -30032.662759 eV
Step: 90980, Temperature: 316.76 K, Total Energy: -30032.371043 eV
Step: 91000, Temperature: 323.35 K, Total Energy: -30032.059020 eV
Step: 91020, Temperature: 289.08 K, Total Energy: -30032.173320 eV
Step: 91040, Temperature: 286.94 K, Total Energy: -30032.443273 eV
Step: 91060, Temperature: 291.04 K, Total Energy: -30032.851202 eV
Step: 91080, Temperature: 304.43 K, Total Energy: -30032.333404 eV
Step: 91100, Temperature: 311.66 K, Total Energy: -30032.880563 eV
Step: 91120, Temperature: 290.93 K, Total Energy: -30032.465386 eV
Step: 91140, Temperature: 306.87 K, Total Energy: -30032.712215 eV
Step: 91160, Temperature: 299.77 K, Total Energy: -30032.796733 eV
Step: 91180, Temperature: 307.30 K, Total Energy: -30033.367486 eV
Step: 91200, Temperature: 286.03 K, Total Energy: -30033.446375 eV
Step: 91220, Temperature: 274.65 K, Total Energy: -30033.967079 eV
Step: 91240, Temperature: 299.71 K, Total Energy: -30033.700603 eV
Step: 91260, Temperature: 320.70 K, Total Energy: -30033.261635 eV
Step: 91280, Temperature: 288.00 K, Total Energy: -30033.897282 eV
Step: 91300, Temperature: 303.41 K, Total Energy: -30033.893776 eV
Step: 91320, Temperature: 290.57 K, Total Energy: -30033.769116 eV
Step: 91340, Temperature: 301.67 K, Total Energy: -30033.651816 eV
Step: 91360, Temperature: 287.37 K, Total Energy: -30033.887524 eV
Step: 91380, Temperature: 292.31 K, Total Energy: -30034.016897 eV
Step: 91400, Temperature: 314.19 K, Total Energy: -30033.718010 eV
Step: 91420, Temperature: 295.39 K, Total Energy: -30034.256840 eV
Step: 91440, Temperature: 278.79 K, Total Energy: -30034.352596 eV
Step: 91460, Temperature: 298.62 K, Total Energy: -30033.848545 eV
Step: 91480, Temperature: 290.76 K, Total Energy: -30033.707725 eV
Step: 91500, Temperature: 300.29 K, Total Energy: -30033.590277 eV
Step: 91520, Temperature: 300.17 K, Total Energy: -30033.577691 eV
Step: 91540, Temperature: 290.64 K, Total Energy: -30033.630622 eV
Step: 91560, Temperature: 284.19 K, Total Energy: -30033.302437 eV
Step: 91580, Temperature: 293.27 K, Total Energy: -30032.909202 eV
Step: 91600, Temperature: 300.16 K, Total Energy: -30033.310347 eV
Step: 91620, Temperature: 288.48 K, Total Energy: -30033.383586 eV
Step: 91640, Temperature: 261.29 K, Total Energy: -30033.749659 eV
Step: 91660, Temperature: 303.63 K, Total Energy: -30033.236105 eV
Step: 91680, Temperature: 295.97 K, Total Energy: -30033.246523 eV
Step: 91700, Temperature: 297.69 K, Total Energy: -30033.477259 eV
Step: 91720, Temperature: 319.16 K, Total Energy: -30033.522528 eV
Step: 91740, Temperature: 296.89 K, Total Energy: -30033.471758 eV
Step: 91760, Temperature: 293.37 K, Total Energy: -30033.615696 eV
Step: 91780, Temperature: 278.33 K, Total Energy: -30032.850215 eV
Step: 91800, Temperature: 304.48 K, Total Energy: -30032.474740 eV
Step: 91820, Temperature: 303.48 K, Total Energy: -30032.856877 eV
Step: 91840, Temperature: 314.13 K, Total Energy: -30032.809450 eV
Step: 91860, Temperature: 294.08 K, Total Energy: -30033.121447 eV
Step: 91880, Temperature: 314.35 K, Total Energy: -30032.843024 eV
Step: 91900, Temperature: 296.67 K, Total Energy: -30033.033633 eV
Step: 91920, Temperature: 283.25 K, Total Energy: -30033.126675 eV
Step: 91940, Temperature: 269.92 K, Total Energy: -30033.492618 eV
Step: 91960, Temperature: 284.58 K, Total Energy: -30033.122849 eV
Step: 91980, Temperature: 313.61 K, Total Energy: -30032.939520 eV
Step: 92000, Temperature: 280.31 K, Total Energy: -30033.293395 eV
Step: 92020, Temperature: 290.74 K, Total Energy: -30033.436785 eV
Step: 92040, Temperature: 323.90 K, Total Energy: -30032.820946 eV
Step: 92060, Temperature: 289.62 K, Total Energy: -30032.867023 eV
Step: 92080, Temperature: 311.90 K, Total Energy: -30032.358880 eV
Step: 92100, Temperature: 301.87 K, Total Energy: -30032.219245 eV
Step: 92120, Temperature: 329.32 K, Total Energy: -30032.471547 eV
Step: 92140, Temperature: 319.51 K, Total Energy: -30032.150591 eV
Step: 92160, Temperature: 287.04 K, Total Energy: -30033.151718 eV
Step: 92180, Temperature: 321.80 K, Total Energy: -30032.980374 eV
Step: 92200, Temperature: 297.07 K, Total Energy: -30032.855892 eV
Step: 92220, Temperature: 307.57 K, Total Energy: -30032.747676 eV
Step: 92240, Temperature: 299.31 K, Total Energy: -30033.089259 eV
Step: 92260, Temperature: 303.99 K, Total Energy: -30032.297326 eV
Step: 92280, Temperature: 291.70 K, Total Energy: -30032.823047 eV
Step: 92300, Temperature: 271.47 K, Total Energy: -30033.030367 eV
Step: 92320, Temperature: 287.81 K, Total Energy: -30033.269328 eV
Step: 92340, Temperature: 293.93 K, Total Energy: -30033.750135 eV
Step: 92360, Temperature: 295.68 K, Total Energy: -30033.542597 eV
Step: 92380, Temperature: 257.90 K, Total Energy: -30034.177494 eV
Step: 92400, Temperature: 310.28 K, Total Energy: -30033.608170 eV
Step: 92420, Temperature: 287.31 K, Total Energy: -30033.670391 eV
Step: 92440, Temperature: 284.71 K, Total Energy: -30033.361951 eV
Step: 92460, Temperature: 313.62 K, Total Energy: -30032.823957 eV
Step: 92480, Temperature: 269.05 K, Total Energy: -30033.672365 eV
Step: 92500, Temperature: 306.57 K, Total Energy: -30033.692259 eV
Step: 92520, Temperature: 284.51 K, Total Energy: -30033.849145 eV
Step: 92540, Temperature: 293.15 K, Total Energy: -30034.078073 eV
Step: 92560, Temperature: 260.89 K, Total Energy: -30034.025368 eV
Step: 92580, Temperature: 309.40 K, Total Energy: -30033.725618 eV
Step: 92600, Temperature: 306.16 K, Total Energy: -30033.483759 eV
Step: 92620, Temperature: 282.69 K, Total Energy: -30033.714653 eV
Step: 92640, Temperature: 297.86 K, Total Energy: -30034.344024 eV
Step: 92660, Temperature: 270.00 K, Total Energy: -30034.226892 eV
Step: 92680, Temperature: 269.60 K, Total Energy: -30034.553341 eV
Step: 92700, Temperature: 296.78 K, Total Energy: -30034.079738 eV
Step: 92720, Temperature: 296.83 K, Total Energy: -30034.475128 eV
Step: 92740, Temperature: 292.39 K, Total Energy: -30034.575586 eV
Step: 92760, Temperature: 300.38 K, Total Energy: -30033.990390 eV
Step: 92780, Temperature: 332.57 K, Total Energy: -30033.492514 eV
Step: 92800, Temperature: 325.89 K, Total Energy: -30033.824233 eV
Step: 92820, Temperature: 291.35 K, Total Energy: -30034.495975 eV
Step: 92840, Temperature: 270.88 K, Total Energy: -30034.259801 eV
Step: 92860, Temperature: 309.34 K, Total Energy: -30034.074823 eV
Step: 92880, Temperature: 262.84 K, Total Energy: -30034.152691 eV
Step: 92900, Temperature: 269.12 K, Total Energy: -30034.123635 eV
Step: 92920, Temperature: 269.16 K, Total Energy: -30034.390239 eV
Step: 92940, Temperature: 285.96 K, Total Energy: -30034.469448 eV
Step: 92960, Temperature: 287.10 K, Total Energy: -30034.158022 eV
Step: 92980, Temperature: 274.76 K, Total Energy: -30034.140015 eV
Step: 93000, Temperature: 295.92 K, Total Energy: -30034.419501 eV
Step: 93020, Temperature: 296.13 K, Total Energy: -30033.988619 eV
Step: 93040, Temperature: 308.53 K, Total Energy: -30034.370305 eV
Step: 93060, Temperature: 304.11 K, Total Energy: -30034.544397 eV
Step: 93080, Temperature: 289.95 K, Total Energy: -30034.354825 eV
Step: 93100, Temperature: 264.77 K, Total Energy: -30034.786452 eV
Step: 93120, Temperature: 301.77 K, Total Energy: -30034.176737 eV
Step: 93140, Temperature: 304.47 K, Total Energy: -30034.355678 eV
Step: 93160, Temperature: 272.30 K, Total Energy: -30035.130755 eV
Step: 93180, Temperature: 311.96 K, Total Energy: -30034.584080 eV
Step: 93200, Temperature: 286.47 K, Total Energy: -30034.234180 eV
Step: 93220, Temperature: 297.16 K, Total Energy: -30034.267736 eV
Step: 93240, Temperature: 306.96 K, Total Energy: -30034.211902 eV
Step: 93260, Temperature: 276.58 K, Total Energy: -30034.132011 eV
Step: 93280, Temperature: 289.23 K, Total Energy: -30034.374582 eV
Step: 93300, Temperature: 302.19 K, Total Energy: -30034.568515 eV
Step: 93320, Temperature: 287.19 K, Total Energy: -30034.153767 eV
Step: 93340, Temperature: 297.49 K, Total Energy: -30034.279080 eV
Step: 93360, Temperature: 279.41 K, Total Energy: -30033.655452 eV
Step: 93380, Temperature: 307.66 K, Total Energy: -30033.387973 eV
Step: 93400, Temperature: 301.77 K, Total Energy: -30033.370138 eV
Step: 93420, Temperature: 320.20 K, Total Energy: -30033.545419 eV
Step: 93440, Temperature: 299.42 K, Total Energy: -30033.709701 eV
Step: 93460, Temperature: 316.01 K, Total Energy: -30033.803683 eV
Step: 93480, Temperature: 320.64 K, Total Energy: -30034.124525 eV
Step: 93500, Temperature: 269.79 K, Total Energy: -30034.132517 eV
Step: 93520, Temperature: 286.99 K, Total Energy: -30033.184098 eV
Step: 93540, Temperature: 310.96 K, Total Energy: -30033.251478 eV
Step: 93560, Temperature: 328.33 K, Total Energy: -30032.929781 eV
Step: 93580, Temperature: 305.50 K, Total Energy: -30033.265724 eV
Step: 93600, Temperature: 313.98 K, Total Energy: -30034.156959 eV
Step: 93620, Temperature: 293.10 K, Total Energy: -30034.149790 eV
Step: 93640, Temperature: 305.90 K, Total Energy: -30034.062582 eV
Step: 93660, Temperature: 299.25 K, Total Energy: -30033.997035 eV
Step: 93680, Temperature: 283.42 K, Total Energy: -30033.593026 eV
Step: 93700, Temperature: 277.78 K, Total Energy: -30033.738949 eV
Step: 93720, Temperature: 293.64 K, Total Energy: -30033.524888 eV
Step: 93740, Temperature: 290.42 K, Total Energy: -30033.700608 eV
Step: 93760, Temperature: 299.60 K, Total Energy: -30033.365360 eV
Step: 93780, Temperature: 301.58 K, Total Energy: -30033.163776 eV
Step: 93800, Temperature: 310.78 K, Total Energy: -30033.447150 eV
Step: 93820, Temperature: 289.25 K, Total Energy: -30033.493361 eV
Step: 93840, Temperature: 313.09 K, Total Energy: -30033.182780 eV
Step: 93860, Temperature: 294.12 K, Total Energy: -30032.927070 eV
Step: 93880, Temperature: 290.17 K, Total Energy: -30033.112985 eV
Step: 93900, Temperature: 262.12 K, Total Energy: -30033.133293 eV
Step: 93920, Temperature: 311.00 K, Total Energy: -30033.103963 eV
Step: 93940, Temperature: 321.55 K, Total Energy: -30033.039313 eV
Step: 93960, Temperature: 312.12 K, Total Energy: -30033.242229 eV
Step: 93980, Temperature: 324.45 K, Total Energy: -30032.766285 eV
Step: 94000, Temperature: 316.12 K, Total Energy: -30033.094071 eV
Step: 94020, Temperature: 349.22 K, Total Energy: -30032.112434 eV
Step: 94040, Temperature: 349.83 K, Total Energy: -30031.937166 eV
Step: 94060, Temperature: 353.44 K, Total Energy: -30032.056453 eV
Step: 94080, Temperature: 331.02 K, Total Energy: -30033.198923 eV
Step: 94100, Temperature: 315.61 K, Total Energy: -30033.368286 eV
Step: 94120, Temperature: 337.56 K, Total Energy: -30033.345114 eV
Step: 94140, Temperature: 347.00 K, Total Energy: -30033.073740 eV
Step: 94160, Temperature: 328.26 K, Total Energy: -30033.228170 eV
Step: 94180, Temperature: 330.84 K, Total Energy: -30033.482627 eV
Step: 94200, Temperature: 326.40 K, Total Energy: -30033.409266 eV
Step: 94220, Temperature: 316.80 K, Total Energy: -30033.354433 eV
Step: 94240, Temperature: 308.93 K, Total Energy: -30033.573184 eV
Step: 94260, Temperature: 308.99 K, Total Energy: -30034.251479 eV
Step: 94280, Temperature: 318.63 K, Total Energy: -30034.404827 eV
Step: 94300, Temperature: 298.99 K, Total Energy: -30034.333552 eV
Step: 94320, Temperature: 313.83 K, Total Energy: -30034.164601 eV
Step: 94340, Temperature: 312.95 K, Total Energy: -30033.575006 eV
Step: 94360, Temperature: 339.46 K, Total Energy: -30032.858606 eV
Step: 94380, Temperature: 307.14 K, Total Energy: -30033.563042 eV
Step: 94400, Temperature: 316.11 K, Total Energy: -30033.133360 eV
Step: 94420, Temperature: 304.02 K, Total Energy: -30033.507706 eV
Step: 94440, Temperature: 303.33 K, Total Energy: -30034.124240 eV
Step: 94460, Temperature: 305.89 K, Total Energy: -30033.736634 eV
Step: 94480, Temperature: 287.51 K, Total Energy: -30033.964107 eV
Step: 94500, Temperature: 281.98 K, Total Energy: -30034.247998 eV
Step: 94520, Temperature: 267.93 K, Total Energy: -30034.452009 eV
Step: 94540, Temperature: 287.38 K, Total Energy: -30034.553392 eV
Step: 94560, Temperature: 311.74 K, Total Energy: -30034.384288 eV
Step: 94580, Temperature: 282.50 K, Total Energy: -30033.934240 eV
Step: 94600, Temperature: 312.17 K, Total Energy: -30033.965381 eV
Step: 94620, Temperature: 328.67 K, Total Energy: -30033.716139 eV
Step: 94640, Temperature: 298.36 K, Total Energy: -30034.493797 eV
Step: 94660, Temperature: 294.80 K, Total Energy: -30034.027385 eV
Step: 94680, Temperature: 309.73 K, Total Energy: -30033.975228 eV
Step: 94700, Temperature: 278.83 K, Total Energy: -30034.222651 eV
Step: 94720, Temperature: 315.58 K, Total Energy: -30034.117062 eV
Step: 94740, Temperature: 295.02 K, Total Energy: -30033.744541 eV
Step: 94760, Temperature: 291.05 K, Total Energy: -30033.718142 eV
Step: 94780, Temperature: 292.02 K, Total Energy: -30033.672602 eV
Step: 94800, Temperature: 307.05 K, Total Energy: -30033.500807 eV
Step: 94820, Temperature: 291.48 K, Total Energy: -30033.113756 eV
Step: 94840, Temperature: 322.97 K, Total Energy: -30033.994315 eV
Step: 94860, Temperature: 298.32 K, Total Energy: -30034.110037 eV
Step: 94880, Temperature: 321.63 K, Total Energy: -30033.826339 eV
Step: 94900, Temperature: 293.83 K, Total Energy: -30033.533938 eV
Step: 94920, Temperature: 305.40 K, Total Energy: -30033.717521 eV
Step: 94940, Temperature: 298.53 K, Total Energy: -30033.569623 eV
Step: 94960, Temperature: 311.79 K, Total Energy: -30033.750240 eV
Step: 94980, Temperature: 320.47 K, Total Energy: -30032.949043 eV
Step: 95000, Temperature: 292.96 K, Total Energy: -30033.307422 eV
Step: 95020, Temperature: 334.35 K, Total Energy: -30033.860319 eV
Step: 95040, Temperature: 297.96 K, Total Energy: -30034.193045 eV
Step: 95060, Temperature: 274.53 K, Total Energy: -30034.188578 eV
Step: 95080, Temperature: 305.72 K, Total Energy: -30034.268154 eV
Step: 95100, Temperature: 289.91 K, Total Energy: -30034.244415 eV
Step: 95120, Temperature: 276.40 K, Total Energy: -30034.163653 eV
Step: 95140, Temperature: 289.13 K, Total Energy: -30033.656380 eV
Step: 95160, Temperature: 279.58 K, Total Energy: -30033.879848 eV
Step: 95180, Temperature: 287.65 K, Total Energy: -30033.665755 eV
Step: 95200, Temperature: 324.55 K, Total Energy: -30032.867255 eV
Step: 95220, Temperature: 323.37 K, Total Energy: -30033.197384 eV
Step: 95240, Temperature: 309.30 K, Total Energy: -30033.403920 eV
Step: 95260, Temperature: 319.09 K, Total Energy: -30033.725409 eV
Step: 95280, Temperature: 324.93 K, Total Energy: -30033.812857 eV
Step: 95300, Temperature: 314.38 K, Total Energy: -30033.842377 eV
Step: 95320, Temperature: 295.96 K, Total Energy: -30034.492877 eV
Step: 95340, Temperature: 277.02 K, Total Energy: -30034.746136 eV
Step: 95360, Temperature: 287.03 K, Total Energy: -30034.728111 eV
Step: 95380, Temperature: 292.80 K, Total Energy: -30034.426612 eV
Step: 95400, Temperature: 303.84 K, Total Energy: -30034.404610 eV
Step: 95420, Temperature: 302.93 K, Total Energy: -30034.228010 eV
Step: 95440, Temperature: 306.72 K, Total Energy: -30034.057856 eV
Step: 95460, Temperature: 305.11 K, Total Energy: -30034.193484 eV
Step: 95480, Temperature: 311.40 K, Total Energy: -30033.992378 eV
Step: 95500, Temperature: 327.09 K, Total Energy: -30033.479945 eV
Step: 95520, Temperature: 303.81 K, Total Energy: -30033.612295 eV
Step: 95540, Temperature: 317.10 K, Total Energy: -30033.290358 eV
Step: 95560, Temperature: 296.83 K, Total Energy: -30034.115641 eV
Step: 95580, Temperature: 283.40 K, Total Energy: -30034.171726 eV
Step: 95600, Temperature: 332.62 K, Total Energy: -30033.502833 eV
Step: 95620, Temperature: 300.70 K, Total Energy: -30033.224636 eV
Step: 95640, Temperature: 293.48 K, Total Energy: -30033.392233 eV
Step: 95660, Temperature: 283.45 K, Total Energy: -30033.912714 eV
Step: 95680, Temperature: 295.46 K, Total Energy: -30033.968031 eV
Step: 95700, Temperature: 284.55 K, Total Energy: -30034.313009 eV
Step: 95720, Temperature: 310.37 K, Total Energy: -30034.027683 eV
Step: 95740, Temperature: 295.12 K, Total Energy: -30033.982484 eV
Step: 95760, Temperature: 295.00 K, Total Energy: -30034.485473 eV
Step: 95780, Temperature: 293.86 K, Total Energy: -30034.996133 eV
Step: 95800, Temperature: 291.80 K, Total Energy: -30034.578532 eV
Step: 95820, Temperature: 273.42 K, Total Energy: -30034.860832 eV
Step: 95840, Temperature: 299.85 K, Total Energy: -30034.405935 eV
Step: 95860, Temperature: 301.19 K, Total Energy: -30034.507427 eV
Step: 95880, Temperature: 293.84 K, Total Energy: -30033.742550 eV
Step: 95900, Temperature: 290.87 K, Total Energy: -30033.771441 eV
Step: 95920, Temperature: 310.67 K, Total Energy: -30033.733277 eV
Step: 95940, Temperature: 308.69 K, Total Energy: -30033.967883 eV
Step: 95960, Temperature: 281.99 K, Total Energy: -30034.124740 eV
Step: 95980, Temperature: 301.60 K, Total Energy: -30034.001247 eV
Step: 96000, Temperature: 279.46 K, Total Energy: -30034.343801 eV
Step: 96020, Temperature: 290.40 K, Total Energy: -30034.570173 eV
Step: 96040, Temperature: 253.54 K, Total Energy: -30035.063047 eV
Step: 96060, Temperature: 266.72 K, Total Energy: -30034.997865 eV
Step: 96080, Temperature: 271.72 K, Total Energy: -30034.848395 eV
Step: 96100, Temperature: 303.56 K, Total Energy: -30034.813859 eV
Step: 96120, Temperature: 313.95 K, Total Energy: -30034.542282 eV
Step: 96140, Temperature: 280.88 K, Total Energy: -30034.595538 eV
Step: 96160, Temperature: 268.95 K, Total Energy: -30035.143467 eV
Step: 96180, Temperature: 292.26 K, Total Energy: -30035.080662 eV
Step: 96200, Temperature: 274.43 K, Total Energy: -30035.066107 eV
Step: 96220, Temperature: 286.04 K, Total Energy: -30035.250814 eV
Step: 96240, Temperature: 309.33 K, Total Energy: -30035.338716 eV
Step: 96260, Temperature: 295.26 K, Total Energy: -30035.086447 eV
Step: 96280, Temperature: 292.36 K, Total Energy: -30034.552748 eV
Step: 96300, Temperature: 262.73 K, Total Energy: -30035.303707 eV
Step: 96320, Temperature: 295.67 K, Total Energy: -30035.009655 eV
Step: 96340, Temperature: 281.96 K, Total Energy: -30034.498374 eV
Step: 96360, Temperature: 319.00 K, Total Energy: -30034.094839 eV
Step: 96380, Temperature: 323.31 K, Total Energy: -30034.413737 eV
Step: 96400, Temperature: 294.33 K, Total Energy: -30034.861361 eV
Step: 96420, Temperature: 297.61 K, Total Energy: -30034.465589 eV
Step: 96440, Temperature: 306.79 K, Total Energy: -30033.880370 eV
Step: 96460, Temperature: 281.23 K, Total Energy: -30034.452181 eV
Step: 96480, Temperature: 269.76 K, Total Energy: -30034.516077 eV
Step: 96500, Temperature: 296.19 K, Total Energy: -30034.371878 eV
Step: 96520, Temperature: 277.71 K, Total Energy: -30034.975127 eV
Step: 96540, Temperature: 311.62 K, Total Energy: -30035.076764 eV
Step: 96560, Temperature: 280.91 K, Total Energy: -30035.251118 eV
Step: 96580, Temperature: 298.67 K, Total Energy: -30034.958710 eV
Step: 96600, Temperature: 276.60 K, Total Energy: -30034.942101 eV
Step: 96620, Temperature: 283.62 K, Total Energy: -30034.457309 eV
Step: 96640, Temperature: 293.81 K, Total Energy: -30033.942525 eV
Step: 96660, Temperature: 291.96 K, Total Energy: -30034.506074 eV
Step: 96680, Temperature: 314.34 K, Total Energy: -30034.489851 eV
Step: 96700, Temperature: 311.05 K, Total Energy: -30034.504877 eV
Step: 96720, Temperature: 307.77 K, Total Energy: -30033.652815 eV
Step: 96740, Temperature: 298.80 K, Total Energy: -30033.974909 eV
Step: 96760, Temperature: 300.12 K, Total Energy: -30033.971565 eV
Step: 96780, Temperature: 294.24 K, Total Energy: -30033.906637 eV
Step: 96800, Temperature: 301.84 K, Total Energy: -30033.604774 eV
Step: 96820, Temperature: 296.05 K, Total Energy: -30033.342052 eV
Step: 96840, Temperature: 312.20 K, Total Energy: -30033.544874 eV
Step: 96860, Temperature: 322.45 K, Total Energy: -30033.458459 eV
Step: 96880, Temperature: 291.45 K, Total Energy: -30033.704407 eV
Step: 96900, Temperature: 283.32 K, Total Energy: -30033.978337 eV
Step: 96920, Temperature: 279.24 K, Total Energy: -30033.989857 eV
Step: 96940, Temperature: 284.80 K, Total Energy: -30034.062748 eV
Step: 96960, Temperature: 292.60 K, Total Energy: -30033.437614 eV
Step: 96980, Temperature: 281.23 K, Total Energy: -30033.256709 eV
Step: 97000, Temperature: 287.27 K, Total Energy: -30034.298331 eV
Step: 97020, Temperature: 279.13 K, Total Energy: -30034.459357 eV
Step: 97040, Temperature: 279.56 K, Total Energy: -30034.388165 eV
Step: 97060, Temperature: 291.51 K, Total Energy: -30034.085749 eV
Step: 97080, Temperature: 302.11 K, Total Energy: -30033.892771 eV
Step: 97100, Temperature: 276.86 K, Total Energy: -30034.492229 eV
Step: 97120, Temperature: 301.95 K, Total Energy: -30033.744421 eV
Step: 97140, Temperature: 274.53 K, Total Energy: -30034.024686 eV
Step: 97160, Temperature: 314.30 K, Total Energy: -30033.566850 eV
Step: 97180, Temperature: 319.15 K, Total Energy: -30033.421072 eV
Step: 97200, Temperature: 300.83 K, Total Energy: -30033.061449 eV
Step: 97220, Temperature: 307.54 K, Total Energy: -30033.000350 eV
Step: 97240, Temperature: 317.53 K, Total Energy: -30032.838343 eV
Step: 97260, Temperature: 317.79 K, Total Energy: -30032.556365 eV
Step: 97280, Temperature: 265.44 K, Total Energy: -30033.138917 eV
Step: 97300, Temperature: 318.97 K, Total Energy: -30033.205007 eV
Step: 97320, Temperature: 324.66 K, Total Energy: -30032.684744 eV
Step: 97340, Temperature: 307.55 K, Total Energy: -30033.138658 eV
Step: 97360, Temperature: 300.14 K, Total Energy: -30033.410406 eV
Step: 97380, Temperature: 261.32 K, Total Energy: -30033.528231 eV
Step: 97400, Temperature: 314.28 K, Total Energy: -30033.866277 eV
Step: 97420, Temperature: 308.32 K, Total Energy: -30033.617621 eV
Step: 97440, Temperature: 306.05 K, Total Energy: -30033.533343 eV
Step: 97460, Temperature: 290.86 K, Total Energy: -30033.678053 eV
Step: 97480, Temperature: 307.59 K, Total Energy: -30033.702090 eV
Step: 97500, Temperature: 306.12 K, Total Energy: -30033.256214 eV
Step: 97520, Temperature: 314.94 K, Total Energy: -30032.931824 eV
Step: 97540, Temperature: 336.34 K, Total Energy: -30032.672173 eV
Step: 97560, Temperature: 346.20 K, Total Energy: -30032.822079 eV
Step: 97580, Temperature: 343.97 K, Total Energy: -30033.172448 eV
Step: 97600, Temperature: 321.36 K, Total Energy: -30033.483594 eV
Step: 97620, Temperature: 312.34 K, Total Energy: -30033.101842 eV
Step: 97640, Temperature: 284.61 K, Total Energy: -30034.174803 eV
Step: 97660, Temperature: 285.35 K, Total Energy: -30034.035429 eV
Step: 97680, Temperature: 286.01 K, Total Energy: -30034.097236 eV
Step: 97700, Temperature: 310.25 K, Total Energy: -30033.677108 eV
Step: 97720, Temperature: 296.11 K, Total Energy: -30033.950088 eV
Step: 97740, Temperature: 278.46 K, Total Energy: -30034.335326 eV
Step: 97760, Temperature: 285.41 K, Total Energy: -30034.594559 eV
Step: 97780, Temperature: 312.72 K, Total Energy: -30034.209675 eV
Step: 97800, Temperature: 286.40 K, Total Energy: -30034.188970 eV
Step: 97820, Temperature: 292.04 K, Total Energy: -30034.984680 eV
Step: 97840, Temperature: 288.98 K, Total Energy: -30034.826282 eV
Step: 97860, Temperature: 293.55 K, Total Energy: -30034.724539 eV
Step: 97880, Temperature: 304.93 K, Total Energy: -30034.971273 eV
Step: 97900, Temperature: 295.30 K, Total Energy: -30035.180964 eV
Step: 97920, Temperature: 290.20 K, Total Energy: -30034.643514 eV
Step: 97940, Temperature: 298.75 K, Total Energy: -30035.030917 eV
Step: 97960, Temperature: 294.65 K, Total Energy: -30034.640547 eV
Step: 97980, Temperature: 291.62 K, Total Energy: -30034.918927 eV
Step: 98000, Temperature: 283.68 K, Total Energy: -30035.217435 eV
Step: 98020, Temperature: 266.47 K, Total Energy: -30035.000020 eV
Step: 98040, Temperature: 280.82 K, Total Energy: -30034.690728 eV
Step: 98060, Temperature: 303.34 K, Total Energy: -30034.071389 eV
Step: 98080, Temperature: 315.01 K, Total Energy: -30034.488788 eV
Step: 98100, Temperature: 288.47 K, Total Energy: -30034.729478 eV
Step: 98120, Temperature: 270.01 K, Total Energy: -30035.244243 eV
Step: 98140, Temperature: 274.00 K, Total Energy: -30035.326752 eV
Step: 98160, Temperature: 273.82 K, Total Energy: -30035.223929 eV
Step: 98180, Temperature: 286.91 K, Total Energy: -30034.768202 eV
Step: 98200, Temperature: 302.00 K, Total Energy: -30034.565634 eV
Step: 98220, Temperature: 274.40 K, Total Energy: -30035.080493 eV
Step: 98240, Temperature: 292.78 K, Total Energy: -30034.895947 eV
Step: 98260, Temperature: 272.29 K, Total Energy: -30035.265695 eV
Step: 98280, Temperature: 293.06 K, Total Energy: -30035.017781 eV
Step: 98300, Temperature: 321.17 K, Total Energy: -30034.585978 eV
Step: 98320, Temperature: 292.04 K, Total Energy: -30034.767872 eV
Step: 98340, Temperature: 321.83 K, Total Energy: -30034.665166 eV
Step: 98360, Temperature: 308.22 K, Total Energy: -30034.083169 eV
Step: 98380, Temperature: 285.34 K, Total Energy: -30033.906689 eV
Step: 98400, Temperature: 290.73 K, Total Energy: -30033.796386 eV
Step: 98420, Temperature: 297.09 K, Total Energy: -30033.896354 eV
Step: 98440, Temperature: 301.71 K, Total Energy: -30033.844185 eV
Step: 98460, Temperature: 335.43 K, Total Energy: -30033.442838 eV
Step: 98480, Temperature: 308.10 K, Total Energy: -30033.455061 eV
Step: 98500, Temperature: 300.09 K, Total Energy: -30033.599224 eV
Step: 98520, Temperature: 306.94 K, Total Energy: -30033.538611 eV
Step: 98540, Temperature: 316.31 K, Total Energy: -30033.524806 eV
Step: 98560, Temperature: 293.60 K, Total Energy: -30034.406786 eV
Step: 98580, Temperature: 315.20 K, Total Energy: -30034.079657 eV
Step: 98600, Temperature: 276.30 K, Total Energy: -30034.678034 eV
Step: 98620, Temperature: 274.00 K, Total Energy: -30034.795610 eV
Step: 98640, Temperature: 282.77 K, Total Energy: -30034.361218 eV
Step: 98660, Temperature: 310.79 K, Total Energy: -30034.071894 eV
Step: 98680, Temperature: 285.91 K, Total Energy: -30033.833972 eV
Step: 98700, Temperature: 278.40 K, Total Energy: -30033.836834 eV
Step: 98720, Temperature: 328.99 K, Total Energy: -30033.241447 eV
Step: 98740, Temperature: 286.60 K, Total Energy: -30034.103959 eV
Step: 98760, Temperature: 272.40 K, Total Energy: -30034.270769 eV
Step: 98780, Temperature: 282.98 K, Total Energy: -30034.098050 eV
Step: 98800, Temperature: 284.28 K, Total Energy: -30032.858942 eV
Step: 98820, Temperature: 308.15 K, Total Energy: -30033.135515 eV
Step: 98840, Temperature: 321.72 K, Total Energy: -30032.984241 eV
Step: 98860, Temperature: 293.89 K, Total Energy: -30033.301926 eV
Step: 98880, Temperature: 315.72 K, Total Energy: -30033.377410 eV
Step: 98900, Temperature: 326.33 K, Total Energy: -30032.998884 eV
Step: 98920, Temperature: 321.49 K, Total Energy: -30032.732298 eV
Step: 98940, Temperature: 310.52 K, Total Energy: -30033.484933 eV
Step: 98960, Temperature: 299.63 K, Total Energy: -30033.382179 eV
Step: 98980, Temperature: 279.31 K, Total Energy: -30034.062130 eV
Step: 99000, Temperature: 283.18 K, Total Energy: -30033.618540 eV
Step: 99020, Temperature: 306.76 K, Total Energy: -30033.111542 eV
Step: 99040, Temperature: 295.78 K, Total Energy: -30033.298153 eV
Step: 99060, Temperature: 294.63 K, Total Energy: -30033.004318 eV
Step: 99080, Temperature: 308.65 K, Total Energy: -30032.675842 eV
Step: 99100, Temperature: 328.12 K, Total Energy: -30033.063737 eV
Step: 99120, Temperature: 291.78 K, Total Energy: -30033.625727 eV
Step: 99140, Temperature: 278.60 K, Total Energy: -30034.075877 eV
Step: 99160, Temperature: 283.90 K, Total Energy: -30033.776554 eV
Step: 99180, Temperature: 286.88 K, Total Energy: -30033.337283 eV
Step: 99200, Temperature: 283.41 K, Total Energy: -30033.593331 eV
Step: 99220, Temperature: 309.87 K, Total Energy: -30033.584998 eV
Step: 99240, Temperature: 300.49 K, Total Energy: -30033.446726 eV
Step: 99260, Temperature: 293.13 K, Total Energy: -30033.641184 eV
Step: 99280, Temperature: 305.13 K, Total Energy: -30033.214358 eV
Step: 99300, Temperature: 301.58 K, Total Energy: -30032.718426 eV
Step: 99320, Temperature: 314.24 K, Total Energy: -30032.726595 eV
Step: 99340, Temperature: 321.97 K, Total Energy: -30032.355082 eV
Step: 99360, Temperature: 307.58 K, Total Energy: -30031.841031 eV
Step: 99380, Temperature: 321.40 K, Total Energy: -30031.093857 eV
Step: 99400, Temperature: 325.41 K, Total Energy: -30031.574480 eV
Step: 99420, Temperature: 313.87 K, Total Energy: -30032.157645 eV
Step: 99440, Temperature: 315.70 K, Total Energy: -30032.284013 eV
Step: 99460, Temperature: 335.25 K, Total Energy: -30031.833990 eV
Step: 99480, Temperature: 306.72 K, Total Energy: -30032.753122 eV
Step: 99500, Temperature: 293.50 K, Total Energy: -30032.780347 eV
Step: 99520, Temperature: 295.74 K, Total Energy: -30032.334213 eV
Step: 99540, Temperature: 300.61 K, Total Energy: -30032.668438 eV
Step: 99560, Temperature: 264.59 K, Total Energy: -30032.701053 eV
Step: 99580, Temperature: 280.85 K, Total Energy: -30032.617706 eV
Step: 99600, Temperature: 273.31 K, Total Energy: -30032.490336 eV
Step: 99620, Temperature: 289.99 K, Total Energy: -30032.848091 eV
Step: 99640, Temperature: 293.79 K, Total Energy: -30032.253727 eV
Step: 99660, Temperature: 302.21 K, Total Energy: -30032.347406 eV
Step: 99680, Temperature: 318.44 K, Total Energy: -30031.718156 eV
Step: 99700, Temperature: 307.70 K, Total Energy: -30032.467110 eV
Step: 99720, Temperature: 289.88 K, Total Energy: -30032.553886 eV
Step: 99740, Temperature: 291.97 K, Total Energy: -30032.765613 eV
Step: 99760, Temperature: 283.13 K, Total Energy: -30032.291663 eV
Step: 99780, Temperature: 298.72 K, Total Energy: -30032.322711 eV
Step: 99800, Temperature: 312.06 K, Total Energy: -30031.753288 eV
Step: 99820, Temperature: 310.68 K, Total Energy: -30032.662709 eV
Step: 99840, Temperature: 288.70 K, Total Energy: -30032.534308 eV
Step: 99860, Temperature: 305.93 K, Total Energy: -30032.581393 eV
Step: 99880, Temperature: 294.01 K, Total Energy: -30032.722825 eV
Step: 99900, Temperature: 318.37 K, Total Energy: -30033.006922 eV
Step: 99920, Temperature: 304.32 K, Total Energy: -30032.677891 eV
Step: 99940, Temperature: 300.27 K, Total Energy: -30032.229627 eV
Step: 99960, Temperature: 337.58 K, Total Energy: -30032.090618 eV
Step: 99980, Temperature: 306.52 K, Total Energy: -30032.627245 eV
Step: 100000, Temperature: 295.29 K, Total Energy: -30032.495855 eV
