,T,E
0,299.99594345895434,-30040.43753976352
1,187.6060086673592,-30039.677995079193
2,192.9053236327329,-30039.085539650052
3,210.1613781355781,-30037.676811668785
4,209.33459134520604,-30036.66412766507
5,259.26838580869935,-30035.983468929648
6,260.2272231454987,-30035.617875714604
7,267.46480168902326,-30034.838644756772
8,272.39028734327184,-30034.374607615344
9,274.63428120691776,-30033.89313512452
10,277.48224824038965,-30033.66034515609
11,272.7654709179913,-30033.21295259264
12,285.28111784931747,-30033.044918501342
13,317.2428587516174,-30032.63060109836
14,298.09947474903254,-30032.789293655882
15,277.8892297787111,-30033.128760349344
16,262.8463757997129,-30033.134905066167
17,265.4354439985035,-30033.451509176073
18,281.5540664116071,-30032.8151505086
19,278.37176610569287,-30032.70076918055
20,297.49507884839664,-30032.538668499776
21,310.441738874867,-30031.764234438688
22,301.3023826865544,-30032.047694795558
23,289.3854882102592,-30032.26727535149
24,290.6597772321156,-30032.214165784484
25,316.7847655406919,-30031.46228251507
26,317.28645659138226,-30031.72131596604
27,304.26650718396,-30032.13038141649
28,308.4518465553177,-30031.792135034913
29,333.35592551132174,-30031.4748490606
30,319.36549303328013,-30031.423624873885
31,308.14863456600045,-30031.29184762319
32,303.18159529429096,-30031.784259788612
33,289.48633153432786,-30032.64563200581
34,273.40683165823265,-30032.66187910863
35,293.5064876804048,-30032.21578200188
36,317.308344187399,-30032.17780401162
37,318.2694917818579,-30032.507465960807
38,307.40447048526806,-30032.433363096392
39,311.2782359075662,-30032.296208704465
40,315.90748756465655,-30031.845382847125
41,344.43744868327894,-30031.68420380066
42,337.32020115932704,-30031.32177651892
43,289.92891571263556,-30032.1561323659
44,320.77604479544544,-30032.218696050266
45,303.82720478661037,-30032.422533984452
46,304.6144165148812,-30032.803387658547
47,299.4871296234994,-30032.219698710192
48,325.09616784312414,-30032.703276494358
49,322.1990951069727,-30032.69900391376
50,304.25408000526,-30032.78889295811
51,305.3731039332804,-30033.01502737144
52,296.1222958848095,-30033.0200037307
53,296.8721385590966,-30032.729909826667
54,315.3114042829684,-30032.549629514182
55,317.08870934815906,-30032.985989264595
56,275.51661433708375,-30032.933737459094
57,290.03390852189864,-30033.290245413664
58,304.47742962566804,-30032.447412387024
59,294.22456089213756,-30032.617882799554
60,297.90736525376224,-30032.245233287307
61,300.80070175074457,-30032.61287984356
62,284.6517383166815,-30032.199210261802
63,320.14556268392204,-30032.01949954943
64,309.91662997195334,-30031.6542196699
65,293.51289712259756,-30031.725388557912
66,310.60002947745,-30031.60991537154
67,315.8320000212071,-30031.90975629029
68,328.39525301148007,-30031.678040716044
69,320.70316123263035,-30032.34355174307
70,303.12576338832537,-30032.139161044906
71,305.40211262967694,-30032.379541811184
72,272.43879114882714,-30032.490591352194
73,304.72948343108095,-30032.23803193802
74,300.2543460361095,-30033.110814251264
75,276.88370714833815,-30033.100980945866
76,292.3388476811843,-30033.002572887894
77,297.61900658470927,-30032.486764747202
78,311.6552222405788,-30033.003649566068
79,301.2460550613945,-30032.80299897957
80,275.08157098281896,-30033.071487451503
81,290.0711758712123,-30032.937758015894
82,294.4214821791195,-30033.046589374506
83,288.8675773283812,-30032.948097567856
84,316.6807707726127,-30032.937519698007
85,276.4293690828082,-30033.28022541771
86,284.2767918246256,-30033.80617190061
87,290.4152931050677,-30032.94874899488
88,279.6225049332187,-30033.335744080177
89,289.94637583472553,-30033.077574042138
90,281.9728778717114,-30033.343818982903
91,290.2340522805384,-30032.9180907636
92,292.4839405235781,-30033.29194073659
93,293.47047113525764,-30032.949097732304
94,313.102860720655,-30032.98530032757
95,306.2416061680316,-30032.88995733495
96,296.8700290622044,-30033.147930929972
97,285.89148471110144,-30033.148911095665
98,283.92296515482104,-30033.322765639543
99,302.25364883024,-30033.104164481712
100,289.8504607645757,-30032.839720078846
101,301.037389468917,-30032.37653699875
102,324.37512205776585,-30031.871561969754
103,317.4942094060282,-30031.839206850098
104,281.1820615750745,-30031.869304766664
105,303.2430085499196,-30032.419454389878
106,299.49867643815696,-30032.33464651737
107,315.0751357226574,-30032.39924320637
108,337.306595195878,-30032.076020440512
109,340.274651177225,-30031.863687615223
110,346.01749195915335,-30031.590302926677
111,297.7988632732464,-30032.859254204846
112,290.7179866548197,-30032.732252398193
113,289.3963451290337,-30032.847084030444
114,291.39799026740144,-30032.713423003803
115,286.0016181039432,-30032.68719343988
116,314.256680779118,-30032.300414923622
117,306.8300159181891,-30032.484729233922
118,317.15501722413467,-30032.642546766605
119,297.36060151083103,-30032.795912196423
120,287.46820001242685,-30032.93595219006
121,305.1998487622015,-30033.10721782792
122,310.32647041762175,-30033.47607953604
123,289.7254337033493,-30033.247119864373
124,301.1839496694892,-30032.53500905568
125,290.3409883730535,-30032.151764958136
126,324.0229667012225,-30031.80998923018
127,309.88753355121725,-30032.30923865729
128,296.4956901146526,-30033.124018115795
129,326.9663617022786,-30032.279909063913
130,291.57414832514365,-30032.57623862874
131,300.98695975187644,-30032.647319808995
132,287.91921492870046,-30032.817337066837
133,278.1882554042358,-30033.48852665787
134,287.59778888119297,-30033.784298565
135,276.3641301464528,-30034.37364138685
136,286.2969953359455,-30034.365409668917
137,273.21110060831074,-30034.59642424448
138,286.3807315907996,-30034.388722134965
139,290.8304011790907,-30033.721650004492
140,290.9753842520701,-30033.852817452436
141,259.94646496883485,-30033.91195292115
142,291.6580098477544,-30033.5448604859
143,287.9923013057724,-30033.51864821561
144,313.1526589070863,-30033.384455065592
145,299.7762274818254,-30033.099242655167
146,267.5378029034392,-30033.1317548941
147,281.3810333978938,-30032.862413576597
148,306.15375095630776,-30032.562059592812
149,291.388010200808,-30032.705858188212
150,328.1802882798854,-30032.1794694417
151,302.40593003407594,-30032.633588305293
152,280.09397433024793,-30032.65802756947
153,275.90024375876646,-30032.892966578107
154,278.65826935661704,-30032.55108064326
155,290.5690491891391,-30032.429308090013
156,283.294985243981,-30032.295382039312
157,323.9417192552347,-30031.979974372094
158,296.09878845363335,-30032.01668088604
159,309.9407094321602,-30032.20245019299
160,287.1986113092082,-30032.0383459436
161,287.3989606646575,-30032.248217441054
162,294.4206475020482,-30031.81809446445
163,297.0181782886176,-30032.0661291756
164,282.82880124386566,-30032.18781112751
165,302.62580798786945,-30032.432818893725
166,289.919720916256,-30032.59190743654
167,286.0167856303991,-30032.136035763553
168,296.1582476478244,-30032.39997085803
169,310.72889044258153,-30032.25515481153
170,286.12110496402437,-30032.289696775577
171,276.9978039129275,-30032.480961802477
172,284.7759985498126,-30032.92073575735
173,297.73016913968524,-30032.48791217476
174,287.40015725684503,-30032.589984619135
175,277.68410849313517,-30032.72564790623
176,268.3690253513277,-30033.366985064058
177,261.1354043910662,-30033.384399052942
178,280.81439840109044,-30033.33741377373
179,280.0518394097562,-30033.72743264519
180,297.2896933933053,-30033.1707188628
181,272.49057027970474,-30033.040087552316
182,297.6193651968835,-30032.172302722196
183,321.26330788178706,-30032.048400073178
184,302.4178323273388,-30031.949699165234
185,277.1623457635465,-30032.91242509241
186,295.2658992516879,-30032.941648331438
187,281.54879863435286,-30033.112156243827
188,281.6378916386199,-30033.418538891547
189,316.1229518087667,-30033.21894172461
190,273.5079009771632,-30033.86249577923
191,284.38037951354715,-30033.81141357053
192,282.3815979858476,-30034.132503528333
193,292.54024471141,-30033.792496509246
194,288.1378384958057,-30034.128317536528
195,314.63383598476975,-30033.640664094153
196,291.9573053942909,-30033.803057595553
197,266.36740213465293,-30033.32095804665
198,287.05104975167995,-30033.309586238258
199,296.61956506801283,-30033.55453754818
200,309.458138524701,-30033.409739095
201,291.40105186175106,-30033.430143896425
202,296.66686921578065,-30033.043597933036
203,307.2730053607128,-30032.7608445362
204,316.95453058084166,-30033.06158492635
205,320.10478847528685,-30032.77637085513
206,298.2185570450332,-30032.850791407014
207,309.7772786550489,-30032.778771828533
208,284.9005617210377,-30033.222331859608
209,272.4849836953414,-30033.48163244967
210,285.8658409162523,-30033.02454752109
211,278.5470802685528,-30033.010871374194
212,302.45231090236854,-30032.661734104015
213,294.18313639711886,-30032.236098368998
214,308.6816632872419,-30031.956353338628
215,338.54988842094025,-30031.795164499443
216,314.16426819815575,-30031.439427160865
217,320.99093878615884,-30031.90281595525
218,286.70659266648283,-30031.968525568667
219,309.14093170313976,-30032.187142755785
220,301.8474461239912,-30032.170886209475
221,293.8394702253142,-30032.19384619559
222,284.91392396871,-30032.51301586153
223,301.7944042108084,-30031.822593223977
224,334.40214070676336,-30031.642243559603
225,316.25390657612394,-30031.223504200803
226,300.54809310855245,-30032.11524281245
227,294.8235466289719,-30032.505360974625
228,305.86271203006766,-30033.198188821087
229,275.8702087761694,-30033.29996198364
230,278.4695654180072,-30033.016701380882
231,279.22099733166925,-30033.72266178525
232,278.6424891746667,-30033.670612899416
233,283.00600032156655,-30033.261538416507
234,311.6491133294853,-30033.15809805148
235,293.8050153803559,-30033.08727941788
236,284.90808437587754,-30033.237770163025
237,305.44006431203024,-30033.251646804696
238,285.0803595789351,-30032.940525902304
239,302.4629988868,-30032.751312600565
240,281.5407843809713,-30033.60454264086
241,260.1911072222079,-30033.61681891139
242,270.94211752081884,-30033.650782540648
243,280.72999572354365,-30033.1676334719
244,278.48068985489937,-30033.284003420595
245,287.3333736617653,-30033.12679829848
246,312.08186301188397,-30032.635639358217
247,279.1128351624147,-30032.77612739438
248,299.9702356483347,-30033.201849652687
249,285.1443251764139,-30033.800266534774
250,275.16179314737366,-30033.339027754933
251,290.3296505546586,-30032.751655714106
252,318.2734661328327,-30032.536664200714
253,315.5599963384473,-30032.51806935358
254,302.8847496926156,-30032.824830001446
255,314.4629636904999,-30033.06482666261
256,319.6714332293914,-30032.919938327213
257,298.89557014173755,-30033.212895605982
258,326.37703325401077,-30032.093363090113
259,315.56876186807506,-30032.023711186444
260,331.8162237982752,-30031.802123741254
261,334.182143087698,-30031.614500316016
262,343.2722258498646,-30032.478747197667
263,326.5012352770594,-30032.432077530313
264,284.34759303439307,-30033.038789762464
265,273.713383721775,-30033.792943001685
266,276.50481555030115,-30033.850618618966
267,299.6799710158106,-30033.664131539612
268,291.0856802931579,-30033.402814510064
269,284.2234536339466,-30033.7332768931
270,287.6170328965227,-30033.662727218732
271,298.4330865884148,-30033.61499848182
272,283.7143455291279,-30034.245911892926
273,273.37226905685475,-30034.131486880207
274,288.90916873083404,-30033.906049731115
275,285.2050438807365,-30034.210868998354
276,280.1417004261148,-30033.889264982452
277,278.45980655631877,-30033.889990450447
278,309.2094495253027,-30033.763567286547
279,291.52330154764644,-30033.473984914555
280,293.60683719833014,-30033.39688528644
281,293.70958676335465,-30033.47050713184
282,313.134733164352,-30033.072399945086
283,299.0995205898125,-30032.873849606836
284,308.39498471678655,-30032.76034310198
285,291.3778518480435,-30032.28814154731
286,331.08906400486404,-30032.33970157856
287,280.11204879767814,-30032.634141498937
288,303.09602747317876,-30032.34497715321
289,292.44039648756535,-30032.300833908615
290,329.74713478505754,-30032.261677334
291,304.5558357854979,-30032.789216509897
292,309.07505892654234,-30032.903621330515
293,305.3781214800898,-30033.057871596407
294,311.9723393243353,-30033.11882625739
295,281.4625159048559,-30033.50687572596
296,316.3928448766907,-30033.559899792373
297,307.49579278817987,-30033.29828416757
298,297.1018745933878,-30033.12264575813
299,301.2922812337157,-30033.35067986752
300,293.0676779909364,-30033.46300046686
301,305.2764880944899,-30033.347503299763
302,290.9516735229285,-30033.61707777821
303,317.29513032045895,-30033.260163202198
304,284.8165289859244,-30033.15215175158
305,302.8410081242462,-30033.099353075813
306,287.89509925018336,-30033.27887306761
307,308.1534352030854,-30033.162822231403
308,294.7363088755837,-30033.032916658456
309,332.456414547996,-30032.514751168965
310,288.7386891734773,-30033.32629630266
311,296.4630001532284,-30033.84162628736
312,272.8598467732188,-30033.880532256026
313,294.22632995128873,-30033.7740888952
314,286.800985238725,-30033.91540169218
315,292.4449035091251,-30034.150331428755
316,281.1386065390135,-30034.581320729896
317,266.8284894835689,-30034.69232732169
318,287.00452100215216,-30034.287303484638
319,298.82094163286257,-30033.8260758547
320,264.094107103993,-30033.85589210624
321,292.24799802889373,-30033.913030711512
322,270.8211528145079,-30034.091284632006
323,270.84590160752884,-30033.836764168656
324,261.0233658398574,-30033.805148365776
325,285.34883271190813,-30033.834253584886
326,272.24376452202705,-30033.995431505733
327,293.818031201624,-30033.34086264238
328,279.37008730605186,-30033.875211683477
329,276.1612169039091,-30033.78492726972
330,288.52511700271236,-30033.946831092864
331,277.8951408464209,-30033.52509802399
332,257.56680775532436,-30034.24640166797
333,242.32714217074616,-30034.155868337773
334,269.19753554962097,-30033.744860671388
335,279.70915584585475,-30033.55820296051
336,284.6256747137125,-30033.785794605992
337,275.34001471022606,-30033.62562029298
338,276.29392776552936,-30033.21913366332
339,288.9986943272492,-30033.3413278928
340,305.67012818471096,-30032.62289022489
341,334.5874439896709,-30032.567332219154
342,303.90150915069097,-30032.676549280328
343,315.9639266572323,-30032.84007589673
344,292.75826231049285,-30033.146460767795
345,306.53923721032453,-30032.739992629122
346,296.4118741785835,-30032.31555137727
347,305.00230814943905,-30032.151182873342
348,332.74633616226544,-30031.607165295038
349,312.639524850731,-30031.838596231126
350,341.0509023132385,-30031.850282058327
351,341.02130088608203,-30031.134219828924
352,315.6667451487732,-30031.429482571068
353,326.1932962366951,-30031.187766809122
354,330.1868629147237,-30031.311311075253
355,321.3944460710036,-30032.131082997217
356,329.9221388839482,-30031.933115347787
357,305.35664158309527,-30032.128717182586
358,319.35727645535627,-30032.416016292187
359,288.38760933258226,-30032.649462496036
360,327.3590034877349,-30032.50453951488
361,292.9810165582589,-30032.578432472616
362,276.0387431038127,-30032.467654313637
363,313.0101932653012,-30032.348928265263
364,266.7761506665549,-30031.97878251181
365,293.9827739107695,-30032.541852197428
366,297.502550639468,-30032.686920565528
367,281.0379435119666,-30033.20686585098
368,308.75269069563626,-30032.4135749617
369,288.72202980249705,-30033.16460037845
370,324.21092198676,-30032.57680894756
371,286.9506759906033,-30033.233952305363
372,304.63336428959934,-30032.781433039356
373,284.14834437449423,-30032.401156573043
374,312.37259945926775,-30031.880377011832
375,314.3045195798316,-30031.828524539505
376,327.6431047829053,-30031.645926214118
377,288.16538298529184,-30032.13544643983
378,286.70948363903784,-30031.98993819577
379,323.5526503204003,-30032.044317750435
380,300.93537875559025,-30032.67984994159
381,298.23957327480844,-30032.817066703086
382,277.77158926462187,-30033.153164316198
383,293.8230883609352,-30032.82120588425
384,320.2563981800008,-30031.741358218915
385,337.3959514715603,-30031.86481842938
386,316.2629591504451,-30032.020154534814
387,339.4847891628662,-30032.07664971569
388,324.6532298966168,-30032.302159914056
389,289.1830500628366,-30032.41878381849
390,292.89292183017596,-30031.87944692477
391,318.8454609060774,-30031.657234110127
392,307.6896941330149,-30031.61183131618
393,312.58758696136186,-30031.70902584606
394,312.6072540589903,-30032.462443999775
395,311.02671435025655,-30032.515341569186
396,313.1968362546044,-30032.9556243011
397,320.75073061309627,-30032.8892461704
398,334.1419363036725,-30032.543232539418
399,308.2697053717322,-30032.581811648663
400,299.7214737925983,-30032.534195277374
401,287.04714165574046,-30032.969839479036
402,316.88995856861385,-30032.774124968826
403,282.2196505637253,-30033.1697258501
404,298.46953392486785,-30033.399250185055
405,279.10083511682865,-30033.971737710446
406,293.23949279157455,-30033.657955132367
407,311.4279940550448,-30033.593273270035
408,282.6305591082733,-30033.86851233326
409,288.1149980637853,-30034.212868763345
410,277.5029715026572,-30034.343424598006
411,298.61676666968106,-30033.59676805084
412,303.78087921830524,-30033.7166524383
413,305.86906671053947,-30033.86014048619
414,316.350417310576,-30033.86954650595
415,302.4680208021812,-30033.868375467115
416,304.8927049820317,-30033.569918620036
417,275.9744068853992,-30033.307141629204
418,277.46120374862005,-30033.537820561425
419,294.7971498678351,-30033.168125462103
420,304.45834390419327,-30032.529917304768
421,338.9338390296267,-30032.051260647266
422,335.0083557558473,-30031.961182943243
423,346.11822478741743,-30031.831943573274
424,293.6860977558779,-30032.310933829944
425,340.3925615874864,-30032.05802695011
426,302.0219612095797,-30032.01616448455
427,291.658626441002,-30032.324142058347
428,273.7299612603741,-30032.940969081803
429,299.558168447452,-30032.895670049955
430,322.29798431082594,-30032.530534065263
431,278.9518692350189,-30032.4266066075
432,331.71437839608876,-30032.31637008142
433,265.05977908251043,-30032.941301144663
434,282.85253185070763,-30032.687222183413
435,287.6805903460444,-30032.372087355583
436,328.3205091962007,-30031.820520701425
437,309.9113416582197,-30031.7695852898
438,295.78866314130585,-30031.998986923558
439,287.66909458437686,-30032.251278906377
440,294.4319242905819,-30031.823673973107
441,316.1155750475604,-30031.736702925416
442,319.64385134996036,-30031.350310351852
443,313.56531608225765,-30031.89374502639
444,303.3469820671224,-30032.16296773434
445,292.60065708743974,-30032.503887825253
446,308.19148776140923,-30032.558362221385
447,289.50523805445465,-30032.52406903547
448,283.89216626151335,-30033.41337375375
449,307.3933245645136,-30033.146530339865
450,298.86845242786984,-30032.526068611
451,297.0368251214734,-30032.442619525158
452,310.71220003642117,-30032.53486590755
453,317.1179975917508,-30032.00479364156
454,299.59280276679954,-30032.63504487349
455,335.50737854401365,-30031.962470114915
456,327.806389551266,-30032.192655077208
457,329.2333010204112,-30031.883804614834
458,309.56717019355943,-30032.40703315671
459,355.6297924467938,-30031.720886330102
460,315.6419203347827,-30031.644942421102
461,344.5587112162664,-30032.497600567865
462,284.17518078526746,-30032.500099924382
463,296.5993313120108,-30032.562852207746
464,286.69936247017057,-30032.52534563204
465,276.17070532412924,-30032.937035536946
466,296.9055584735447,-30032.748611664192
467,302.4961494523613,-30032.937989872768
468,292.7619190686532,-30032.511604389696
469,325.69186773240324,-30032.7412268423
470,304.97105877088586,-30033.048442792646
471,300.52745950712057,-30033.381379895345
472,291.6263068813265,-30033.731194162312
473,279.9847152315542,-30034.111911027096
474,262.95533612744623,-30034.37243527341
475,271.6537358437896,-30034.013981035176
476,280.60556152662355,-30033.834784168772
477,291.37911977673826,-30033.741235079968
478,301.88882889696833,-30034.093687300483
479,273.4929403583486,-30034.02302332054
480,289.455952604905,-30033.195214072388
481,305.7528057807688,-30032.90599458964
482,321.8333578740118,-30032.54987762299
483,283.03697875421625,-30033.26662897151
484,281.7765305124467,-30033.301816914263
485,294.5154559777194,-30033.1243352661
486,294.06383691434945,-30032.77030913299
487,281.0287107008173,-30033.18756374007
488,300.60593463721597,-30032.41068230652
489,295.46541943820085,-30031.674977907132
490,315.7275491890019,-30031.511957916784
491,287.63986348205833,-30032.263723111282
492,299.4532655723105,-30032.296711020215
493,301.0637542094975,-30032.207913930954
494,321.16107406865143,-30031.75015605289
495,301.3164493442614,-30032.551251940495
496,315.6696686116802,-30032.230191266823
497,325.4107315162944,-30032.466954055995
498,308.3608385769313,-30032.497518662854
499,294.24987208857596,-30033.285223378523
500,299.9243897957377,-30032.947128075994
501,296.05024160174935,-30033.11554196751
502,308.8744786836586,-30032.637114938207
503,271.12259344590854,-30032.945131630135
504,305.8018395546422,-30032.830558923786
505,313.37741622943366,-30032.369111433287
506,313.86683795086196,-30032.42141813338
507,303.83013540095027,-30032.158789377725
508,298.2166995741356,-30032.38013438056
509,302.5641404876542,-30031.96169310228
510,311.2454535631935,-30032.232569168784
511,287.38582126958573,-30032.424324783395
512,298.62300346364907,-30032.436457016644
513,310.9429148619611,-30032.208827547456
514,304.75499374670204,-30032.45224257527
515,293.8163231376019,-30033.262780032965
516,285.4372034200303,-30033.484404158484
517,313.44400014019675,-30032.994412084692
518,273.06342163449614,-30033.365714328163
519,298.0115237792686,-30033.172335790256
520,316.9353640927375,-30032.501513723553
521,314.76754348728707,-30032.406877003206
522,293.68180569455143,-30032.60791534994
523,311.9693046677257,-30032.503667196226
524,313.0297078298601,-30032.590631454532
525,298.76814518879195,-30032.76293302717
526,296.98798618981357,-30033.391097230433
527,297.4397449412439,-30033.76465114678
528,259.0909784694793,-30034.68318430927
529,256.5790233495597,-30034.395916413807
530,280.19564162734196,-30034.3430043995
531,274.62594045012804,-30034.38162337468
532,271.05154743684966,-30034.530879218688
533,258.3370093948595,-30034.50267749694
534,286.950931900125,-30033.751524079224
535,283.663112001256,-30034.09483965208
536,273.89991406432523,-30034.280501208177
537,307.38223524680024,-30034.12532117857
538,266.46803517140836,-30034.173929294862
539,274.58348763910465,-30033.710801964782
540,258.8463237104992,-30034.175584254397
541,294.807528309491,-30033.863180390857
542,287.98881581995124,-30033.464047218087
543,288.6004692306829,-30033.43714850795
544,269.67362861543535,-30033.098279410875
545,267.4977359804299,-30033.535093021444
546,295.0369094636193,-30033.252018879703
547,286.32514531621877,-30033.1225235452
548,282.84944688071806,-30032.534954995925
549,289.4375913607621,-30032.41246663512
550,282.6404056748532,-30032.774517962047
551,288.3999068819824,-30033.229235421546
552,290.0347406110652,-30033.21991226295
553,304.8089193046195,-30032.93918550555
554,301.9377865526838,-30032.56122227372
555,336.55817161686775,-30032.237172875564
556,321.6785992450534,-30032.25879653393
557,311.4378886983513,-30032.907480830654
558,282.43104297434724,-30032.40080765699
559,306.328802478043,-30032.827246429657
560,281.66674327167135,-30033.009619729273
561,319.6127193909823,-30033.13623923205
562,325.3963424247194,-30033.078639288196
563,344.262770324149,-30032.829163952698
564,310.58621755356813,-30032.537992529644
565,325.63231834505115,-30033.04348598372
566,299.1743431786897,-30032.76261766646
567,307.87595994439175,-30032.572052337782
568,288.7936058807556,-30032.867902134687
569,285.6728050146668,-30033.33793201899
570,283.2440816033973,-30033.142348486355
571,319.59436587960465,-30033.19333535287
572,274.27776164601084,-30033.59534257038
573,285.31479809218456,-30033.48939512806
574,282.8867563355632,-30033.819185303182
575,260.80398686785793,-30034.08207726866
576,282.5462124154862,-30034.47021501701
577,296.2426714852144,-30034.194750634717
578,286.4859804082433,-30034.41736007914
579,267.8810881313944,-30034.056829021738
580,284.07493528620233,-30034.221337808292
581,287.17323960632496,-30034.312413116273
582,274.09345647348295,-30034.515932264818
583,262.86907429826,-30034.09918548684
584,296.72867803427226,-30033.784251467256
585,275.7562204245729,-30033.86333781145
586,276.47093902295404,-30033.30458436362
587,307.57191146531164,-30033.04053568599
588,301.65539889018066,-30033.175652420705
589,279.64832233420833,-30033.29408772121
590,312.6324254195399,-30032.77822554918
591,323.2038620532861,-30033.02172394674
592,298.54069329551254,-30033.4931872831
593,290.9355158068764,-30033.558885028975
594,273.98862729994715,-30033.586893280957
595,295.44218071349735,-30033.76930464374
596,285.1560067870425,-30033.715992246598
597,284.05529507166654,-30034.133934612397
598,293.21501931484636,-30033.439812512945
599,314.22484623363374,-30033.39495499055
600,319.390461513212,-30032.950348958362
601,273.6740091865858,-30033.02243582041
602,297.0669490297969,-30033.14890316267
603,296.18709692521753,-30032.266442379223
604,297.3272239196665,-30031.613146808522
605,311.11167068241673,-30031.587451880463
606,342.23363274911026,-30031.289679159192
607,309.8679925255354,-30031.710114249734
608,299.6265764738422,-30032.05803480562
609,299.94940557350895,-30032.059788486637
610,270.0876152688422,-30032.195427001803
611,309.43012509481446,-30032.58621557982
612,315.05650445798705,-30032.550096220446
613,299.96264499695815,-30032.854381786798
614,321.4972953327402,-30032.665639868355
615,288.08892133833734,-30032.824844058207
616,305.7522299136872,-30032.89429013146
617,312.95698910595553,-30032.332670556374
618,304.31910102302766,-30031.984544897252
619,301.23799032264253,-30032.35593350454
620,318.51128718524774,-30032.698730728913
621,311.2404186372952,-30032.24050662513
622,302.7790826109418,-30032.272764937712
623,292.16928229218604,-30032.66693739669
624,282.225815940904,-30032.966447838317
625,301.52368491132535,-30032.66134316156
626,296.24463411601516,-30033.25524880132
627,296.10661156579914,-30033.180549232737
628,275.3783293174322,-30032.782872529453
629,329.9342931382984,-30032.255079329578
630,321.23357677228927,-30032.535466062218
631,304.4842772704547,-30032.441383067784
632,314.31744724435913,-30032.744219326873
633,271.94923095755536,-30032.912897463633
634,311.0549637352894,-30033.20604672845
635,308.944171230533,-30032.904916564756
636,304.1174900873156,-30032.860642209587
637,276.0671253097577,-30033.037262426566
638,327.2973325053622,-30032.578335684855
639,300.2812795026098,-30032.54959894388
640,303.2923203497441,-30032.304949324
641,301.6839174671798,-30032.38978839919
642,277.71319166874815,-30032.461254247555
643,304.8086379566502,-30033.03098936302
644,296.4085472479343,-30032.719930819738
645,303.7407257174044,-30032.578977089324
646,275.7932387436083,-30032.02843471909
647,315.21436569121335,-30031.47000655935
648,277.5045365697143,-30031.66369825631
649,294.5117647983578,-30031.298254998463
650,302.5553153548672,-30031.391599623643
651,330.77437776458873,-30031.312355183778
652,314.54034462751525,-30031.168374979374
653,315.9046189158569,-30031.769282166
654,303.6035808459479,-30031.69956823859
655,309.59415285319614,-30031.48058225345
656,330.3086920107712,-30031.601256281545
657,319.55225913865195,-30031.260786604234
658,365.90388702626575,-30030.85262351141
659,309.65405451180413,-30031.596283119397
660,307.6943815489034,-30031.58241810931
661,305.0748774379784,-30031.709928730168
662,297.6019683167677,-30031.584843851426
663,258.3337338098176,-30031.61408691512
664,299.440348164517,-30031.941562853295
665,296.2730722629208,-30031.52407427591
666,317.84000092766536,-30031.77984377676
667,287.1517879600598,-30031.98482050133
668,283.28976053146346,-30032.108011705765
669,298.147275749671,-30032.385763584884
670,298.6169433730122,-30032.270591790435
671,278.846424392123,-30032.630395403263
672,305.0620925977594,-30032.0715741482
673,313.04746391940165,-30031.723003285475
674,322.1758795379689,-30031.717158200692
675,294.854190377157,-30032.182334835798
676,288.49698498428495,-30032.189716770805
677,320.94773892710276,-30031.948809960526
678,312.3188390290981,-30031.905148733425
679,325.2328473128282,-30032.46160314539
680,303.19961941877114,-30032.28576559249
681,289.9243300842141,-30032.94140242162
682,291.0585940356677,-30032.7316117344
683,299.4209271297438,-30032.270169842817
684,316.7373698159069,-30031.789630652966
685,319.18436672158117,-30031.976948175638
686,311.61163615159114,-30032.02230940676
687,299.3248973416242,-30031.764740601586
688,314.33091707460085,-30031.46458815882
689,291.7466881135333,-30031.85711280156
690,293.9620409851936,-30032.395882370336
691,308.18326428447295,-30032.367160060905
692,306.74401466578,-30031.766160480383
693,304.0653237813382,-30032.434202493343
694,285.07264800448047,-30032.653607912474
695,298.04183797960576,-30032.038770955118
696,298.297863107107,-30031.696479446193
697,320.35931524574437,-30031.5317727823
698,317.2392278487401,-30031.232253709786
699,327.4514877346254,-30031.65849424904
700,303.4979295780944,-30031.64359653239
701,292.29488492356415,-30031.546632701717
702,326.57134728090654,-30031.432290621815
703,299.81694011199306,-30032.30331037772
704,315.225592257986,-30032.391602939413
705,290.7280860242153,-30032.71442362794
706,288.5832200897679,-30033.1446078456
707,282.3819225984327,-30033.353198597128
708,273.55975114918397,-30034.384646466257
709,290.1892945398566,-30033.782482807244
710,278.8690065468754,-30034.40131933635
711,261.37343033364544,-30033.939038621196
712,281.25790448934526,-30033.97875062894
713,293.0468842023261,-30033.676407150266
714,284.4420976914668,-30033.64581935426
715,300.5114384822922,-30033.54388687872
716,303.91239673131344,-30033.13916969832
717,298.78088098174544,-30033.44621070139
718,277.1401088253838,-30033.72547696677
719,291.14319307103085,-30033.768574663038
720,278.5144445436434,-30034.044884449722
721,279.1568742309358,-30034.08753443668
722,275.4033091832304,-30034.04983070636
723,304.12460009959193,-30033.526481378933
724,277.6971932992457,-30033.414776293674
725,288.4002242420774,-30033.69211817033
726,314.2350546213245,-30033.13102976469
727,313.15439913678244,-30032.726208751727
728,304.1501698300281,-30032.71529991663
729,303.43539091757435,-30032.746711111326
730,313.5510441065431,-30032.71050547702
731,315.2065574112474,-30032.698715969553
732,311.441539453802,-30033.03239022653
733,315.16595710329284,-30032.670426709396
734,312.9216203557694,-30032.960501459882
735,291.20103355314296,-30032.83549855808
736,335.89283793579597,-30033.28688819289
737,306.6305603251688,-30033.378351180152
738,318.4725745777262,-30033.266097744978
739,307.75715527067445,-30033.264453946646
740,308.9160400418396,-30033.331395972105
741,284.73887198977087,-30033.798610286027
742,288.6887604303588,-30032.86464480478
743,325.8733957153179,-30032.40664357191
744,325.8544930147488,-30032.702034572456
745,315.8895484307926,-30032.318484308962
746,299.67573568506765,-30032.53337727667
747,316.2770675715255,-30032.400663768272
748,320.2880391566203,-30032.29916670596
749,301.7850326653515,-30032.41266955616
750,300.14064136152757,-30032.6448861638
751,296.88941998809094,-30032.850574687694
752,301.06744183011017,-30033.19219741191
753,284.4853786649231,-30032.978729585895
754,310.2417779310306,-30032.939118926668
755,282.24569358527503,-30033.2198607667
756,307.74502904245406,-30032.801864269302
757,320.2395147923407,-30032.685136604334
758,327.54297113668355,-30032.708958197076
759,300.78554977918435,-30033.066380883847
760,287.99437040338154,-30032.897503114928
761,300.5783232568988,-30032.805898813313
762,283.5102005477171,-30032.95019709498
763,295.07656009224655,-30032.721737958916
764,319.7729475510393,-30032.505309578777
765,262.69630701861706,-30033.578082584874
766,296.5162494221327,-30032.670382876724
767,301.5462946233012,-30033.01429766073
768,319.1216411922546,-30032.820301767264
769,309.4800225832434,-30033.502945978376
770,340.5336388622475,-30032.386556956808
771,306.0750320797799,-30033.175341355913
772,321.69678472451983,-30033.148970208313
773,279.9589041333303,-30033.637942229645
774,282.9850215688522,-30033.77182469033
775,278.7819136412067,-30033.659340175363
776,285.15180414328995,-30033.80789342244
777,302.5045678303749,-30033.263952821206
778,308.52920053282946,-30033.286309020754
779,316.713367194007,-30033.288273222908
780,289.9476240207412,-30033.274808689766
781,295.3437681838032,-30032.627215787183
782,292.7318844339495,-30033.133443536597
783,311.1560401024866,-30032.766038224127
784,279.15030658597027,-30033.27129118191
785,291.2436463438197,-30033.33444099762
786,306.08930738934504,-30032.772643322543
787,300.9934361702572,-30033.072940327816
788,299.6527773657035,-30033.00074392921
789,312.20918572096303,-30033.16177634951
790,299.289734768969,-30032.912097638196
791,307.989906573492,-30032.38953692044
792,292.00461161446907,-30032.028446053973
793,303.1302462419833,-30032.36561228984
794,319.4248173274328,-30032.35574631881
795,321.2022791183862,-30032.495227179617
796,275.7666213439514,-30032.761517182356
797,308.60330329109007,-30033.264938695065
798,279.5647490232715,-30033.42897433623
799,295.4851938460232,-30033.645190272633
800,277.4297430285318,-30033.10500760079
801,299.44956428703546,-30032.763599753383
802,300.8003087627441,-30033.1011708467
803,303.2300428193015,-30032.683448047228
804,302.7580137773951,-30033.285006572158
805,319.9654623924524,-30032.922406762504
806,308.29358235997375,-30033.245281571686
807,298.10456585112433,-30033.50205793036
808,311.05801245215196,-30033.340736690665
809,281.26094361685574,-30033.59976895414
810,297.06077209203517,-30033.670540836363
811,292.7542661410216,-30033.392653694376
812,282.16177594699514,-30033.020771552212
813,311.0039232317099,-30033.008094697143
814,299.7693333766063,-30032.69316375246
815,297.86455083463335,-30032.572467726768
816,313.199860070523,-30032.6020336313
817,294.97802104999903,-30032.786683492133
818,286.0919549682277,-30032.63417021759
819,313.954013172091,-30032.259098376468
820,322.81656566474607,-30031.91414833418
821,311.831220057257,-30031.75123479285
822,323.6893990832646,-30031.49795518176
823,321.89105230358376,-30032.138289517752
824,300.0404330899361,-30032.7528418738
825,287.78995828497585,-30033.217029321768
826,291.34783845565534,-30033.04279266702
827,316.2819884206271,-30032.687651018074
828,327.6650766890899,-30032.545771542296
829,302.7669877075575,-30032.407830732955
830,310.43903628424926,-30033.026020261343
831,295.87107927701726,-30032.643425902206
832,312.54044023476945,-30032.409414679343
833,292.2603477664734,-30032.57288046682
834,302.11075170044046,-30032.385054640017
835,317.3000900988575,-30032.613555735858
836,278.28016197956237,-30032.669839478633
837,272.47286424607137,-30032.688964479086
838,307.0484689612508,-30032.571104560662
839,290.8860218433047,-30032.675347740776
840,294.6734073355224,-30032.358696493302
841,320.2273798151631,-30032.28700026912
842,283.2369762813251,-30032.27338420061
843,313.975067197717,-30031.914825859523
844,322.31915505902344,-30032.24680552651
845,300.6286015391344,-30032.48043226136
846,286.1657043694055,-30032.616714911488
847,298.41348809942264,-30033.092047375383
848,298.378074008011,-30032.717926279165
849,302.8736089765598,-30032.71963774075
850,337.2625900548647,-30032.002893806202
851,300.66376203842526,-30031.930731526205
852,282.81681205402464,-30032.414671174163
853,315.2403617157471,-30032.49279889232
854,297.05257956148296,-30032.455900407862
855,322.30869584613765,-30032.34862760233
856,320.5662454156736,-30033.11648095768
857,282.4890016579333,-30033.618119243518
858,286.00877923352124,-30033.0581094656
859,313.16032887197133,-30033.351061588084
860,287.15487080156026,-30033.97693149164
861,266.24293024560194,-30034.12873467896
862,280.18086096557437,-30033.804308724655
863,263.69184015332814,-30033.77993803177
864,262.6620795275142,-30034.168775789716
865,288.61518573170696,-30033.82936140013
866,265.63596318282185,-30034.54028270873
867,273.21819803024647,-30034.51031060129
868,258.2853001404792,-30034.44146081263
869,253.86573372424138,-30034.68591084525
870,286.0171957563197,-30034.417275585085
871,259.50225504075024,-30034.284305408775
872,260.754471654497,-30034.122368632838
873,258.56164759961104,-30033.840852445886
874,262.5504667627928,-30033.73599891042
875,293.5463238294632,-30033.253855851865
876,297.8272799132489,-30033.15542396319
877,286.6226326691444,-30033.06435928044
878,271.81753819354117,-30033.531400177977
879,275.3604564328849,-30033.55675359712
880,283.44691654990856,-30033.244736421628
881,276.04266886432475,-30033.37576000946
882,285.8005720753819,-30033.1453079824
883,289.71379543471016,-30032.811861826893
884,296.5742136151572,-30032.50488182652
885,273.7646648959897,-30033.32877968505
886,268.43987485747124,-30033.251945477296
887,279.1169504387337,-30033.692040886817
888,261.48583726547866,-30033.822967665925
889,281.05460183866103,-30033.306061801104
890,304.7532676622709,-30032.243301038077
891,302.65992670644914,-30031.91439401339
892,272.28720885009295,-30032.46700955825
893,279.13582244748403,-30032.500166272974
894,271.80763206356494,-30032.857817902433
895,288.30198671265555,-30032.926978095627
896,282.0430576558567,-30032.82254601724
897,277.6427727386387,-30032.822376898323
898,258.48955027454457,-30033.272329250907
899,247.4328973708741,-30033.267435407735
900,279.5952748777923,-30032.87743549828
901,276.88316469589734,-30032.938885033403
902,252.92137580699833,-30033.346066586342
903,275.48626092406994,-30033.817303267406
904,245.51995024352627,-30034.217254509997
905,280.3122722888633,-30033.902609870078
906,255.8931246986169,-30033.545751485733
907,274.73763930009466,-30032.76166374252
908,283.5420971426683,-30032.322452363114
909,287.2318951368294,-30032.260176158517
910,274.5110498489085,-30032.126662219438
911,294.5630560577525,-30032.308700806534
912,294.5935161777663,-30031.884116724974
913,276.8166409695234,-30032.16514538835
914,288.76544837717773,-30032.647897820116
915,299.6036740929908,-30032.451181319877
916,287.2700757371001,-30032.40961922076
917,300.52301309098056,-30032.451802746105
918,313.727357235969,-30032.516676628402
919,302.4295247374986,-30032.644721484034
920,287.7418477252407,-30032.550254575373
921,311.94618098057714,-30032.640959827844
922,310.5290609933933,-30032.818707911087
923,303.9422353608306,-30032.698976040854
924,282.787330243121,-30032.725949726133
925,287.75014785794605,-30032.846923583416
926,304.7589119839246,-30031.967770332805
927,298.36032775744223,-30032.187116704037
928,269.52439271768867,-30032.16643625916
929,285.7905625318449,-30032.35454077336
930,305.4766574965066,-30031.813238638286
931,312.72358318150185,-30031.404869453923
932,310.7551438960578,-30031.457628255648
933,309.51558109619157,-30031.375110365352
934,322.509466683571,-30030.89051988948
935,310.13524951451205,-30031.55504398947
936,340.71409604008073,-30031.169187761563
937,297.6201319047385,-30031.607830569108
938,300.2839172702955,-30031.836642854993
939,296.78774389149623,-30032.114816826048
940,301.45354700907876,-30032.4404275878
941,291.07943179144013,-30032.572891459826
942,299.6910808362067,-30032.32596519207
943,284.77795307576235,-30032.248812250098
944,288.83021418322875,-30032.52714984308
945,284.913876006769,-30033.370438926842
946,289.59121792226404,-30033.15279456973
947,290.63701442025246,-30033.642465084933
948,298.94164496721623,-30032.819174000047
949,271.78429728343673,-30032.96191264794
950,291.63171659953673,-30033.080669279407
951,274.4210640654265,-30033.81053610364
952,286.7043241246608,-30033.34358186914
953,293.5975614992767,-30032.686177989915
954,309.4330636537805,-30032.924033275925
955,294.13480669613324,-30032.618157186236
956,315.7232492716007,-30032.183939631755
957,320.3704881830404,-30032.37133924333
958,331.0807040101271,-30032.041080931165
959,292.5637123916996,-30032.350507840438
960,299.5640055277741,-30032.405290810813
961,308.8067960165023,-30032.402466555643
962,322.49477240992354,-30031.95924394566
963,284.90749675669065,-30032.425284746507
964,315.04526137105904,-30032.573812750383
965,314.48663808713343,-30032.25759848853
966,304.2270979112464,-30032.131359472325
967,290.14433263530617,-30032.277739292804
968,320.4959017703977,-30031.870179865033
969,313.0173312066798,-30031.881954241468
970,296.40864939166164,-30032.059772034743
971,307.0541937575499,-30032.504556233172
972,297.4157228679047,-30032.159778574467
973,325.3362564307469,-30032.27153674707
974,305.9493729689107,-30032.45385057759
975,319.45633132462723,-30031.97019858222
976,280.30672853004455,-30032.357825579595
977,281.54286896685977,-30032.225584655793
978,289.1387808936105,-30032.22261686181
979,289.57010141012574,-30032.686521762458
980,276.4271441460985,-30032.76270251099
981,303.47622183419173,-30032.483979023258
982,312.86526993868813,-30032.04197808454
983,289.32493082632936,-30032.805887634277
984,284.6937095083811,-30032.694262374487
985,277.7698420710265,-30032.827035802893
986,286.9911177355591,-30031.916542375722
987,283.2445147186906,-30031.693118987336
988,287.03507983102054,-30031.423263828332
989,323.4815560377132,-30031.214050912044
990,315.4777739517489,-30031.623625566488
991,312.50658470282207,-30031.830176777934
992,300.1912232688531,-30031.741287076507
993,306.40569095044066,-30031.811666343365
994,283.58925064547594,-30031.74706336166
995,321.80974792609425,-30032.04069794759
996,284.4099767918963,-30032.463022777898
997,294.49385176010003,-30032.17369956266
998,296.4300749871603,-30031.942052796214
999,282.71322320328153,-30031.94849203308
1000,317.3238122900007,-30031.54656075062
1001,317.58733644029917,-30030.706036256615
1002,349.8426497027366,-30031.065683000816
1003,344.5045930944491,-30030.830974916615
1004,333.262253922288,-30031.178345668795
1005,341.7658447751575,-30031.15480430467
1006,318.2373938498662,-30031.185996939435
1007,332.97532068702134,-30030.9003105024
1008,330.92099211244937,-30030.84777902189
1009,320.3367850108192,-30030.682722560672
1010,350.9053294262198,-30030.666262634622
1011,308.8648132602513,-30031.77016731383
1012,309.2136050267336,-30031.575964155683
1013,292.7605112890069,-30031.859295577848
1014,295.95600116377085,-30032.248740193347
1015,295.6338121210638,-30032.110251877453
1016,293.2365592921504,-30031.607246685697
1017,300.10138986197074,-30031.673204054037
1018,306.08217985594945,-30032.036492088035
1019,284.9802410592175,-30032.84535438485
1020,268.2815366707493,-30032.20704697538
1021,300.6697999858752,-30031.85440980196
1022,304.06727997305234,-30031.885325819752
1023,289.8067322582102,-30032.120102204044
1024,283.3817111342689,-30032.758073433855
1025,293.7354572232215,-30032.77064633106
1026,299.4978846121518,-30032.352244293837
1027,304.48674247006255,-30032.193275011676
1028,307.6791116686016,-30031.821078325844
1029,272.427186734092,-30032.27212934953
1030,272.1348013618819,-30031.744229493786
1031,307.53688433763574,-30031.79726436114
1032,280.66288669003194,-30031.618517727944
1033,324.0793384002299,-30031.798824577352
1034,329.5508430702393,-30030.846627009385
1035,348.11359314313137,-30030.47187582327
1036,320.87861196944067,-30030.970056797232
1037,300.5123365424939,-30032.27238021574
1038,328.4702128953833,-30031.77774286829
1039,299.68052373602006,-30031.86919594725
1040,317.51456349806904,-30032.172686079044
1041,291.0145673945818,-30032.418251258678
1042,317.0992189137949,-30032.030650314126
1043,307.37761316432255,-30031.568795264
1044,306.3372198568768,-30032.168834402895
1045,319.90975876629295,-30031.95308608516
1046,316.6121404857985,-30031.865004208383
1047,295.783906029074,-30032.68660498515
1048,286.10282730450365,-30031.83311913891
1049,291.4335399328098,-30031.796525110356
1050,333.4010969192715,-30031.7413061256
1051,302.4082336640065,-30031.82884363401
1052,335.84998662605614,-30031.3777954229
1053,288.19828121579826,-30031.54283309946
1054,305.67943612240697,-30031.84531547132
1055,327.5328777474487,-30031.636943068916
1056,335.2755067806031,-30031.24752156279
1057,318.20043961853446,-30031.446679691275
1058,336.447123222064,-30031.665710114783
1059,330.09443852917514,-30032.131964230462
1060,348.02106882014294,-30032.046437708716
1061,354.5175437466893,-30032.135208769763
1062,357.2545201456029,-30032.05165773207
1063,304.5763651715752,-30032.329722638413
1064,282.6750785968936,-30032.83225120254
1065,317.18832333141336,-30033.020626428584
1066,307.7343241428348,-30033.329473692553
1067,275.23646531777916,-30033.811783922625
1068,320.3292692125555,-30033.639940337085
1069,293.0639485089703,-30033.644733649813
1070,290.68884773752853,-30033.604069315257
1071,278.6064331874852,-30034.01135148371
1072,299.75457872515227,-30033.39665493209
1073,272.0385843718085,-30033.88138302352
1074,278.4929546743432,-30034.725105283393
1075,257.7598809458458,-30034.35293811964
1076,290.98712403072096,-30034.05174484565
1077,251.6627274479946,-30034.221053609766
1078,300.8360186663148,-30033.418643976478
1079,320.17878188826506,-30032.967893868165
1080,302.52397483684837,-30032.283002429842
1081,324.439290568395,-30031.922703816344
1082,285.3193186947106,-30032.08303293615
1083,332.85472573322744,-30032.06541279227
1084,359.1080029235672,-30031.57401753576
1085,319.485394107255,-30031.971430429658
1086,328.47452275482664,-30032.17021403158
1087,339.0522966735107,-30032.22800827596
1088,304.5235353825246,-30031.870096263436
1089,333.9804886801379,-30032.31091120723
1090,289.52163379291585,-30032.980693377485
1091,305.2782052733894,-30033.40605443297
1092,301.79158448376154,-30033.10391320371
1093,300.53581470992646,-30032.69757878666
1094,305.1019560829362,-30032.924100444758
1095,317.1996929534322,-30032.680500508315
1096,318.35269047727047,-30033.140166767957
1097,282.9964745429257,-30033.544977951435
1098,293.2561516259807,-30033.30597919489
1099,283.8659692300995,-30033.05074265935
1100,286.54747095526915,-30032.644349637194
1101,305.05287318841937,-30032.831568579684
1102,293.4619020096279,-30033.037201025105
1103,303.9081996011839,-30032.80919573732
1104,313.52106192875175,-30032.746405822054
1105,320.5398596885395,-30033.066354546318
1106,323.88847938084217,-30032.955905049577
1107,320.89408665601525,-30033.051703997833
1108,300.81661139756886,-30032.524594374354
1109,312.51938331275437,-30032.642359143167
1110,285.29829285173884,-30032.628476628655
1111,287.70626998943175,-30033.547231290468
1112,287.63367805696015,-30033.150595370615
1113,315.28035166391186,-30032.60899392533
1114,300.3196424612069,-30032.63458435537
1115,281.22016546513436,-30033.106640357695
1116,330.9197737520232,-30032.17398113405
1117,276.5433017732183,-30032.025444721297
1118,295.8536189716975,-30032.512999855517
1119,300.89640983623514,-30032.376129568776
1120,313.99698263787633,-30032.531469464073
1121,295.65369902236773,-30032.6234302011
1122,303.6978470722826,-30032.64840062274
1123,292.1172159642935,-30033.0158858242
1124,299.7119157827574,-30033.003182487217
1125,286.04968308635694,-30032.857875567406
1126,291.1184306793407,-30032.735986088883
1127,297.4335100722464,-30032.829259008206
1128,288.9518576633881,-30033.03780278097
1129,304.42888142786035,-30032.753304751895
1130,301.0754904314289,-30033.262310162438
1131,327.49100896471634,-30033.079388414655
1132,277.57002898044766,-30032.949182246466
1133,318.7050790925146,-30032.557202468535
1134,338.9968000820446,-30032.235244960448
1135,296.90207249778007,-30032.279948178828
1136,314.2392622599679,-30032.543034714887
1137,316.6538742432778,-30032.951859088687
1138,299.0616464213662,-30032.372836439594
1139,310.9944238229509,-30032.43801795263
1140,300.2186308495544,-30032.308966252596
1141,275.58030259109074,-30032.62746934965
1142,289.3980947685618,-30032.104853108045
1143,328.241769485067,-30031.6037248566
1144,326.653434687573,-30031.52595650883
1145,347.47523061722643,-30031.16545302286
1146,340.5691056765821,-30031.084895494554
1147,333.23269982468105,-30031.48571976477
1148,357.6795893777477,-30031.43563965154
1149,351.5641030778526,-30031.179210123522
1150,324.4459202403592,-30031.50457053173
1151,319.4374195135567,-30031.39840230887
1152,293.3946177331663,-30032.368949005315
1153,323.38009812618054,-30032.0095376355
1154,334.1104299630786,-30031.76862383599
1155,324.59899372358444,-30031.280068442593
1156,311.00649144384545,-30031.554905959485
1157,324.56216958360574,-30032.173560465835
1158,315.7630345867183,-30031.84310849333
1159,316.38644266739533,-30032.667480556836
1160,297.6960928061905,-30032.90867975319
1161,281.10004904154147,-30033.267824521452
1162,313.9185906862575,-30032.773649363582
1163,329.05047241338906,-30032.292638913998
1164,294.2942623259573,-30032.645449830547
1165,298.2119699293675,-30032.528689260467
1166,292.73614865822736,-30032.63724395746
1167,282.61411858427283,-30032.90798285273
1168,318.91146098609204,-30033.04231487599
1169,309.5705779837151,-30032.555386082473
1170,313.41824417148047,-30031.95989504404
1171,308.7963240491701,-30032.371476448
1172,290.33178579445365,-30032.353165221914
1173,288.8137118562968,-30032.781465646367
1174,284.84568341443793,-30032.514709449555
1175,312.7127073496692,-30032.03013936935
1176,280.49276273387125,-30032.601255474212
1177,330.20256941137336,-30032.371468147812
1178,293.48289125151274,-30032.42730511596
1179,312.8278260102867,-30032.062438614637
1180,328.7203167729585,-30031.871145187422
1181,296.0176420296921,-30032.4796322708
1182,281.45634462386147,-30032.27851325927
1183,294.11778386404217,-30032.220142157374
1184,313.1535590913133,-30032.7106045999
1185,288.7009396938607,-30033.0049675409
1186,310.73780955361747,-30032.96587095782
1187,290.9188559603522,-30032.944064116567
1188,292.55372929938756,-30032.98161497494
1189,282.5250522132863,-30033.111365169032
1190,267.3429173595796,-30033.119013421256
1191,269.2077914727244,-30032.613746765797
1192,292.88979762465823,-30032.420540086026
1193,320.610543301716,-30032.19545970167
1194,301.082177358398,-30032.457456706874
1195,304.2850698539122,-30032.47562385479
1196,324.99961722493975,-30032.311141429043
1197,295.0832673372786,-30032.209852749103
1198,287.8026702678247,-30033.068276336904
1199,289.9580074931511,-30033.25892599367
1200,267.39378453490406,-30033.836501004207
1201,293.7966579198998,-30033.829674332592
1202,272.89598095000815,-30034.12572923123
1203,262.8094743099138,-30034.69832088407
1204,278.49324983851875,-30034.445801083035
1205,270.4758944161466,-30034.04321259934
1206,299.7410211973139,-30033.986835151616
1207,278.0714981950694,-30033.76486182794
1208,287.9182242901914,-30033.33298665242
1209,285.0920846558814,-30033.367969285384
1210,285.3625023850186,-30032.99211745715
1211,308.79602228909164,-30033.078515187055
1212,326.637167504109,-30033.237297726348
1213,273.0105578439571,-30033.45101067203
1214,308.9767817370957,-30033.579888490094
1215,317.06354011530846,-30033.254192037384
1216,302.9812659773634,-30033.744309668844
1217,299.54023367410224,-30033.099240153573
1218,306.2240639145663,-30032.849377072045
1219,321.18778432690607,-30032.985821285067
1220,297.19460867966814,-30032.452375541794
1221,313.08484885093463,-30032.419341094555
1222,306.0810174234254,-30032.696677187185
1223,275.26323240403866,-30033.11190086945
1224,304.5117981195606,-30032.62820005779
1225,277.80707960764346,-30033.73431477001
1226,270.01403086233984,-30034.085925088082
1227,274.9590579008627,-30034.61163734531
1228,281.1561597573594,-30034.23908822068
1229,273.31522551848724,-30034.339933831685
1230,274.23553777161425,-30034.350296728753
1231,287.7142526026423,-30034.347814428682
1232,291.6607008454427,-30034.14635620096
1233,301.2916063877642,-30033.434680990787
1234,285.99102041565465,-30033.462847077368
1235,289.65937162216846,-30033.053446887247
1236,294.3846957921509,-30032.838517960798
1237,319.39319283623274,-30032.76278117263
1238,330.09445821644,-30032.557744991864
1239,328.9790789171245,-30032.31980137646
1240,319.55398960651445,-30032.245118657636
1241,328.29778898564865,-30031.844522069598
1242,331.76220085464416,-30032.22533947788
1243,317.73938171071234,-30031.79405968557
1244,317.2005033347297,-30031.887511646342
1245,341.06132595919144,-30031.953538990205
1246,330.3289320932835,-30032.10270708997
1247,331.3477150325914,-30032.020782400275
1248,317.0990304579887,-30032.407608116206
1249,331.99663153565115,-30033.104287023016
1250,290.9291795667201,-30033.14302665622
1251,302.39769625028555,-30033.39355827561
1252,283.8402462356344,-30034.020131050347
1253,295.27793971495527,-30033.831974512286
1254,264.48452905296165,-30034.350108898914
1255,291.02744846104713,-30033.68746282751
1256,283.4198094091162,-30033.702440414247
1257,285.18436668930536,-30033.189897788056
1258,284.2949148382142,-30033.088925250267
1259,309.37965574685353,-30033.433171248627
1260,273.7335380596,-30033.618614688115
1261,336.7992344362421,-30033.172596449876
1262,285.0101271103647,-30033.307503300486
1263,293.7994638924285,-30033.550307819216
1264,288.6969011190589,-30032.721864644893
1265,262.5907038026169,-30033.248672186128
1266,266.647879310179,-30033.567903438965
1267,271.8621240398082,-30033.665059275398
1268,289.17947021258885,-30032.879810162896
1269,311.7713360306194,-30032.729283489316
1270,292.9295554405735,-30032.450803380074
1271,276.31163386950317,-30033.029241109798
1272,324.46909751519996,-30033.177823445178
1273,293.17153353392274,-30032.9721417392
1274,307.20558946273155,-30032.709783282982
1275,309.9271169548486,-30032.519193779888
1276,301.42586981447147,-30032.759473852962
1277,305.6689965254969,-30032.47838706031
1278,324.3444836962156,-30031.790291099893
1279,304.1096914560085,-30032.364742005328
1280,315.3454650370859,-30032.572221697403
1281,309.12362336885866,-30032.21100981249
1282,306.69812350216023,-30032.382533778215
1283,297.6343833428455,-30032.38091437818
1284,309.93529485371556,-30031.929147071518
1285,325.49507494014995,-30032.02150145338
1286,308.17409401731777,-30032.314653272784
1287,309.27306706614087,-30032.81081655706
1288,315.84522609662434,-30033.01684992172
1289,298.1598073306959,-30032.87178070222
1290,291.87059664505966,-30032.746615775606
1291,288.27847022898584,-30032.644358600635
1292,293.9944375230034,-30033.025937730934
1293,297.57356049385334,-30033.048439499256
1294,293.9314060647342,-30033.031408290077
1295,277.44785448998016,-30033.350651862143
1296,302.08203767176235,-30033.540064137236
1297,297.75819152077037,-30033.104404217793
1298,305.428155370046,-30032.871082984762
1299,284.4316051470057,-30033.276939132298
1300,305.4604395766313,-30032.020672383183
1301,310.2400695407884,-30032.001661325347
1302,302.22071499218004,-30032.317872455787
1303,305.62707275088485,-30032.045833770833
1304,297.4417873116342,-30032.311475459413
1305,294.691407824143,-30032.91684350877
1306,300.4931440446826,-30032.66934090845
1307,329.78901047041523,-30032.176653691953
1308,303.5652827855309,-30032.31184684146
1309,294.1662024825394,-30032.400581133392
1310,312.52748002138344,-30032.28473632477
1311,294.1020225382597,-30032.83576769556
1312,276.1341031569559,-30032.93794392629
1313,310.49743115988105,-30032.34878977249
1314,271.6357273344866,-30032.797631093767
1315,288.35123033322674,-30032.865209096817
1316,296.6038112221661,-30032.258053525733
1317,287.4300736191272,-30032.099007782508
1318,284.6385645090109,-30032.308912208195
1319,287.79152686213655,-30032.242381017957
1320,278.91172102441624,-30032.41002487723
1321,294.61366112057294,-30032.21174176957
1322,300.29217999979556,-30032.623547166306
1323,305.2030729870327,-30032.280965934395
1324,300.7124339520029,-30031.843586090967
1325,301.0036973701896,-30031.875420041266
1326,306.23457300476,-30032.403803758374
1327,281.7834392212428,-30032.34266107954
1328,318.54651116784174,-30031.779887793236
1329,330.6733058196761,-30031.51798857835
1330,322.9694988469537,-30031.71699347702
1331,320.17802294217887,-30031.797990828618
1332,329.6542744528316,-30031.642888183498
1333,314.8369030767964,-30031.96570251806
1334,324.0079812137049,-30031.943173638683
1335,299.167429994242,-30032.06161736226
1336,294.3537365640088,-30032.313895679177
1337,340.2946493661752,-30032.02920692694
1338,305.01038199590914,-30031.295513747333
1339,344.3121236745094,-30030.71856410562
1340,324.44230469895615,-30031.18630088692
1341,326.47077009378705,-30031.00900548753
1342,350.91957231422526,-30031.10536228089
1343,341.0002489397226,-30030.960914169264
1344,310.3583124117879,-30031.475289284255
1345,310.07703012782156,-30031.589691998048
1346,309.70570900812027,-30031.446563662685
1347,334.9766310353761,-30031.897517159545
1348,309.5528136741508,-30031.893717580533
1349,315.03617017058735,-30032.021303999987
1350,311.25271409052203,-30032.42184210266
1351,299.91227043703316,-30032.291178853164
1352,305.5129690545968,-30032.818196836255
1353,301.90810044644803,-30033.005318395877
1354,288.29262662840944,-30032.40963226837
1355,335.97449047893906,-30032.345408622314
1356,303.62329585659023,-30032.462750828203
1357,276.54343300451444,-30032.98051958941
1358,285.31543732463626,-30032.594848013647
1359,310.660916159697,-30032.18066991626
1360,274.19477045086,-30032.42552723851
1361,301.96286333421364,-30032.502006170384
1362,277.6328429434808,-30033.215201460098
1363,273.17723840842785,-30033.390233383554
1364,304.8491853126956,-30032.77802993733
1365,289.58071103691157,-30033.22141470368
1366,275.78415763725604,-30033.755222593183
1367,275.4734967534603,-30033.555901297463
1368,295.0830268659724,-30033.0223587171
1369,301.025318741264,-30033.038945943998
1370,294.3379737923897,-30033.003740003245
1371,306.6137668496011,-30032.81236170914
1372,294.2850947989144,-30032.90934922442
1373,293.7684254151761,-30033.166312504392
1374,292.5968853737899,-30033.02155955631
1375,277.8436386992254,-30033.364266824716
1376,289.57511578032046,-30033.14928794126
1377,260.92819296834557,-30033.594619732667
1378,291.2075968788957,-30033.143929420043
1379,288.924865304265,-30032.862691424947
1380,321.21414922920945,-30032.82891696326
1381,289.8604841174436,-30033.224236945163
1382,298.79584807669954,-30033.311073624354
1383,285.59819246245286,-30033.415955621695
1384,273.86220917707453,-30033.564640089728
1385,315.25576057013336,-30033.343979224916
1386,296.2262259299735,-30033.10336190405
1387,280.77525199602246,-30033.422369680742
1388,292.6953809620348,-30033.569896351528
1389,292.9762807571398,-30033.48480000531
1390,312.5518681950531,-30033.78022481124
1391,292.24274776166436,-30034.04597351218
1392,289.56905448957104,-30033.86623524484
1393,277.7616558922782,-30034.11630146675
1394,280.98303195543093,-30034.102759891124
1395,270.7824888462346,-30034.221150440946
1396,288.8745014205127,-30034.375660101352
1397,285.1247416448043,-30034.246065057127
1398,280.40635441565706,-30034.355353073195
1399,283.70495122582764,-30033.48833253991
1400,271.5925256718856,-30033.8123751438
1401,275.6743637092765,-30034.109509949154
1402,269.432728910261,-30033.67066428841
1403,264.9900539075004,-30033.982094077877
1404,295.25038722856635,-30033.500627057452
1405,292.21165326613107,-30034.031120212614
1406,283.9996790617126,-30033.3423461356
1407,287.40875622763497,-30033.50969308564
1408,287.3297849580272,-30033.59368423761
1409,299.545444335624,-30033.714345210836
1410,293.5557050464683,-30033.78877927965
1411,304.37174793469023,-30033.465660185862
1412,313.18116676084986,-30032.895466310205
1413,311.82490596096886,-30033.25334462053
1414,307.6015450942937,-30033.02417524121
1415,318.35315284373286,-30032.233905292986
1416,285.6471334211757,-30032.88349100932
1417,301.2326853517407,-30033.303330787836
1418,286.8638922784248,-30033.49001234584
1419,296.5108007602048,-30033.639268101135
1420,287.87943762862704,-30033.525355506346
1421,273.9729251676679,-30033.382204850084
1422,295.68795370793896,-30032.58351757135
1423,286.2272044864615,-30032.706985482033
1424,297.667465206686,-30032.592983980416
1425,284.47085604101886,-30032.459558757088
1426,316.7891563091624,-30032.352798545366
1427,310.63140981104493,-30032.138433452204
1428,272.3796429404708,-30032.53112178719
1429,303.4671752847354,-30032.40803166472
1430,302.9314591180185,-30032.601014521064
1431,342.9700200225871,-30032.140544190104
1432,307.2901636931255,-30031.979168702226
1433,332.07792335678613,-30032.168675779805
1434,338.0740270764965,-30031.580411884115
1435,327.1828501487274,-30032.34680189784
1436,306.26421254895047,-30032.797599416794
1437,303.8038087656053,-30032.600848999828
1438,312.07040613536,-30032.671079943964
1439,313.1287960052844,-30032.412391042973
1440,292.57747315615,-30032.699775702004
1441,340.68605466995086,-30032.427696189803
1442,336.51310416923405,-30031.894541355487
1443,300.33032022657494,-30032.593303730537
1444,308.274049814738,-30032.495766328662
1445,298.0053664325494,-30032.84241047774
1446,324.85416378503845,-30032.252251279624
1447,297.7043715608766,-30032.631130541788
1448,281.41472729077316,-30033.22485861455
1449,309.7086948746048,-30032.940630184716
1450,322.3651423780356,-30032.433164217302
1451,324.26639704764665,-30032.333244672416
1452,337.6700266266398,-30031.658797706474
1453,326.94603062353787,-30031.665179263826
1454,310.987301209458,-30031.89522597102
1455,317.3055420011598,-30032.55287355603
1456,304.1051916829123,-30032.569931805298
1457,310.92423829636596,-30032.789369185808
1458,300.19936568082284,-30032.63366312385
1459,312.52299621816553,-30032.1012538534
1460,301.1065552370097,-30032.533023573844
1461,310.96863126092876,-30033.245298695147
1462,312.55972873462525,-30033.405029729063
1463,286.57106427506704,-30034.069545350274
1464,302.2651560354192,-30034.137082021916
1465,283.2532121949501,-30033.563996884142
1466,287.34664488354673,-30033.37060955947
1467,292.8805664193658,-30033.53795668526
1468,304.7798592579906,-30033.62935984021
1469,275.59063596203515,-30033.693619146965
1470,296.3020515754342,-30033.7128081949
1471,321.5673193309816,-30033.730308268972
1472,295.6753658877621,-30033.447111224756
1473,279.4022873613732,-30033.86660004536
1474,302.134999344133,-30033.499687239146
1475,292.18662105373113,-30033.787600834843
1476,288.80056521616115,-30033.742729418518
1477,290.2801233361699,-30033.508744251227
1478,264.58962006584704,-30033.49984450947
1479,298.12593493730486,-30033.737855719275
1480,289.31934582353057,-30034.016963742382
1481,269.84624971972744,-30034.30297969061
1482,268.75730624370226,-30034.497973743284
1483,256.55152662621384,-30034.11144257505
1484,264.3840074130774,-30034.092838011064
1485,293.1139627941744,-30033.78021114972
1486,301.61033502099855,-30033.717786436817
1487,286.14577655586953,-30033.845725103198
1488,310.0125476031781,-30032.86277669463
1489,337.8787779104241,-30032.538382560615
1490,313.9215451647172,-30032.791154164595
1491,318.78825168527254,-30032.5942007985
1492,291.5530939918237,-30033.109964278316
1493,289.010239939783,-30033.141822604808
1494,297.34603052218125,-30033.288461317927
1495,316.5798489762212,-30032.686118116206
1496,291.77030957385284,-30032.33113594125
1497,320.44284284014424,-30032.060949801864
1498,299.4834751571021,-30032.534242531416
1499,321.30623123224706,-30032.11569418027
1500,309.9804884853449,-30032.275681709973
1501,319.2061740834716,-30032.32406321246
1502,308.98566955695435,-30032.43318353797
1503,318.200498838934,-30032.08535009655
1504,312.8483185039355,-30032.009195658746
1505,321.87374817284564,-30031.980515845135
1506,314.4774111453175,-30032.250014981957
1507,306.54269631247246,-30032.028969281433
1508,318.51612657998817,-30032.116579375244
1509,315.381772760176,-30032.39358624055
1510,309.48349211840343,-30032.45207862176
1511,306.26665578693434,-30032.43621065573
1512,301.29597644027916,-30032.95410378521
1513,294.5172362901132,-30033.034447332466
1514,302.77707048516703,-30032.12242424947
1515,284.0762742683417,-30033.051382702553
1516,295.45256774915293,-30032.39795310921
1517,288.7083930128458,-30032.21376694009
1518,303.8389096037864,-30032.117555995337
1519,286.2248221135587,-30032.662122732552
1520,307.07993333392136,-30031.884776805648
1521,314.85161542001634,-30032.260259263432
1522,267.79218246835285,-30033.488722974605
1523,270.4453960461826,-30034.29787575518
1524,264.5154109379217,-30033.87082685003
1525,285.15765767264094,-30033.669076275066
1526,289.4501264464004,-30033.230514915474
1527,278.9223456392441,-30033.169526821483
1528,306.5881367686244,-30033.17041966922
1529,289.4565962178872,-30033.79285434926
1530,286.56441803146305,-30033.55603842116
1531,289.3545954728191,-30033.26413579471
1532,287.61759970441136,-30033.18029127674
1533,284.0654932020991,-30033.414931516098
1534,285.6107902984334,-30032.804314844718
1535,326.60272653689935,-30032.072136854218
1536,320.2542762394648,-30032.391801506044
1537,304.879866977115,-30032.154221607503
1538,298.6412099240189,-30032.529755170322
1539,289.85326831626725,-30032.704884776278
1540,289.6998659170632,-30032.972363778426
1541,275.5674503780205,-30033.233257064734
1542,289.93525215676124,-30032.94503760859
1543,293.1535421741348,-30032.888603872172
1544,322.4714324229848,-30032.133651320386
1545,314.02503982445586,-30032.317882518302
1546,303.25900438881433,-30032.405385531565
1547,311.6585829572109,-30032.3941911601
1548,310.43626838633946,-30032.299526454786
1549,306.7467546962394,-30031.94577997855
1550,294.19941836158944,-30032.12241303465
1551,319.5126034227962,-30031.943411401277
1552,329.3316691582529,-30031.598160198108
1553,308.5822641163464,-30032.263507718442
1554,312.06611136818333,-30032.341108406115
1555,289.7922011417186,-30032.610697211003
1556,309.74115206587976,-30032.20154341502
1557,306.58286884329004,-30032.750628533122
1558,307.7011119612511,-30032.58615732453
1559,295.19401779448503,-30032.808666654073
1560,278.8796320523913,-30032.557305633494
1561,283.5670796181164,-30032.79448860025
1562,285.5259050357091,-30032.968530894646
1563,274.09588074570803,-30033.490481474448
1564,291.67454940577255,-30033.261246883616
1565,289.0694227006375,-30033.786838187294
1566,269.6921010973788,-30033.590008462455
1567,271.546033076217,-30033.110403992916
1568,308.22363574566776,-30032.69233000056
1569,306.6274072202062,-30032.226085683633
1570,319.7338046324052,-30032.41057789926
1571,306.896319535819,-30032.170583716616
1572,302.0397405441046,-30031.8926763636
1573,298.16337103960836,-30032.369739133406
1574,322.36193765022557,-30032.31215000195
1575,298.33880160081304,-30032.246244688286
1576,298.1560334280352,-30032.453905612598
1577,304.34357347096307,-30032.77495316721
1578,303.81966003695896,-30032.016471229377
1579,347.2249618964372,-30031.98221104479
1580,309.14560943675997,-30032.104995414207
1581,309.5032272116175,-30032.299245087965
1582,329.6702056756068,-30032.49796155382
1583,307.4456337852647,-30032.89523213426
1584,289.6293691496643,-30032.87841023595
1585,312.81012473772677,-30032.50428417325
1586,324.9571538442022,-30032.73016403146
1587,269.83372170084476,-30032.52008748487
1588,318.3055645116085,-30032.887430085997
1589,304.8520940778773,-30032.785770247854
1590,318.186117981719,-30032.407972624387
1591,297.4449299244877,-30031.944209966325
1592,320.1923107002548,-30031.924589361304
1593,311.6492567400231,-30031.99989136733
1594,325.602075772711,-30031.6946271662
1595,335.40398149091516,-30031.859567463816
1596,327.99220245061326,-30031.55327796414
1597,307.67788157357927,-30032.418765104234
1598,309.0331955649934,-30032.803097791715
1599,322.383397718258,-30032.590914282886
1600,306.6752330492124,-30032.924117496448
1601,301.20044801760383,-30032.67327147614
1602,319.5029895531466,-30032.39482187244
1603,307.3046305791713,-30032.40068466433
1604,315.4679260495198,-30032.893401220852
1605,284.5625022620829,-30032.724862414296
1606,285.1646851564501,-30033.131792492593
1607,277.3523684869746,-30033.474115375302
1608,282.9053796245313,-30033.775754362046
1609,295.1559459445799,-30033.42289276787
1610,279.33296704077145,-30033.45816418093
1611,272.72552160450334,-30033.65339717616
1612,282.29507137019533,-30033.392463438213
1613,288.5094282464039,-30033.51167358003
1614,327.3753405362399,-30033.27952468846
1615,325.0147149843536,-30033.170141734186
1616,279.7333689120988,-30033.571273917776
1617,278.0762737698866,-30033.48544643315
1618,266.6212759801004,-30033.883016803054
1619,275.9552066473214,-30033.59277438901
1620,268.328938265196,-30033.49102681681
1621,281.5951520538442,-30032.849287098772
1622,284.69971275368056,-30033.10622276148
1623,263.04580542615196,-30033.43269001437
1624,270.4416824247962,-30033.10656166951
1625,285.02954295292335,-30032.588271439825
1626,287.84430505914105,-30032.920758673343
1627,282.5857617467989,-30032.982905360208
1628,309.8796859612409,-30032.229355293082
1629,285.9629172842167,-30032.367841413394
1630,305.7381295267927,-30032.209093198613
1631,296.34645158193763,-30032.612096904475
1632,295.1342852790152,-30032.179289715346
1633,327.0017317385324,-30031.96457812849
1634,305.94155904333434,-30032.0126382529
1635,318.3801402925117,-30031.877766770875
1636,321.61199706193815,-30031.465527586006
1637,319.79843063246193,-30031.69217714192
1638,331.804201353554,-30031.818047113222
1639,337.0930895067835,-30031.583272330783
1640,329.34684263070096,-30031.613408624213
1641,302.97215115387684,-30032.287504629727
1642,302.6292028388751,-30031.848750265613
1643,325.3451917590367,-30032.46662749088
1644,304.48080363092515,-30032.252016151262
1645,318.25684666972217,-30032.37301416108
1646,316.6313561637443,-30032.22780856539
1647,287.1725496771786,-30032.654227113875
1648,270.920507909426,-30032.838818846067
1649,266.21207439133116,-30032.457625456816
1650,297.8561183340052,-30032.49845825382
1651,283.4312218248964,-30031.952157181924
1652,266.08545299298754,-30032.46662731046
1653,287.93106588447284,-30032.20766795087
1654,287.5709410958641,-30031.562308620956
1655,316.79765687442017,-30031.65336882909
1656,287.24372013711456,-30031.935663936707
1657,296.1601932515607,-30032.49562569721
1658,302.4350300092475,-30032.40825672969
1659,298.3320798928544,-30031.638989632036
1660,311.94950376011093,-30031.047127363396
1661,324.21848228150674,-30031.62349631684
1662,316.1216206087734,-30031.461162262214
1663,305.899000311241,-30031.74416322174
1664,296.8308032034024,-30031.91843568386
1665,308.88359913007514,-30031.92399796278
1666,302.17439310941853,-30031.774100193168
1667,298.87965673340364,-30031.97500929354
1668,286.8387452793882,-30032.051183316835
1669,310.17165733873236,-30031.888124798315
1670,283.44659022937645,-30032.047478895223
1671,308.65456946357415,-30031.26366637574
1672,307.8749145456203,-30032.115047032396
1673,307.58208022750154,-30032.38793956855
1674,285.0439164576451,-30032.783227219457
1675,316.25190120228854,-30032.764569594994
1676,276.9687361629911,-30032.593011328318
1677,274.17763651389123,-30033.006030592038
1678,268.33404000735953,-30032.867853327225
1679,261.6336489039768,-30032.969689914782
1680,271.12671388922746,-30033.347373119337
1681,311.45615856973535,-30032.510543035605
1682,305.58632195843825,-30032.52145449539
1683,281.9811527440203,-30032.577988617853
1684,293.21993507510604,-30032.447503014042
1685,299.45757548692194,-30032.866916557134
1686,306.2900171582458,-30032.753990250287
1687,296.8210359941612,-30032.600318710593
1688,304.43622689803084,-30032.17499745267
1689,299.9368199000171,-30032.204632086767
1690,317.29342238696404,-30031.70551808954
1691,333.2206735139644,-30032.081721357685
1692,299.2894698516828,-30032.222651087894
1693,281.844387998126,-30032.198570333196
1694,304.95724907019235,-30032.001910520576
1695,288.65512469852604,-30032.230713948393
1696,278.5703725550348,-30031.912637058293
1697,297.5274795821351,-30031.64333313124
1698,296.0593351927816,-30032.017660033573
1699,334.8789615464662,-30031.288612987264
1700,323.27190413244824,-30031.820816534448
1701,292.5535528742749,-30031.883963103443
1702,309.7081285142376,-30032.415253615596
1703,300.1967120099092,-30033.110291482415
1704,319.5973888949202,-30032.870994702942
1705,303.05720291217034,-30032.972893822727
1706,296.94702704437447,-30032.882348125877
1707,321.3313787163894,-30032.558429447236
1708,305.5200281432714,-30032.49184976942
1709,303.88528085676865,-30032.65156140769
1710,290.76288079244205,-30033.432310094464
1711,300.80749748288326,-30033.39200806268
1712,275.7066980420529,-30033.97589497855
1713,284.5247448948058,-30033.77658072329
1714,310.2105511586,-30033.03559703494
1715,299.0063474486489,-30032.651552594598
1716,316.05827168048165,-30032.345546950302
1717,320.7567263553907,-30032.2230817436
1718,303.1405446771422,-30032.03918482919
1719,301.27874596056427,-30032.58148453473
1720,308.0104403082371,-30032.55113669103
1721,297.437721590606,-30032.729545112117
1722,305.23606618152246,-30033.19225648722
1723,284.3986722561397,-30033.152756457865
1724,295.37349381541145,-30032.99171243409
1725,316.6123004072531,-30032.923593989464
1726,301.36043366102075,-30032.84117596662
1727,298.2901750481102,-30032.382217122762
1728,276.8974456614956,-30033.215874359666
1729,277.2210887068694,-30033.641435965248
1730,296.28345566799055,-30033.695691581484
1731,303.09631829046356,-30033.188719935733
1732,282.48803759706925,-30033.657205669497
1733,291.01297738757603,-30033.57454071933
1734,274.4163986212853,-30033.634870640217
1735,286.17326038633394,-30033.73762113693
1736,280.69874404236197,-30033.877393448354
1737,286.29365000797605,-30034.45143019297
1738,263.81848184266045,-30034.263123174547
1739,303.9068412114669,-30033.73110444972
1740,290.8814389277995,-30033.659836479168
1741,316.69778179348066,-30033.47225377
1742,335.92428583580323,-30032.7138420967
1743,333.5468168286228,-30032.020892786808
1744,338.36549184474546,-30032.05560021233
1745,313.0846336544514,-30032.515049560283
1746,301.93810942104204,-30033.080745510804
1747,307.20520459294295,-30033.262527209645
1748,299.1650225945866,-30033.70230210889
1749,272.84738702677464,-30033.75974773091
1750,277.5839567633005,-30033.890242837984
1751,295.5658844502157,-30033.859984575367
1752,278.39257376041564,-30033.346737153017
1753,317.16746684782214,-30033.01919091795
1754,310.67850234816206,-30033.22710846379
1755,295.22423515293866,-30032.921197972348
1756,318.80531215529743,-30033.187527393267
1757,282.64359204633894,-30033.72561075796
1758,310.84106296432935,-30033.414480298827
1759,294.15376212007584,-30033.748546127204
1760,293.6697189551165,-30033.37384031757
1761,288.1512090511679,-30032.94243883227
1762,283.17746082604094,-30032.4037674999
1763,304.8964828922944,-30032.98974673519
1764,316.3248469103092,-30032.122134234876
1765,290.16853812006303,-30032.21073231323
1766,266.4039624126558,-30032.40403507191
1767,307.71246653552544,-30032.48626615271
1768,301.2589101787233,-30033.087836192404
1769,291.9210526358211,-30033.6926291883
1770,312.06427194882957,-30032.93099780666
1771,308.5487352849342,-30032.647152334008
1772,325.4998005418084,-30032.581931048815
1773,298.7589396469249,-30032.491677114493
1774,315.53466114254024,-30032.549948120228
1775,309.4498974432881,-30032.41189674643
1776,298.53212956555785,-30032.73363419199
1777,310.8809753549586,-30032.706458506655
1778,300.67420927020527,-30032.43633162273
1779,301.02509682683825,-30033.15223270145
1780,300.3960710386019,-30033.89831255771
1781,295.0192634671646,-30033.55714431648
1782,297.82948317372484,-30033.661228657867
1783,262.7338909677758,-30033.770509204754
1784,277.51649617364836,-30033.86066706892
1785,287.1591434582517,-30033.78151295323
1786,286.086889398222,-30033.51710843446
1787,295.4430194143652,-30032.86694007894
1788,300.89216031424723,-30032.511000658036
1789,292.3648985302976,-30032.99020761023
1790,282.4733571270059,-30032.6067887581
1791,290.65826882844806,-30032.64193759491
1792,289.0832566180543,-30032.80211985836
1793,259.2385699399553,-30033.767412022236
1794,307.961029159139,-30033.59337859755
1795,279.0721357076895,-30033.90213746984
1796,312.57115362310645,-30033.484824312192
1797,306.9017907625093,-30033.586463557196
1798,275.7772132710536,-30033.138207437845
1799,289.2553277066798,-30033.35839628833
1800,278.70597578557977,-30033.536224794334
1801,312.3281501383987,-30032.42054265114
1802,315.2062689394251,-30032.56591062882
1803,288.8919466152416,-30032.636945898055
1804,294.7924908245956,-30032.832303589825
1805,282.31329360017793,-30032.84708932552
1806,304.3623241633357,-30032.936597189186
1807,294.3329383968086,-30033.091755596248
1808,287.324537139469,-30032.974673852506
1809,313.987276402766,-30032.465304102556
1810,325.4887750583316,-30032.463064053285
1811,306.1976532023956,-30032.236751280758
1812,319.36971833955755,-30032.27312938561
1813,294.247441089193,-30032.83606496085
1814,300.1161814877503,-30033.10252445678
1815,295.69711639271145,-30032.78055579765
1816,288.95643400490366,-30032.940032955732
1817,284.8704299128962,-30033.19768904315
1818,301.2110798169521,-30033.155429492082
1819,329.601227474178,-30033.45279844871
1820,306.07622889347607,-30033.171405403496
1821,277.7680194833833,-30033.41692478571
1822,284.9803476993009,-30033.85707048827
1823,287.8421779158841,-30033.704014589595
1824,280.39692125171297,-30033.640743434622
1825,286.7178202382195,-30033.59324692379
1826,299.4801114513371,-30033.17885726157
1827,296.91655995922787,-30033.262010505296
1828,290.1778880181693,-30033.116750268287
1829,277.6279005216699,-30033.033683495683
1830,309.5995071678607,-30032.808574370545
1831,314.58492407234144,-30032.43679986066
1832,302.23257292660435,-30032.81562504162
1833,323.7443179041753,-30033.25245158633
1834,319.5239483730295,-30033.30250484331
1835,307.2509421731606,-30033.691079598433
1836,285.9746859549398,-30033.416377464568
1837,301.8326769568973,-30033.149768374355
1838,301.8068352014829,-30033.88869096275
1839,310.73613567755626,-30033.14364687493
1840,314.700042889884,-30033.06675535205
1841,307.28804632460117,-30033.04562750089
1842,301.238063441673,-30033.523900439875
1843,298.19413706855505,-30033.669756834825
1844,287.8291071936684,-30033.80785460262
1845,293.432623021362,-30033.68441204344
1846,314.58731385744625,-30033.339084301188
1847,286.0450825527891,-30033.621661618043
1848,310.272790543583,-30033.5496773834
1849,310.6326151659987,-30033.30637228781
1850,297.2058358595686,-30032.78022190664
1851,302.80815519591374,-30033.199777791877
1852,271.50062828646895,-30033.076374594966
1853,283.69170224908663,-30033.010145726843
1854,322.6880297810773,-30032.58140082635
1855,317.9605409383344,-30032.60302410046
1856,311.74478206100497,-30032.81197375338
1857,296.6801879632716,-30033.23662676454
1858,297.4702378416305,-30033.29319125168
1859,292.77511359356225,-30033.528855054145
1860,285.35709644605436,-30033.738345371265
1861,269.08368493611744,-30033.263311205825
1862,314.2569960819341,-30032.319938348464
1863,311.9789158954604,-30032.368663040626
1864,293.71073019291714,-30032.136494379305
1865,305.92622577773034,-30032.686846917528
1866,279.4354384990722,-30032.891167928363
1867,317.68821685354465,-30032.27384511546
1868,291.50766067140285,-30032.077888713437
1869,295.21287187413395,-30032.550386235194
1870,296.3132175015822,-30032.896124829935
1871,290.59756105094027,-30032.815319235156
1872,285.4116334590289,-30033.049491876507
1873,296.33641220534656,-30032.409221060832
1874,296.9902474803776,-30032.301197359924
1875,292.648854063387,-30032.742926051975
1876,278.6559199247614,-30032.90660770125
1877,276.73750740418836,-30033.43273431816
1878,275.9713993871292,-30033.25057564403
1879,294.19808250705694,-30032.68885243777
1880,303.23919371752015,-30031.98790844105
1881,307.8320850858185,-30032.15712559513
1882,294.5355126462284,-30032.55743125148
1883,306.728874033322,-30032.200129989258
1884,309.14970626251863,-30032.04629998955
1885,319.91880338131125,-30032.095439741708
1886,280.16443268650704,-30032.445341440227
1887,280.59544984310884,-30032.309644494635
1888,297.3108546657101,-30032.488553059215
1889,301.21526143013216,-30032.518606963178
1890,280.63855964722325,-30033.347637099338
1891,279.07847786635904,-30033.095339445706
1892,295.2767597973665,-30032.986300670378
1893,289.31960072583036,-30032.75719179124
1894,272.7181587925471,-30033.511001780775
1895,284.2300402658781,-30032.487019676653
1896,288.4128005942115,-30031.861727926538
1897,343.4370841244024,-30031.648483884623
1898,302.0095646593765,-30032.231315891033
1899,282.1894855031702,-30032.8130526089
1900,286.3947897283718,-30033.062201366352
1901,292.84555758864116,-30032.96460678132
1902,283.7673479709054,-30032.934049608022
1903,286.9865980770328,-30032.867826419206
1904,297.86749850623096,-30032.742316446715
1905,290.2962448862135,-30032.840375398027
1906,270.07167931481627,-30032.8188693739
1907,265.91792254279727,-30033.08406631632
1908,261.40922875252437,-30033.18424392921
1909,301.3624815970456,-30032.718078266123
1910,263.02585017760794,-30033.32966963696
1911,300.26012803284004,-30032.72199887918
1912,279.73591882143694,-30033.205976259353
1913,305.7007121043498,-30033.020568695887
1914,273.33024958573304,-30032.880576590716
1915,296.39634654450094,-30032.796405490717
1916,308.22142222541925,-30032.944338060508
1917,289.12306848085615,-30033.074569311077
1918,266.8148778041674,-30033.204383885142
1919,278.05545926198636,-30032.90393175576
1920,277.4730061250948,-30033.00823077609
1921,277.18399801369264,-30032.654075228784
1922,266.4527879827825,-30032.52001082324
1923,299.8178389398375,-30032.412663070692
1924,319.2145456471342,-30032.398074197736
1925,323.33828742947213,-30031.924637789663
1926,282.6978302576459,-30031.88246780384
1927,295.10988396583815,-30032.133020304977
1928,276.3440822617133,-30032.151482683475
1929,280.01854601062644,-30032.57786829282
1930,299.314558382909,-30032.438825317946
1931,268.2986843161924,-30033.011308906636
1932,289.01242407887,-30032.49333089904
1933,279.6228423830052,-30032.49198570538
1934,281.3840363965364,-30032.891635923443
1935,293.2500969096973,-30032.235816960303
1936,316.8612651397493,-30032.0658527048
1937,304.8673651602404,-30032.213125626487
1938,286.60751850590356,-30032.287390632406
1939,301.2553585559787,-30032.32815871126
1940,313.6252735225731,-30032.456710132952
1941,302.96460438981813,-30032.49472317465
1942,275.4530961914953,-30031.8747669718
1943,315.11306822796524,-30030.796739300815
1944,340.45592264164253,-30030.990048211086
1945,326.2411662847337,-30030.877985024512
1946,309.8137337704589,-30030.81302333871
1947,310.0718307183542,-30031.38474291153
1948,307.9298734222641,-30031.133214317866
1949,316.5215868962519,-30031.394595309343
1950,300.35370834800796,-30031.706004536212
1951,308.5849641451175,-30031.993909459365
1952,285.7439875081697,-30032.10764979317
1953,307.65026608631064,-30031.37843483795
1954,311.4227937359581,-30030.857074206095
1955,314.96923602570627,-30031.228043290663
1956,332.60209058747796,-30030.725979543928
1957,328.2992665583809,-30031.188235399328
1958,290.9029553806149,-30032.323364985747
1959,293.67316743877524,-30032.67844223341
1960,266.90436813325346,-30032.792006672087
1961,273.76033642795807,-30032.854277733586
1962,274.5950635773442,-30032.954655299174
1963,297.69104523009617,-30032.834586273482
1964,294.5791579426572,-30032.14423869138
1965,255.20440964910838,-30032.22104707979
1966,303.94722925164734,-30032.245727102916
1967,309.6977245312981,-30031.954574320724
1968,297.35395770669044,-30031.747248956763
1969,308.33372941322574,-30032.232566455674
1970,291.7109728910182,-30032.13729605379
1971,287.72147196573405,-30032.624979009168
1972,288.69616396244953,-30033.22774231458
1973,255.5362243399885,-30033.218671507202
1974,264.7585504468713,-30033.581589510246
1975,291.9192756698808,-30033.374313913886
1976,302.4781203685729,-30033.64546856697
1977,301.20875956189724,-30033.17892457597
1978,317.7521174293632,-30033.02225923663
1979,293.8611831080514,-30033.210885452194
1980,299.11232481450514,-30032.996578707724
1981,305.0288547595346,-30032.798961541925
1982,276.8428149537417,-30033.03168330473
1983,302.1522514705046,-30032.3508215774
1984,292.8874635699732,-30032.340519887388
1985,275.0723926473533,-30032.556090238617
1986,305.08018608825813,-30032.559406355558
1987,293.72224010189933,-30032.311989977406
1988,323.1861483162475,-30032.205757314692
1989,293.207942253863,-30032.617722525814
1990,282.8519540187561,-30033.034892773994
1991,302.0233373313977,-30033.01808345708
1992,290.9107529473527,-30032.87590584143
1993,293.2725981169332,-30032.541899152337
1994,288.22504865501776,-30032.573418787524
1995,304.0889297333419,-30032.64455414292
1996,293.6934560338658,-30032.750204337855
1997,309.14932181862827,-30033.206465780644
1998,275.41779678927094,-30033.195955529238
1999,281.29048693619336,-30033.02286387566
2000,275.75421964846447,-30033.226668716536
2001,272.7861438106995,-30033.739783284618
2002,257.06012363335765,-30033.7238202596
2003,256.7317875850023,-30033.45853137455
2004,301.3508479727903,-30033.347273238378
2005,260.08066732911516,-30034.051200423866
2006,280.7732120251138,-30034.129451558558
2007,266.53894322010547,-30034.062794505193
2008,272.2699985594237,-30034.18423355672
2009,296.4929351802768,-30033.782289612514
2010,294.9188358227115,-30033.79401172086
2011,290.64317295533544,-30034.081765367955
2012,294.03703287120703,-30033.327614978356
2013,306.270242009871,-30033.18807477817
2014,297.0279690424061,-30033.606901814543
2015,298.91722914700097,-30033.45063932471
2016,314.2966301731546,-30032.6002047131
2017,306.4181832522405,-30033.088700060525
2018,304.18251734399837,-30033.062153368894
2019,280.1008425756622,-30033.49184148896
2020,289.8827347195749,-30033.284231606693
2021,299.72866081380084,-30032.60042316052
2022,292.8988898889586,-30032.803126935018
2023,318.27696980870115,-30033.1674366218
2024,278.3505756729843,-30032.92590445783
2025,305.1401929369467,-30032.764948360906
2026,313.74967662311053,-30032.729013332828
2027,297.77282996447997,-30032.309119047193
2028,287.449881134706,-30032.350469326342
2029,302.6447266709106,-30032.920630621524
2030,288.46346771054914,-30032.655392349534
2031,293.3905848358311,-30032.568267843402
2032,281.8778030301808,-30032.88328791689
2033,310.81003502581837,-30032.899625347454
2034,299.6162526907593,-30032.839541020356
2035,290.8966615368233,-30033.001255560805
2036,309.3502296822028,-30032.474917167092
2037,308.5246415652057,-30032.28446903981
2038,279.7523883886957,-30032.164551894093
2039,287.8059045043722,-30031.890461694908
2040,323.89482211637676,-30032.34637263613
2041,298.95888521916976,-30031.873433633
2042,324.7448263804806,-30031.319417930637
2043,332.3060957220113,-30031.309497393268
2044,314.02580297483155,-30031.478019828504
2045,302.8806912464481,-30031.594461973604
2046,292.9511180153125,-30031.792065117006
2047,337.25485125626915,-30030.997226492018
2048,329.0296610758494,-30030.51971790793
2049,309.10230886825593,-30030.82286691888
2050,321.55328627920295,-30031.05878154001
2051,311.1331587655827,-30031.569340466118
2052,321.0636711743624,-30031.215464014287
2053,302.8948700957362,-30031.480828834177
2054,286.9084666635906,-30031.1607811027
2055,317.9602491488448,-30030.976078217063
2056,319.46420397569455,-30030.614534449465
2057,332.062572860141,-30031.01280674707
2058,292.08952309958494,-30031.20407310326
2059,292.56619011320896,-30032.141461973566
2060,300.0768179586134,-30031.439438877354
2061,278.5267901801279,-30030.864890556808
2062,302.66136766155205,-30031.297170751895
2063,311.5567040950706,-30031.07445395567
2064,279.9778942401077,-30032.178486559857
2065,289.3942253620034,-30031.681121013633
2066,319.9332179094027,-30031.626332003227
2067,268.5016242176224,-30032.11955361215
2068,310.8952796295393,-30032.186572254435
2069,287.3495911306732,-30032.196708314772
2070,287.1657828242328,-30032.203223178032
2071,306.61099838454163,-30031.861258541663
2072,313.22705119675305,-30031.999796304342
2073,307.1776399834088,-30032.745633180682
2074,283.9773007956715,-30033.003057767426
2075,273.64934715225803,-30033.362891630593
2076,272.591200007075,-30033.04735575766
2077,263.39751536402645,-30033.220836308305
2078,316.36146130137143,-30032.621225542163
2079,261.6807220506693,-30032.8415685326
2080,268.49297333093494,-30033.483049559087
2081,274.0778044697122,-30032.75460196486
2082,291.7834074118961,-30032.53002963027
2083,281.14327483350274,-30031.88784549758
2084,297.3632490714159,-30031.4052214895
2085,307.527144325969,-30031.465474837885
2086,321.04133478484204,-30031.288283981823
2087,285.0208686436807,-30032.19590859306
2088,274.4791047292883,-30032.609876905586
2089,262.12479253514863,-30032.69968825567
2090,276.77580879989335,-30032.953268132514
2091,312.3194752021427,-30032.42857044494
2092,292.3291960576335,-30032.194218671033
2093,298.72037425506466,-30032.019977976972
2094,303.813927330263,-30031.930676003187
2095,301.8303660783349,-30031.954513225537
2096,309.5466602079271,-30032.413401546713
2097,291.0699631344324,-30032.332892077116
2098,315.29972055159277,-30031.694450729992
2099,292.24834388089494,-30032.06536587819
2100,260.1363570203207,-30032.866224572048
2101,291.17453425501435,-30032.51389059031
2102,291.73302433805753,-30031.77151440793
2103,270.1707062309169,-30032.33398985767
2104,283.9952326483631,-30032.608081486294
2105,295.8992105565922,-30032.3009308676
2106,294.3757069464365,-30032.092647295172
2107,284.6082541038384,-30032.19052382414
2108,278.7201283783354,-30032.305404806542
2109,268.58559606593064,-30032.73465710626
2110,303.8005142730071,-30031.83139951225
2111,315.9654492560194,-30031.593944359007
2112,297.91150905977076,-30031.9931773217
2113,307.1100275574006,-30032.13988930488
2114,328.36892268839,-30032.010725429667
2115,277.7636551210098,-30032.41117372507
2116,288.8083105367647,-30032.867537195838
2117,282.50931765723,-30032.365661917847
2118,288.9048965014009,-30032.695218258927
2119,259.03642923069134,-30032.592741232445
2120,286.73383269080836,-30032.20222452816
2121,291.70343232367094,-30032.85623319492
2122,279.5590895610431,-30033.126380417263
2123,298.7955890513775,-30033.193892552823
2124,308.7745239439509,-30032.70404873108
2125,327.83443698193406,-30032.28570899856
2126,300.13121508675164,-30032.64121385425
2127,297.15985231902744,-30033.17589437207
2128,290.8285444640493,-30033.16700858428
2129,311.57867251387285,-30032.6715649954
2130,303.02781455711863,-30032.364248180318
2131,316.68758187924965,-30032.333835035566
2132,291.2383676560839,-30032.049415753623
2133,296.0320853497079,-30032.135523817764
2134,297.1142566526108,-30032.30397908628
2135,282.29455605479814,-30032.255757477265
2136,322.97040895425823,-30031.52947089006
2137,307.67018199405686,-30031.198253066716
2138,323.8813952662091,-30031.057643362506
2139,334.417796841129,-30031.42701125705
2140,317.2268085765339,-30031.898577555185
2141,327.6037361292797,-30032.141043886873
2142,310.0929104482519,-30032.192813506663
2143,343.4077011598867,-30031.82694748343
2144,336.80510215761,-30030.67049770029
2145,313.9080138740135,-30031.03563060797
2146,332.92613042565154,-30030.661296926944
2147,341.7443054322166,-30029.715885741174
2148,345.1316394707534,-30030.051741060222
2149,309.48695098941437,-30030.996914654806
2150,282.2622234615003,-30031.389372404697
2151,321.3419062574915,-30031.464418175652
2152,350.4369562527064,-30031.29116792853
2153,281.2319782207799,-30032.000878439772
2154,309.9212653808311,-30033.23222962873
2155,268.98383628620076,-30033.269695490766
2156,293.3867053099568,-30033.080082875134
2157,297.4246258540451,-30033.057995120947
2158,311.71454725408137,-30032.81077099314
2159,294.4255508830558,-30032.460550897773
2160,283.35584922602214,-30032.8309808974
2161,275.0224773317624,-30032.903032157497
2162,304.15008488501894,-30032.625458274786
2163,307.3253427650971,-30032.644311256136
2164,297.7234263114927,-30032.603313892676
2165,276.1657390627072,-30033.040674414184
2166,298.267577303592,-30032.47848107658
2167,323.59110878360514,-30032.537503916705
2168,328.3574234688375,-30031.79030769128
2169,313.3481023339169,-30031.88937019295
2170,293.71567666313825,-30031.749652868246
2171,316.12280252292703,-30031.996289179577
2172,307.6944489694061,-30032.37733831107
2173,312.26180010683134,-30032.314767445343
2174,295.5137255082255,-30032.32026342637
2175,293.4544075322106,-30032.28152764738
2176,300.0497528633902,-30032.531907451492
2177,297.36063392081695,-30032.192395767073
2178,321.35233371678413,-30032.25712813789
2179,339.7858067702125,-30031.90902283739
2180,302.60838998002635,-30032.540673047297
2181,319.10743094934804,-30031.59604506081
2182,321.1756473504696,-30031.65604437447
2183,327.7126208283293,-30031.007482221063
2184,337.5185156533866,-30031.32662039238
2185,296.2803831307422,-30031.66842408544
2186,338.0087218129414,-30030.98437637436
2187,323.2073604678894,-30031.230621498395
2188,296.6353442863655,-30031.83734906594
2189,295.83409763190963,-30031.638484334395
2190,321.99707147784466,-30032.426673968283
2191,286.6242785914702,-30032.351427807087
2192,313.42788513121883,-30032.520202650554
2193,304.0870369515188,-30032.294991742812
2194,324.65979005780525,-30031.411372104558
2195,324.28170042639596,-30031.53013049952
2196,307.3590913827384,-30032.192301810934
2197,295.39791646106846,-30032.379778190036
2198,310.62191759792387,-30032.374997154107
2199,292.03792396269125,-30032.61550993607
2200,310.81954732273084,-30032.276342397112
2201,316.5410524811752,-30032.67536221418
2202,316.7185020663016,-30032.239317661104
2203,313.911086402048,-30032.502351229243
2204,295.3531681852601,-30032.65627937378
2205,299.71865904267275,-30032.78621825859
2206,280.71112923187866,-30032.65247669882
2207,295.6589400195297,-30033.000253255497
2208,309.08383416321874,-30032.538169172472
2209,312.53047976934755,-30032.37450562729
2210,298.54238582610805,-30032.053692153026
2211,308.8554530035279,-30031.852430865853
2212,302.10859822451,-30031.752295584793
2213,310.7941022206596,-30031.9566613914
2214,302.9893039904471,-30032.09567268215
2215,304.28017876619424,-30032.288245241372
2216,305.1449632997788,-30031.917173720463
2217,305.0600859682759,-30032.331389573552
2218,284.246992160196,-30032.787380216043
2219,318.96714785238817,-30032.72452659428
2220,298.6312031284925,-30032.944066018088
2221,307.07547592318105,-30033.117309304274
2222,284.67983450534996,-30033.626247348082
2223,294.8467577804816,-30033.516503672323
2224,299.56360663570695,-30033.43459758548
2225,291.48321301265617,-30033.316776703265
2226,303.89862008104086,-30033.282089731005
2227,320.28753317311515,-30033.207382388413
2228,278.7590645775064,-30033.1188916164
2229,321.8619059150079,-30032.91245037024
2230,310.7790875301731,-30032.716799649657
2231,315.9277084409662,-30032.38980288221
2232,309.7405475856265,-30032.834370916957
2233,292.87614051641845,-30033.20017590193
2234,286.81964808981564,-30033.393454144192
2235,311.8817876251841,-30032.93162043643
2236,310.2321518067946,-30032.962795326966
2237,303.85438223891646,-30032.853500121848
2238,291.4379069936767,-30032.985869854027
2239,273.54056390639886,-30033.433950778548
2240,293.6646122214426,-30033.125920181035
2241,307.0260880873582,-30032.974003757205
2242,302.3256220091907,-30032.782065757736
2243,304.79696784723853,-30032.720732115762
2244,305.0179860419991,-30032.61563753079
2245,322.5725269335378,-30032.547157990783
2246,315.9079791415359,-30032.532870647214
2247,297.53953850583787,-30033.08053385394
2248,290.6387520514217,-30033.372890710554
2249,296.8656946911728,-30033.51913225001
2250,313.65394714859553,-30033.307561013444
2251,328.89436360182606,-30032.464481958647
2252,333.44200256948284,-30032.0371659328
2253,326.75307548912645,-30031.59184300725
2254,338.3657194257734,-30031.809500814245
2255,287.70954009000883,-30032.306915758403
2256,314.30598667647155,-30032.65856625423
2257,276.81532523524993,-30032.758928042127
2258,295.6914617193563,-30032.882258634832
2259,310.1228935836976,-30032.861991262864
2260,308.21898880941706,-30032.42291407781
2261,290.24100523585076,-30032.546824455774
2262,274.2869481096972,-30033.06581770654
2263,321.2381307419041,-30032.265821792203
2264,292.0381161848906,-30032.582302040515
2265,300.1568691550912,-30033.259717798857
2266,295.812007190515,-30033.334345073014
2267,305.0362614879871,-30033.144480847393
2268,295.7176969318977,-30033.334732531654
2269,310.5383592412191,-30032.918086522997
2270,294.1937862177952,-30032.946771562692
2271,294.3349366357309,-30033.070221629132
2272,309.3520596575023,-30032.213153000925
2273,297.22643074422155,-30033.029710784616
2274,313.6626601882313,-30032.678438524
2275,306.3745949988872,-30032.810484954935
2276,331.99456850330864,-30031.68441634817
2277,300.1689476801676,-30031.85121491009
2278,321.97608004529144,-30032.655710556795
2279,296.75110310693395,-30032.56689804879
2280,308.02854280122773,-30032.605374924962
2281,303.13136790340843,-30032.826521952546
2282,304.805094959073,-30032.31428041782
2283,300.43667282225323,-30032.682461156244
2284,272.5715748906387,-30032.42479593706
2285,303.9713570013504,-30032.497081427562
2286,300.6216694235466,-30032.21107305199
2287,304.84210463768477,-30032.389533789898
2288,303.85966336734776,-30031.960790930272
2289,319.9607644236211,-30031.90299210628
2290,298.2495978397859,-30032.06095853932
2291,320.0152031320975,-30032.534453551234
2292,285.1784154620434,-30032.416607985087
2293,318.046795043264,-30032.110649078728
2294,321.27087560844416,-30031.948602883007
2295,309.6782148713712,-30032.484355384735
2296,313.29667321127556,-30032.638693431356
2297,304.98737743195204,-30033.176944047562
2298,305.2929430068109,-30032.563891798207
2299,291.12752071667336,-30033.020916743142
2300,332.696265437678,-30032.40332982084
2301,304.29943380846237,-30032.71550174644
2302,294.7092095299365,-30032.512104832615
2303,296.99116885492487,-30032.639065118332
2304,275.53240792727155,-30033.17748612017
2305,299.6316485047787,-30033.335252678407
2306,283.6868451988352,-30032.885266268684
2307,299.4127046850574,-30032.70396765672
2308,281.7766787145747,-30032.530328861194
2309,315.7125311431829,-30032.652955633315
2310,287.8832673295533,-30032.972526086167
2311,300.6950100831088,-30032.277612265
2312,309.9726009934367,-30032.76220558605
2313,287.5350181137072,-30032.58273140434
2314,305.6293621265157,-30032.082886328313
2315,311.545019788085,-30031.533728310766
2316,301.6903954467117,-30031.985330754265
2317,291.020387946026,-30032.371231804747
2318,310.7698219696679,-30032.687732726517
2319,273.5995783291831,-30032.625845538834
2320,330.57233069314066,-30032.01658832009
2321,315.31093474282164,-30032.29964116719
2322,306.8281081984832,-30032.711339079542
2323,307.8977827964773,-30032.983620115174
2324,289.5178767107178,-30033.51008349542
2325,265.1184768785585,-30033.998438137965
2326,306.63633532663096,-30033.57352035668
2327,289.7982145598755,-30033.967969845526
2328,305.54428620582655,-30032.78812273497
2329,301.57146601368873,-30032.777344834394
2330,308.662402905043,-30032.630659466085
2331,306.7989117777959,-30032.942532423724
2332,320.5836422829905,-30032.39925232877
2333,307.2375721939215,-30033.105473913394
2334,285.21468997498005,-30033.33953585244
2335,292.7051658277922,-30033.345044136597
2336,295.67136757447423,-30033.46283545454
2337,285.2892974246924,-30033.656043626364
2338,276.2001857267017,-30034.03005389493
2339,267.0192259936167,-30033.804781139886
2340,268.62206187684075,-30033.557970850994
2341,289.79640256147775,-30033.192624190542
2342,298.52437139958886,-30033.220154858467
2343,299.5774384330432,-30033.133473059162
2344,276.4840941821004,-30033.276914130045
2345,301.9302570357879,-30033.366096640606
2346,288.11078876951694,-30033.121176354234
2347,312.7224957741527,-30032.7779433161
2348,298.6317750820779,-30032.666708073393
2349,312.0400130615258,-30032.396443611575
2350,302.5520474697927,-30032.786211975723
2351,292.90292665949875,-30033.004198625804
2352,272.2564910488784,-30033.20019378492
2353,292.4679802704442,-30033.352883711737
2354,276.19810034614045,-30033.66682439972
2355,276.3190892266625,-30033.493899833407
2356,274.600668325348,-30032.911547451033
2357,296.7519692071837,-30032.502423428992
2358,298.68292993177874,-30032.542391641866
2359,302.5525153505419,-30032.428778488902
2360,285.8891772415778,-30032.45951523724
2361,312.9639865275897,-30032.377418769986
2362,311.973683667144,-30033.075824143605
2363,299.79092427128694,-30033.30590916155
2364,316.96171088498437,-30032.725469226196
2365,302.8503207471728,-30032.464356330962
2366,283.22200968220227,-30032.527661890337
2367,297.39269293228637,-30032.12519387937
2368,317.0151511167528,-30032.15773670126
2369,315.9595469676965,-30031.695653341474
2370,321.6738628151738,-30032.505007832227
2371,279.81576560511,-30032.39149462895
2372,298.04304540884254,-30032.099287864246
2373,318.1826282922649,-30032.28110610619
2374,326.7666348516953,-30032.08564711719
2375,307.19504429496715,-30032.18856061702
2376,322.70846557187235,-30032.485190527706
2377,293.2031008362227,-30032.93815517969
2378,286.46526350493485,-30033.38076485441
2379,308.0361030107845,-30033.587609171354
2380,278.8463731598166,-30033.876490424744
2381,283.1467601134353,-30034.146716927466
2382,280.6516269908933,-30034.396140920162
2383,288.3418072754026,-30034.02755233243
2384,266.263582534887,-30033.923144007276
2385,287.27558200185473,-30033.74346694177
2386,297.86264753614074,-30033.32251496266
2387,282.4494574995766,-30033.673788146934
2388,277.65106998477927,-30033.456936603005
2389,286.6696770160482,-30033.61983236301
2390,298.7097647039184,-30033.02414753387
2391,301.1004843078643,-30032.845674241627
2392,300.182992838552,-30033.598913213595
2393,313.8075431817152,-30033.131874080707
2394,295.98148844007414,-30033.529357652384
2395,292.67899850284795,-30033.367177929948
2396,328.9530696507139,-30032.44349374713
2397,286.40971249188317,-30032.54620601453
2398,280.10998644646696,-30032.569739557188
2399,317.75771583795733,-30032.188135920824
2400,305.8461965738654,-30032.782583075215
2401,270.3636912305534,-30032.571387873053
2402,310.02654345582573,-30032.3175074718
2403,279.7951079507409,-30032.614663558787
2404,313.93304289114667,-30032.613134440042
2405,298.5043423246348,-30032.872995688274
2406,310.8668437407418,-30033.0232154738
2407,293.0816862948618,-30033.197027810016
2408,263.0105470318092,-30033.636690054078
2409,275.0730397254218,-30033.91349605449
2410,284.95026901461785,-30033.7816451034
2411,265.055007951202,-30033.84766955418
2412,286.51676694248556,-30033.518158521663
2413,278.05904031120946,-30033.8198585066
2414,276.3003851878999,-30033.871317153582
2415,276.78235866822223,-30033.427714953465
2416,300.65651860503283,-30033.04419254309
2417,312.8661198487276,-30032.807581991547
2418,277.98167042624885,-30032.968263040548
2419,301.36363712231906,-30032.3371902134
2420,297.45870488436736,-30032.215352475592
2421,276.5700519635164,-30032.370483962444
2422,289.20098668449094,-30032.928104294006
2423,274.09060740683316,-30032.7269404727
2424,298.012027472831,-30031.926229539633
2425,301.0798532808731,-30031.998530010627
2426,285.8666470432423,-30032.161246264703
2427,324.0266421968531,-30031.743491762056
2428,309.5560260042058,-30031.91316910721
2429,313.5203663011736,-30032.010094961075
2430,291.4101113727879,-30031.734606558282
2431,334.24438238503416,-30031.523111916653
2432,328.8708946789519,-30031.049048783294
2433,326.28077610312346,-30031.55083011655
2434,323.7702343209462,-30031.656105269994
2435,291.9940195536247,-30032.108787051802
2436,289.23901245284446,-30032.231848073858
2437,301.2660426668318,-30032.402112303946
2438,304.01950310122174,-30032.23807404192
2439,283.85784065323867,-30032.441569393653
2440,281.11107302405287,-30032.33981655423
2441,331.9594998081654,-30032.009505429938
2442,309.62417961709264,-30032.427102676887
2443,267.5207392338523,-30032.53256900374
2444,300.4717707980802,-30032.59955884779
2445,297.7302099687729,-30032.716426786472
2446,319.9184609306277,-30031.882557615616
2447,340.0378625124228,-30031.631282965318
2448,301.8153760689526,-30031.59746337126
2449,311.03631924525075,-30031.75924382075
2450,300.3450046546745,-30032.266767418703
2451,269.5910514078599,-30032.438219429696
2452,269.56747527809665,-30033.270835789994
2453,289.5828909221577,-30033.401048103482
2454,287.8946295880993,-30033.30036909864
2455,289.682374651182,-30033.03529787511
2456,278.688263599714,-30032.997601873794
2457,301.69120382179494,-30032.241170067085
2458,304.3479167789952,-30032.065861000374
2459,307.2172575029018,-30032.199728081596
2460,293.86374431483284,-30031.92371251339
2461,292.62415551577396,-30031.681039018342
2462,307.45339433733903,-30031.305195783567
2463,325.21438826865807,-30031.405420635314
2464,316.6685195606728,-30031.0452456225
2465,310.3417172442478,-30030.83702926665
2466,310.2576814384669,-30030.59692735983
2467,337.7186717118746,-30030.32555918706
2468,310.83097390162476,-30031.16277756329
2469,332.90984110758023,-30031.046466818796
2470,289.31542526688565,-30031.97409229241
2471,306.8599485802275,-30032.10508011777
2472,301.6177538459545,-30032.405102317076
2473,295.83256390338465,-30032.513522398334
2474,268.7954362985038,-30032.766558684965
2475,297.1649260002282,-30032.4062372039
2476,323.38854905999364,-30032.167531025974
2477,300.57887618841164,-30032.507056965704
2478,292.16807718588416,-30032.88767042991
2479,296.447419120421,-30032.687716101053
2480,333.8433248252469,-30032.527205952625
2481,314.6580847574964,-30032.538499790262
2482,318.14938058589104,-30032.391306244823
2483,308.81478323422203,-30032.56437770458
2484,268.6267107343864,-30033.18090235106
2485,280.17762143381464,-30033.411810998066
2486,295.2909054013188,-30033.343371481034
2487,313.9794284014119,-30032.709639498556
2488,274.820628730939,-30032.814291618182
2489,330.1560375957853,-30031.989810470284
2490,290.77748860677667,-30032.39483818402
2491,308.5128540511253,-30032.687105331286
2492,282.41921831311504,-30032.977272995384
2493,280.70842232339896,-30032.531450128634
2494,315.8748329750634,-30032.291505765836
2495,291.746713330251,-30031.761409050734
2496,340.67944627212404,-30031.244266446432
2497,310.33473926628983,-30031.415327445487
2498,306.5122236208772,-30031.771913049994
2499,317.33830168501765,-30031.2669042791
2500,312.7256656518294,-30031.55911464636
2501,305.6421810143728,-30032.24467756529
2502,292.1396780393253,-30032.003609612413
2503,316.0301601112775,-30031.432182120738
2504,326.2844110827092,-30031.44331802895
2505,306.3423004702108,-30031.750739562685
2506,313.2949823988612,-30031.765688518786
2507,276.56376869035404,-30032.83157740016
2508,293.12990063901293,-30032.576690605696
2509,291.3318957501979,-30032.30686020667
2510,288.7320782780498,-30032.390913496278
2511,289.4079498273586,-30032.602655401068
2512,286.88535231637655,-30032.41135475252
2513,298.7799519490681,-30032.90521813304
2514,287.8187819609205,-30033.00342335333
2515,275.43443048261037,-30033.054917715708
2516,291.9080466320121,-30032.86287384515
2517,296.1394981842482,-30032.980514305556
2518,276.7724761977169,-30033.50413209074
2519,269.8892326102902,-30033.62808482004
2520,292.96680241517737,-30033.46355086296
2521,297.37776742594934,-30033.455642424262
2522,283.44435762230324,-30033.381518678867
2523,283.65708412167726,-30033.653583001458
2524,280.4048174021668,-30033.283125593658
2525,285.7320645623072,-30033.070836320785
2526,285.6058721489022,-30033.12474940292
2527,292.2814594979858,-30032.68954401774
2528,302.60332308246933,-30032.490017547112
2529,304.9143718216976,-30032.13188089433
2530,281.7195405790188,-30032.28370003538
2531,284.26353355951596,-30032.19712594306
2532,298.88912923351324,-30031.97282108087
2533,316.60821200429916,-30031.343617330087
2534,324.6951974561928,-30031.806977741882
2535,307.8239038033582,-30032.399516137477
2536,319.6469281380738,-30031.926405867398
2537,293.0720735904518,-30032.16211012726
2538,318.2462594460015,-30032.21898003886
2539,292.5726416020759,-30032.465520611087
2540,295.5652038088029,-30032.602188967467
2541,313.01518383525075,-30031.739429409743
2542,324.07896905846076,-30032.210943118644
2543,305.58377264183986,-30032.279330264104
2544,300.77196645898835,-30032.429999243483
2545,305.86260172565625,-30032.55561343361
2546,311.1662758507215,-30032.416174819235
2547,315.131855457244,-30032.378304291025
2548,338.6527027088082,-30032.31214411356
2549,293.6481951679052,-30033.036483868014
2550,275.91497481676237,-30033.080100984014
2551,314.04244700785534,-30032.38190363337
2552,305.045333977244,-30032.95870881216
2553,314.8386620030613,-30032.557455740185
2554,322.04784912932945,-30032.466429398028
2555,316.0698884537529,-30032.911664896255
2556,314.47050988052706,-30032.701358131933
2557,329.7357318657383,-30032.629147830645
2558,302.0631861419564,-30032.649906992832
2559,321.90076103949394,-30032.929064192205
2560,292.7228107572195,-30033.243043726303
2561,284.25737556405886,-30033.310560021644
2562,311.10182336881536,-30033.089649395217
2563,294.57681725319696,-30032.663828032404
2564,330.8556666411435,-30032.587681513647
2565,303.0491592972343,-30032.58442157345
2566,304.7290429312865,-30032.359136620304
2567,301.1481696629289,-30032.66480329071
2568,338.3064834616985,-30032.52972092715
2569,288.1474289861933,-30032.786282645586
2570,309.00135589709527,-30033.08513798577
2571,303.2491606276616,-30032.884145458156
2572,322.9395072447438,-30032.022425305946
2573,302.31068304545823,-30032.258999011614
2574,298.3105477616761,-30032.60046151456
2575,337.16266741833164,-30032.15576430234
2576,322.4181815650267,-30032.23458227046
2577,318.7572053736548,-30033.10278380311
2578,288.6296504952322,-30033.709861789914
2579,281.37638285091776,-30033.72385711846
2580,292.69907240723666,-30032.94285161257
2581,326.3062604590135,-30031.780666398066
2582,319.16829149630445,-30032.422659629152
2583,316.88141526738076,-30031.961836995717
2584,317.60869772267733,-30031.738709239202
2585,312.1283505189692,-30031.468470010386
2586,320.70471940517194,-30031.909919322483
2587,304.77827203582314,-30032.14502423175
2588,302.4323321714858,-30032.338011184387
2589,314.42838159942386,-30032.34302866788
2590,309.4035070300644,-30032.286094934592
2591,292.44667566760563,-30032.173724947483
2592,303.8188214300283,-30032.90907016685
2593,279.13713328579684,-30033.250133740705
2594,305.7713600076024,-30033.321549737484
2595,304.28016304772774,-30032.872230006473
2596,311.27088754485936,-30033.12451607548
2597,286.2999658030543,-30033.052835948125
2598,293.2367608847202,-30032.99786668259
2599,280.4581705177997,-30033.941957730764
2600,296.82012991807306,-30034.14330994751
2601,285.47553129615983,-30034.07720294065
2602,265.7439606255321,-30034.24463368777
2603,279.0990676755206,-30034.081156574648
2604,283.4173803590869,-30034.421250698193
2605,255.83851109106433,-30034.185778756408
2606,301.8865479081906,-30033.72460328486
2607,290.16048144734106,-30033.71483851302
2608,286.6863483793748,-30034.53543423959
2609,263.1293449481358,-30034.594679237918
2610,281.7869344428408,-30034.86991808544
2611,271.17969068615616,-30034.892933345884
2612,277.07518674112066,-30034.094275697305
2613,280.5380044186151,-30034.54349204509
2614,281.8741368683864,-30034.11189452837
2615,301.54240262948974,-30033.783925501888
2616,284.6348459134621,-30033.785566995968
2617,281.8978621250126,-30033.695290092055
2618,297.40782397738667,-30033.636537108432
2619,301.95455951617714,-30033.408462253803
2620,270.5113430182046,-30033.364598464075
2621,280.231242048131,-30033.820636496413
2622,264.9185165063046,-30033.89597886176
2623,281.3082433030832,-30033.67086069972
2624,290.4594661418336,-30033.88319958737
2625,268.18028594020905,-30033.934169182037
2626,261.15058137000034,-30033.721913017027
2627,278.92786111585025,-30033.388139938874
2628,293.618855197018,-30033.23447764981
2629,284.1856385487721,-30032.96663725953
2630,291.1199206824238,-30032.999620985116
2631,289.64734623265815,-30033.067417207298
2632,278.1508414162598,-30033.63984581991
2633,296.3009058895998,-30033.83197725343
2634,312.2385295182909,-30033.069251222747
2635,297.2579662788812,-30033.175412513512
2636,305.4505713060652,-30033.468182918048
2637,327.6257122271652,-30032.122920361024
2638,315.52212834779385,-30032.118618533015
2639,287.54981817711194,-30032.35775472268
2640,283.28397212671075,-30032.830811611882
2641,287.42235975534874,-30033.491777349496
2642,260.60025326821574,-30033.579321011082
2643,288.3468394752167,-30033.316489943743
2644,309.1153129703075,-30033.113559809226
2645,286.5662869905328,-30033.567710787498
2646,280.184145557945,-30033.476102207933
2647,274.74870897691557,-30034.040685891265
2648,305.304441483498,-30033.647590805034
2649,284.98708154269275,-30033.66354399334
2650,294.89273719995623,-30033.878643809167
2651,294.99073495264685,-30033.602774209623
2652,278.79989043049324,-30034.166706529
2653,296.4314546549384,-30034.373659180743
2654,290.48522134319757,-30034.325919772065
2655,295.8324965588302,-30033.788914694687
2656,278.1679656248244,-30033.82301458282
2657,280.3132606484987,-30033.439694716057
2658,292.067287754545,-30033.329624938084
2659,311.3019018246487,-30033.143277615833
2660,286.92703378320107,-30033.60172655557
2661,296.41064862400515,-30033.477691167973
2662,285.7049364683385,-30033.80393145842
2663,271.52569215969913,-30033.83747131198
2664,269.93555547789754,-30033.929669558216
2665,269.09591984840705,-30033.763007560854
2666,302.66384757576594,-30033.342031080603
2667,299.706112004185,-30032.72012339988
2668,310.9520119417252,-30032.39610177694
2669,293.53838712850325,-30032.679834074203
2670,311.1093164740284,-30032.640244681996
2671,281.6821803850802,-30032.68306473736
2672,303.10902966896924,-30032.71184196587
2673,300.3983824771459,-30032.677552067635
2674,282.6608078878103,-30032.576745996732
2675,294.9623185797144,-30033.57418256965
2676,315.1428578193595,-30032.573343735377
2677,310.6002484976348,-30032.428269310916
2678,312.10007918726023,-30032.74846852079
2679,287.24785357646044,-30032.869155103377
2680,316.6659469007498,-30032.525778220544
2681,277.0593672168506,-30031.752871429857
2682,301.9812523185709,-30032.163659169197
2683,314.64765600904275,-30032.034852360015
2684,327.1283073791983,-30031.023936785456
2685,327.88883681848114,-30031.741390158237
2686,346.947432899586,-30031.733239359837
2687,351.57699140088033,-30031.585140262265
2688,330.5683820542292,-30031.874108192063
2689,311.8794433137683,-30031.746131742344
2690,311.5660345834634,-30032.089847392435
2691,349.24794620427605,-30032.297239174535
2692,295.9227313852246,-30033.265190879763
2693,306.4904180284695,-30032.72362609425
2694,317.0969733923908,-30032.870549793275
2695,290.6648406789417,-30033.32536824531
2696,304.3464431133981,-30033.163553823677
2697,263.8156684212986,-30033.96436487279
2698,292.1853510489044,-30033.91458547871
2699,274.6541199526782,-30033.97662714328
2700,286.2410151322445,-30033.61093960565
2701,300.3211371644315,-30033.40017225996
2702,287.8368067102074,-30033.6338353917
2703,316.91711463435087,-30033.39063851199
2704,306.0327371478672,-30033.457641027784
2705,272.34656608313094,-30033.256552060702
2706,345.20789250239386,-30032.29398924424
2707,274.5274710286109,-30032.622348430057
2708,282.2593614632812,-30033.377724683516
2709,279.2723436192817,-30033.97919997763
2710,292.07494099459245,-30033.67513812565
2711,295.47950551483757,-30033.791815820132
2712,285.93176287813844,-30033.130333350684
2713,312.19166704320605,-30032.8458048765
2714,305.90920099988546,-30032.624769436956
2715,291.59726970589657,-30032.96433667936
2716,311.85454006257174,-30032.750656039025
2717,283.1916821663898,-30032.879977055938
2718,325.061619526119,-30032.821321411426
2719,303.27806581128107,-30032.87561559187
2720,310.4318091946511,-30032.90705899761
2721,300.7437989295448,-30033.180698302735
2722,298.11449313625286,-30033.443217805878
2723,292.4530671373791,-30033.646222574553
2724,297.36697394114236,-30033.002785296012
2725,308.6601302063066,-30033.49009086972
2726,306.84448085726956,-30033.113276494347
2727,308.87397345278316,-30033.035564976984
2728,286.26745461556305,-30033.116142807896
2729,321.011980815366,-30032.769481236035
2730,301.72579459926317,-30033.412186596233
2731,310.4912873326107,-30033.300114124453
2732,305.3702226954646,-30032.995567627746
2733,292.2762242415699,-30033.816627070868
2734,281.63690195686684,-30033.69981345338
2735,281.85463970525615,-30033.858472157237
2736,321.05694224387224,-30033.20391226229
2737,302.1806956759659,-30033.619646901632
2738,295.9559868453071,-30033.7018655487
2739,271.3139003836248,-30034.13960254151
2740,305.915611427473,-30033.55625096853
2741,290.5134463296604,-30034.102563036853
2742,275.2787079360667,-30033.96503242407
2743,292.00951648334774,-30033.334964950373
2744,285.76333733080173,-30033.82201332099
2745,264.56306314910853,-30034.291519221675
2746,290.3714548010849,-30034.149055720023
2747,309.60991128936917,-30033.70089428698
2748,296.44456682435424,-30034.037396264084
2749,296.97662816026536,-30033.987082238003
2750,266.59635617398715,-30033.807463385594
2751,313.60998412224876,-30033.263730208935
2752,313.5254070699216,-30033.584188609722
2753,262.5415882872907,-30033.995984880636
2754,289.4552757415414,-30033.413980870726
2755,295.43207511721926,-30033.070336693534
2756,286.12426840583834,-30033.168524515557
2757,295.7344274947012,-30032.844082939027
2758,296.44033502821947,-30033.074610663425
2759,288.86011554378433,-30033.094767128765
2760,290.6130972649004,-30032.977043033774
2761,296.7992960872342,-30032.661405124676
2762,334.9641173806992,-30032.120483972318
2763,297.1373560469505,-30032.440124557557
2764,304.6066172650279,-30032.61022184464
2765,326.94186319869067,-30032.680907690603
2766,309.40058693707124,-30032.936558030204
2767,283.8382959246616,-30033.514320077993
2768,275.1616815100997,-30033.784343025534
2769,310.4470051204924,-30033.48090061647
2770,300.94166950920254,-30033.503912568223
2771,299.8591388773317,-30033.7007005925
2772,283.433967901608,-30033.666932780034
2773,297.93229187617663,-30033.9946146606
2774,271.42875649491384,-30034.396517677716
2775,289.43322260515953,-30034.039528183508
2776,299.6372294128259,-30034.221832921925
2777,276.26125298012107,-30034.54806958325
2778,294.18513459214086,-30034.583705027973
2779,277.18337302617954,-30034.27713761467
2780,291.91025485802936,-30033.562037791595
2781,309.42361013585173,-30033.342236642497
2782,303.13474557663517,-30032.72878187575
2783,315.8567115348802,-30033.272424252133
2784,319.9436061808909,-30032.799902313025
2785,277.8714200322652,-30033.260061725054
2786,283.09289391901524,-30033.884381898904
2787,298.34535527927943,-30033.412097664674
2788,309.23459222788983,-30033.477787047184
2789,313.44874741059186,-30033.398591142355
2790,300.63694462991964,-30033.18920957827
2791,308.771583621874,-30032.918965453733
2792,317.10799817528857,-30032.95230743119
2793,298.7980500102124,-30033.197737726965
2794,293.8184971083235,-30033.82522607955
2795,297.12803477324945,-30033.633715267104
2796,290.2456819193412,-30033.466630265255
2797,295.2682340750693,-30032.566590386
2798,304.6075157129418,-30032.543793297038
2799,286.6656712092626,-30033.36797865377
2800,274.15415393136703,-30033.74294150569
2801,274.93015341940077,-30033.54008906917
2802,276.79219978300665,-30034.02512696755
2803,278.12976156332024,-30033.65013460283
2804,274.4535953647136,-30033.393713119734
2805,286.51816163838447,-30032.885311408223
2806,311.4114326107216,-30032.451106165492
2807,304.9802204579189,-30032.757199793712
2808,291.7585862546815,-30032.95056751455
2809,286.81159399178324,-30032.999122780082
2810,290.92581974877197,-30033.125531914884
2811,298.2396865492423,-30032.86003264185
2812,283.64127639437345,-30033.415694066236
2813,295.14825894364515,-30033.257067918177
2814,273.75941880069166,-30033.377738007177
2815,288.60855733213737,-30033.050229028166
2816,298.67315743331204,-30033.032868549868
2817,306.5226837957411,-30032.773606575298
2818,312.05642098547804,-30032.720255151173
2819,297.1348871709271,-30033.231201454906
2820,316.04339812431755,-30032.699431705903
2821,299.8718909678663,-30033.30389973725
2822,294.38320661063847,-30033.559258044173
2823,279.376065075358,-30033.56256332773
2824,309.4482009598296,-30033.150220099607
2825,291.05720188922095,-30032.905474409567
2826,294.55990616259817,-30032.68182585535
2827,313.6727915487037,-30032.46139020979
2828,308.73113494405203,-30032.578172430432
2829,320.79275256195444,-30032.2397657734
2830,327.25375555727163,-30032.139964048692
2831,295.2995715043178,-30032.899797031456
2832,307.6087522816436,-30032.609933873875
2833,302.2746090470759,-30032.35169116791
2834,325.66824260623366,-30032.126578793588
2835,337.7216052298766,-30031.76884575827
2836,310.71506810901724,-30032.153935352977
2837,288.9614706566693,-30032.303189206556
2838,312.5825093262893,-30032.277511237357
2839,321.8542947774044,-30032.27592051278
2840,289.6598711980026,-30031.94405948882
2841,298.3849174372231,-30032.147443939546
2842,301.6439533860018,-30032.127108349214
2843,294.2905513557676,-30032.331088804076
2844,306.4292112906987,-30032.137254492645
2845,304.93293421356884,-30031.922435839533
2846,296.15140954697677,-30032.718499940413
2847,304.0748219062522,-30032.77381051972
2848,307.4117498776575,-30032.487869937075
2849,310.0096459220686,-30032.685114333293
2850,313.6947571046359,-30032.37686069557
2851,302.58614237535994,-30032.291225186378
2852,299.90984659249045,-30032.064676507922
2853,269.7144982126357,-30032.620702612836
2854,281.84253110943945,-30033.315803917296
2855,285.0493948036653,-30032.779185008352
2856,322.13484755018305,-30031.997473403928
2857,306.2370584185256,-30032.372492075596
2858,292.5158306601106,-30032.82825866501
2859,314.3076669845409,-30032.199540177495
2860,307.42844104804425,-30032.278471322086
2861,305.50112511282487,-30032.181772028154
2862,320.5840524927369,-30031.963695273218
2863,315.53894690469974,-30032.41898238156
2864,317.00069442821297,-30032.818251736076
2865,292.20633943402794,-30033.685548965826
2866,254.01720610573045,-30033.36379224211
2867,293.6370473438832,-30032.935198033723
2868,286.03481513256986,-30032.065275808967
2869,300.38289029569546,-30031.51387405122
2870,306.88149897113095,-30031.725639032076
2871,330.98629824659326,-30031.53365826004
2872,316.6074878947986,-30031.706916550975
2873,292.94847805553496,-30031.930802510295
2874,296.2192253904599,-30032.41798876782
2875,297.70672644364913,-30032.758025223517
2876,300.29063484811917,-30032.803273013742
2877,303.09011305438895,-30032.944733311735
2878,308.2466154735288,-30032.83043156671
2879,295.91666436109085,-30032.92940395063
2880,277.0371857176042,-30033.190921928337
2881,287.6761761562846,-30032.848759406552
2882,325.8168796151296,-30032.581874308475
2883,281.5062361753975,-30033.171806305163
2884,316.1777344103674,-30033.04375400986
2885,267.8048525580545,-30032.94348665444
2886,304.66941283900786,-30033.446554014652
2887,288.9488506254685,-30033.43436178437
2888,272.9026319532929,-30033.52595479222
2889,294.21597051575935,-30033.705986619752
2890,301.0781644888695,-30033.236853172915
2891,317.2751872808252,-30033.391517521788
2892,294.9265764329072,-30033.161007115083
2893,311.9996970541557,-30033.047834795674
2894,314.94237184834003,-30032.861522503437
2895,314.02782809002576,-30033.278750819376
2896,287.87767750477815,-30033.480477313944
2897,274.3282740070147,-30033.709323334082
2898,331.3198191445078,-30033.460927842956
2899,300.58604183894266,-30033.583051004225
2900,305.1521367927409,-30032.94629256435
2901,300.58049799928983,-30033.124204215746
2902,288.0882406428795,-30033.197907826645
2903,294.7455252434562,-30033.745578552454
2904,262.35843190419496,-30034.01224918952
2905,277.6316315234366,-30033.654684650013
2906,303.6321138892033,-30033.392219483052
2907,294.41765599968835,-30033.247856207287
2908,283.79300175843593,-30033.195131684595
2909,317.3083820737216,-30032.37897494636
2910,324.07358838335773,-30032.17396728076
2911,279.97861823126453,-30032.44214046691
2912,295.73000778608065,-30032.871536376966
2913,287.8472354054768,-30032.910920323266
2914,305.8672533945755,-30032.666826113906
2915,300.40411501071975,-30032.179362923125
2916,300.970663236719,-30032.305927379464
2917,317.0393524838547,-30032.436432948878
2918,291.2971289308334,-30032.715926171513
2919,304.11970880957904,-30032.971915270533
2920,299.4601895597521,-30032.57583605631
2921,294.26285806174525,-30033.302479218793
2922,270.010395596394,-30033.56062468279
2923,289.5863021428166,-30033.35799469411
2924,302.18216188371014,-30033.13718863842
2925,292.89181302118135,-30033.301349443096
2926,274.1326619089722,-30033.419256142795
2927,307.64332320242954,-30033.331732145823
2928,299.7427942047928,-30033.053197399273
2929,289.7693666582925,-30033.31829516519
2930,289.61701147886225,-30033.26152942753
2931,303.7302818908268,-30033.139783158287
2932,270.30967441751505,-30033.467259707533
2933,311.82278408728985,-30033.231912906005
2934,294.3141775513798,-30033.211361826245
2935,281.91629850385135,-30033.899910664637
2936,292.45214464883196,-30034.210698593793
2937,289.22911528603504,-30034.454749950866
2938,269.5208979782181,-30034.074726116294
2939,270.90365660463374,-30034.237674560256
2940,267.99937909050107,-30034.4874870372
2941,269.12299135843796,-30034.20960132752
2942,293.0338325485966,-30033.92087169005
2943,273.67621320168826,-30034.32120924636
2944,270.70039139813895,-30034.320844178135
2945,276.98708350589754,-30033.512477860586
2946,308.6641503693472,-30033.27319422267
2947,293.69327110852043,-30032.924037052315
2948,293.30960482542423,-30033.308558848126
2949,307.5135596560001,-30032.98339010602
2950,283.2441136187163,-30033.1150039418
2951,280.12679285834975,-30033.155259957148
2952,313.2656309724108,-30032.549620084887
2953,315.4657412930247,-30032.301658566943
2954,312.47382098205605,-30032.41106803005
2955,313.49543507361227,-30031.99508870207
2956,325.28603848318187,-30031.17707992664
2957,278.94292773642644,-30031.88971914182
2958,297.1341881181041,-30032.455828178936
2959,278.4937695895805,-30032.191881933897
2960,284.80174191521553,-30032.232596860787
2961,304.32215353213735,-30032.435641015352
2962,283.6651829559545,-30032.39166325531
2963,301.69626318169986,-30032.27620075434
2964,307.6859664597224,-30032.395126954245
2965,306.0880675034455,-30032.46798659392
2966,336.2818521333071,-30032.470593048016
2967,303.2856186453853,-30032.613709396304
2968,323.3375478554574,-30032.518406144347
2969,300.3354588528004,-30032.390051200568
2970,322.66340656985756,-30032.556621298023
2971,303.19941211383605,-30032.940067612362
2972,291.485329634856,-30033.04133354812
2973,274.5406984236075,-30033.27436390374
2974,278.25786835671033,-30033.43406463479
2975,270.5244212809246,-30033.31739888891
2976,285.02828865042557,-30033.324630693995
2977,284.4170733652133,-30033.38276853077
2978,265.4714635843441,-30033.491630870183
2979,271.90077010506786,-30033.361365785775
2980,290.6856696736661,-30033.279929438166
2981,304.7921514721349,-30032.613429773133
2982,307.39483791779276,-30032.269539656598
2983,284.2548656528631,-30032.439528562398
2984,298.57479767390384,-30032.52359088366
2985,291.79419060031654,-30033.309058889055
2986,300.5436153213918,-30033.59386956678
2987,294.54734718611275,-30033.613778167917
2988,297.7083324937554,-30034.041188489708
2989,284.63409565312793,-30034.211366865864
2990,289.1115117594168,-30034.022121749764
2991,280.5964625354685,-30034.600634986728
2992,292.385141581481,-30034.222127094978
2993,282.0365655758513,-30033.977004012104
2994,266.55622877872605,-30033.77330301373
2995,302.74065287189217,-30033.48270305857
2996,270.33550924584597,-30033.402165416053
2997,290.14922497868383,-30033.99832100006
2998,295.3764208526432,-30034.06195229114
2999,293.5933425398818,-30034.326907695675
3000,265.6855029815893,-30034.289053234395
3001,287.5687971184579,-30034.577986829994
3002,277.51718249410374,-30034.82940003588
3003,266.51743797118684,-30034.577000095556
3004,300.0848280229797,-30034.126740084288
3005,300.7596374111774,-30033.772102099698
3006,309.008626110033,-30032.99706692927
3007,298.254687531565,-30033.1838790988
3008,282.17375921784185,-30033.274380402458
3009,278.8380080808029,-30033.382557403533
3010,292.98428650566626,-30032.922101319353
3011,317.2617081210019,-30032.67700829638
3012,342.288890283914,-30032.212135907594
3013,333.6308038159882,-30032.3566990302
3014,297.6038823913185,-30032.467608848092
3015,334.6033728086589,-30032.990765024137
3016,340.7088586006097,-30032.839239618872
3017,300.9307157140036,-30033.160434418543
3018,300.89553066447394,-30033.100760762984
3019,288.2264529163616,-30033.36244643669
3020,305.58712736779813,-30033.312450131813
3021,288.7776276717759,-30033.76478305546
3022,286.4995342889495,-30033.68264870013
3023,303.0166290851292,-30033.01491640537
3024,302.0388354113347,-30032.433714452105
3025,311.5133612468908,-30032.167326509636
3026,293.63642983015933,-30031.974275859124
3027,333.8375936262666,-30032.281254439014
3028,311.82212789554,-30032.349116691315
3029,273.20400421932806,-30032.39152223703
3030,302.8421916579129,-30032.56416745298
3031,331.5924899530768,-30032.610410722995
3032,316.33655917620194,-30032.3366873109
3033,308.0196444405572,-30033.16614263869
3034,288.80575860950984,-30033.656663029342
3035,274.47596275734423,-30033.879486132766
3036,297.357843457107,-30034.133871270555
3037,296.18856624053075,-30034.405077788884
3038,273.73327685776417,-30034.6361992956
3039,289.9312322874019,-30034.626777998354
3040,284.5863676999505,-30033.972316998974
3041,306.6157494692199,-30034.033015629662
3042,304.1761323321545,-30033.90410870655
3043,267.0793532842461,-30033.746648281118
3044,275.35748206591495,-30033.890811789694
3045,292.8227544475739,-30033.170250832653
3046,278.63905328302667,-30033.56132317107
3047,285.52287344885616,-30033.6463405073
3048,293.8937049671362,-30033.606562702575
3049,294.0126671140437,-30033.433688435558
3050,297.6886725034033,-30033.322926409604
3051,292.6366771814598,-30033.751040756753
3052,288.9669443300944,-30033.654615861415
3053,310.1803141827194,-30033.405488078526
3054,306.4286277677433,-30033.309143974468
3055,318.553251200108,-30033.519954894713
3056,299.1178192123188,-30033.617536098245
3057,276.7899040428248,-30034.081824568028
3058,273.52656477389496,-30034.268282582776
3059,301.33698910774643,-30034.470664061464
3060,274.21049849583864,-30034.90755877628
3061,256.77625234536686,-30034.969146602067
3062,287.2446658270805,-30034.482515466658
3063,274.7531874828742,-30034.5464341191
3064,272.94536758645313,-30034.235831683065
3065,287.68989499636547,-30034.143340808594
3066,277.9195699301767,-30033.737382370156
3067,282.99757916826036,-30033.890653661943
3068,275.78276961743904,-30034.048225790935
3069,302.22779439736536,-30033.509103009736
3070,283.9317141168923,-30034.05301725858
3071,301.1703919741624,-30033.88300177936
3072,304.5743555296717,-30033.659850638527
3073,314.18285861483537,-30033.63232516055
3074,306.42854850828707,-30033.11383344152
3075,302.54152855604616,-30032.807957408193
3076,305.66926116578105,-30033.212755492492
3077,282.8276047393458,-30033.402684572255
3078,308.2273818597573,-30032.73715890483
3079,292.582030712038,-30032.660600092986
3080,285.1936596918282,-30032.683807780144
3081,305.40177771659506,-30032.916659498027
3082,307.72361115825726,-30032.569973941452
3083,303.11174974300764,-30032.059430709312
3084,304.2772840305502,-30032.548082707664
3085,314.4821352997503,-30032.32216336331
3086,304.6739770730479,-30032.696440739895
3087,300.67550516683156,-30032.723408836282
3088,285.5067837632521,-30033.05689606969
3089,306.9290027581998,-30032.966647587302
3090,296.80627813174874,-30032.645606844915
3091,289.9638152704581,-30032.813469356766
3092,307.04647810106525,-30032.368028969653
3093,329.82631657215717,-30032.87885283243
3094,292.37900682542823,-30032.76524809681
3095,308.29367838100075,-30032.721841688643
3096,301.90541920787615,-30032.899916188617
3097,309.7941080072455,-30032.90335415916
3098,322.1307810761518,-30032.64405870032
3099,328.5497401385595,-30032.072644168216
3100,318.4733776803767,-30032.494593438645
3101,299.37704074296124,-30032.443134011275
3102,333.32144828554704,-30032.153439088335
3103,309.76617582493617,-30032.300531752586
3104,323.34007853486145,-30032.078890213168
3105,318.88871745867596,-30032.47842619784
3106,333.6249825645203,-30032.0755935015
3107,288.3823033678246,-30032.169125428998
3108,283.7902998295567,-30032.20105811583
3109,351.2627316619589,-30032.378095782613
3110,331.26789642992264,-30032.270810206282
3111,314.3947220120081,-30032.96691090354
3112,275.8497579863752,-30033.57195390453
3113,284.0761703942263,-30033.41271340549
3114,287.37791705038495,-30032.471395949608
3115,299.72016644778233,-30032.774462097943
3116,263.431827438344,-30033.448500379287
3117,295.5830358620575,-30033.46893391315
3118,276.86925147689266,-30032.69118345544
3119,306.17237816713816,-30032.803784804342
3120,295.9248937549406,-30032.50341846426
3121,314.76443710582544,-30032.557344722107
3122,323.9029980614463,-30032.45554472625
3123,293.8123216643682,-30032.51678559117
3124,300.43675998530586,-30032.75081836804
3125,286.00900578593786,-30032.810056968043
3126,290.19148684607256,-30032.635944023783
3127,279.1062878553202,-30032.850508634867
3128,299.16982484067,-30032.809604802173
3129,307.2279385878399,-30033.593994249375
3130,300.0166256894156,-30033.24757334876
3131,306.403898676808,-30033.270695198855
3132,294.1318154825141,-30033.616278296908
3133,296.8990482993377,-30033.737054483117
3134,301.5258814091282,-30033.27261677407
3135,302.25662920179116,-30033.111903015117
3136,309.3642374011959,-30033.117147649762
3137,311.54668348270013,-30032.89110889634
3138,317.27882882802976,-30032.85822402119
3139,311.2318245594137,-30032.98486053719
3140,306.09928293209543,-30032.90911450041
3141,298.15501313778736,-30033.426587184073
3142,286.8827336783434,-30033.442669741646
3143,307.5269612343784,-30032.891260631834
3144,289.0486623872819,-30033.28149403991
3145,292.45628119088923,-30033.29653343346
3146,299.00026482857135,-30032.579437927525
3147,301.209958005804,-30032.755066708094
3148,316.62803119079297,-30032.388047334272
3149,298.52667050714257,-30032.774785299418
3150,282.45473033471956,-30033.26154791118
3151,305.0131308977248,-30033.08450802533
3152,305.690976897386,-30032.59112280339
3153,283.31335714535084,-30032.984379212092
3154,286.7943613646331,-30032.7319723329
3155,303.05416574106556,-30032.41632857397
3156,300.4498618650486,-30032.07275883175
3157,310.57040597205435,-30031.87432244007
3158,307.8256683762999,-30032.02447234446
3159,325.6911456596541,-30030.983432262638
3160,313.4612078781901,-30031.660000649576
3161,301.15624859851204,-30031.9712434134
3162,296.67613414279407,-30031.8500086219
3163,323.92803052459107,-30031.650235972797
3164,305.4239131089426,-30032.543063268822
3165,312.0876045420559,-30032.48901249043
3166,284.9676094668986,-30033.189417874593
3167,296.45147638915284,-30032.86144353312
3168,297.39411475451965,-30032.68570546771
3169,287.3369790158607,-30032.71459944612
3170,303.6650371134278,-30032.494918022392
3171,292.4887947883263,-30032.80158588888
3172,302.67513414314504,-30032.658157221573
3173,315.92013911218424,-30033.11264698714
3174,291.3735731003887,-30033.137857111888
3175,314.01225061839483,-30032.925621794686
3176,283.03129590296913,-30033.66716063301
3177,274.2037648685727,-30033.677257140847
3178,256.707805866065,-30033.914204675726
3179,258.94332433458635,-30034.112630026502
3180,273.3452626137635,-30033.878250873717
3181,310.929720160828,-30033.65446751238
3182,274.85539516534374,-30033.879835037893
3183,274.443059443911,-30033.977958974283
3184,296.4394428901467,-30033.74455467943
3185,273.9489248165247,-30033.69920673867
3186,273.0842905518277,-30033.542930780222
3187,263.6672886971745,-30033.497344222633
3188,259.81563033597337,-30033.378090588474
3189,275.09729693554897,-30033.9871127912
3190,286.8109140553981,-30033.588983404683
3191,290.4613761555355,-30033.77573030982
3192,292.9860898427939,-30033.97869718929
3193,287.01175651893294,-30033.720717664226
3194,314.34038573512083,-30033.57763441644
3195,285.57881363111807,-30033.553155313813
3196,295.6779332166298,-30033.437281884013
3197,293.57748993447484,-30032.97183237423
3198,289.79283364364085,-30032.682947138626
3199,314.9471223176219,-30032.158279606712
3200,282.492265173567,-30032.57897574988
3201,304.24381609068394,-30032.60750706203
3202,290.9291058591107,-30032.85591911049
3203,289.4644499359187,-30033.05633131138
3204,277.4663853348041,-30033.285738840277
3205,288.3080456506632,-30033.20807772544
3206,273.0871789866262,-30033.4569215953
3207,280.5730279494942,-30033.308247834204
3208,257.04430212941804,-30033.433197291284
3209,305.0614248115936,-30033.761043846258
3210,267.9037309728082,-30033.683220198705
3211,283.4838016947148,-30033.694992884375
3212,272.97229131429725,-30033.424616617373
3213,298.0166927972348,-30033.144863756024
3214,285.3458982907147,-30033.014013911088
3215,300.3771545076131,-30033.060891401503
3216,282.23739720464715,-30033.04819166554
3217,293.1115076128795,-30033.35449083219
3218,301.7778859315377,-30033.26245629817
3219,272.24483236754696,-30033.72587375404
3220,281.5888614132902,-30033.726396344333
3221,273.51211403909343,-30033.69246934483
3222,281.81922895647176,-30033.843725978062
3223,286.09437430250944,-30033.782547674764
3224,281.28535877128735,-30033.103069271
3225,274.6127149857944,-30033.21788910308
3226,296.77722891885236,-30032.648280910707
3227,265.7056218113683,-30033.33933517706
3228,271.0219045869414,-30033.240599267312
3229,288.2194638066092,-30033.180979266795
3230,291.39286831508787,-30033.04948761996
3231,269.973491385813,-30032.93458744322
3232,276.90119455180735,-30032.71578132004
3233,293.0245910064248,-30032.499226045824
3234,306.9421686869088,-30032.308117711447
3235,323.78303200119535,-30032.2436782833
3236,328.81026519316725,-30031.9177409805
3237,292.64197155090096,-30032.64739373656
3238,308.4246193147673,-30032.538904508154
3239,258.3518464420035,-30032.99840302242
3240,288.58699983952926,-30032.890607790105
3241,289.52588506840556,-30033.384884744708
3242,291.6994788117936,-30032.96375318783
3243,276.7377858447334,-30032.702258657846
3244,280.7155580763806,-30033.250023034147
3245,263.3765840614582,-30033.05729327952
3246,291.50489946216925,-30033.103347865883
3247,262.50295913650683,-30033.161006075476
3248,298.4852142985644,-30032.605892280928
3249,330.6769909980175,-30031.93391274492
3250,316.23221960291704,-30032.24162055118
3251,284.5447505586267,-30032.8463967245
3252,304.88013865017615,-30032.839761740146
3253,302.47614164983025,-30032.502939549635
3254,289.30303797994117,-30032.476352843998
3255,315.55615431150574,-30032.182227204667
3256,315.1750769437518,-30032.480747249003
3257,319.65563693040053,-30032.05118973336
3258,316.01360776948746,-30032.110327290287
3259,280.60605070169305,-30032.530084528466
3260,269.14659591359367,-30033.06057801176
3261,301.85605466641414,-30033.067156938432
3262,268.2726243854236,-30033.388908784687
3263,305.1883998118564,-30033.316486341955
3264,271.9774429425264,-30033.78719730109
3265,262.8851368061623,-30033.821443098943
3266,281.1031517362837,-30033.226731894047
3267,301.6488476186237,-30032.76175250958
3268,279.1707963109876,-30032.47390766973
3269,314.8705794847702,-30032.550804239952
3270,301.7588022655253,-30032.893789289898
3271,318.2218421942485,-30032.981304774046
3272,282.90642349872553,-30033.496431580268
3273,266.3753130324587,-30033.861777339687
3274,289.4841272805001,-30033.229671085788
3275,273.59866449377597,-30033.174696343318
3276,264.1546483439596,-30033.157123974113
3277,321.3170520363347,-30032.670113130513
3278,299.5312913731424,-30032.794774582806
3279,305.291758561805,-30032.58149931866
3280,307.11696741011264,-30032.40729519723
3281,291.35070682133977,-30033.005612105175
3282,328.666180067227,-30032.583426247387
3283,308.1086821681795,-30032.292839158257
3284,300.9487366195247,-30032.937330927307
3285,278.88528825708505,-30033.14505588331
3286,297.5736454672526,-30032.700781140393
3287,298.1520105673418,-30032.8075210766
3288,312.31132055313583,-30032.379944701293
3289,340.3589967808708,-30032.279563083506
3290,304.33364557854907,-30032.286918306763
3291,310.15158793566667,-30032.33784162898
3292,312.2041279542939,-30032.07791749771
3293,291.44204004936296,-30032.333423530217
3294,327.71027930819406,-30031.833712207703
3295,335.0285490160321,-30032.167713038703
3296,305.4325462032764,-30032.57019276345
3297,289.85269604155,-30032.96075835394
3298,290.33405841022545,-30033.360921320338
3299,279.8123494408513,-30032.819313786014
3300,273.6485934926925,-30033.23986345985
3301,295.73877430107876,-30032.963115685372
3302,306.9878310184206,-30032.640968842752
3303,300.84241269658486,-30032.740750915003
3304,298.8216581364661,-30033.01551119758
3305,293.80482666520186,-30032.868534101395
3306,289.6643724796361,-30033.08066652641
3307,305.46319691960315,-30032.82138520169
3308,304.3299894582865,-30032.59560279403
3309,294.39974556643875,-30033.060800706833
3310,288.51714747073555,-30033.140388255004
3311,272.78503423227573,-30033.636295197037
3312,295.97317816644403,-30033.109642021016
3313,302.39794177469855,-30033.301755307206
3314,305.0749342138256,-30032.85836482111
3315,287.42603874433496,-30033.048326669672
3316,300.81559596472783,-30032.680869575277
3317,307.82878456375494,-30033.049785632196
3318,294.00934504865944,-30032.515802132282
3319,294.78697661603996,-30032.717206065965
3320,287.99337809820537,-30032.776433991872
3321,314.93996471298357,-30032.48072286851
3322,310.6457751227689,-30032.36463943517
3323,321.4665951628092,-30032.08632365745
3324,335.5941640914545,-30032.00133190389
3325,297.04183169197535,-30032.975698397535
3326,320.75174905422824,-30033.09039276982
3327,290.806502940155,-30033.304274358867
3328,274.7862407486186,-30033.83077005608
3329,257.13921487539307,-30034.245294880166
3330,263.3205020621235,-30034.164153867605
3331,272.0365241715913,-30033.199793528383
3332,282.4778023865143,-30033.563709686045
3333,270.61794262457266,-30033.51429663449
3334,300.7209968202236,-30033.31993607846
3335,303.11709709661903,-30032.799532374163
3336,299.88308557103727,-30032.90323128558
3337,314.9459999065372,-30032.94151058761
3338,330.30450406661106,-30032.72831334257
3339,341.8840819119036,-30032.08155740589
3340,331.9115316051261,-30033.11225840055
3341,306.11052497336584,-30033.139304246422
3342,275.1132641162087,-30033.865622769128
3343,274.82690121424565,-30033.616870323247
3344,295.35598517771626,-30033.67183446191
3345,292.9854101052807,-30033.554885933958
3346,297.11881598824607,-30033.872225308092
3347,287.4755982345623,-30033.838112331636
3348,285.81083356505957,-30033.25442831366
3349,261.45816314599523,-30033.78654510477
3350,292.8702265707809,-30033.303838298707
3351,267.4408860450309,-30033.8822070431
3352,294.4991576495653,-30033.603255381564
3353,312.20062796998417,-30033.335816860013
3354,310.9294901847065,-30032.959160719907
3355,311.67730109789926,-30032.62419536494
3356,292.4701465105371,-30033.276658075185
3357,275.90941865044914,-30033.609535751457
3358,282.64737718700553,-30033.465751193675
3359,288.50839213277845,-30033.521464919206
3360,292.0802663987912,-30033.542193460242
3361,278.6459505681551,-30033.68810511986
3362,271.16489435996505,-30034.035878684797
3363,319.1237438601571,-30033.663999583438
3364,256.62774527749394,-30034.302910362316
3365,245.37610852074954,-30034.502074361124
3366,291.4882293481265,-30034.316652208294
3367,297.06847024966953,-30034.15277165917
3368,273.14582771793334,-30034.545309806286
3369,283.890903536223,-30034.421217591953
3370,276.2239160358273,-30034.71110558322
3371,288.5884852009628,-30034.61518030154
3372,291.86169606413466,-30034.321055419437
3373,292.03066555733903,-30034.02975257453
3374,273.36327010847845,-30034.49499146531
3375,291.65169332964496,-30034.22470474869
3376,286.37090025970616,-30034.178028628066
3377,287.44040181821026,-30033.99718895818
3378,278.6061654808219,-30033.76526437763
3379,258.8650545708331,-30034.509103768563
3380,290.7909795780012,-30034.210909616293
3381,277.5203628560137,-30034.61447735594
3382,292.237545128061,-30034.19258700568
3383,268.67395544833687,-30034.746136085938
3384,257.4366349992367,-30034.476194783892
3385,290.2203148275281,-30033.713353573494
3386,319.29785384199505,-30032.96045978734
3387,297.0284574704656,-30033.23774906778
3388,310.3797103572179,-30033.33803948194
3389,312.8416352924502,-30033.390220897094
3390,310.48269748682293,-30033.810092931486
3391,326.51320590596134,-30033.511858569305
3392,296.99948054059365,-30033.879093214655
3393,291.9443408368624,-30033.865879348792
3394,272.3410026233656,-30034.123877634152
3395,289.2219872722511,-30034.24398935328
3396,295.53006610649214,-30033.294467261847
3397,290.55570737340076,-30033.425732956013
3398,277.8688607657489,-30034.193718990704
3399,282.2171403320687,-30034.24205377381
3400,279.8761737861244,-30034.31382354907
3401,273.22377054559854,-30034.187906678097
3402,298.53033866397533,-30034.130163013426
3403,275.5708954259237,-30033.63356219084
3404,268.91973679667785,-30033.66972380622
3405,286.4008192927491,-30033.65580172516
3406,252.35921050441178,-30033.89322148
3407,287.41613756916206,-30033.70872864616
3408,297.05045206274144,-30033.899312582937
3409,295.7392539293968,-30034.095916282
3410,279.27807165340835,-30034.27202656979
3411,259.8256739425046,-30034.621981952136
3412,267.34564240893974,-30034.972461416222
3413,269.6547219683039,-30034.30382675937
3414,276.6385901485453,-30034.482064237844
3415,259.9154889349983,-30034.883424806612
3416,280.8044466830297,-30034.320082629587
3417,300.0918813260877,-30034.118752536036
3418,295.0753789459843,-30033.9483297725
3419,276.6441277083454,-30033.644036182177
3420,331.1430453718993,-30032.543439998775
3421,325.9888759966726,-30032.56198071752
3422,308.50745612757714,-30033.163801796476
3423,320.66559255910687,-30032.73901536908
3424,287.93971962511466,-30032.7836250581
3425,317.6400285318293,-30032.753556673957
3426,295.7728743442686,-30033.362660018523
3427,299.4799418837042,-30033.60464271988
3428,313.67870500254156,-30033.43389970022
3429,293.6629803249106,-30033.702132556296
3430,296.51807447660303,-30033.506275082684
3431,289.9577764573557,-30033.739400477494
3432,275.5194645703165,-30034.337963597256
3433,296.3812689497425,-30034.181545310126
3434,307.1186232100124,-30034.208035353735
3435,289.3225842340791,-30034.489539621798
3436,278.6342115977584,-30034.434490206586
3437,277.5373668891671,-30033.946086601354
3438,286.3672960072849,-30033.719133703085
3439,269.0509566955375,-30033.213342202398
3440,277.8431158785861,-30033.532248550033
3441,306.0859802039627,-30033.214132146335
3442,299.7539425394719,-30033.373233220893
3443,273.2498932487661,-30033.794680242165
3444,282.0112604009939,-30033.549897658693
3445,297.27743967497804,-30033.503054224493
3446,294.79035280887206,-30034.16048165091
3447,280.6935565154353,-30034.29353781694
3448,275.15183837441634,-30033.958415436606
3449,303.5104084888421,-30033.81711495689
3450,266.70747782901907,-30033.945330578208
3451,281.30454285776204,-30033.565483787042
3452,293.3749205074413,-30033.508109724316
3453,299.36904237762855,-30033.441379388994
3454,289.8610942102231,-30033.001565553936
3455,316.11807997892384,-30033.045234508252
3456,304.8841370737087,-30033.492006257624
3457,307.0227471921397,-30033.11471167125
3458,282.5726118183409,-30033.233231713966
3459,296.7281732408823,-30033.448326495174
3460,264.65213722936033,-30034.496339839046
3461,264.0242092273456,-30033.81465807555
3462,300.9413531266501,-30033.96876417018
3463,313.7076300142039,-30033.655838091843
3464,290.5061261039059,-30033.491416584566
3465,294.1909566785089,-30033.30816991095
3466,295.05426310657,-30033.55432257353
3467,283.95424351618493,-30033.90988000094
3468,309.41285277458115,-30033.303441117736
3469,291.72032535413683,-30033.32847019519
3470,301.84654824101716,-30033.264658493055
3471,277.4016832399205,-30033.679922736133
3472,278.71736410609003,-30034.194145285004
3473,283.935885900589,-30034.49041372362
3474,266.6749535116047,-30034.325044013833
3475,268.3188162515533,-30034.37799677405
3476,277.7577738684069,-30034.272647810478
3477,278.9786423465136,-30034.06070777979
3478,259.66169839086234,-30034.374098357843
3479,288.1057450786948,-30033.547082778106
3480,290.704267029014,-30033.00017101565
3481,273.3498773499417,-30033.667198845604
3482,279.29862117545423,-30033.77932907357
3483,263.0095804459684,-30033.89257341772
3484,272.3854064076046,-30034.056369374972
3485,271.35089614642936,-30034.007825008946
3486,297.0084001419279,-30033.61715309878
3487,277.0078018944295,-30034.119385548456
3488,265.0770737259841,-30034.265090677734
3489,295.3452886289574,-30033.63108430291
3490,285.33762158012,-30033.994688071758
3491,288.7138657404964,-30034.04370924342
3492,273.1406379350047,-30034.34621985586
3493,252.51781594562522,-30034.756472724217
3494,270.70554193684603,-30034.615638227522
3495,286.7230795277516,-30034.618507024206
3496,278.16604384278946,-30034.737124777435
3497,295.1991598919014,-30034.347601537953
3498,279.1717541071811,-30034.36450889923
3499,257.7503545003404,-30034.81801829612
3500,282.6967302159228,-30034.18132322958
3501,261.01957108546327,-30034.688055043654
3502,266.14192134697015,-30034.711319633854
3503,292.1213310869917,-30034.11539307045
3504,269.17466338424543,-30034.66925643576
3505,301.40249525780627,-30033.90067896064
3506,290.0087111744514,-30033.8318863842
3507,306.8469388324929,-30033.308527992536
3508,304.1759916837008,-30033.286924697153
3509,332.8140964551618,-30033.402358626096
3510,275.52291010152646,-30033.191393711368
3511,291.9496034182813,-30033.44387374251
3512,316.9207427727123,-30033.037032844175
3513,274.4828255925547,-30033.002362686533
3514,318.5913861145536,-30032.597133465784
3515,309.7611261509046,-30032.61511019995
3516,305.4409354380526,-30033.165687685167
3517,307.82841179057584,-30033.12791988365
3518,314.1066250814781,-30032.985779617626
3519,313.4428158446048,-30033.892878976432
3520,287.8219985708413,-30034.050218523793
3521,276.07369618252056,-30033.808583726226
3522,303.36921766799696,-30033.64874401817
3523,294.93112184546777,-30033.285894307435
3524,272.8259721985223,-30033.74465420222
3525,268.0073980619959,-30033.602522398076
3526,266.3739718965388,-30033.984857498883
3527,281.54497620286145,-30033.807563608596
3528,291.94550163594465,-30033.547491165184
3529,276.9029185236662,-30033.862222909658
3530,271.19912980422544,-30033.751825907577
3531,293.07756109740194,-30033.6014270638
3532,295.49509811775675,-30033.217210094295
3533,311.7190868214714,-30033.382923955556
3534,293.8127996567509,-30033.6281018534
3535,305.6516649394088,-30033.453426569078
3536,309.5457140242109,-30033.030612529015
3537,302.95225891369915,-30033.89151393858
3538,294.89184241984896,-30033.53296289074
3539,289.7298592104509,-30033.06732253253
3540,314.0812074792558,-30032.535238554425
3541,328.8133974797648,-30032.34539761869
3542,310.37162976747925,-30032.0608962753
3543,312.32879060076533,-30032.6451361312
3544,316.4930439612827,-30032.87967868537
3545,310.4770224433243,-30032.931327524213
3546,301.13417038453474,-30032.960072598562
3547,290.42718001133,-30032.870328986697
3548,328.9176512376398,-30032.481482133167
3549,312.91774577488195,-30032.099269493887
3550,324.13863232978224,-30032.21922802586
3551,317.045108350926,-30032.47339947528
3552,279.4634900335933,-30032.710784247865
3553,292.92472832434123,-30033.210688804018
3554,289.9158671065481,-30033.320518705048
3555,324.12433587528955,-30033.297707834
3556,274.8934621126121,-30033.03123404577
3557,299.9460265778657,-30032.70245047125
3558,294.2660845245548,-30032.644196019723
3559,324.8213060356759,-30032.184707365333
3560,320.92331172025473,-30032.65058806778
3561,315.129405796732,-30032.583443211483
3562,289.1470959391645,-30033.120847999748
3563,280.6273161514809,-30033.301041139417
3564,268.1718845555252,-30033.700002686855
3565,307.30665965545825,-30033.135009306894
3566,312.09180505677386,-30033.209611367427
3567,276.9360084124731,-30033.70124543773
3568,297.0756119928147,-30033.30689129102
3569,290.6966096756963,-30033.197626680165
3570,287.5243872845893,-30033.190417114318
3571,314.47362219845877,-30032.759874640702
3572,289.4977364592919,-30032.666833334395
3573,313.6543834708101,-30032.659112684836
3574,307.08247297256213,-30033.160104402123
3575,299.19352527411684,-30032.680110356916
3576,343.16270569311257,-30032.38771525921
3577,289.26437509317566,-30032.756609251097
3578,304.6231885578738,-30032.89106057976
3579,282.6763106992408,-30033.330267499332
3580,300.24843476034494,-30033.49572658178
3581,286.77876420685527,-30033.068296921778
3582,276.3288518520527,-30033.284673170434
3583,314.1351576013158,-30033.059290250076
3584,297.8292492155052,-30032.948343839224
3585,318.87233396497635,-30032.758129676935
3586,298.81398799195347,-30032.843826554545
3587,283.69638771495266,-30032.556904443365
3588,315.74325609940644,-30032.230318104077
3589,304.49645734759895,-30032.29459640871
3590,284.16606783119374,-30032.722982338866
3591,315.9668290426946,-30032.418128865585
3592,304.49033550640723,-30032.23224834002
3593,329.2287513187609,-30032.151495653925
3594,321.6514553174268,-30031.909860814518
3595,304.74159514347696,-30031.470153225615
3596,326.85059587289874,-30031.57575088001
3597,337.2619942022689,-30031.33884609402
3598,298.11417582131264,-30031.542835055974
3599,325.4270836512503,-30031.11498573016
3600,296.15920941933854,-30031.71635323887
3601,309.9295650175036,-30031.341398649085
3602,296.2515697195848,-30031.784373549126
3603,291.03905718534685,-30032.56608097322
3604,264.9257328688025,-30032.940721641717
3605,300.34896988649643,-30032.66705963493
3606,289.54143177479597,-30033.200905157926
3607,285.5460123687753,-30033.460219372635
3608,275.4377016543989,-30033.822414657057
3609,293.4082890057742,-30033.343219087885
3610,262.1568268977985,-30033.2809244797
3611,295.2949193939765,-30032.98389686212
3612,308.97244599558326,-30032.441324219144
3613,289.18606659288145,-30032.946052704516
3614,296.78312811253716,-30033.05047825504
3615,294.52770772720015,-30032.727546828268
3616,271.42961386606254,-30032.308605774557
3617,321.04356803574206,-30032.1612754322
3618,301.5048466813514,-30032.18720131208
3619,278.10108766274175,-30032.486783729157
3620,290.4237971630406,-30033.011037941924
3621,283.2871839314252,-30032.7643256516
3622,312.47612486085336,-30033.166870227593
3623,255.64921340390762,-30033.31938297963
3624,282.44393030313813,-30033.125097195407
3625,287.34032249161265,-30033.081703968037
3626,321.75761156051334,-30032.354491863287
3627,294.7291873573156,-30032.765515274663
3628,281.1196531221689,-30033.161869239117
3629,305.51343091831905,-30032.499825998762
3630,265.77007956686623,-30032.624844845195
3631,304.3831850853713,-30031.83842321467
3632,283.7304967527714,-30032.280667303286
3633,332.6444850042387,-30031.65461490305
3634,321.97774453804436,-30031.93496612256
3635,316.10132894650894,-30032.280025233893
3636,308.960615594831,-30032.54903969998
3637,308.0978472047575,-30032.76576430942
3638,280.9087272531771,-30033.559682103638
3639,304.7254091269137,-30033.31235180374
3640,303.73836743692857,-30033.30169186692
3641,280.91773018908754,-30033.090708669573
3642,280.6159654214374,-30033.15288534083
3643,273.8600611349071,-30032.845943399647
3644,286.9574998779561,-30032.44472045073
3645,283.73528265546355,-30033.17507977718
3646,269.54808150859327,-30033.380692102848
3647,285.6598090451982,-30033.273801426807
3648,265.52890995995585,-30033.556611421125
3649,277.0611055068004,-30033.74696891413
3650,280.0479535406806,-30034.059560334346
3651,251.75951932030992,-30033.788963937655
3652,283.67684036908406,-30033.76051456766
3653,282.9458016869303,-30033.409516795884
3654,288.7112599395168,-30033.530102038956
3655,301.3186320301347,-30033.62932277079
3656,321.58816915187276,-30033.550103319965
3657,287.63494486177893,-30033.693532681165
3658,284.33026350776055,-30034.02750109512
3659,288.44040918611336,-30034.02315211395
3660,283.61578174211485,-30033.840154915255
3661,286.713656735497,-30033.12850650323
3662,295.7883167906514,-30033.680636144258
3663,312.75908424137475,-30032.861019641765
3664,283.0072521332463,-30033.591585474154
3665,285.2490416143062,-30033.483214566502
3666,273.54688617665875,-30033.744340748002
3667,280.421474155657,-30033.653805957827
3668,285.57372468767005,-30033.811094110762
3669,284.02344604882865,-30034.08199066362
3670,266.03884520277023,-30034.514659018467
3671,266.04348673146006,-30034.51259070042
3672,267.7263102298644,-30034.52160778598
3673,266.5292447004967,-30034.232957077194
3674,301.0929706198407,-30033.377110715668
3675,289.97793843999466,-30032.934212599197
3676,322.0347626113209,-30033.185504178073
3677,275.10523840099995,-30032.996681325614
3678,291.62376720088844,-30033.213679066877
3679,263.39763053002133,-30034.132942825127
3680,260.05575799689905,-30034.221740496465
3681,258.8574997542881,-30034.05226001333
3682,272.166302103533,-30033.81180708617
3683,276.1979467953486,-30033.10432821053
3684,277.968162461236,-30033.310395155026
3685,279.55630658787373,-30033.386215109847
3686,324.9445154217226,-30032.84961831571
3687,292.2631101564265,-30033.23101503507
3688,273.643755066838,-30033.78295228947
3689,275.5793794217829,-30033.713429760784
3690,311.8457029393242,-30033.600484732968
3691,297.3678575501927,-30033.49104461668
3692,310.23787409353804,-30033.277106436763
3693,310.15662297960256,-30033.603341669706
3694,284.11407944496443,-30033.53872570703
3695,266.8887838364306,-30033.284580941785
3696,268.4601677370348,-30033.401832475407
3697,287.99650659956217,-30032.981434474
3698,271.4917242788387,-30033.35784557384
3699,294.931412101435,-30033.199949603888
3700,275.1920738031484,-30033.3304637523
3701,301.40599989961805,-30032.834185732747
3702,265.0258335353002,-30033.139409227246
3703,293.95649759238376,-30032.96633244577
3704,272.6538038967761,-30033.450098934874
3705,281.44541846617614,-30034.04245629868
3706,322.97175468366225,-30033.570453116863
3707,301.8939034962707,-30033.05840510953
3708,300.1440787441491,-30032.89870710514
3709,306.88031257103995,-30033.21980910105
3710,311.4581276691901,-30033.322994166672
3711,334.44069339903194,-30032.979177387304
3712,293.4022666868758,-30033.51133729926
3713,307.4234567065967,-30033.37820439803
3714,306.858499459686,-30032.925428581915
3715,318.23076431920055,-30032.43616147054
3716,311.85321012142174,-30032.436235920388
3717,331.72496312703555,-30032.308294890503
3718,306.5107398675962,-30032.541481123648
3719,280.9548263758922,-30032.585881769697
3720,320.3252018391385,-30032.3626975308
3721,283.495863098291,-30032.927115420527
3722,307.327927021198,-30032.663778370297
3723,311.10637520789106,-30032.91766142808
3724,312.3314709132837,-30033.12553836144
3725,293.9825410118215,-30032.989123602492
3726,286.8140470440608,-30033.16312440045
3727,297.9622573265817,-30032.67355848071
3728,292.9189817446454,-30032.620987672122
3729,312.7330321642637,-30032.135103699904
3730,319.58320897189805,-30032.023690369017
3731,303.291966986475,-30031.820583093737
3732,272.61339505979964,-30031.847586172807
3733,308.5416113553171,-30031.58873538506
3734,311.2492905744137,-30031.60161456718
3735,315.46771094157447,-30031.453953434382
3736,300.45384338679446,-30031.547269393694
3737,300.3622299428002,-30031.40696492303
3738,294.7673140549393,-30032.12394404966
3739,291.3549857621586,-30032.5015996608
3740,315.00533580737147,-30032.031834869482
3741,324.771588144339,-30031.199613134555
3742,327.59636217540555,-30031.127555018007
3743,314.93857625327115,-30031.79716357718
3744,301.0140249499978,-30032.097819982308
3745,298.9816563774947,-30031.978337250413
3746,296.58984988557125,-30032.211525016948
3747,271.75358953270523,-30032.968534125175
3748,262.19500559019673,-30033.028023839295
3749,286.6092699760306,-30032.924065914576
3750,278.61685307201617,-30032.82163975894
3751,285.1047544587134,-30032.95163922234
3752,267.1370621447113,-30033.559669192735
3753,293.7278365585149,-30033.31380421004
3754,276.563307884873,-30033.39604196139
3755,295.5944931328449,-30032.874899567618
3756,295.3200813430452,-30033.069209895097
3757,259.5934141793793,-30033.311339904354
3758,263.0598548623087,-30033.11398196171
3759,280.2344693224457,-30033.105712652203
3760,297.81013726357367,-30032.81795878295
3761,273.25008429815483,-30032.659909875718
3762,302.98476287540035,-30032.77351975814
3763,284.0066588555285,-30032.766001036696
3764,265.20172940839524,-30033.062778234056
3765,289.5736056438993,-30032.186434794694
3766,288.8837192804619,-30032.08832195832
3767,283.3850620235777,-30031.80681839678
3768,296.5599563220715,-30031.694688787757
3769,311.0805257327758,-30031.709318583064
3770,287.43259205606927,-30032.108710905162
3771,288.15235232225194,-30032.69241045867
3772,301.8131799225415,-30032.577986625027
3773,287.5327285723211,-30031.977319475976
3774,303.1697168367525,-30032.368538962117
3775,279.4116164283067,-30032.651524767403
3776,280.8885650340149,-30032.933229362807
3777,281.5121530216065,-30032.962675086397
3778,299.91490500119716,-30032.703222843782
3779,271.3058114963396,-30032.921053290796
3780,295.3646284186591,-30032.280994954723
3781,296.04849481963555,-30032.201522818992
3782,285.8426315045384,-30032.193092280213
3783,316.40120361037407,-30032.28430172106
3784,286.55952237883236,-30032.929206796034
3785,292.00045650467825,-30033.34300230012
3786,291.5581501867023,-30033.25241691912
3787,291.03218406414334,-30032.609220299735
3788,295.7138107642519,-30032.95201647822
3789,288.6967617659827,-30032.598821228345
3790,292.5296721692891,-30032.84158702266
3791,276.6109162317567,-30033.010094796657
3792,269.9397706754101,-30033.265502445818
3793,287.68637993524084,-30033.39342804507
3794,282.9187344425009,-30033.146516673358
3795,289.76443630193825,-30032.972714401338
3796,270.8655213359189,-30032.908542872974
3797,280.2789904368977,-30032.815545231133
3798,278.0104175882572,-30033.48708084603
3799,262.8920222007932,-30033.51072534283
3800,250.28064824506728,-30033.82761955393
3801,308.42029594077985,-30033.167918055267
3802,289.74247796377847,-30033.215446861428
3803,284.591960427021,-30032.812021949172
3804,296.2571262845131,-30032.436579396788
3805,279.40240257529007,-30032.565815935992
3806,305.6346673039131,-30032.30931716489
3807,303.1354607260438,-30032.709232877238
3808,298.2889028912396,-30032.854904945038
3809,269.03288294971185,-30033.47550950502
3810,294.5392649384556,-30033.164760002423
3811,280.87078538309737,-30033.355545616607
3812,275.27008557173144,-30033.164465163143
3813,299.6212459306008,-30033.12457334857
3814,311.13437034679174,-30032.934544772204
3815,288.8123928881555,-30032.529545255402
3816,285.6048654195337,-30032.990008762838
3817,294.2424748008037,-30032.830328838754
3818,296.0745412157698,-30032.818063901843
3819,297.7624899018977,-30032.66875066595
3820,302.4683843093964,-30032.499225820622
3821,316.81377356200824,-30031.766250096567
3822,315.1933433644961,-30032.074043914592
3823,281.97121300463743,-30032.863391551426
3824,308.6650087250052,-30032.814188545075
3825,273.69530409383754,-30033.03362607529
3826,307.16492980846806,-30032.824073620675
3827,277.9618114054985,-30032.978521524965
3828,289.1137966037164,-30032.4283150447
3829,291.14388394872026,-30032.915041891898
3830,294.570418844637,-30032.76554932754
3831,293.4007840915925,-30032.898092844178
3832,319.3572627447725,-30032.455079132455
3833,330.0839479392587,-30031.74941208499
3834,310.1081489964757,-30031.749075942724
3835,317.4933362481229,-30031.800166020053
3836,314.6550116180666,-30031.599122934163
3837,317.1113509392891,-30031.82722422259
3838,316.0102683734777,-30031.586972667123
3839,335.7147718546987,-30031.832323046114
3840,324.1380788679573,-30032.057132386628
3841,341.22509804621063,-30032.095958884063
3842,297.4036680226154,-30032.27921837555
3843,311.704347022154,-30031.963367891592
3844,304.8413877141849,-30032.28212970744
3845,317.2529507359809,-30032.241678761387
3846,299.3301229008327,-30032.19039216412
3847,321.3050672921792,-30031.89501994183
3848,311.5926258880358,-30032.239578076795
3849,328.91660825064633,-30032.379945517925
3850,296.4735839697103,-30032.097222994144
3851,307.8525146256144,-30032.174196701624
3852,297.1046853226004,-30032.4292166267
3853,320.45259586992916,-30031.923989002033
3854,281.7164494112342,-30032.34627675171
3855,301.6702919328304,-30032.685048431493
3856,308.06426139443795,-30033.018550964083
3857,300.3067812871534,-30033.56068479285
3858,297.53609037154604,-30033.39702567943
3859,263.54363586356544,-30033.488694277698
3860,302.3433260091117,-30033.254282631435
3861,259.703544792771,-30033.81837231755
3862,272.4309263861098,-30034.07281778918
3863,291.5857355809182,-30033.75173230725
3864,271.74414030567306,-30034.347674885255
3865,287.44625712984333,-30034.05173114157
3866,289.98268910120737,-30034.05128219771
3867,259.5392602795011,-30033.96893389104
3868,297.22738718853515,-30033.646874547667
3869,301.9933244311631,-30033.559843939576
3870,299.77006307749355,-30033.327911267806
3871,285.54877433926157,-30033.102728951297
3872,284.92746883844416,-30033.377914081153
3873,280.7936173516646,-30033.531288890972
3874,290.3645311162876,-30033.28008692642
3875,275.0160442606071,-30033.098504312886
3876,290.68676343187076,-30033.395136668372
3877,298.4552153126153,-30033.5988242931
3878,284.68705758107416,-30033.73934933643
3879,285.32292680679154,-30033.674740265342
3880,274.9000816742752,-30034.152163512077
3881,282.1060731677145,-30033.41668522885
3882,295.55948214856943,-30033.22147159212
3883,317.2421101616303,-30033.390385301802
3884,296.29636443218726,-30033.197324337918
3885,290.0642523277988,-30032.791445468778
3886,316.0806082956229,-30032.792258227168
3887,277.0250314600142,-30032.550598571626
3888,295.1045728216162,-30032.609714616483
3889,289.287214385142,-30032.593933052573
3890,297.7829343049823,-30032.720977653567
3891,271.20298906500744,-30032.216573878784
3892,308.8902357200529,-30031.810552006475
3893,308.24947987322525,-30032.304969853292
3894,289.2538968242035,-30032.184603674847
3895,310.9944299192938,-30031.85403342633
3896,316.3806264358512,-30031.628562403555
3897,306.2703521708925,-30031.508384544202
3898,302.1004463270211,-30031.59624789786
3899,295.93197326447927,-30032.003242765622
3900,323.8042279756457,-30031.821277243485
3901,289.30249109207796,-30032.560350791613
3902,297.5928725580055,-30032.70225708916
3903,316.8293189359607,-30032.463129917855
3904,290.9369617622282,-30032.677989768385
3905,316.42910397552663,-30031.971109292273
3906,319.73238417754595,-30032.019988151984
3907,310.98446367246027,-30031.983187017762
3908,328.25025954469294,-30032.46484227605
3909,332.19761461765574,-30032.6442209177
3910,302.80400000909225,-30032.549490289934
3911,297.9515075201535,-30033.023434643455
3912,303.77972362938385,-30032.775274867603
3913,302.72834577469877,-30032.75253974502
3914,293.9086971809467,-30032.893300002142
3915,292.2931133041932,-30032.962692294608
3916,320.1897622688831,-30032.83090260805
3917,266.24585982624444,-30033.28100572289
3918,281.6362101183401,-30033.531861873365
3919,295.3921938224692,-30033.112342088974
3920,287.0082802088911,-30033.00400706398
3921,290.5551701922806,-30032.59176191273
3922,289.72115172850255,-30033.028476134044
3923,329.5086023892138,-30032.632831584862
3924,297.686924025042,-30032.373751053186
3925,294.03983236739896,-30032.702545500706
3926,336.2297704849414,-30032.61055748075
3927,304.1459745990493,-30032.863841533497
3928,294.80819616552355,-30032.841679441066
3929,314.0037920527441,-30032.988331718618
3930,286.26055975542226,-30032.999126423925
3931,297.81084044056547,-30033.329660081567
3932,296.0870150723609,-30033.243535576774
3933,298.6747801862758,-30033.23400015153
3934,294.13915876812047,-30033.348517926897
3935,301.083656641126,-30033.017966869167
3936,299.13609736959575,-30033.12294184756
3937,301.5946182642752,-30033.37247336889
3938,303.24636304107685,-30032.74358988841
3939,310.26743686276365,-30032.405279000574
3940,281.0011707792478,-30032.719497223403
3941,294.4711303021871,-30033.467232211788
3942,296.2647331422241,-30033.28209373547
3943,300.86268056816203,-30033.35548228376
3944,311.41712331282594,-30033.228308684153
3945,287.2307715551308,-30032.88129779347
3946,323.99001510139,-30032.498307020065
3947,314.2303279717336,-30033.21122519526
3948,318.8078334623492,-30032.28316794469
3949,297.35200274001636,-30032.464094349954
3950,320.0342773300857,-30032.00077704448
3951,312.9601130282377,-30032.54743677715
3952,284.8265308191426,-30032.179247276967
3953,316.628377550302,-30032.065773113354
3954,313.06745473409154,-30032.374850905206
3955,315.0960557129745,-30032.734661515904
3956,310.922304195199,-30032.87535468616
3957,274.9495335204038,-30033.242733095543
3958,275.7771758919535,-30033.72023961552
3959,294.4997847518969,-30033.060271068192
3960,310.5042875776384,-30032.981432110526
3961,282.5997921986879,-30033.252088403697
3962,293.52906841590004,-30033.906627845186
3963,333.1316867654929,-30032.898382947922
3964,288.2985455916708,-30033.489563497064
3965,287.27156795614326,-30033.745519687003
3966,283.3090822267685,-30034.240344681642
3967,282.8281653661837,-30034.080405033666
3968,268.66261693962446,-30033.713214359042
3969,313.39476332056944,-30033.882352789715
3970,269.4670289878925,-30033.34168803212
3971,273.4716230815707,-30033.76573987083
3972,256.16748110035616,-30034.556520657872
3973,278.1490932787253,-30034.639889205035
3974,298.45992194946894,-30034.06355123421
3975,267.89030682330537,-30034.11128773306
3976,265.3872245603666,-30034.524971506817
3977,276.1273869390446,-30034.18225123379
3978,288.38860356690077,-30033.682640946216
3979,288.97188847263277,-30033.416211908123
3980,314.78533571325966,-30033.07635731232
3981,292.53031948848144,-30033.37868033255
3982,267.45055855714133,-30033.426888866554
3983,272.8104078716158,-30033.643477976304
3984,274.571336072889,-30033.914228541274
3985,269.70848187977583,-30034.45288317565
3986,284.61422309692375,-30034.1454538112
3987,295.2668962961696,-30033.787326711878
3988,296.1344128475802,-30033.85954676299
3989,268.3764038405261,-30033.83359882037
3990,277.10103666044927,-30033.892462281296
3991,278.634302015034,-30034.48917546262
3992,261.44986697463247,-30034.788704123417
3993,288.80668309705464,-30034.22890571049
3994,289.08157396623125,-30034.550208493263
3995,273.6496764659131,-30034.714445957714
3996,269.27450856265716,-30034.90896598697
3997,293.775744972554,-30035.04894334827
3998,290.72387303030155,-30034.431325060646
3999,277.6912690889283,-30034.4383608202
4000,289.29461841102466,-30034.107421175115
4001,290.45296414826737,-30033.79547032827
4002,296.09209133625296,-30033.780518969506
4003,298.5006295897265,-30033.648478455598
4004,292.52698774258977,-30034.156106769526
4005,277.58635133632396,-30034.194870909683
4006,303.5748936428864,-30033.741295820055
4007,307.7699883920436,-30033.676244830374
4008,288.168811114997,-30033.260361360808
4009,308.65851558980665,-30032.80653719113
4010,334.1855751849857,-30032.79410263853
4011,297.98600154734305,-30032.590937948746
4012,307.468657374699,-30032.640754486856
4013,311.0372938083478,-30033.233829009132
4014,303.35675324337853,-30033.211553359157
4015,307.86065916251994,-30032.79899457123
4016,323.7384099849934,-30032.842441958543
4017,325.4024427198799,-30032.96911289161
4018,287.6365007716211,-30033.38294719173
4019,293.1823471989736,-30033.83906086662
4020,290.8246658395726,-30033.88585484364
4021,302.1043652801307,-30033.79341626263
4022,269.26970530282273,-30034.31728831885
4023,303.42403564682314,-30033.70597730043
4024,290.4630513532007,-30033.863579359913
4025,307.0253851555215,-30033.442771202506
4026,288.01635831037413,-30033.100082421002
4027,316.53459563977304,-30032.570053709496
4028,304.7543340975885,-30032.49913394638
4029,295.889962802674,-30033.27576975254
4030,326.9859925382311,-30033.035281242566
4031,359.1340237253918,-30032.538215503806
4032,284.43313561513406,-30033.526901149275
4033,290.0953742929099,-30034.05434496161
4034,289.0281319223193,-30033.674581688174
4035,285.75927037450975,-30033.88656737935
4036,289.0167647933673,-30034.450254421572
4037,286.16577128309694,-30034.57960387583
4038,268.6029307539065,-30034.747898770507
4039,275.9649719420529,-30034.05151640979
4040,310.76518184473383,-30034.09019163473
4041,293.5154324043122,-30034.108138137515
4042,293.64330582580914,-30034.091292711273
4043,286.3855169018818,-30034.574150248536
4044,290.868303537182,-30033.533209347126
4045,302.24136254944347,-30033.37400065154
4046,306.1680172641541,-30033.335143032848
4047,313.13782719087055,-30033.339901282812
4048,322.215227771596,-30033.372431659718
4049,304.6363250537092,-30033.839953309373
4050,335.3639562185711,-30033.651576432476
4051,303.4639410586084,-30033.906158806458
4052,319.29354426446264,-30033.767207367055
4053,301.0023498986776,-30034.307094107695
4054,289.9866308040509,-30034.867590622875
4055,281.4825658763073,-30034.79153437755
4056,286.52627512658347,-30034.59018817339
4057,298.82979175705543,-30034.175465588105
4058,312.5972326305877,-30033.667770835695
4059,297.45807661767384,-30033.91458681786
4060,310.14534336864426,-30033.66221535609
4061,291.163833219337,-30033.85985929267
4062,301.8307678340058,-30033.302159504798
4063,318.1612645967228,-30033.551167558493
4064,316.929494262767,-30033.587596900474
4065,323.35869643423314,-30033.408506280794
4066,311.8011866592148,-30033.53908953406
4067,314.79781107395564,-30034.228391449924
4068,283.936050094953,-30035.33806589866
4069,287.35233891068225,-30034.794296370612
4070,298.8075388153731,-30034.111564734638
4071,304.8930361188308,-30033.91170727691
4072,313.2407932075073,-30033.653752131337
4073,274.0497053698476,-30034.056080575832
4074,316.7509956720548,-30033.849839362676
4075,299.91574584842846,-30033.87507697571
4076,317.92969890040644,-30033.69558641042
4077,310.64452947928623,-30033.835373474438
4078,287.91033947552955,-30033.97966671205
4079,275.1582576111326,-30034.76684987456
4080,285.5802259549825,-30034.678120262884
4081,285.3538818485135,-30034.99037827586
4082,270.32304619138245,-30035.441537223032
4083,285.492511550243,-30034.901000276208
4084,288.3580114518354,-30034.798634553616
4085,278.6925674036353,-30035.08538568737
4086,264.7951992272077,-30035.770133089063
4087,284.9398222452159,-30034.983076245397
4088,313.38411918102383,-30035.175585705027
4089,278.3291587820561,-30035.35417035533
4090,293.1991718563152,-30034.992940188764
4091,296.6036147479094,-30034.343995901814
4092,311.9528870314513,-30034.22673089767
4093,293.1791421483454,-30034.542265409284
4094,283.4239010682174,-30034.676948242814
4095,254.29845938196019,-30035.55603087323
4096,292.8574863206898,-30035.239701360104
4097,288.6310511488251,-30035.285998903615
4098,284.6107908347532,-30035.37991399278
4099,273.9240510854508,-30035.613886552725
4100,291.3713172919163,-30035.358616221343
4101,294.5650651599454,-30035.03521344481
4102,286.38284513705196,-30035.32421655616
4103,281.27719404578863,-30035.855225027437
4104,292.54741233022435,-30035.31184987392
4105,274.24864738848777,-30034.529658875446
4106,284.6233889855753,-30034.97921070799
4107,283.76233485207854,-30034.77597089816
4108,267.2525383709789,-30035.006022063986
4109,268.564536958233,-30035.11799224933
4110,269.22590541416673,-30035.275406590605
4111,251.8417716538765,-30035.62090698153
4112,275.7836785895694,-30035.350937607145
4113,280.27801978951965,-30034.715959945574
4114,315.67801196573623,-30034.601077952204
4115,291.0443093501717,-30034.56790375046
4116,304.63916724743626,-30034.326210897063
4117,284.41438053422667,-30034.66994473621
4118,280.72185656914337,-30034.716663593714
4119,298.25947806173156,-30034.30485395785
4120,319.1027154796371,-30033.58053708892
4121,311.99565355205283,-30033.25691952195
4122,311.2491408553889,-30033.201227657893
4123,334.0453607269122,-30032.910863718524
4124,317.10937678300326,-30032.315554467026
4125,324.6487326547491,-30032.737818401205
4126,322.5407988818657,-30033.272554789757
4127,279.3939456165684,-30033.34922894504
4128,275.2509172696226,-30033.428612755364
4129,306.1896856559748,-30033.559214643617
4130,289.75429638541755,-30033.478825427886
4131,290.31120035210154,-30033.4181292346
4132,289.68193797440847,-30033.48452746252
4133,285.22033009073715,-30033.43900525155
4134,287.3813054621346,-30033.721311856305
4135,323.94428812604224,-30033.186941868087
4136,317.4061300537359,-30033.179283420657
4137,311.166790588999,-30033.326318294505
4138,307.3960623984904,-30033.748024892542
4139,289.0556002067122,-30033.615306232725
4140,303.0651064935371,-30032.927775797343
4141,288.4386577062126,-30032.831789332024
4142,306.43905155514847,-30033.043260277835
4143,280.52991407351135,-30032.957755330557
4144,289.81993736342724,-30033.18422760591
4145,309.8025266755461,-30032.8484577254
4146,313.79034027777345,-30032.64011352085
4147,296.47291974715915,-30033.138255103757
4148,315.9481523005243,-30033.127576758317
4149,289.8852355248451,-30033.26073204193
4150,289.5987837205918,-30032.926044302418
4151,292.46710528845637,-30033.057983551964
4152,301.7629371260877,-30032.881967921297
4153,308.28845073734084,-30033.09501830284
4154,303.7433135121369,-30033.037897240665
4155,292.0829070548983,-30033.049940424673
4156,291.52034437364495,-30033.298277055437
4157,281.5314392078036,-30033.71610269354
4158,285.1581393920551,-30033.249142444794
4159,296.68487994906627,-30033.076354069253
4160,302.6056418991089,-30033.484100623926
4161,308.1864524028381,-30033.320205938468
4162,297.13285131878007,-30033.426564480502
4163,320.8727968524761,-30033.15965424129
4164,289.13736787863826,-30033.61913630489
4165,275.71670141146967,-30033.766662340815
4166,293.94964979052196,-30033.50556489391
4167,324.2964182895794,-30033.490702732895
4168,314.4363564112544,-30033.442440124705
4169,313.53763746578136,-30033.283103826845
4170,290.3259854156546,-30033.341590425203
4171,312.20447643362314,-30033.337674474184
4172,304.34959377200084,-30034.07363188091
4173,301.82063773975625,-30033.48795778758
4174,293.6953038473537,-30033.746252228982
4175,288.97031954346664,-30033.45140709567
4176,293.9867865596074,-30033.451908861865
4177,289.97936168162323,-30033.63730227731
4178,296.6229478152945,-30033.40015672046
4179,288.8351692031033,-30033.605151869837
4180,274.6130710801707,-30033.45811464056
4181,277.59188409412127,-30033.874421098193
4182,310.7079327635856,-30033.78106556235
4183,314.96352450663557,-30033.59732566364
4184,275.98183387746514,-30033.887035431773
4185,271.0539872354909,-30033.739803042983
4186,301.0986096244989,-30033.490252017353
4187,294.9090205521006,-30033.880192815373
4188,305.3846701198135,-30034.032318447848
4189,320.6268932272886,-30033.952866430667
4190,275.2628744998947,-30034.231050376882
4191,307.0082963956615,-30034.402179684836
4192,275.35373312430625,-30034.349889205594
4193,278.59454651069564,-30033.6776621112
4194,305.6385823817542,-30033.781876250836
4195,292.58257416123166,-30033.902774105714
4196,288.09754376519953,-30033.95548944258
4197,305.3913176710355,-30034.01457534451
4198,285.16882074890077,-30033.75083048083
4199,304.83594627991084,-30033.458046002474
4200,299.8502089347915,-30033.663812840026
4201,281.9343648315393,-30034.165087296118
4202,288.7129682281169,-30034.061309642802
4203,304.7300605061334,-30033.997783241222
4204,292.0977946991009,-30033.71949281944
4205,306.4267750713186,-30033.05918995452
4206,293.20483442857136,-30033.19397153055
4207,286.3149461025685,-30034.05051104338
4208,291.3348673648599,-30033.851708332404
4209,288.05252004388007,-30033.585513087306
4210,285.47653714365543,-30033.850615477615
4211,288.18826681408757,-30033.60558163599
4212,256.4069842817243,-30034.825967314144
4213,275.0016864636523,-30034.72581376842
4214,264.4305465486733,-30034.92566738192
4215,282.08413102590595,-30034.45824541198
4216,294.39656257653485,-30034.365567201992
4217,252.9386718066819,-30034.417902960755
4218,256.5327027357289,-30033.904878494694
4219,282.2299043522118,-30033.70853387249
4220,295.90246336335684,-30033.363350139734
4221,308.2959477980331,-30033.09092599145
4222,273.57901128212075,-30033.378309094984
4223,318.81022185679035,-30032.91787429473
4224,289.4141076594809,-30033.016565076538
4225,320.98762455141826,-30032.512273207634
4226,298.7855573264956,-30033.22734464428
4227,305.95852446612867,-30032.990732831542
4228,288.2080059438242,-30033.10118550202
4229,271.52529966301495,-30033.556231052928
4230,299.03898357631755,-30033.240586384072
4231,297.29319941917294,-30033.17258497556
4232,299.1638938649478,-30033.0968613716
4233,278.3040680122267,-30033.15752743083
4234,295.38963034116614,-30033.536233834227
4235,276.19981209902215,-30033.21170379259
4236,316.1894096460217,-30032.654792379897
4237,311.1332559405409,-30032.23340055444
4238,296.48566746728653,-30033.27465748197
4239,261.84923910117175,-30033.550276916376
4240,294.9587806586556,-30033.11137974846
4241,296.1326861347803,-30033.025605241397
4242,288.0325064003826,-30033.214916034136
4243,266.41107312910526,-30033.89604609878
4244,272.10267018417636,-30033.473542547505
4245,323.45697214548255,-30032.2947391579
4246,313.4809397919229,-30032.08529219469
4247,299.1860545334625,-30032.367795765094
4248,308.7702238271653,-30032.667046075996
4249,291.5376207308402,-30032.956051417335
4250,306.32828096820884,-30033.088978122443
4251,312.8591283164795,-30033.413224256776
4252,290.83304222867093,-30033.463771959156
4253,280.42888822427017,-30033.55205945613
4254,282.39912197244234,-30033.456287369587
4255,313.62877272330957,-30033.505451415098
4256,307.57700003474645,-30033.673221898323
4257,305.2174795668159,-30033.514983393175
4258,273.0945619502459,-30033.562207115567
4259,300.0284094339422,-30033.288296525832
4260,323.3056130947759,-30032.831698698406
4261,319.1478677064796,-30032.27668212996
4262,327.32311528266393,-30032.274961435174
4263,321.11218799545105,-30032.42715055312
4264,265.7789115251589,-30032.58361002944
4265,304.9129904533505,-30033.126055802004
4266,268.05582015071815,-30033.45483628797
4267,276.04591332642315,-30033.660835738687
4268,262.3560650347033,-30033.721292305276
4269,294.2343451622277,-30033.391077474404
4270,288.99278707130014,-30032.862958873553
4271,267.94018556629476,-30033.322940471837
4272,304.73805334647943,-30033.03274112562
4273,286.26468918540223,-30033.194336440098
4274,304.1009408334631,-30033.0036310525
4275,294.87343623144693,-30032.92599781889
4276,283.8738342860485,-30032.49585996509
4277,306.85789224969767,-30032.3395061516
4278,305.5309647299228,-30032.22400022118
4279,294.59531673040783,-30032.253212664018
4280,315.8639374207004,-30031.82497929574
4281,330.2512662130246,-30031.059712719903
4282,319.9104082262367,-30030.859319966923
4283,352.5276254017583,-30030.762719386883
4284,335.15234128186887,-30030.848234523222
4285,324.187191590487,-30031.161382261434
4286,328.21147372886526,-30031.23728923399
4287,322.7035573458343,-30031.709921714624
4288,290.29985087649584,-30031.97700465488
4289,328.22538940936806,-30031.201787625865
4290,339.1996669171532,-30031.491928979314
4291,318.452142889901,-30031.961917316796
4292,307.23111369221425,-30031.843915449917
4293,305.6969608281638,-30031.944489919726
4294,324.48067380205526,-30031.68534864592
4295,305.3684701268135,-30031.62256424784
4296,295.113390206061,-30032.429808287416
4297,314.29558749497295,-30031.836558715197
4298,315.22761431665486,-30031.70405275614
4299,288.61159696645336,-30032.08726296579
4300,312.5557487281626,-30032.57309725451
4301,280.2773551453861,-30032.860507690653
4302,302.42534394166444,-30032.357715867656
4303,305.327750430351,-30032.203652950655
4304,292.4761888120008,-30031.97377374288
4305,281.2627634061083,-30033.230583165772
4306,292.0375764685997,-30032.953409185146
4307,299.63693070056763,-30033.41519971034
4308,305.45519961184556,-30033.032521178164
4309,284.0649511692216,-30032.897366843223
4310,301.06445841347835,-30032.54188082908
4311,290.9722532438088,-30033.11852015752
4312,284.6605807680778,-30033.027115810626
4313,277.01667704856607,-30033.51174341067
4314,312.4765147117391,-30033.19811055231
4315,321.171406326933,-30032.85146212782
4316,293.4240695269646,-30033.34673369831
4317,327.2289405041396,-30032.52143928148
4318,313.9571639412003,-30032.759020180958
4319,287.17563975306155,-30033.339697299645
4320,292.37609977920965,-30032.980163993627
4321,269.1958215472448,-30033.760528209346
4322,290.93246798101194,-30033.07067941965
4323,294.56782868147843,-30032.90233235998
4324,289.6687810824659,-30033.174307114095
4325,314.01496091460723,-30032.995867030793
4326,258.789844915182,-30033.546126565132
4327,306.1316382285831,-30033.086045884527
4328,285.58351351350996,-30033.36553867255
4329,279.4532101662804,-30033.5684612477
4330,260.43661175817067,-30033.610726001574
4331,278.7377622004252,-30033.625279671905
4332,270.82217908679763,-30033.136181037073
4333,294.0722244585024,-30032.965413471662
4334,285.5640127669425,-30032.67461639035
4335,287.2153079802188,-30032.893400317098
4336,286.43567636540786,-30033.016264770416
4337,274.12847876573653,-30033.446703709673
4338,301.69348455114186,-30033.297754089144
4339,303.6994667828235,-30032.853438549908
4340,315.77667364258497,-30032.55956687545
4341,314.68511998391733,-30032.54368820741
4342,303.3664386299512,-30033.02771923809
4343,293.2618750302757,-30033.25505590195
4344,301.71672514185514,-30033.092099181224
4345,302.43649544672604,-30032.98439223559
4346,284.377295699443,-30033.325161979355
4347,279.99998868423296,-30033.513875721903
4348,261.6120224488202,-30033.56202351323
4349,263.30768946738584,-30033.846112474446
4350,270.47986641795,-30033.05678589755
4351,305.4642059700661,-30033.210032034167
4352,307.89785221810723,-30033.096899642274
4353,315.7055519021937,-30032.7605507185
4354,297.01200974278447,-30032.904172891027
4355,294.3542326581523,-30032.85489899216
4356,318.45018926370574,-30032.305715801715
4357,309.84723924909446,-30032.62859805271
4358,291.9113030934723,-30032.47998052658
4359,313.4966242539008,-30033.0907623141
4360,301.6934710485966,-30033.38759817425
4361,284.8761754005311,-30033.178015202146
4362,284.7387442142053,-30033.708769707147
4363,292.6356409326787,-30034.108488349284
4364,259.2525038327463,-30034.19480058712
4365,287.4960225074181,-30034.23994919384
4366,273.15327845186545,-30034.000203019634
4367,273.72472289403964,-30033.806333462115
4368,272.70811728660726,-30034.130391614977
4369,277.5349893039055,-30033.254739358053
4370,288.52842415680647,-30033.15182714121
4371,295.08164234669727,-30033.510674327976
4372,323.2456395255141,-30032.688655867132
4373,319.05670156021426,-30032.515272808298
4374,300.37684051612337,-30032.853867944115
4375,305.5283375503929,-30032.974065422288
4376,278.62866447068245,-30033.715877874696
4377,281.5650734565732,-30033.355892961732
4378,276.5993558436448,-30033.647100451344
4379,282.898314223147,-30033.60796096055
4380,293.89471111148856,-30033.819428357176
4381,274.1712059307867,-30034.25033081068
4382,308.6747537260753,-30034.015118569503
4383,281.2061758411783,-30033.898003175942
4384,300.876272449033,-30033.876629336668
4385,315.12909059330457,-30033.060013534174
4386,344.18461377561084,-30032.85844738499
4387,322.1528236157699,-30032.454058525527
4388,311.6424484600971,-30032.39459158462
4389,321.23037550113975,-30032.44374863608
4390,325.9064552058181,-30031.987854354404
4391,329.25090017153804,-30032.21149284066
4392,312.8640346734845,-30032.520524366242
4393,314.593933959295,-30032.385795004087
4394,324.20119473832733,-30032.38955035755
4395,351.2370752138188,-30031.88263877207
4396,328.0274136076116,-30032.51724784677
4397,315.6122543960223,-30032.21013179274
4398,316.2854314700578,-30031.68561244378
4399,329.3742787340922,-30031.556087092427
4400,341.4247327450847,-30031.4894418678
4401,325.9439978566157,-30031.424422624226
4402,314.5170466451261,-30031.305671936636
4403,326.828330811519,-30031.439584702326
4404,319.8413102444225,-30031.34150358451
4405,301.8904199063995,-30032.495991564952
4406,295.1865035667804,-30032.34010314151
4407,320.6645313686152,-30032.578885455612
4408,302.5171435089219,-30032.41989071913
4409,337.4860919244881,-30032.52273758161
4410,313.1068431916539,-30032.76840461596
4411,308.10769592827756,-30032.890519884673
4412,313.04452104072436,-30032.516045071578
4413,276.9774434599072,-30033.176779606394
4414,307.8943276126872,-30032.647768365616
4415,293.902343909589,-30032.73720767707
4416,298.84995393738376,-30032.9073870799
4417,281.314178167249,-30032.56719778379
4418,312.8292863107582,-30032.232324248027
4419,257.38911296403046,-30032.62971793155
4420,281.2910019775139,-30032.61464796841
4421,274.315672309238,-30032.5904954569
4422,294.97611063603,-30032.57384027962
4423,296.290635446238,-30032.277544644385
4424,295.2404866526428,-30032.37001339407
4425,305.81865955344847,-30032.31451648655
4426,290.23669558353214,-30032.712947037344
4427,285.613882619387,-30033.064003724772
4428,317.1717563194973,-30032.80619383722
4429,302.17847432102747,-30033.02204578102
4430,290.88098748109,-30033.14617580813
4431,334.63127461598197,-30032.888510059554
4432,317.59272474988893,-30032.291840030022
4433,308.09098872569615,-30032.213200147544
4434,321.6963267048422,-30032.416559700403
4435,315.57800301978153,-30032.54496621536
4436,313.8286079274108,-30032.477054422714
4437,322.8102398218706,-30032.246336578388
4438,296.037133991651,-30033.209617271015
4439,309.3577332178495,-30033.283324695007
4440,303.94870363587114,-30033.69295613678
4441,321.2287248523303,-30033.096133351737
4442,292.2509125212657,-30033.6278021299
4443,288.42703982242625,-30033.759812038632
4444,291.67114459099514,-30033.82969075901
4445,319.7466068583753,-30033.39463517475
4446,281.30811053426487,-30033.766567119765
4447,280.84468511565933,-30033.59447462073
4448,284.3849074725228,-30033.725363696045
4449,266.9607458346094,-30033.98006062029
4450,320.0853643839257,-30033.751462295506
4451,305.0952608875389,-30033.736766605525
4452,278.3206495199193,-30033.957897162443
4453,277.5612589535422,-30033.412290525215
4454,283.6554039924488,-30033.565734073756
4455,282.55658836311886,-30033.77464500766
4456,300.32631091460274,-30033.226215733288
4457,318.9347010942725,-30033.299550605047
4458,282.7823296535969,-30033.51904258032
4459,303.2280765039913,-30033.35927809707
4460,327.31778888833804,-30032.931343625158
4461,274.6074556644391,-30033.280519628453
4462,296.41755490059165,-30033.344707268614
4463,299.9207234423953,-30033.371047192224
4464,303.27064274030033,-30033.18439356699
4465,299.71772248816734,-30032.743272751915
4466,321.5615423904888,-30033.04295164057
4467,300.9127326741187,-30032.774161970032
4468,293.2730202930491,-30033.02235742481
4469,301.98401235043866,-30033.23585629597
4470,286.0128905662045,-30033.63417930591
4471,297.7095590765205,-30033.300923673483
4472,292.0894169424019,-30033.567356987864
4473,305.9462596820512,-30033.069162217864
4474,311.46710922794654,-30033.62159938814
4475,279.36207037734766,-30033.121504396902
4476,294.6818161511847,-30033.00887842906
4477,300.7977817230515,-30032.83365543755
4478,294.2319004600754,-30033.393091271806
4479,295.9720031275127,-30032.84404618303
4480,310.8932801576071,-30033.03427812715
4481,305.08269315657515,-30033.100359760356
4482,281.8750591102046,-30033.086481015256
4483,297.6810769845008,-30033.62389616452
4484,288.3491624736679,-30033.449244791773
4485,290.11379212938033,-30033.616387869373
4486,314.65053473144565,-30033.14610904114
4487,300.17028171677276,-30032.90977555209
4488,317.79941171575587,-30033.159757366222
4489,284.1718032640885,-30033.3732306224
4490,278.25046784687186,-30033.672529549985
4491,289.26777748390776,-30033.947931060866
4492,309.3596320618289,-30033.259840069666
4493,305.0182623607034,-30033.34609942314
4494,333.9460653621766,-30032.526609272085
4495,312.3759299527115,-30032.397872480942
4496,297.95000583247764,-30032.718784412205
4497,297.5615563563725,-30032.665924916877
4498,302.82701377742796,-30032.884856636272
4499,315.358076762859,-30032.812143075713
4500,313.32253041369165,-30033.022817334597
4501,310.45671042193527,-30033.17206600116
4502,287.48190548880945,-30033.81256517376
4503,307.0577741720401,-30033.584545499765
4504,285.6600952301829,-30033.551138074294
4505,271.26312292139545,-30033.677972107067
4506,306.1132871208648,-30033.641188820693
4507,291.51500829742537,-30033.868721985706
4508,277.557581517312,-30034.025663041502
4509,285.7713481456381,-30033.823767634298
4510,279.0193888899039,-30033.47766528569
4511,307.32810025715,-30033.439164695945
4512,276.52914026394905,-30033.83829618038
4513,297.3824974023996,-30033.697712536126
4514,311.89510574783986,-30033.560196158443
4515,303.2071529083536,-30033.250422377012
4516,325.67639555553404,-30033.044345204416
4517,277.0316888209921,-30033.120745849832
4518,323.44746674563646,-30032.175834437072
4519,326.9112789883569,-30032.285182351825
4520,314.3058100225447,-30032.32849251341
4521,294.80088814361494,-30032.558657685906
4522,286.22901182247216,-30032.72061250273
4523,314.0341731110174,-30032.74929647421
4524,315.3197744369459,-30032.770124909443
4525,313.4419397426426,-30032.527666344453
4526,299.45672988431033,-30032.448968793226
4527,297.61965474802196,-30032.46135803614
4528,308.09270103603075,-30032.59792327658
4529,284.16532748493387,-30032.730813212715
4530,309.1463997787831,-30032.142085174568
4531,286.2963459201899,-30032.832222661058
4532,285.5030778407548,-30032.943706792947
4533,313.33732285030555,-30032.668934592217
4534,293.46460509212,-30033.015649565245
4535,303.45320527834514,-30032.7482221211
4536,306.70264773074877,-30032.79257774631
4537,307.32460693143696,-30032.761517017992
4538,296.32894412345246,-30032.77464077803
4539,312.0986699954685,-30032.63912849399
4540,301.4972104961557,-30032.835828326246
4541,303.99002284995356,-30032.604040055186
4542,297.7302459041335,-30032.70275401963
4543,298.034181550288,-30033.158101596702
4544,263.54444553073427,-30032.99258043345
4545,278.1786074681091,-30033.605953599497
4546,289.0161075194757,-30033.210036358738
4547,294.617307938646,-30033.151104388162
4548,313.7435361981747,-30032.66275947535
4549,316.7623243465359,-30032.371042583636
4550,323.35372292794915,-30032.05902033783
4551,289.0789861889991,-30032.17331959149
4552,286.9371322006124,-30032.44327280894
4553,291.04047262854255,-30032.851202094876
4554,304.4280189119537,-30032.333404282737
4555,311.65683490279486,-30032.880562668157
4556,290.92540789201774,-30032.46538588631
4557,306.87153156506844,-30032.712214527277
4558,299.7671919607704,-30032.79673252293
4559,307.30444194413656,-30033.367486220857
4560,286.02515879964545,-30033.44637483398
4561,274.64534239398006,-30033.967079358958
4562,299.70568576447175,-30033.70060272826
4563,320.6985421212399,-30033.261635129766
4564,288.0032686479037,-30033.897282279086
4565,303.4120018471468,-30033.893775954202
4566,290.57049125670216,-30033.76911605091
4567,301.6714670287308,-30033.651816143065
4568,287.3733931119433,-30033.88752384931
4569,292.3125754751385,-30034.016896784175
4570,314.1930209252989,-30033.71801045323
4571,295.3935201764761,-30034.256840421636
4572,278.7860765524307,-30034.3525962356
4573,298.6238523985024,-30033.848545322853
4574,290.7619194205764,-30033.707724578704
4575,300.2948748047363,-30033.590277161875
4576,300.1724242993334,-30033.577691127666
4577,290.64202852198343,-30033.6306218954
4578,284.19120427993045,-30033.30243662971
4579,293.2679604310668,-30032.909201750015
4580,300.1629939078497,-30033.310347045284
4581,288.4764312015541,-30033.383586247764
4582,261.29177030619013,-30033.749659002522
4583,303.62666992417013,-30033.236104590895
4584,295.96662443209146,-30033.246523421014
4585,297.68724305643315,-30033.477258760493
4586,319.15784083193284,-30033.522528367816
4587,296.8858124711713,-30033.471757968728
4588,293.3682859754756,-30033.615696254543
4589,278.33112333958815,-30032.850215349117
4590,304.4780706675317,-30032.474740227703
4591,303.48221818209873,-30032.856877081427
4592,314.128700731494,-30032.8094504961
4593,294.08096094929857,-30033.121446650206
4594,314.3498669873759,-30032.843024111564
4595,296.6749131085508,-30033.03363267542
4596,283.24604853803373,-30033.126674671144
4597,269.9174863490746,-30033.492617996257
4598,284.58066214729627,-30033.122849223873
4599,313.60963900502395,-30032.939520024025
4600,280.3058355185421,-30033.293394617274
4601,290.7399699596135,-30033.436784943482
4602,323.89628955434523,-30032.820945592386
4603,289.6160054304686,-30032.86702314555
4604,311.90092744815973,-30032.358879801002
4605,301.86637201827267,-30032.21924463331
4606,329.3179696582814,-30032.47154706608
4607,319.5066129939526,-30032.15059132121
4608,287.0375580839309,-30033.151717948273
4609,321.8007615197188,-30032.980374096423
4610,297.0686779033449,-30032.85589150564
4611,307.5674984962438,-30032.747676456664
4612,299.3128125844765,-30033.08925927002
4613,303.99297215635085,-30032.297326234562
4614,291.7027465344227,-30032.823047089776
4615,271.4656839259885,-30033.030366841005
4616,287.8075144732895,-30033.26932798884
4617,293.9323424973349,-30033.750135049777
4618,295.6841321607686,-30033.542596789168
4619,257.9037015561145,-30034.17749379248
4620,310.27686224700886,-30033.608170082225
4621,287.3082140687061,-30033.670391457028
4622,284.7050001043959,-30033.361950915474
4623,313.6228910507771,-30032.823956760927
4624,269.04941707163647,-30033.672364787646
4625,306.57383842881313,-30033.69225889915
4626,284.5127159821066,-30033.84914488078
4627,293.15289113819915,-30034.078073154524
4628,260.8854456524012,-30034.025368131766
4629,309.40070557972945,-30033.72561758574
4630,306.16080711295984,-30033.48375947374
4631,282.6916124741734,-30033.714653366238
4632,297.8616447080487,-30034.34402422576
4633,270.0002396122422,-30034.226892358103
4634,269.5955997825892,-30034.553340923536
4635,296.78461031083543,-30034.079738344975
4636,296.8287390479535,-30034.475127536887
4637,292.38743637503916,-30034.575585767998
4638,300.3847845549391,-30033.990389539664
4639,332.56544030423373,-30033.49251412741
4640,325.88869797689756,-30033.82423255174
4641,291.34554529800783,-30034.495974578404
4642,270.87778666681936,-30034.25980097308
4643,309.33826610793545,-30034.07482345302
4644,262.83799047314244,-30034.15269129746
4645,269.12415528693407,-30034.123634941243
4646,269.16340130263256,-30034.390239062104
4647,285.96114558613186,-30034.46944788324
4648,287.0983218766697,-30034.158022417847
4649,274.7599952733703,-30034.140015163957
4650,295.9221913215678,-30034.419501158016
4651,296.1277097207288,-30033.988619370597
4652,308.52871596462177,-30034.370305421726
4653,304.1109901026539,-30034.54439727563
4654,289.9501180061641,-30034.354824919257
4655,264.76724956281276,-30034.786451741358
4656,301.76909655802575,-30034.17673693206
4657,304.4749135727851,-30034.355677955202
4658,272.2999795817816,-30035.130755115362
4659,311.9558299963944,-30034.584079734424
4660,286.46932207773017,-30034.234179754112
4661,297.1580583302181,-30034.26773577013
4662,306.9628304024683,-30034.211901805822
4663,276.57775882527096,-30034.132011444235
4664,289.2327227186936,-30034.37458229692
4665,302.1948315395176,-30034.56851482902
4666,287.19108564428257,-30034.153767089887
4667,297.4879386489584,-30034.279080079614
4668,279.41078049375835,-30033.655451763552
4669,307.65941422717987,-30033.3879734252
4670,301.76743179555183,-30033.370137622987
4671,320.20295400486157,-30033.545418966714
4672,299.4177768089492,-30033.7097011522
4673,316.01374757833355,-30033.803683195525
4674,320.6356320737013,-30034.124524550753
4675,269.78935063859416,-30034.132516806963
4676,286.9920128984178,-30033.184098284648
4677,310.95575254120183,-30033.251477693073
4678,328.325126847687,-30032.92978110096
4679,305.5024219791908,-30033.26572421764
4680,313.97727178938555,-30034.156958646163
4681,293.09630744647797,-30034.14978994357
4682,305.8965958914097,-30034.06258226942
4683,299.2513283476087,-30033.99703518036
4684,283.42140452790755,-30033.59302582673
4685,277.7777555072119,-30033.738948782935
4686,293.64322839314553,-30033.52488838299
4687,290.4190866177675,-30033.70060797282
4688,299.5989883856583,-30033.365360109347
4689,301.5830485591485,-30033.163776129808
4690,310.78384093264043,-30033.447150430136
4691,289.2473075339621,-30033.49336095727
4692,313.0942193901868,-30033.182780412342
4693,294.12195177982574,-30032.92706996841
4694,290.17220437678253,-30033.112985074396
4695,262.1243304228776,-30033.133293474333
4696,310.9972872521782,-30033.103962513298
4697,321.5507697605192,-30033.039312744746
4698,312.11541106019877,-30033.242228640727
4699,324.4460873569898,-30032.766285134247
4700,316.11774198807524,-30033.09407102148
4701,349.2180541661339,-30032.112434157487
4702,349.8269639981598,-30031.93716603724
4703,353.4411928908234,-30032.05645279991
4704,331.0165517650511,-30033.1989230559
4705,315.614214087615,-30033.368286282286
4706,337.56032467973677,-30033.34511402967
4707,346.99964263217026,-30033.073740498323
4708,328.2641443507409,-30033.228169559166
4709,330.83895907647275,-30033.482627410503
4710,326.3972947716987,-30033.409266491562
4711,316.8019795207929,-30033.354433425036
4712,308.9321166181518,-30033.57318448506
4713,308.98825638863076,-30034.25147871321
4714,318.62766681614477,-30034.404826804548
4715,298.99190898940367,-30034.333551552
4716,313.8267252787157,-30034.164601146123
4717,312.95101445168115,-30033.575006334817
4718,339.4563346260423,-30032.85860589786
4719,307.13724830176517,-30033.563041867856
4720,316.10862452177605,-30033.13335979795
4721,304.01542840220606,-30033.50770641744
4722,303.3335132945394,-30034.124239501147
4723,305.8875702872201,-30033.736634391065
4724,287.51422805772603,-30033.96410674511
4725,281.97763085084796,-30034.24799789889
4726,267.9336289282918,-30034.452009443896
4727,287.3793209261372,-30034.553392358343
4728,311.74283869559605,-30034.38428760865
4729,282.5005144751868,-30033.93423976944
4730,312.1741219447944,-30033.965380934198
4731,328.6701810350217,-30033.71613945172
4732,298.35872404874027,-30034.493797129737
4733,294.8017860592387,-30034.027385401514
4734,309.73119262573636,-30033.975228087522
4735,278.82795124977844,-30034.222650743075
4736,315.5848656687268,-30034.117061523746
4737,295.02342681959976,-30033.744540990767
4738,291.05046506777126,-30033.718141603407
4739,292.01972141036856,-30033.6726023104
4740,307.047884030203,-30033.500806577427
4741,291.47901269112754,-30033.11375594647
4742,322.9704066448538,-30033.99431469737
4743,298.318204091047,-30034.110037125458
4744,321.6328153299448,-30033.826339045077
4745,293.8294870846832,-30033.533937706292
4746,305.39854148698646,-30033.717521064485
4747,298.5300773177489,-30033.569622624495
4748,311.79259576034417,-30033.75024024223
4749,320.46614895012107,-30032.94904326789
4750,292.96192360941626,-30033.30742194473
4751,334.3506273747815,-30033.860318887913
4752,297.9640406182757,-30034.193045473134
4753,274.53460908019434,-30034.188577528526
4754,305.71929599580517,-30034.268154357516
4755,289.91311508909223,-30034.244415129375
4756,276.40458378029405,-30034.16365303715
4757,289.1319539853366,-30033.656380041415
4758,279.57678108265367,-30033.87984760065
4759,287.6524140999035,-30033.66575538116
4760,324.54864966063764,-30032.867255377085
4761,323.3661259061246,-30033.19738439682
4762,309.29912977984833,-30033.403919734938
4763,319.0889873054785,-30033.72540904353
4764,324.9305079888742,-30033.812856575936
4765,314.375928234593,-30033.84237732584
4766,295.95616701071543,-30034.492876702374
4767,277.01597907649455,-30034.746135732876
4768,287.0286619512342,-30034.728110606706
4769,292.802535367116,-30034.426612003
4770,303.8411266320251,-30034.404610348327
4771,302.92973830546805,-30034.22801035304
4772,306.7166066151064,-30034.057856315954
4773,305.10789584049166,-30034.193484282383
4774,311.4011033912002,-30033.99237814015
4775,327.0908221642579,-30033.4799452152
4776,303.81478784620595,-30033.612295271978
4777,317.1015398402824,-30033.290358338578
4778,296.83324138862474,-30034.115640798194
4779,283.39823754500554,-30034.171725782857
4780,332.6218437762184,-30033.50283306104
4781,300.7047621514477,-30033.224635864033
4782,293.4794968111025,-30033.392233108883
4783,283.44656516201604,-30033.912713892343
4784,295.46202466028103,-30033.96803090843
4785,284.5521978716707,-30034.313008772744
4786,310.3720570829144,-30034.027682545224
4787,295.1157666950375,-30033.982483682925
4788,294.9952974455683,-30034.48547347808
4789,293.8575044306624,-30034.99613299928
4790,291.79652400956763,-30034.578532228712
4791,273.41755172871,-30034.86083180887
4792,299.8528388243225,-30034.40593507166
4793,301.1935364578244,-30034.507427381617
4794,293.8444942052113,-30033.742549635903
4795,290.8703024183811,-30033.771440989072
4796,310.66605411286463,-30033.73327677799
4797,308.6892953847841,-30033.96788267591
4798,281.9861148941597,-30034.12474046765
4799,301.59994966380106,-30034.001247304688
4800,279.4552453680531,-30034.343801363244
4801,290.40198614653167,-30034.5701729958
4802,253.54357321934708,-30035.06304682111
4803,266.7155380959252,-30034.997864914218
4804,271.715110296601,-30034.848395349447
4805,303.5629142354624,-30034.813858748927
4806,313.9547894377198,-30034.542282236176
4807,280.88055250226944,-30034.595537592108
4808,268.9546420671104,-30035.14346690531
4809,292.26160391045624,-30035.08066179195
4810,274.432690133586,-30035.06610694391
4811,286.03516972082036,-30035.250813883828
4812,309.3293925378024,-30035.338715551494
4813,295.2551128838344,-30035.08644727656
4814,292.36328539823927,-30034.552747644797
4815,262.7341142144697,-30035.30370678924
4816,295.67360834539204,-30035.009654843285
4817,281.9624791550679,-30034.49837393233
4818,318.99862796331473,-30034.094839073678
4819,323.30531931742223,-30034.41373723935
4820,294.3299658081226,-30034.86136061969
4821,297.60657310200634,-30034.465588945273
4822,306.7852963517227,-30033.88037033016
4823,281.22670759718926,-30034.452181120643
4824,269.7592222550108,-30034.516077030516
4825,296.1884344564056,-30034.37187793449
4826,277.7050910555296,-30034.975127162856
4827,311.6210167396034,-30035.07676410016
4828,280.9075275639951,-30035.251118127417
4829,298.6707150404458,-30034.958710414958
4830,276.5961804129613,-30034.942101133904
4831,283.6171231367123,-30034.457309124642
4832,293.8140023955217,-30033.942525128936
4833,291.96168634227416,-30034.506073869576
4834,314.33604700902646,-30034.48985146956
4835,311.05485970133884,-30034.504877435356
4836,307.7696688116892,-30033.652815261692
4837,298.8049808450581,-30033.974909468117
4838,300.1202321975719,-30033.971564551623
4839,294.2369809268403,-30033.906637060234
4840,301.83560968502013,-30033.60477371517
4841,296.0523458647333,-30033.342052244097
4842,312.1977042076436,-30033.544873796687
4843,322.4477133668044,-30033.458458727822
4844,291.4464752347507,-30033.70440720818
4845,283.3207312810575,-30033.978336826447
4846,279.23641542424537,-30033.989857265395
4847,284.79878345546916,-30034.06274840858
4848,292.5953029091006,-30033.437614454775
4849,281.23314140784646,-30033.2567089469
4850,287.2684625364002,-30034.298331132035
4851,279.12749228623676,-30034.459357385178
4852,279.5564366174987,-30034.388165007782
4853,291.5057431019684,-30034.085748803504
4854,302.1146094567131,-30033.89277139856
4855,276.8586207894383,-30034.4922285369
4856,301.95369367994005,-30033.74442124205
4857,274.52770912975205,-30034.024686270885
4858,314.30272304856845,-30033.566850375657
4859,319.1535519948946,-30033.421072307792
4860,300.82686383610417,-30033.061449305245
4861,307.5384711454764,-30033.00034997988
4862,317.52900486528705,-30032.838343299474
4863,317.7944603168688,-30032.5563646246
4864,265.43916530832934,-30033.138916820935
4865,318.96667592609805,-30033.205007056506
4866,324.66243995554544,-30032.68474383963
4867,307.55311201012273,-30033.1386584992
4868,300.14489381558764,-30033.41040562677
4869,261.3209635993138,-30033.52823136096
4870,314.2786021359487,-30033.86627713133
4871,308.32208232494185,-30033.61762113708
4872,306.051677755616,-30033.533342836457
4873,290.8557085911871,-30033.67805317738
4874,307.5942639936877,-30033.70209031792
4875,306.1217286982261,-30033.256213693374
4876,314.942798027698,-30032.931824426556
4877,336.3441107970834,-30032.672172918017
4878,346.20089303765974,-30032.822079419966
4879,343.9667502063097,-30033.172448053745
4880,321.35624204069524,-30033.483593641457
4881,312.3419177958153,-30033.101841591637
4882,284.6121101534735,-30034.174803125046
4883,285.34868402915845,-30034.03542914988
4884,286.00620577637136,-30034.097235833433
4885,310.25354505675506,-30033.677108141186
4886,296.1063225937441,-30033.950087654423
4887,278.4588944903613,-30034.33532558602
4888,285.4057764751393,-30034.594559109617
4889,312.71882126131476,-30034.209675134836
4890,286.40220700886454,-30034.18897040994
4891,292.0367243330954,-30034.98468033337
4892,288.9753525241978,-30034.826282187598
4893,293.5471373410922,-30034.724538787203
4894,304.9325523373873,-30034.9712734419
4895,295.3029199842124,-30035.18096392918
4896,290.2012652013233,-30034.64351384543
4897,298.7517817540724,-30035.030917258442
4898,294.6492166158224,-30034.64054685644
4899,291.61692604351623,-30034.918926975115
4900,283.68131050108474,-30035.217434878323
4901,266.4713015824578,-30035.000020104362
4902,280.8225088594145,-30034.690728114092
4903,303.3382056957424,-30034.07138867055
4904,315.00850078980875,-30034.48878757123
4905,288.46881274476567,-30034.72947844695
4906,270.00938657827606,-30035.244243474513
4907,274.0037445332632,-30035.326752477802
4908,273.81845459364223,-30035.2239291121
4909,286.90852368998236,-30034.768201562423
4910,301.99610778415814,-30034.56563423757
4911,274.40393016139257,-30035.08049258135
4912,292.7789550643759,-30034.895947216864
4913,272.2929726519801,-30035.26569463773
4914,293.06391684446857,-30035.01778131066
4915,321.16574388796823,-30034.585977657727
4916,292.03717423202517,-30034.767872292818
4917,321.83117607829286,-30034.665166145605
4918,308.21502221918394,-30034.083168770296
4919,285.3419918339131,-30033.90668898619
4920,290.73087535693537,-30033.796385652524
4921,297.0909485151119,-30033.89635442057
4922,301.7113752326996,-30033.844185079797
4923,335.43275897074386,-30033.442837641873
4924,308.10413857123706,-30033.455061295845
4925,300.09177436344146,-30033.599223940626
4926,306.9411873640336,-30033.538610815835
4927,316.3116289889359,-30033.52480602608
4928,293.60139531449454,-30034.40678596763
4929,315.20325021318496,-30034.0796574223
4930,276.29732931242205,-30034.678033619028
4931,273.9994275568843,-30034.795609616136
4932,282.7670948031944,-30034.361217552487
4933,310.79418114040254,-30034.071893807777
4934,285.9110616326267,-30033.83397211236
4935,278.39811355706325,-30033.836834041835
4936,328.9883083804181,-30033.24144732046
4937,286.60100479849785,-30034.103958539017
4938,272.4032821038075,-30034.270769487528
4939,282.9828743436083,-30034.098049854976
4940,284.275352032032,-30032.858942008257
4941,308.15197272737356,-30033.135514776997
4942,321.7236628521369,-30032.984240649323
4943,293.8916500944593,-30033.301926200224
4944,315.71878017309683,-30033.377409920446
4945,326.3276968996514,-30032.99888439038
4946,321.48713953897675,-30032.732298163945
4947,310.5206030824914,-30033.48493344377
4948,299.6295858334792,-30033.3821788696
4949,279.3148122821497,-30034.062130369122
4950,283.18032567064665,-30033.61854015044
4951,306.7569825054467,-30033.111541770686
4952,295.7750608773077,-30033.29815262834
4953,294.62946559035623,-30033.00431828564
4954,308.65188825486103,-30032.67584229274
4955,328.12166587955716,-30033.063736827236
4956,291.78365393778233,-30033.625726637012
4957,278.6035201618549,-30034.075876903924
4958,283.89623126768106,-30033.776554118784
4959,286.87941951926086,-30033.337283242156
4960,283.4091071963841,-30033.593331020813
4961,309.8726784150107,-30033.584997955746
4962,300.49149541675723,-30033.44672557395
4963,293.12825838994183,-30033.64118448789
4964,305.1324978834538,-30033.21435808606
4965,301.5845672868189,-30032.718425938157
4966,314.24062936346155,-30032.72659453623
4967,321.9699304947926,-30032.355081925794
4968,307.58343452756736,-30031.84103095765
4969,321.39914499069,-30031.093857004846
4970,325.4065469977752,-30031.574479782004
4971,313.870922120755,-30032.157644897816
4972,315.7045467415001,-30032.284013164488
4973,335.25410216891356,-30031.833990280546
4974,306.71851099523326,-30032.753121553218
4975,293.5019822309373,-30032.780346942724
4976,295.7386284076853,-30032.334213056143
4977,300.608204861632,-30032.668438464294
4978,264.5881479559955,-30032.70105291916
4979,280.8529926886922,-30032.61770594412
4980,273.3147739803094,-30032.490335662922
4981,289.98535638584224,-30032.848091001273
4982,293.7876223803519,-30032.253726700812
4983,302.2111867636328,-30032.34740580152
4984,318.43685847803494,-30031.718156018975
4985,307.69735976212945,-30032.467109821275
4986,289.8777714259778,-30032.55388603527
4987,291.97079334665375,-30032.765613477746
4988,283.13003688082057,-30032.29166321317
4989,298.7204204345137,-30032.322711205892
4990,312.0633002074264,-30031.753287548254
4991,310.6763290583499,-30032.662709275304
4992,288.69920302190417,-30032.53430751647
4993,305.925631120832,-30032.58139292567
4994,294.0096923285317,-30032.72282476352
4995,318.3701091512495,-30033.00692197285
4996,304.3196309630876,-30032.677891120245
4997,300.2675500224482,-30032.2296271809
4998,337.5840965010979,-30032.090617812715
4999,306.51774946633196,-30032.62724466005
5000,295.28526302841414,-30032.495855262943
